time,open,high,low,close,tick_volume,spread
2026-07-22 12:41:11.026530,65000.0,65153.94908382296,64964.92914002226,65059.44271962666,1670,2
2026-07-22 12:46:11.026530,65051.998307465044,65105.041014455746,65002.27175239381,65044.55389530343,1321,4
2026-07-22 12:51:11.026530,65083.14296736223,65218.59119997123,65071.858981572674,65121.73203942103,215,5
2026-07-22 12:56:11.026530,65211.77162758022,65373.750265658855,65290.3702682639,65301.81121573941,477,1
2026-07-22 13:01:11.026530,65288.70528936101,65301.19928974774,65160.31524627031,65275.5993629826,2242,4
2026-07-22 13:06:11.026530,65262.49966138888,65309.60911512456,65184.6656532664,65249.39995979517,1584,4
2026-07-22 13:11:11.026530,65342.924670815715,65460.56357129822,65425.85729657393,65436.44938183627,982,9
2026-07-22 13:16:11.026530,65482.332271988285,65634.39030491168,65449.49770004219,65528.215162140295,1649,9
2026-07-22 13:21:11.026530,65501.194156000696,65479.44188023244,65441.3823153959,65474.173149861104,2173,1
2026-07-22 13:26:11.026530,65506.81545789893,65612.05468835613,65456.819005323254,65539.45776593675,1716,8
2026-07-22 13:31:11.026530,65512.78908828863,65672.97672954512,65476.1965440026,65486.120410640506,873,4
2026-07-22 13:36:11.026530,65459.33728058939,65474.82011831631,65289.96150243423,65432.554150538264,1392,4
2026-07-22 13:41:11.026530,65447.46085955711,65465.855038178364,65454.5041503222,65462.36756857596,1111,5
2026-07-22 13:46:11.026530,65350.490760123954,65289.51590683889,65215.551343497005,65238.613951671956,615,2
2026-07-22 13:51:11.026530,65138.14326237938,65063.33015128813,65003.13244320035,65037.672573086806,1715,1
2026-07-22 13:56:11.026530,65005.42606362474,65140.745717023325,64919.61147248219,64973.17955416268,1587,5
2026-07-22 14:01:11.026530,64914.65589129013,64868.74523633141,64824.18008858199,64856.132228417584,1213,7
2026-07-22 14:06:11.026530,64875.129131819245,64913.254746045386,64858.90275241071,64894.12603522091,1331,9
2026-07-22 14:11:11.026530,64841.784353269904,64847.91800219123,64766.42941875396,64789.442671318895,2478,2
2026-07-22 14:16:11.026530,64707.84138149006,64702.8220444403,64576.03365829681,64626.24009166123,1258,8
2026-07-22 14:21:11.026530,64712.24804751488,64858.94361390618,64786.3805170209,64798.25600336853,352,7
2026-07-22 14:26:11.026530,64785.73948479246,64808.015431456646,64739.50686793022,64773.222966216395,1567,2
2026-07-22 14:31:11.026530,64777.80764043336,64822.72372361556,64729.276050217544,64782.39231465033,805,5
2026-07-22 14:36:11.026530,64700.076175265836,64723.03790404039,64560.44477447565,64617.76003588134,213,7
2026-07-22 14:41:11.026530,64586.76198017172,64568.66011458169,64489.84363960803,64555.7639244621,1717,3
2026-07-22 14:46:11.026530,64562.85488413896,64601.51905320057,64564.409094165865,64569.94584381582,1276,2
2026-07-22 14:51:11.026530,64503.77182037289,64556.41532703104,64417.76148653483,64437.59779692995,1283,6
2026-07-22 14:56:11.026530,64460.038154142254,64536.159162788295,64461.14080388802,64482.47851135455,1932,6
2026-07-22 15:01:11.026530,64448.2838778857,64503.02067835975,64351.56732445897,64414.08924441684,2198,4
2026-07-22 15:06:11.026530,64397.82722370347,64443.82618093305,64339.30290450097,64381.5652029901,947,1
2026-07-22 15:11:11.026530,64347.36226981238,64405.994994993736,64303.74071695483,64313.15933663466,832,5
2026-07-22 15:16:11.026530,64421.196827070344,64622.38807141436,64474.45724197261,64529.23431750603,2044,1
2026-07-22 15:21:11.026530,64529.09574112682,64636.88380977845,64447.21155173941,64528.95716474761,1634,8
2026-07-22 15:26:11.026530,64468.23198683831,64429.78110846754,64371.07405641773,64407.506808929014,2465,2
2026-07-22 15:31:11.026530,64455.86741974976,64589.309013253085,64367.70749593536,64504.2280305705,776,9
2026-07-22 15:36:11.026530,64434.07486101664,64373.233545117764,64342.147310511915,64363.92169146278,2469,9
2026-07-22 15:41:11.026530,64376.66680582147,64396.026037887335,64316.88609973113,64389.41192018015,1504,3
2026-07-22 15:46:11.026530,64276.689804830996,64187.04622571247,64138.39345826267,64163.96768948185,2377,6
2026-07-22 15:51:11.026530,64087.99989643367,64033.49036213853,63985.554220731356,64012.03210338549,2413,9
2026-07-22 15:56:11.026530,64024.01580559272,64143.043729073754,64005.97981761379,64035.999507799934,2062,7
2026-07-22 16:01:11.026530,64079.22862545877,64140.757981223454,64119.4898513536,64122.4577431176,1150,4
2026-07-22 16:06:11.026530,64132.99039722563,64146.317183161176,64138.37774108212,64143.52305133365,865,3
2026-07-22 16:11:11.026530,64137.488774867044,64183.07965115043,64068.31574451674,64131.454498400446,200,2
2026-07-22 16:16:11.026530,64114.72098450314,64104.461711940996,64029.449663655316,64097.98747060583,1058,1
2026-07-22 16:21:11.026530,64013.44689420471,63940.13990507437,63849.08356300585,63928.90631780359,1569,1
2026-07-22 16:26:11.026530,63888.15463858533,63907.476244804755,63770.94785957783,63847.40295936708,1370,4
2026-07-22 16:31:11.026530,63821.582350870034,63800.73305873463,63770.450826400556,63795.76174237299,718,4
2026-07-22 16:36:11.026530,63857.15463072087,63969.50953470848,63807.89992479553,63918.54751906875,456,9
2026-07-22 16:41:11.026530,63938.96044458194,64038.35079514801,63935.01760586885,63959.37337009514,2384,1
2026-07-22 16:46:11.026530,63858.68515680681,63764.02026694389,63709.72894501336,63757.99694351848,541,4
2026-07-22 16:51:11.026530,63777.23697740959,63812.53371614459,63722.523663628635,63796.4770113007,1082,3
2026-07-22 16:56:11.026530,63775.011997882866,63802.98849553896,63697.45284011045,63753.54698446503,1991,9
2026-07-22 17:01:11.026530,63715.36684248739,63717.61437904492,63655.784482710704,63677.18670050976,1205,5
2026-07-22 17:06:11.026530,63712.89832803373,63764.487166291176,63673.49302701058,63748.609955557695,1150,9
2026-07-22 17:11:11.026530,63808.455861340204,63946.48261679826,63716.03006790597,63868.30176712271,2228,6
2026-07-22 17:16:11.026530,63922.51777226878,64000.91171189759,63958.57284662201,63976.73377741484,1046,9
2026-07-22 17:21:11.026530,63929.087707530816,63943.213888065984,63800.16308460963,63881.44163764679,1961,1
2026-07-22 17:26:11.026530,63864.307410328205,63920.46220312149,63769.65637706883,63847.17318300962,1485,4
2026-07-22 17:31:11.026530,63866.85292848469,64047.83683929293,63838.21997631344,63886.53267395975,1163,4
2026-07-22 17:36:11.026530,63943.31372147423,64059.590367221244,63934.42012886294,64000.09476898872,938,6
2026-07-22 17:41:11.026530,63973.14564706209,63983.089930964365,63938.87095229467,63946.19652513547,403,1
2026-07-22 17:46:11.026530,63936.1525981472,63976.283075705294,63877.242598424484,63926.10867115893,2368,5
2026-07-22 17:51:11.026530,63863.15868173321,63871.93483331713,63754.76667008543,63800.208692307504,1465,3
2026-07-22 17:56:11.026530,63732.23281325941,63751.252809571015,63652.53485125486,63664.25693421131,481,1
2026-07-22 18:01:11.026530,63711.48454414412,63791.80507429623,63730.129209896535,63758.71215407693,788,6
2026-07-22 18:06:11.026530,63837.27128349918,63976.09205286229,63867.15463785279,63915.83041292143,1829,3
2026-07-22 18:11:11.026530,63912.32743517711,63923.110850544486,63892.58250633129,63908.82445743279,1381,4
2026-07-22 18:16:11.026530,63967.238018541015,64096.94460988855,64021.74420372069,64025.651579649246,557,9
2026-07-22 18:21:11.026530,64047.137627259974,64125.525486747276,63960.79503074861,64068.6236748707,104,2
2026-07-22 18:26:11.026530,64032.086472180235,64053.39732840071,63949.77385249512,63995.54926948977,2134,1
2026-07-22 18:31:11.026530,64017.011358723816,64076.64815240854,63990.72764193729,64038.473447957855,949,6
2026-07-22 18:36:11.026530,64127.882594374256,64241.156547736486,64211.33667784973,64217.291740790664,2152,1
2026-07-22 18:41:11.026530,64215.86335939552,64222.37381897008,64209.171276593006,64214.43497800037,573,1
2026-07-22 18:46:11.026530,64305.63183217072,64407.10489914583,64391.2425745219,64396.82868634108,512,7
2026-07-22 18:51:11.026530,64245.99410774777,64147.89514492674,63920.405998352115,64095.15952915446,746,2
2026-07-22 18:56:11.026530,64143.24849955218,64205.92151603801,64165.62755263381,64191.337469949896,1551,4
2026-07-22 19:01:11.026530,64197.00878528698,64308.791807544796,64061.512867085614,64202.68010062405,1822,4
2026-07-22 19:06:11.026530,64186.04907106429,64223.342322259596,64131.80045984565,64169.41804150454,765,2
2026-07-22 19:11:11.026530,64175.35969784083,64262.52631810728,64047.357426479066,64181.301354177114,1284,6
2026-07-22 19:16:11.026530,64067.33772374366,64056.847163563565,63930.595045097376,63953.3740933102,1896,2
2026-07-22 19:21:11.026530,63941.371997463284,63985.72027774224,63792.158611568084,63929.369901616374,1038,8
2026-07-22 19:26:11.026530,63950.5632015396,64072.28549226747,63911.5387542079,63971.75650146282,1878,4
2026-07-22 19:31:11.026530,64057.60033753113,64164.36249071363,64038.096311736575,64143.444173599426,261,1
2026-07-22 19:36:11.026530,64114.17969451446,64122.80222528907,64058.32683320056,64084.915215429486,803,7
2026-07-22 19:41:11.026530,64038.95803378371,64122.144581725835,63992.963575470116,63993.000852137935,485,6
2026-07-22 19:46:11.026530,63964.75521170419,63938.913081728475,63915.58959059946,63936.50957127044,1951,6
2026-07-22 19:51:11.026530,63989.86827242118,64098.712447440135,64035.99550059876,64043.22697357193,133,3
2026-07-22 19:56:11.026530,64062.822252696504,64161.81130696215,63985.91956358141,64082.41753182108,1285,7
2026-07-22 20:01:11.026530,64052.518831295834,64097.98098763906,63987.11298853353,64022.620130770585,828,6
2026-07-22 20:06:11.026530,64052.84927439664,64122.60990361724,63950.04178541128,64083.0784180227,883,9
2026-07-22 20:11:11.026530,64089.31878179684,64098.593115491734,64067.232139812986,64095.55914557099,2010,3
2026-07-22 20:16:11.026530,64152.127225183816,64274.97581980766,64179.159396950614,64208.695304796645,226,3
2026-07-22 20:21:11.026530,64168.79208874634,64162.4282187356,64029.98208255768,64128.88887269603,1856,4
2026-07-22 20:26:11.026530,64110.624017213675,64095.53834367782,64029.50299494385,64092.35916173133,2409,3
2026-07-22 20:31:11.026530,64070.389596566696,64049.56610631135,64017.08223924986,64048.42003140206,1767,4
2026-07-22 20:36:11.026530,63964.807620204534,63928.33892243916,63807.158981882545,63881.195209007,1774,6
2026-07-22 20:41:11.026530,63898.86377151414,63957.311329796816,63898.52477982649,63916.53233402128,235,1
2026-07-22 20:46:11.026530,63932.19250795775,63963.05454639054,63892.60952136485,63947.85268189423,1544,2
2026-07-22 20:51:11.026530,63948.78646917111,63954.116223299454,63900.843964651904,63949.72025644799,2029,6
2026-07-22 20:56:11.026530,63936.860736839226,63949.668067374434,63889.031135774814,63924.001217230456,1382,6
2026-07-22 21:01:11.026530,63843.31393057811,63864.38040801074,63717.28175743547,63762.62664392576,295,1
2026-07-22 21:06:11.026530,63739.133624733135,63733.36686548215,63703.672425720106,63715.64060554052,1902,6
2026-07-22 21:11:11.026530,63696.63078839026,63807.75046257134,63619.27647658512,63677.620971240016,433,9
2026-07-22 21:16:11.026530,63632.31162053266,63647.690764910716,63585.80535456429,63587.0022698253,334,8
2026-07-22 21:21:11.026530,63578.40919389348,63622.888782974274,63547.10054942519,63569.81611796166,1037,5
2026-07-22 21:26:11.026530,63593.577588192915,63677.163913010525,63501.995319049434,63617.33905842418,349,4
2026-07-22 21:31:11.026530,63726.155652916554,63884.926887181246,63744.6770068348,63834.97224740892,950,6
2026-07-22 21:36:11.026530,63845.64213303711,63887.241735932206,63823.10493301943,63856.31201866529,1509,5
2026-07-22 21:41:11.026530,63871.7559120456,63898.13861699658,63784.9971826907,63887.19980542591,1442,6
2026-07-22 21:46:11.026530,63883.55835800951,63943.25133048334,63827.56376778517,63879.91691059311,855,3
2026-07-22 21:51:11.026530,63770.42994364489,63667.29423385483,63603.674796971216,63660.94297669667,2278,7
2026-07-22 21:56:11.026530,63660.060489878204,63766.748766252254,63618.77285474068,63659.17800305973,1971,8
2026-07-22 22:01:11.026530,63663.2656423802,63677.21539879493,63578.078839411246,63667.353281700656,926,5
2026-07-22 22:06:11.026530,63809.45145652134,64011.74379317639,63876.4400441777,63951.54963134202,743,5
2026-07-22 22:11:11.026530,63941.11924477859,64017.07808273524,63834.99735203571,63930.68885821515,2437,4
2026-07-22 22:16:11.026530,63948.68354458739,64072.550742736414,63966.24064312061,63966.678230959624,2046,5
2026-07-22 22:21:11.026530,63965.3195696577,64073.070180202245,63814.66550098154,63963.96090835578,779,8
2026-07-22 22:26:11.026530,63897.39197556277,63872.9960937672,63745.98565745056,63830.82304276976,1236,5
2026-07-22 22:31:11.026530,63897.18283323283,64042.01461203521,63879.21485378236,63963.5426236959,1631,9
2026-07-22 22:36:11.026530,64007.499109404904,64062.108471697204,64021.478322570896,64051.4555951139,154,1
2026-07-22 22:41:11.026530,64097.729581019026,64155.22307170816,64118.31823961148,64144.003566924155,488,7
2026-07-22 22:46:11.026530,64092.18833127917,64070.69529750747,64035.369283588916,64040.37309563418,1571,5
2026-07-22 22:51:11.026530,64121.969211537966,64264.86167605813,64199.95822331456,64203.56532744175,1401,4
2026-07-22 22:56:11.026530,64123.30441220393,64052.20785891615,64034.247323740376,64043.0434969661,558,3
2026-07-22 23:01:11.026530,64077.528185690775,64138.42757303207,64073.360339670515,64112.01287441545,300,7
2026-07-22 23:06:11.026530,64239.29709756735,64458.376621216325,64354.58104307511,64366.58132071925,1264,2
2026-07-22 23:11:11.026530,64309.89327751346,64276.62428371879,64187.75378597136,64253.205234307665,2144,5
2026-07-22 23:16:11.026530,64221.11600317161,64207.280361649726,64158.111821926344,64189.02677203556,928,2
2026-07-22 23:21:11.026530,64195.426171941464,64212.713354945314,64159.73995766452,64201.82557184736,1324,7
2026-07-22 23:26:11.026530,64173.388542698056,64228.787285790764,64052.45951722003,64144.95151354876,1067,6
2026-07-22 23:31:11.026530,64056.19549240898,64077.38110250458,63873.60451199929,63967.43947126921,113,7
2026-07-22 23:36:11.026530,63972.02669273726,64037.190255622074,63970.245741190694,63976.61391420531,369,9
2026-07-22 23:41:11.026530,63916.14457172112,63922.167400247774,63788.992612617425,63855.67522923692,909,2
2026-07-22 23:46:11.026530,63883.543349217754,63932.49458342214,63861.50183664982,63911.411469198596,1597,9
2026-07-22 23:51:11.026530,63859.20774004719,63926.164708827186,63785.67204702932,63807.00401089578,2126,7
2026-07-22 23:56:11.026530,63896.775148737506,64121.50356014684,63948.99854836471,63986.546286579236,1724,2
2026-07-23 00:01:11.026530,63942.11113268627,63901.892286664544,63838.29166548195,63897.6759787933,486,2
2026-07-23 00:06:11.026530,63879.79887485626,63913.56714843436,63856.92291914366,63861.921770919216,2039,4
2026-07-23 00:11:11.026530,63909.35307891405,63985.57425841474,63945.97414664653,63956.78438690889,1670,2
2026-07-23 00:16:11.026530,63886.65106241217,63896.95784914295,63778.49095043467,63816.517737915456,812,1
2026-07-23 00:21:11.026530,63830.2229764442,63845.51758406482,63685.224413822114,63843.92821497294,785,6
2026-07-23 00:26:11.026530,63919.76440824589,64083.96964216822,63942.85831615432,63995.600601518825,682,5
2026-07-23 00:31:11.026530,63903.78786171953,63886.612156264615,63742.71840804197,63811.97512192024,1628,3
2026-07-23 00:36:11.026530,63823.21888844339,63908.66968685305,63807.38247377618,63834.46265496655,1126,1
2026-07-23 00:41:11.026530,63850.035328045575,63912.08257706874,63790.65742577508,63865.6080011246,2330,9
2026-07-23 00:46:11.026530,63911.21763209531,64022.967585131846,63949.72553645319,63956.827263066014,1880,8
2026-07-23 00:51:11.026530,63886.344321983845,64002.81770484207,63771.125131185036,63815.861380901675,1948,6
2026-07-23 00:56:11.026530,63740.74861942266,63675.91226502062,63602.34264434097,63665.63585794364,249,6
2026-07-23 01:01:11.026530,63696.19393960845,63825.22882445712,63619.22929347121,63726.75202127326,723,4
2026-07-23 01:06:11.026530,63744.42747126166,63794.91987958733,63559.28421641739,63762.10292125005,598,2
2026-07-23 01:11:11.026530,63777.118833215965,63812.72210627651,63774.875442473,63792.13474518188,986,4
2026-07-23 01:16:11.026530,63812.66987787197,63857.902328326425,63787.49152799555,63833.205010562066,2194,2
2026-07-23 01:21:11.026530,63794.79912673028,63794.420243306005,63725.20971853624,63756.39324289849,98,7
2026-07-23 01:26:11.026530,63770.36075813255,63859.90728973443,63765.9896420097,63784.3282733666,945,9
2026-07-23 01:31:11.026530,63801.79498575172,63977.23122985695,63755.43966539103,63819.261698136856,2137,2
2026-07-23 01:36:11.026530,63778.89500280009,63867.0799296639,63649.23461678212,63738.528307463326,963,9
2026-07-23 01:41:11.026530,63846.377317743754,64034.490870139045,63790.64412441141,63954.226328024175,1226,9
2026-07-23 01:46:11.026530,63982.15131244251,64119.449423939244,63950.89693669165,64010.07629686084,725,8
2026-07-23 01:51:11.026530,63942.158678462336,63901.79785950017,63758.07142319871,63874.24106006384,819,1
2026-07-23 01:56:11.026530,63912.64605246473,63959.973653543115,63902.080449859444,63951.05104486561,260,5
2026-07-23 02:01:11.026530,63895.63989704182,63844.59132721761,63783.96204464117,63840.22874921803,196,4
2026-07-23 02:06:11.026530,63886.12300798446,63977.570653197195,63850.79473435923,63932.01726675089,1572,7
2026-07-23 02:11:11.026530,63999.39170684028,64134.84096399227,63978.73734433871,64066.76614692968,2379,8
2026-07-23 02:16:11.026530,64020.12019379045,63982.17191127,63924.21032050558,63973.474240651216,544,8
2026-07-23 02:21:11.026530,64029.63067854359,64118.77050333911,63951.00656323139,64085.78711643597,1699,2
2026-07-23 02:26:11.026530,64110.24535555653,64225.06660855125,64128.515703084544,64134.70359467709,2370,3
2026-07-23 02:31:11.026530,64182.83134771607,64292.94728271618,64153.81703870313,64230.95910075504,1193,7
2026-07-23 02:36:11.026530,64341.4405602302,64566.175331178085,64413.53207096979,64451.922019705366,95,4
2026-07-23 02:41:11.026530,64438.33524174413,64425.59896273744,64319.898726500345,64424.74846378289,360,6
2026-07-23 02:46:11.026530,64381.71814101392,64421.839063726955,64328.527968655326,64338.68781824495,380,8
2026-07-23 02:51:11.026530,64287.8642228868,64255.464154674904,64195.087649092005,64237.040627528644,60,8
2026-07-23 02:56:11.026530,64190.55195993827,64238.97790436403,64100.450266134394,64144.063292347884,957,7
2026-07-23 03:01:11.026530,64140.25390399498,64219.51683099968,64075.120290876024,64136.44451564206,1450,2
2026-07-23 03:06:11.026530,64156.78457518648,64179.36178804698,64123.572171649066,64177.12463473089,1641,2
2026-07-23 03:11:11.026530,64193.75221043112,64216.418868937726,64070.22891343347,64210.37978613136,57,3
2026-07-23 03:16:11.026530,64258.86083349619,64437.902795031194,64295.53889281584,64307.34188086102,1033,4
2026-07-23 03:21:11.026530,64308.73748996218,64346.302186108755,64298.95745562673,64310.13309906334,1800,1
2026-07-23 03:26:11.026530,64395.01731693394,64502.72941732028,64397.14445412537,64479.90153480454,1443,5
2026-07-23 03:31:11.026530,64465.191148962156,64549.74092060312,64436.99110922432,64450.48076311977,615,7
2026-07-23 03:36:11.026530,64609.299939243036,64795.6703770776,64696.27599086858,64768.11911536631,2370,5
2026-07-23 03:41:11.026530,64805.25904498373,64900.47634497738,64827.30279660039,64842.39897460116,950,7
2026-07-23 03:46:11.026530,64793.06283769125,64787.89381234844,64724.97560285513,64743.726700781335,2228,5
2026-07-23 03:51:11.026530,64682.032786514304,64640.66190262223,64601.264489436224,64620.33887224728,163,8
2026-07-23 03:56:11.026530,64649.05760920541,64703.17266739781,64593.65150093751,64677.77634616355,581,7
2026-07-23 04:01:11.026530,64665.41771756951,64665.90920716153,64509.45735922069,64653.05908897546,1572,1
2026-07-23 04:06:11.026530,64695.27925098986,64911.43922231465,64704.579241155014,64737.49941300426,1094,1
2026-07-23 04:11:11.026530,64765.73169145042,64809.483673880684,64748.05061078971,64793.963969896584,1793,5
2026-07-23 04:16:11.026530,64790.36512289323,64854.59276251442,64732.944507877655,64786.76627588987,82,2
2026-07-23 04:21:11.026530,64738.07584947511,64733.498069796435,64679.63267424069,64689.385423060354,182,9
2026-07-23 04:26:11.026530,64601.955612143494,64518.1856120631,64472.24694046235,64514.525801226635,1776,2
2026-07-23 04:31:11.026530,64489.25482019596,64516.61396083582,64446.86963391535,64463.983839165274,1024,9
2026-07-23 04:36:11.026530,64514.35398594329,64589.85769550874,64465.87225128874,64564.724132721305,75,2
2026-07-23 04:41:11.026530,64577.81304587699,64606.006221946496,64567.723222084955,64590.90195903267,594,4
2026-07-23 04:46:11.026530,64519.210506393516,64512.893383810675,64404.88347692745,64447.51905375437,1311,3
2026-07-23 04:51:11.026530,64458.210275039804,64561.682275977546,64436.75184509132,64468.90149632524,2115,6
2026-07-23 04:56:11.026530,64491.91128330417,64579.645443858404,64424.06319522209,64514.9210702831,983,4
2026-07-23 05:01:11.026530,64464.28620869705,64455.73274077131,64335.2890217192,64413.651347111,2386,9
2026-07-23 05:06:11.026530,64423.20869725196,64467.405835289326,64321.28756403463,64432.76604739293,1100,9
2026-07-23 05:11:11.026530,64436.78611971564,64478.207955774895,64372.741027788274,64440.80619203835,866,9
2026-07-23 05:16:11.026530,64375.22888992682,64354.26224994432,64221.40771273929,64309.65158781529,1984,3
2026-07-23 05:21:11.026530,64331.01003717365,64470.12021663993,64328.416173065605,64352.368486532,157,3
2026-07-23 05:26:11.026530,64385.50809568266,64488.67947554901,64374.38195553833,64418.64770483331,997,4
2026-07-23 05:31:11.026530,64482.14622754114,64585.3580640746,64491.36999508386,64545.64475024897,787,9
2026-07-23 05:36:11.026530,64607.566034046875,64694.47911076872,64624.50386160836,64669.487317844774,2421,6
2026-07-23 05:41:11.026530,64590.04790095749,64694.39354957334,64494.78867028983,64510.60848407022,842,9
2026-07-23 05:46:11.026530,64456.84874295258,64424.08590629726,64397.717819728794,64403.08900183494,1917,8
2026-07-23 05:51:11.026530,64433.60035447614,64491.00795714651,64373.94185865259,64464.11170711734,1405,7
2026-07-23 05:56:11.026530,64494.57941857878,64678.727591244926,64496.8279613052,64525.04713004022,1435,5
2026-07-23 06:01:11.026530,64555.616982973654,64683.127167201026,64527.68788112936,64586.18683590709,338,9
2026-07-23 06:06:11.026530,64811.5654463207,65131.431448927666,64989.11708895182,65036.94405673431,1517,4
2026-07-23 06:11:11.026530,65071.02835324776,65175.66797283866,65057.159299140934,65105.112649761206,1110,4
2026-07-23 06:16:11.026530,65172.37110437825,65262.97624434098,65166.23031235614,65239.62955899529,1421,8
2026-07-23 06:21:11.026530,65296.34605454936,65453.0347463967,65314.12423795905,65353.06255010343,92,4
2026-07-23 06:26:11.026530,65392.052695937804,65485.684252362225,65296.99820012983,65431.04284177217,1199,7
2026-07-23 06:31:11.026530,65413.136498464344,65406.37772106229,65279.754751655506,65395.23015515651,2106,4
2026-07-23 06:36:11.026530,65440.58520469376,65507.74415354413,65454.748076193515,65485.940254231005,2281,1
2026-07-23 06:41:11.026530,65441.07760867686,65438.61895110103,65336.987761965625,65396.21496312271,1126,9
2026-07-23 06:46:11.026530,65382.933286989224,65379.51105293143,65277.167509418745,65369.65161085574,1923,4
2026-07-23 06:51:11.026530,65341.76197169833,65319.0454318695,65286.54681855604,65313.872332540916,582,3
2026-07-23 06:56:11.026530,65319.33869409187,65393.15253658833,65271.66525236622,65324.805055642835,1368,3
2026-07-23 07:01:11.026530,65461.82907893302,65667.37453984696,65469.44107252378,65598.8531022232,1281,9
2026-07-23 07:06:11.026530,65489.450544163745,65414.92795225315,65350.57186239153,65380.047986104284,1550,8
2026-07-23 07:11:11.026530,65421.10850393653,65487.78668339001,65379.54132234556,65462.169021768765,2043,7
2026-07-23 07:16:11.026530,65367.94483658108,65326.01587270775,65256.427548480104,65273.72065139339,1003,7
2026-07-23 07:21:11.026530,65246.66033921295,65226.07802533984,65175.733933515454,65219.6000270325,118,4
2026-07-23 07:26:11.026530,65284.23502429616,65425.228053531755,65290.76014805448,65348.87002155982,1916,3
2026-07-23 07:31:11.026530,65353.30437508463,65386.20534499648,65218.00637870203,65357.73872860944,1998,4
2026-07-23 07:36:11.026530,65295.05743198354,65238.33114303744,65203.24897225482,65232.37613535764,350,6
2026-07-23 07:41:11.026530,65191.0597852998,65213.78778600054,65082.92087995583,65149.743435241966,76,4
2026-07-23 07:46:11.026530,65190.26817625822,65243.722340522334,65211.45682713707,65230.79291727447,2203,4
2026-07-23 07:51:11.026530,65188.59439241115,65231.47280050676,65062.21133312044,65146.39586754782,635,2
2026-07-23 07:56:11.026530,65159.74141192653,65177.08082941755,65002.03809324488,65173.08695630524,859,7
2026-07-23 08:01:11.026530,65176.41190852954,65187.72349837688,65153.98804860813,65179.736860753845,683,6
2026-07-23 08:06:11.026530,65142.18628267278,65117.70250701203,65099.6022992976,65104.63570459172,1788,2
2026-07-23 08:11:11.026530,65231.15461102071,65422.603832644876,65295.28067807468,65357.6735174497,708,5
2026-07-23 08:16:11.026530,65395.63745426246,65505.606953586575,65423.48982332191,65433.60139107522,1289,6
2026-07-23 08:21:11.026530,65315.20932207312,65238.65716334,65161.161264514805,65196.81725307102,2418,5
2026-07-23 08:26:11.026530,65208.41188784789,65263.406193405805,65172.7649232434,65220.00652262475,509,4
2026-07-23 08:31:11.026530,65181.83553448857,65216.847890711455,64977.91349883666,65143.66454635239,209,9
2026-07-23 08:36:11.026530,65194.332919838555,65294.243060980865,65152.39071778593,65245.00129332472,513,3
2026-07-23 08:41:11.026530,65199.14878258736,65255.24331007421,65131.861328617895,65153.29627185001,1047,2
2026-07-23 08:46:11.026530,65147.22045984991,65163.31142908699,65100.89087414187,65141.144647849804,1595,9
2026-07-23 08:51:11.026530,65171.41602227296,65218.688411322066,65167.23660282358,65201.68739669612,2338,8
2026-07-23 08:56:11.026530,65253.183872430425,65408.13113546476,65271.39980676379,65304.68034816474,985,9
2026-07-23 09:01:11.026530,65234.86167036991,65200.623267754265,65138.05871016874,65165.04299257507,1728,3
2026-07-23 09:06:11.026530,65146.08215344053,65157.80495202766,65104.07646587822,65127.121314305994,914,1
2026-07-23 09:11:11.026530,65099.94529294119,65156.46520539252,65021.58331694362,65072.769271576384,1240,1
2026-07-23 09:16:11.026530,65035.17918221936,65045.234036067384,64943.6638652776,64997.58909286235,2424,3
2026-07-23 09:21:11.026530,65101.68065531134,65271.204074545145,65140.9493409602,65205.772217760335,914,4
2026-07-23 09:26:11.026530,65230.19985276539,65334.547557751,65194.72117478578,65254.627487770456,1346,2
2026-07-23 09:31:11.026530,65181.311868576086,65132.380060102805,65093.380708904704,65107.99624938172,1985,8
2026-07-23 09:36:11.026530,65162.477003673084,65258.21766680853,65213.78508100792,65216.95775796445,383,3
2026-07-23 09:41:11.026530,65342.41115040392,65483.53281432012,65421.43164114724,65467.864542843396,1693,4
2026-07-23 09:46:11.026530,65529.410975194434,65693.03400176187,65494.93321598733,65590.95740754547,2447,6
2026-07-23 09:51:11.026530,65502.0428296602,65480.86495972178,65367.3740595341,65413.12825177492,2271,6
2026-07-23 09:56:11.026530,65385.28650109349,65437.04366067688,65334.150872273975,65357.444750412054,2213,2
2026-07-23 10:01:11.026530,65432.7067273956,65645.74047022009,65340.363536279125,65507.96870437914,1768,6
2026-07-23 10:06:11.026530,65466.927328098755,65495.02373812475,65411.94084506265,65425.885951818374,2458,4
2026-07-23 10:11:11.026530,65452.68473296613,65536.80234985234,65414.11495562982,65479.48351411389,1739,5
2026-07-23 10:16:11.026530,65525.82144400646,65632.84860930884,65531.9901747726,65572.15937389903,1832,7
2026-07-23 10:21:11.026530,65518.156869257524,65468.99361971859,65429.07197072616,65464.15436461602,2173,7
2026-07-23 10:26:11.026530,65461.30203105764,65460.483989618275,65455.13152998415,65458.44969749925,1154,6
2026-07-23 10:31:11.026530,65268.70492963344,65091.96980132456,65039.86998096228,65078.96016176762,121,6
2026-07-23 10:36:11.026530,65019.66556719511,65045.41056441826,64949.934336005055,64960.37097262259,501,6
2026-07-23 10:41:11.026530,64946.25741486125,65019.07209282495,64824.14115411177,64932.14385709991,1828,4
2026-07-23 10:46:11.026530,64859.954442150934,64830.29609360518,64719.99840452008,64787.76502720196,2464,3
2026-07-23 10:51:11.026530,64883.73904875526,65057.002317867584,64943.1647205918,64979.71307030857,875,1
2026-07-23 10:56:11.026530,64896.8316039282,64864.093274230436,64779.44865396226,64813.95013754783,1385,3
2026-07-23 11:01:11.026530,64788.939014309435,64926.5290545552,64711.47341858735,64763.92789107105,2207,3
2026-07-23 11:06:11.026530,64772.19713199805,64817.47302433887,64662.44756325148,64780.46637292506,101,9
2026-07-23 11:11:11.026530,64865.254680244434,65017.19413609383,64932.34138850017,64950.04298756381,2012,3
2026-07-23 11:16:11.026530,64866.86581207276,64791.11141468391,64742.84845939619,64783.688636581726,516,8
2026-07-23 11:21:11.026530,64852.22751760476,65007.24595980594,64868.85218894011,64920.7663986278,1724,8
2026-07-23 11:26:11.026530,64922.0135345964,64923.7998008124,64876.290298357366,64923.260670565,1982,3
2026-07-23 11:31:11.026530,64866.60892701465,64837.1064533045,64789.32058197271,64809.957183464285,1411,6
2026-07-23 11:36:11.026530,64837.57105766897,64956.68103611524,64851.47353595246,64865.18493187365,836,8
2026-07-23 11:41:11.026530,64877.456744404946,64924.177663391456,64852.026713111874,64889.72855693624,605,8
2026-07-23 11:46:11.026530,64855.34256951826,64919.85675598679,64754.24998882841,64820.956582100276,2089,9
2026-07-23 11:51:11.026530,64825.677309558414,64866.58601730973,64771.256412769064,64830.39803701655,2356,9
2026-07-23 11:56:11.026530,64808.571662089234,64830.05882738371,64782.42573130197,64786.745287161924,1812,8
2026-07-23 12:01:11.026530,64794.01294716506,64898.70297242646,64789.15930379887,64801.28060716819,2162,7
2026-07-23 12:06:11.026530,64840.568644554274,64887.643544518134,64751.93537870738,64879.85668194036,2260,3
2026-07-23 12:11:11.026530,64973.25015072465,65159.275931006465,65034.659584355875,65066.64361950894,1751,7
2026-07-23 12:16:11.026530,64994.887086811774,65018.361679276415,64868.949173123074,64923.13055411461,2136,4
2026-07-23 12:21:11.026530,65048.65674510066,65205.38341696323,65168.74297370544,65174.18293608672,2417,2
2026-07-23 12:26:11.026530,65060.53017652627,64967.11883394596,64780.32611268417,64946.87741696582,2457,8
2026-07-23 12:31:11.026530,64938.6557555355,64938.467558928976,64882.543359361145,64930.434094105185,2366,2
2026-07-23 12:36:11.026530,64965.48202533803,65006.43343075774,64975.18143103177,65000.529956570885,2421,1
2026-07-23 12:41:11.026530,65017.622613295665,65083.24312320266,65006.96676116765,65034.715270020446,2423,5
2026-07-23 12:46:11.026530,64998.93793631538,64994.368345320734,64957.81526353983,64963.16060261031,1660,9
2026-07-23 12:51:11.026530,64951.64402508424,64949.87827145973,64917.07222180902,64940.12744755817,306,5
2026-07-23 12:56:11.026530,64911.97507113144,64886.98465996919,64785.24110908824,64883.822694704715,2297,2
2026-07-23 13:01:11.026530,64850.07288578084,64881.136878332705,64778.06380583532,64816.32307685696,659,4
2026-07-23 13:06:11.026530,64866.571430122654,64924.78897375647,64909.97558026449,64916.81978338835,1177,8
2026-07-23 13:11:11.026530,64938.33475797595,64969.9284021563,64873.657246100265,64959.84973256355,1445,7
2026-07-23 13:16:11.026530,64920.01360738172,64891.74477506466,64725.86499300964,64880.17748219989,954,5
2026-07-23 13:21:11.026530,64933.39947454717,64988.850521859946,64892.89049528164,64986.62146689446,213,4
2026-07-23 13:26:11.026530,65005.24999284399,65029.1927528744,64969.42691481554,65023.878518793514,1186,5
2026-07-23 13:31:11.026530,65072.13443706031,65150.79368460428,65071.454050393586,65120.39035532711,664,7
2026-07-23 13:36:11.026530,65157.96473129766,65285.15245633612,65184.32059376183,65195.53910726822,2075,5
2026-07-23 13:41:11.026530,65147.5842716708,65181.85281211466,64974.16138391247,65099.62943607338,155,8
2026-07-23 13:46:11.026530,65067.475503946014,65085.961176494486,65023.70249287493,65035.32157181864,748,7
2026-07-23 13:51:11.026530,65079.74267031537,65319.68999965419,65030.79472837657,65124.1637688121,413,7
2026-07-23 13:56:11.026530,65160.61026019619,65270.14465136147,65161.76745540051,65197.056751580276,2071,9
2026-07-23 14:01:11.026530,65196.482277042654,65291.22780866139,65142.602292945405,65195.90780250503,1202,8
2026-07-23 14:06:11.026530,65203.44497154429,65262.709766476575,65162.39112286283,65210.98214058355,748,8
2026-07-23 14:11:11.026530,65286.70805524385,65509.06082793722,65348.30038936946,65362.43396990415,796,6
2026-07-23 14:16:11.026530,65328.305535272026,65310.76807829239,65245.984262013015,65294.17710063991,2025,7
2026-07-23 14:21:11.026530,65326.996573715165,65511.28682695178,65199.3560004292,65359.81604679043,1693,8
2026-07-23 14:26:11.026530,65348.5778306236,65446.35697772736,65330.01297438624,65337.33961445678,1010,5
2026-07-23 14:31:11.026530,65325.19480623894,65452.85399521656,65252.338888866005,65313.049998021095,258,2
2026-07-23 14:36:11.026530,65378.35636199621,65549.62358763305,65384.79665283318,65443.66272597133,1361,7
2026-07-23 14:41:11.026530,65492.970718259436,65605.86968641529,65483.0779344157,65542.27871054754,1941,3
2026-07-23 14:46:11.026530,65590.95759962373,65719.37281853319,65507.32247216571,65639.6364886999,1226,8
2026-07-23 14:51:11.026530,65717.5071588959,65831.80188054548,65682.40142521294,65795.37782909187,2089,6
2026-07-23 14:56:11.026530,65797.27959796382,65847.73256906933,65748.00498131796,65799.18136683575,1502,4
2026-07-23 15:01:11.026530,65840.24972254294,65980.23727996727,65864.16740948193,65881.31807825014,715,2
2026-07-23 15:06:11.026530,65863.58496173294,65972.95634019241,65802.90517861219,65845.85184521573,1667,7
2026-07-23 15:11:11.026530,65865.72680905291,65903.1301169876,65778.00838559934,65885.60177289009,2318,1
2026-07-23 15:16:11.026530,65878.54428688626,66035.21627386536,65860.5383276796,65871.48680088241,484,7
2026-07-23 15:21:11.026530,65877.89648095376,65942.7158423299,65845.92300672458,65884.30616102512,2377,7
2026-07-23 15:26:11.026530,65920.27498350301,65986.64623964253,65943.91572259493,65956.24380598089,1696,3
2026-07-23 15:31:11.026530,65908.36806712658,65878.91047182784,65769.15655633398,65860.49232827224,2090,4
2026-07-23 15:36:11.026530,65985.41236665282,66123.74540827516,66098.18222940691,66110.33240503339,1212,4
2026-07-23 15:41:11.026530,66051.18915281053,66071.7910957454,65923.99103518586,65992.04590058768,716,4
2026-07-23 15:46:11.026530,65920.6690220652,65939.9259701105,65739.71770761714,65849.29214354271,1490,9
2026-07-23 15:51:11.026530,65918.65830797964,66000.25915011515,65900.98619057686,65988.02447241657,2049,6
2026-07-23 15:56:11.026530,66035.7350465797,66161.84461956036,66021.75389474782,66083.44562074283,397,9
2026-07-23 16:01:11.026530,66121.24765198986,66184.60522225159,66136.14049572663,66159.0496832369,814,4
2026-07-23 16:06:11.026530,66197.14686246085,66239.85841604788,66191.78560229744,66235.2440416848,983,7
2026-07-23 16:11:11.026530,66235.176343005,66299.95729912122,66183.89270416676,66235.1086443252,232,9
2026-07-23 16:16:11.026530,66182.32633532179,66134.70426092374,66123.47005884553,66129.5440263184,2295,3
2026-07-23 16:21:11.026530,66134.71735520873,66286.88236290497,66122.78614767564,66139.89068409908,1755,3
2026-07-23 16:26:11.026530,66100.26717846832,66163.2678297858,66041.156924798,66060.64367283757,1196,6
2026-07-23 16:31:11.026530,66119.33168932365,66214.84013491466,66081.58047348681,66178.01970580973,430,8
2026-07-23 16:36:11.026530,66169.9237069441,66170.86808725754,66051.92910236552,66161.82770807849,874,1
2026-07-23 16:41:11.026530,66113.37008894567,66096.26746562497,65950.037253646,66064.91246981286,1588,4
2026-07-23 16:46:11.026530,66046.46917490842,66118.44448208982,66004.66515456757,66028.02588000397,1687,8
2026-07-23 16:51:11.026530,66053.23432342126,66080.18396371354,66023.00222209936,66078.44276683855,241,6
2026-07-23 16:56:11.026530,66045.59485441391,66114.14305081124,65995.04818499532,66012.74694198929,574,2
2026-07-23 17:01:11.026530,65964.59290616665,65976.41722735736,65894.42141819553,65916.43887034402,1143,8
2026-07-23 17:06:11.026530,65931.55819547032,66000.4475046721,65931.52709509144,65946.67752059663,2386,1
2026-07-23 17:11:11.026530,65961.87974908037,66115.44959895955,65960.66050149249,65977.08197756413,154,1
2026-07-23 17:16:11.026530,65947.65291472757,65918.49467456469,65870.3139711492,65918.22385189102,1789,7
2026-07-23 17:21:11.026530,65890.94931793188,65976.78597512076,65842.72072053589,65863.67478397275,2410,3
2026-07-23 17:26:11.026530,65878.09187104402,65939.80812878317,65846.47755779116,65892.5089581153,1726,8
2026-07-23 17:31:11.026530,65807.40187819007,65786.37624666473,65677.63416084409,65722.29479826483,2404,9
2026-07-23 17:36:11.026530,65639.80415787485,65614.61099458946,65455.37964906145,65557.31351748487,870,8
2026-07-23 17:41:11.026530,65515.60630130784,65482.16035832736,65413.516834433256,65473.899085130804,85,1
2026-07-23 17:46:11.026530,65461.97829951346,65540.93087923004,65311.36662779306,65450.057513896114,1098,1
2026-07-23 17:51:11.026530,65469.03153917639,65550.25003031024,65431.989491231856,65488.00556445667,1922,6
2026-07-23 17:56:11.026530,65575.73407971968,65765.14314247773,65578.83229916914,65663.46259498269,1110,1
2026-07-23 18:01:11.026530,65714.84460493419,65789.67378030672,65743.50293076219,65766.22661488569,1092,8
2026-07-23 18:06:11.026530,65757.41875872454,65806.41257899045,65740.77406657807,65748.61090256339,2132,6
2026-07-23 18:11:11.026530,65748.14313167162,65773.64117233765,65733.78677608958,65747.67536077983,1491,5
2026-07-23 18:16:11.026530,65689.06257421101,65666.19294493136,65530.57536145132,65630.44978764218,1895,6
2026-07-23 18:21:11.026530,65630.01257215478,65666.53565950805,65590.65329009073,65629.57535666737,1591,4
2026-07-23 18:26:11.026530,65613.18565728448,65691.51291642328,65559.24885264551,65596.7959579016,516,1
2026-07-23 18:31:11.026530,65616.51022155242,65642.05521328333,65606.13460885838,65636.22448520325,248,7
2026-07-23 18:36:11.026530,65588.04955665384,65561.5661593338,65504.30001442439,65539.87462810444,1641,9
2026-07-23 18:41:11.026530,65571.17908447995,65633.49752878277,65540.50764189802,65602.48354085545,1284,4
2026-07-23 18:46:11.026530,65693.76266748438,65797.97178311052,65763.1485690564,65785.04179411332,290,4
2026-07-23 18:51:11.026530,65779.26084077964,65804.6989363246,65646.10258595087,65773.47988744594,1243,9
2026-07-23 18:56:11.026530,65797.92648410851,65829.36174722426,65818.93812357662,65822.37308077108,1932,4
2026-07-23 19:01:11.026530,65863.9417579766,66033.8976992421,65796.10807337312,65905.51043518212,343,4
2026-07-23 19:06:11.026530,65882.37923656731,65882.82489584963,65703.8881101816,65859.24803795251,971,8
2026-07-23 19:11:11.026530,65873.19228809726,65913.07804302392,65818.42143705655,65887.13653824202,1812,4
2026-07-23 19:16:11.026530,65888.54214909999,65938.34968236818,65878.42927814968,65889.94775995797,1388,9
2026-07-23 19:21:11.026530,65896.3995768303,65994.26774311054,65884.47379353181,65902.85139370263,517,8
2026-07-23 19:26:11.026530,65857.69220133015,65917.43486189222,65792.01589825141,65812.53300895766,2464,5
2026-07-23 19:31:11.026530,65814.64297091786,65851.6859084702,65796.13696485962,65816.75293287805,2413,9
2026-07-23 19:36:11.026530,65846.92389002844,65893.39333540467,65847.08299054811,65877.09484717883,807,8
2026-07-23 19:41:11.026530,65963.90522558647,66131.82558643905,65941.84333524981,66050.71560399412,1163,4
2026-07-23 19:46:11.026530,66108.45099137956,66224.91284011965,66111.34057789369,66166.18637876499,1591,4
2026-07-23 19:51:11.026530,66295.32049765045,66517.90038176677,66318.38838026648,66424.45461653589,957,1
2026-07-23 19:56:11.026530,66379.27603814763,66343.95967480956,66259.11680312628,66334.09745975936,1682,4
2026-07-23 20:01:11.026530,66386.88089903988,66479.17162383461,66416.89203414724,66439.66433832042,1006,8
2026-07-23 20:06:11.026530,66451.2938332858,66499.508799451,66451.77977327982,66462.92332825119,2177,5
2026-07-23 20:11:11.026530,66594.83571400732,66785.4376138866,66701.44674516932,66726.74809976344,2235,6
2026-07-23 20:16:11.026530,66678.90809467905,66739.07108566845,66532.03229896077,66631.06808959466,1581,4
2026-07-23 20:21:11.026530,66581.41503131311,66628.96651247109,66515.89732257856,66531.76197303156,601,5
2026-07-23 20:26:11.026530,66496.55515037876,66494.83820094219,66432.24200319393,66461.34832772595,2171,8
2026-07-23 20:31:11.026530,66335.21166668073,66254.02857521812,66170.8922809942,66209.07500563549,2147,9
2026-07-23 20:36:11.026530,66178.42251788356,66334.80839668581,66020.73595343446,66147.77003013164,437,3
2026-07-23 20:41:11.026530,66103.26803471458,66164.46714865825,66041.86819287072,66058.76603929752,2482,4
2026-07-23 20:46:11.026530,66068.36936793556,66173.56289956855,66068.39578442517,66077.9726965736,348,1
2026-07-23 20:51:11.026530,66098.96442999016,66129.61004518007,66054.23376633268,66119.95616340669,388,5
2026-07-23 20:56:11.026530,66232.45544112862,66368.33019602738,66269.21374402745,66344.95471885055,523,4
2026-07-23 21:01:11.026530,66402.41812567717,66556.44523658809,66383.63745760212,66459.88153250379,665,6
2026-07-23 21:06:11.026530,66426.05650464653,66412.39195363475,66382.48888872057,66392.23147678928,1011,6
2026-07-23 21:11:11.026530,66339.25473683038,66322.45466901465,66265.29111143017,66286.27799687147,841,6
2026-07-23 21:16:11.026530,66316.30119177786,66384.14620347648,66249.34412743773,66346.32438668424,1243,3
2026-07-23 21:21:11.026530,66268.2465196145,66325.96730852098,66189.41402176321,66190.16865254476,62,7
2026-07-23 21:26:11.026530,66300.11488683753,66419.26054555512,66342.9175023331,66410.0611211303,498,3
2026-07-23 21:31:11.026530,66481.29554334145,66651.95998034552,66502.1734576879,66552.52996555259,2271,6
2026-07-23 21:36:11.026530,66525.10445481332,66562.43883870292,66488.81253186603,66497.67894407405,1747,1
2026-07-23 21:41:11.026530,66395.972273922,66350.40876743179,66216.25883320166,66294.26560376996,2032,8
2026-07-23 21:46:11.026530,66375.8072554027,66521.80385643995,66354.38339096229,66457.34890703546,1205,7
2026-07-23 21:51:11.026530,66451.16324332647,66499.94942441986,66437.33469068735,66444.97757961751,1970,9
2026-07-23 21:56:11.026530,66519.74805189465,66627.69380988192,66555.48663618791,66594.5185241718,1948,3
2026-07-23 22:01:11.026530,66499.75743857936,66566.56082912096,66339.06934119113,66404.99635298691,2366,8
2026-07-23 22:06:11.026530,66369.85766338234,66358.78823649662,66281.28469665309,66334.71897377775,1324,2
2026-07-23 22:11:11.026530,66335.69539075208,66356.21937478153,66323.44561046035,66336.67180772642,1443,9
2026-07-23 22:16:11.026530,66340.14023838661,66413.12277834659,66260.65726761556,66343.60866904678,822,1
2026-07-23 22:21:11.026530,66317.40938599329,66369.85016928654,66254.64424310367,66291.21010293982,1665,7
2026-07-23 22:26:11.026530,66329.05513213595,66411.2765738977,66293.93736013027,66366.90016133207,937,1
2026-07-23 22:31:11.026530,66303.85460412865,66348.58597502274,66186.54848192635,66240.80904692522,2275,6
2026-07-23 22:36:11.026530,66232.98418044229,66296.98936072948,66155.10839359765,66225.15931395938,2356,1
2026-07-23 22:41:11.026530,66232.99242954518,66325.38464538597,66230.91716933627,66240.825545131,309,4
2026-07-23 22:46:11.026530,66272.17194549236,66374.83782966812,66219.72344745228,66303.51834585374,1562,7
2026-07-23 22:51:11.026530,66346.67375864764,66439.89525508553,66389.4677359275,66389.82917144155,692,2
2026-07-23 22:56:11.026530,66323.36138780796,66265.7792989173,66225.17800692699,66256.89360417436,2178,3
2026-07-23 23:01:11.026530,66166.19946916212,66102.67719921864,65966.63509450598,66075.50533414989,1132,4
2026-07-23 23:06:11.026530,66152.23588275164,66319.767833641,66189.47445951834,66228.96643135339,1312,6
2026-07-23 23:11:11.026530,66249.44298150088,66281.96504758915,66214.0647931764,66269.91953164837,2226,9
2026-07-23 23:16:11.026530,66225.9694759244,66224.84127801206,66173.61966257883,66182.01942020043,461,4
2026-07-23 23:21:11.026530,66275.20473411688,66454.9596581977,66343.00041522882,66368.39004803333,2412,6
2026-07-23 23:26:11.026530,66375.96402146829,66441.54670616379,66323.44553205521,66383.53799490325,664,7
2026-07-23 23:31:11.026530,66454.73540911864,66586.98357843012,66514.63570186829,66525.93282333405,948,4
2026-07-23 23:36:11.026530,66530.64097279707,66570.05546673315,66531.11478184376,66535.3491222601,281,6
2026-07-23 23:41:11.026530,66659.64743177903,66822.22214322232,66748.91042126712,66783.94574129795,779,3
2026-07-23 23:46:11.026530,66890.28828407679,67044.63465314223,66844.18030180503,66996.63082685562,1470,5
2026-07-23 23:51:11.026530,66982.29207961573,66970.67094871645,66903.69606199967,66967.95333237585,1822,4
2026-07-23 23:56:11.026530,67027.23313062047,67109.31336004751,67080.09311219005,67086.51292886511,1753,7
2026-07-24 00:01:11.026530,67126.17364223722,67175.21859452725,67165.60237624476,67165.83435560933,1647,6
2026-07-24 00:06:11.026530,67249.3424211455,67505.97659294089,67294.68298042765,67332.85048668168,367,7
2026-07-24 00:11:11.026530,67275.09946225636,67350.17370674251,67148.38375023569,67217.34843783105,1580,6
2026-07-24 00:16:11.026530,67259.55018914031,67346.52405178557,67261.57475638505,67301.75194044955,1160,2
2026-07-24 00:21:11.026530,67366.59779743367,67506.97738509339,67375.21116553129,67431.4436544178,765,7
2026-07-24 00:26:11.026530,67325.54970479886,67285.75456618346,67172.22302151263,67219.65575517992,1391,8
2026-07-24 00:31:11.026530,67148.81829985896,67095.65928800106,67000.37896932855,67077.980844538,1183,7
2026-07-24 00:36:11.026530,66955.76602062778,66854.82410173728,66737.31974470278,66833.55119671757,1828,4
2026-07-24 00:41:11.026530,66818.01826947281,66852.49869359574,66748.22768930822,66802.48534222806,1146,4
2026-07-24 00:46:11.026530,66846.32235400764,67036.64155409923,66888.67829272698,66890.15936578723,251,5
2026-07-24 00:51:11.026530,66981.39609883161,67136.8162082086,67072.60975215738,67072.63283187598,2190,9
2026-07-24 00:56:11.026530,67077.77671145584,67107.01581885469,67042.54580856879,67082.92059103571,1722,5
2026-07-24 01:01:11.026530,67182.06471919597,67332.30161961218,67261.58351321502,67281.20884735623,1106,2
2026-07-24 01:06:11.026530,67198.41430677763,67296.71817338538,67036.74952616535,67115.61976619903,468,5
2026-07-24 01:11:11.026530,67013.5552387966,66927.96741071146,66860.67752453384,66911.49071139416,675,3
2026-07-24 01:16:11.026530,66908.81483191406,67007.80521638304,66795.33814073064,66906.13895243398,894,8
2026-07-24 01:21:11.026530,66929.9431816701,66982.83543455722,66902.89766570297,66953.74741090622,1928,2
2026-07-24 01:26:11.026530,66952.44684132941,67046.6638286689,66927.69226406245,66951.1462717526,1994,4
2026-07-24 01:31:11.026530,66827.4689571588,66711.5729900989,66623.09241451944,66703.79164256499,443,5
2026-07-24 01:36:11.026530,66699.10882916808,66759.73189243366,66641.5998499209,66694.42601577118,681,4
2026-07-24 01:41:11.026530,66616.8824973258,66608.18280518123,66477.60160993047,66539.33897888043,371,5
2026-07-24 01:46:11.026530,66580.13297372035,66668.66947468577,66568.796436268,66620.92696856025,623,4
2026-07-24 01:51:11.026530,66643.5816816467,66740.11373870196,66642.93138685553,66666.23639473316,1743,3
2026-07-24 01:56:11.026530,66610.55718864118,66582.29457681837,66535.71875737117,66554.8779825492,1113,1
2026-07-24 02:01:11.026530,66524.77683857137,66566.29357313665,66447.93943651264,66494.67569459355,1526,4
2026-07-24 02:06:11.026530,66432.01091746405,66454.06271121571,66315.00179640969,66369.34614033456,1197,9
2026-07-24 02:11:11.026530,66366.26600311857,66367.94841285757,66346.78837932876,66363.18586590259,1008,1
2026-07-24 02:16:11.026530,66420.94737283877,66504.41791177401,66466.66912970923,66478.70887977496,97,7
2026-07-24 02:21:11.026530,66420.44797018048,66450.14720153794,66339.5177202801,66362.18706058599,2286,3
2026-07-24 02:26:11.026530,66392.96961856847,66510.56625000232,66340.63212444031,66423.75217655096,2401,8
2026-07-24 02:31:11.026530,66392.73137966533,66393.14384450913,66325.29560733624,66361.7105827797,1632,6
2026-07-24 02:36:11.026530,66315.05227801244,66366.44659468491,66154.53734925274,66268.3939732452,2466,1
2026-07-24 02:41:11.026530,66262.67369396103,66333.18908760027,66219.47676002946,66256.95341467686,509,5
2026-07-24 02:46:11.026530,66195.93943707984,66153.35654609813,66091.67404484004,66134.92545948282,2344,8
2026-07-24 02:51:11.026530,66102.64857161675,66160.89271091296,66039.35073474856,66070.37168375068,2361,3
2026-07-24 02:56:11.026530,65999.87789415778,65964.37452816192,65822.9204520357,65929.38410456487,1279,4
2026-07-24 03:01:11.026530,66046.83193266994,66251.68792512672,66163.70333094244,66164.279760775,1580,7
2026-07-24 03:06:11.026530,66167.04138759978,66271.61173773702,66169.25212807844,66169.80301442454,579,6
2026-07-24 03:11:11.026530,66128.81948823816,66198.55588017276,66007.77861576535,66087.8359620518,1437,7
2026-07-24 03:16:11.026530,66101.22687530096,66177.61638552735,66010.99524043484,66114.6177885501,1413,9
2026-07-24 03:21:11.026530,66108.59560987147,66156.94378238753,66096.32291528054,66102.57343119284,456,9
2026-07-24 03:26:11.026530,66090.09082143774,66099.44653548066,66060.9749336329,66077.60821168266,502,2
2026-07-24 03:31:11.026530,66114.81432150054,66162.41035991609,66122.20924858857,66152.02043131842,1950,3
2026-07-24 03:36:11.026530,66197.81322065889,66293.95162959288,66237.63854792183,66243.60600999935,863,4
2026-07-24 03:41:11.026530,66212.65483836184,66302.66623643329,66102.88135800685,66181.70366672432,627,6
2026-07-24 03:46:11.026530,66148.0848040345,66124.77137435201,66083.41817413676,66114.4659413447,1981,5
2026-07-24 03:51:11.026530,66098.76440968667,66276.00003852509,66044.99962637352,66083.06287802864,196,6
2026-07-24 03:56:11.026530,65947.09802303572,65835.25322987423,65786.25868627496,65811.13316804281,455,8
2026-07-24 04:01:11.026530,65722.16696807335,65657.87950717405,65514.6849107904,65633.2007681039,232,2
2026-07-24 04:06:11.026530,65714.69923154815,65801.5219680913,65762.6082320741,65796.19769499241,285,6
2026-07-24 04:11:11.026530,65894.41132759905,66018.89721252982,65916.35258878508,65992.62496020569,687,9
2026-07-24 04:16:11.026530,65978.49682419939,66021.8639001565,65945.3374928713,65964.36868819309,228,5
2026-07-24 04:21:11.026530,65999.27578550571,66114.03556376223,66011.44438202125,66034.18288281834,574,1
2026-07-24 04:26:11.026530,66053.34661865569,66092.70855012679,65954.14299861394,66072.51035449305,1613,8
2026-07-24 04:31:11.026530,66256.76947353898,66465.37631161427,66386.56462190587,66441.02859258492,1964,4
2026-07-24 04:36:11.026530,66508.70899009227,66579.36163599069,66496.42041147292,66576.38938759963,2420,8
2026-07-24 04:41:11.026530,66569.391224965,66563.8020275035,66450.30752549747,66562.39306233037,1334,4
2026-07-24 04:46:11.026530,66505.86399625705,66506.92154805888,66445.83448782034,66449.3349301837,1685,8
2026-07-24 04:51:11.026530,66354.06371894304,66300.22034996102,66169.6012172435,66258.79250770237,1773,9
2026-07-24 04:56:11.026530,66271.59069636825,66317.32199927633,66202.63736831814,66284.38888503412,2496,5
2026-07-24 05:01:11.026530,66239.96071201646,66305.66049346782,66170.64679752749,66195.5325389988,386,5
2026-07-24 05:06:11.026530,66111.56901797774,66117.12425621456,65999.7019746146,66027.6054969567,168,2
2026-07-24 05:11:11.026530,65989.86486818748,66000.96369415923,65945.23974631046,65952.12423941825,1631,9
2026-07-24 05:16:11.026530,65888.64758380261,65883.48691135825,65710.51647094112,65825.17092818696,629,4
2026-07-24 05:21:11.026530,65925.93385812054,66094.50816359409,65976.83451017964,66026.69678805412,2402,3
2026-07-24 05:26:11.026530,66079.79028775546,66182.58970395273,66128.60102942129,66132.88378745681,245,2
2026-07-24 05:31:11.026530,66133.07058843682,66170.15599957667,66031.84653320553,66133.25738941683,382,3
2026-07-24 05:36:11.026530,66222.1240972936,66384.27197506394,66291.61774725931,66310.99080517038,672,4
2026-07-24 05:41:11.026530,66316.27166781349,66341.61141571574,66206.47595173129,66321.5525304566,707,9
2026-07-24 05:46:11.026530,66270.84502016052,66411.4165291106,66183.99322562332,66220.13750986442,753,6
2026-07-24 05:51:11.026530,66311.70142282313,66528.83747109862,66319.85997344203,66403.26533578183,1506,5
2026-07-24 05:56:11.026530,66436.15249347876,66481.78118344085,66368.04977413404,66469.03965117567,932,9
2026-07-24 06:01:11.026530,66407.71071741518,66352.28907361266,66287.41995231378,66346.38178365467,1499,8
2026-07-24 06:06:11.026530,66335.68151922553,66351.43592014481,66112.27237936425,66324.9812547964,1302,6
2026-07-24 06:11:11.026530,66273.41680724613,66334.81301287192,66116.90621515627,66221.85235969588,573,3
2026-07-24 06:16:11.026530,66140.20101623193,66116.90072155932,66001.7167560872,66058.54967276799,2314,7
2026-07-24 06:21:11.026530,66114.32104249744,66198.0496781496,66168.6621516743,66170.0924122269,1039,6
2026-07-24 06:26:11.026530,66284.66368062081,66440.95520264989,66345.19023299262,66399.23494901472,2472,8
2026-07-24 06:31:11.026530,66316.42495490736,66234.77543778226,66177.55792140127,66233.6149608,85,6
2026-07-24 06:36:11.026530,66267.85372301536,66384.92902559829,66270.41844004272,66302.09248523072,825,4
2026-07-24 06:41:11.026530,66263.95239556236,66254.23568183546,66136.253036586,66225.812305894,77,7
2026-07-24 06:46:11.026530,66197.45246865947,66222.50777082198,66160.30494831466,66169.09263142495,135,7
2026-07-24 06:51:11.026530,66134.49407429714,66119.919966106,66073.71631762596,66099.89551716931,2285,8
2026-07-24 06:56:11.026530,66049.19671241975,66098.49193154273,65973.77400531441,65998.4979076702,2402,2
2026-07-24 07:01:11.026530,66002.04020186327,66013.29129527176,65944.39247686697,66005.58249605633,2177,6
2026-07-24 07:06:11.026530,65956.91585782761,65987.40955274932,65882.25530114319,65908.24921959889,235,3
2026-07-24 07:11:11.026530,65924.95533753891,65990.46575558493,65920.91710829883,65941.66145547893,1078,8
2026-07-24 07:16:11.026530,65939.3394478974,66036.85729876046,65880.38723578847,65937.01744031587,607,4
2026-07-24 07:21:11.026530,65923.49961317382,65931.54199980597,65763.98217304041,65909.98178603176,1687,4
2026-07-24 07:26:11.026530,65856.84801210366,65899.37887368698,65781.67826347267,65803.71423817555,1020,2
2026-07-24 07:31:11.026530,65770.23099809812,65750.47152448924,65721.23030947181,65736.7477580207,1075,6
2026-07-24 07:36:11.026530,65782.12768996472,65932.12806240704,65708.86586708212,65827.50762190875,266,6
2026-07-24 07:41:11.026530,65857.85659740519,65889.76088291974,65779.43238015304,65888.20557290163,306,1
2026-07-24 07:46:11.026530,65830.9458490538,65823.92471675633,65663.07046802592,65773.68612520595,1526,8
2026-07-24 07:51:11.026530,65780.22461865732,65891.56940919724,65781.40531580754,65786.76311210869,1497,3
2026-07-24 07:56:11.026530,65831.94016935339,65890.87907752603,65842.32694831351,65877.11722659809,373,1
2026-07-24 08:01:11.026530,65778.9445432687,65696.26333378836,65561.890169231,65680.77185993934,1654,1
2026-07-24 08:06:11.026530,65713.56451441329,65837.8742899904,65706.53971742543,65746.35716888723,2294,1
2026-07-24 08:11:11.026530,65707.8286400242,65678.73307382406,65640.904853377,65669.30011116117,553,5
2026-07-24 08:16:11.026530,65703.69854362338,65831.87655664496,65720.89499369939,65738.09697608561,743,5
2026-07-24 08:21:11.026530,65693.62678319421,65801.09812445941,65614.8774639672,65649.15659030281,1008,1
2026-07-24 08:26:11.026530,65543.34390825333,65470.730671152196,65435.51782759111,65437.53122620385,2115,5
2026-07-24 08:31:11.026530,65342.471836664394,65258.59954238165,65196.992262037544,65247.41244712493,2204,7
2026-07-24 08:36:11.026530,65250.888782965536,65335.83435859733,65251.22427930063,65254.36511880614,174,5
2026-07-24 08:41:11.026530,65270.27476438356,65329.08875478923,65121.48008752361,65286.18440996099,532,9
2026-07-24 08:46:11.026530,65233.74399540559,65252.25325682502,65151.10099388423,65181.303580850195,2448,4
2026-07-24 08:51:11.026530,65219.439548934766,65275.45846028956,65248.99569674475,65257.57551701933,400,9
2026-07-24 08:56:11.026530,65160.787835443494,65189.99805473969,65040.37541309549,65064.00015386765,698,8
2026-07-24 09:01:11.026530,65060.78147867911,65077.7917085821,65042.12212411527,65057.562803490575,277,1
2026-07-24 09:06:11.026530,64987.38200943842,64934.38101760533,64816.69322113261,64917.20121538627,2113,4
2026-07-24 09:11:11.026530,64879.78812770314,64861.27970792766,64707.26871545169,64842.375040020015,1883,7
2026-07-24 09:16:11.026530,64845.78974176108,64957.30333452637,64842.006904332375,64849.20444350214,474,1
2026-07-24 09:21:11.026530,64799.67339533266,64861.62345672137,64739.94342354405,64750.14234716318,773,8
2026-07-24 09:26:11.026530,64728.387137725156,64713.86750192271,64639.16698807438,64706.63192828713,1871,2
2026-07-24 09:31:11.026530,64765.93571692468,64925.43626666923,64823.562989186445,64825.23950556222,843,8
2026-07-24 09:36:11.026530,64792.24712236921,64777.44167324442,64662.25077122121,64759.25473917621,226,4
2026-07-24 09:41:11.026530,64808.64688357702,64919.6809475477,64785.47653452148,64858.03902797782,1635,8
2026-07-24 09:46:11.026530,64792.80978490079,64746.39784589558,64667.850398400435,64727.58054182375,1728,1
2026-07-24 09:51:11.026530,64759.10681121329,64805.73254389032,64752.39942389028,64790.633080602835,613,5
2026-07-24 09:56:11.026530,64875.45196101296,65042.89916098461,64935.116540148556,64960.27084142308,2330,9
2026-07-24 10:01:11.026530,64816.735707912645,64775.86067874545,64571.91094556544,64673.20057440221,1066,7
2026-07-24 10:06:11.026530,64627.495646789816,64625.193030507595,64567.768599774994,64581.79071917742,493,3
2026-07-24 10:11:11.026530,64615.99615726102,64778.69307553208,64633.73252659331,64650.20159534462,2117,4
2026-07-24 10:16:11.026530,64639.03579363506,64720.57345843338,64554.66613317456,64627.869991925516,160,7
2026-07-24 10:21:11.026530,64650.11165210195,64707.57658288796,64650.74358363169,64672.353312278385,138,6
2026-07-24 10:26:11.026530,64637.8634133834,64645.78238637136,64490.87988952084,64603.37351448842,1191,4
2026-07-24 10:31:11.026530,64609.054640899354,64737.93142397014,64531.17032926342,64614.73576731028,1991,3
2026-07-24 10:36:11.026530,64606.329869315814,64719.38207357423,64566.07620915127,64597.92397132134,121,2
2026-07-24 10:41:11.026530,64666.53538894448,64825.299498894245,64609.642218321285,64735.14680656762,871,9
2026-07-24 10:46:11.026530,64750.62082928143,64770.18324017559,64669.177491207134,64766.09485199524,865,3
2026-07-24 10:51:11.026530,64786.427578978764,64870.635789774984,64711.61516545088,64806.76030596229,453,7
2026-07-24 10:56:11.026530,64783.393632050065,64789.52219008382,64664.47298672391,64760.02695813784,1748,1
2026-07-24 11:01:11.026530,64732.2668119315,64708.675360779336,64599.0396643282,64704.50666572516,300,8
2026-07-24 11:06:11.026530,64679.973399761875,64774.26384522908,64628.75770364346,64655.440133798584,2092,1
2026-07-24 11:11:11.026530,64679.04843353391,64759.23938921405,64691.42821235182,64702.656733269236,1645,2
2026-07-24 11:16:11.026530,64678.797629291716,64668.05212217026,64542.182516316316,64654.93852531419,1683,1
2026-07-24 11:21:11.026530,64672.45165478371,64744.96082814911,64596.01813683087,64689.96478425324,2003,4
2026-07-24 11:26:11.026530,64811.67193403561,64947.64028607686,64887.70251463384,64933.37908381796,917,2
2026-07-24 11:31:11.026530,64984.97794042606,65084.46211520249,65003.338265548424,65036.576797034155,1940,1
2026-07-24 11:36:11.026530,65018.14927700626,65067.28917032705,64956.45106301114,64999.72175697837,945,1
2026-07-24 11:41:11.026530,65070.71990521123,65227.98351785444,65113.57279059588,65141.71805344409,305,2
2026-07-24 11:46:11.026530,65118.453325548915,65249.61897402338,65091.31481125042,65095.18859765374,1981,6
2026-07-24 11:51:11.026530,64976.65103963848,64911.87292504102,64794.90908614138,64858.113481623215,1161,2
2026-07-24 11:56:11.026530,64799.96993055509,64741.94623512132,64718.53984788154,64741.826379486956,922,2
2026-07-24 12:01:11.026530,64633.64832058959,64601.39735091381,64499.92046038246,64525.47026169224,541,8
2026-07-24 12:06:11.026530,64505.70815579911,64650.6844525149,64441.7003206921,64485.946049905986,2433,5
2026-07-24 12:11:11.026530,64487.6599088606,64589.57849882708,64479.849575788816,64489.37376781521,1611,8
2026-07-24 12:16:11.026530,64587.468725305014,64701.300623081544,64662.93024812882,64685.56368279482,1480,8
2026-07-24 12:21:11.026530,64705.24926016851,64891.19417847911,64689.82715923043,64724.9348375422,682,2
2026-07-24 12:26:11.026530,64712.821213882016,64714.16945594096,64587.34507527406,64700.707590221835,1362,7
2026-07-24 12:31:11.026530,64749.688455449825,64824.240546184345,64790.736461673,64798.669320677815,411,9
2026-07-24 12:36:11.026530,64670.62025151428,64545.30101586424,64533.401246762405,64542.571182350744,1514,8
2026-07-24 12:41:11.026530,64556.906243421225,64616.88647325891,64549.57897164184,64571.24130449171,968,9
2026-07-24 12:46:11.026530,64616.71716454007,64805.321216101096,64650.15395135485,64662.19302458843,943,8
2026-07-24 12:51:11.026530,64576.904572617816,64517.63309483941,64381.20223729196,64491.616120647195,1296,4
2026-07-24 12:56:11.026530,64558.717047937505,64727.40131078278,64600.937340790806,64625.81797522781,796,7
2026-07-24 13:01:11.026530,64646.158679367494,64707.77600567877,64621.27069868495,64666.49938350717,1197,9
2026-07-24 13:06:11.026530,64642.98490907733,64650.181789386304,64585.02694656899,64619.47043464748,1052,9
2026-07-24 13:11:11.026530,64656.93936471993,64803.97447674814,64621.832475702744,64694.40829479238,2071,4
2026-07-24 13:16:11.026530,64827.53947081154,64992.74758345633,64946.531828616135,64960.6706468307,1056,7
2026-07-24 13:21:11.026530,64971.95495178457,65010.847573190054,64949.64450275332,64983.23925673845,264,6
2026-07-24 13:26:11.026530,64998.40978960879,65067.113244803615,65002.62046329588,65013.58032247912,2215,3
2026-07-24 13:31:11.026530,64987.36280943453,65014.490916803086,64912.90808762033,64961.14529638994,276,6
2026-07-24 13:36:11.026530,64912.145727753144,64890.71951553769,64752.65775658821,64863.14615911634,940,8
2026-07-24 13:41:11.026530,64912.304382899834,64988.293508423194,64898.770413914994,64961.46260668333,1681,2
2026-07-24 13:46:11.026530,64912.09855927089,64954.65384468225,64751.56940861526,64862.73451185844,2076,3
2026-07-24 13:51:11.026530,64867.56128201305,64900.21081764987,64700.00455694491,64872.38805216766,1510,8
2026-07-24 13:56:11.026530,64845.160109117416,64820.83533015178,64808.119239036845,64817.93216606717,61,4
2026-07-24 14:01:11.026530,64846.53479330219,64952.14176691705,64793.00180151004,64875.13742053721,1195,4
2026-07-24 14:06:11.026530,64895.27415705108,65041.372654154235,64908.87251478718,64915.41089356494,1623,2
2026-07-24 14:11:11.026530,64976.73500492077,65098.00958092331,65009.610691548216,65038.05911627659,1353,1
2026-07-24 14:16:11.026530,65008.86917651414,65026.6590163422,64970.59667538228,64979.67923675168,791,7
2026-07-24 14:21:11.026530,64964.54980921479,65018.044158717305,64924.65063458036,64949.42038167789,1410,4
2026-07-24 14:26:11.026530,64892.905985414254,64962.32710508119,64834.23140577448,64836.39158915061,2265,6
2026-07-24 14:31:11.026530,64811.1240706292,64824.5426260409,64738.04125224117,64785.85655210779,2026,8
2026-07-24 14:36:11.026530,64808.51169137508,64896.74481146013,64753.54004185888,64831.16683064238,1374,7
2026-07-24 14:41:11.026530,64876.01494797587,64998.42597346473,64821.071511299495,64920.86306530935,2297,7
2026-07-24 14:46:11.026530,64867.67490556601,64828.535583312434,64805.149470536984,64814.48674582267,1966,6
2026-07-24 14:51:11.026530,64865.902389536495,64935.35425157602,64820.11028460374,64917.31803325031,1439,4
2026-07-24 14:56:11.026530,64997.26944888592,65101.43189347004,65040.40338621324,65077.22086452153,1792,4
2026-07-24 15:01:11.026530,65102.09581508383,65179.682534165884,65114.02953163137,65126.970765646125,823,9
2026-07-24 15:06:11.026530,65237.81729323264,65372.50218913693,65312.98462749486,65348.663820819165,2194,5
2026-07-24 15:11:11.026530,65303.83860177206,65297.430985948966,65187.96887843044,65259.01338272497,2168,9
2026-07-24 15:16:11.026530,65186.64390226283,65242.034884391935,65060.18429980646,65114.27442180071,1042,9
2026-07-24 15:21:11.026530,65010.85211042619,64996.40713622444,64871.6313894381,64907.42979905167,1888,4
2026-07-24 15:26:11.026530,64995.59235850214,65191.732076946246,65017.75858865266,65083.7549179526,1934,2
2026-07-24 15:31:11.026530,65122.75882801878,65169.59676909168,65118.018241298865,65161.76273808495,2454,2
2026-07-24 15:36:11.026530,65159.154664481044,65177.59297592562,65062.729346258304,65156.54659087714,861,9
2026-07-24 15:41:11.026530,65173.62023872642,65249.353150133145,64959.47242668041,65190.6938865757,2351,9
2026-07-24 15:46:11.026530,65125.377053529286,65104.34460213674,65005.02145398006,65060.06022048288,1925,3
2026-07-24 15:51:11.026530,65204.238082820804,65409.4113891158,65329.571810445224,65348.415945158726,53,5
2026-07-24 15:56:11.026530,65356.670431401944,65556.06159052884,65303.57642044291,65364.92491764516,1536,5
2026-07-24 16:01:11.026530,65372.01486009064,65429.9428553773,65370.316990455656,65379.10480253612,2242,2
2026-07-24 16:06:11.026530,65422.49233634956,65531.214021679916,65404.56914633416,65465.87987016301,214,2
2026-07-24 16:11:11.026530,65494.888098373354,65612.60169242304,65512.61673814814,65523.896326583694,393,1
2026-07-24 16:16:11.026530,65537.75727510666,65566.83611210919,65545.15656135655,65551.61822362963,1947,2
2026-07-24 16:21:11.026530,65505.67078437518,65486.994518214095,65451.69350443561,65459.72334512073,1178,7
2026-07-24 16:26:11.026530,65488.166263338935,65566.32795410707,65414.195463023076,65516.60918155715,1387,1
2026-07-24 16:31:11.026530,65628.42823628086,65757.34941239638,65602.64358600826,65740.24729100456,1671,1
2026-07-24 16:36:11.026530,65820.60618384912,65948.34450581795,65833.95324317574,65900.96507669367,1388,9
2026-07-24 16:41:11.026530,65996.25488865114,66117.88467631604,65994.46775690197,66091.54470060859,591,2
2026-07-24 16:46:11.026530,66061.81067081766,66040.94003095673,66016.89661452742,66032.07664102674,662,4
2026-07-24 16:51:11.026530,65973.97704668928,65982.51449309837,65847.43109345992,65915.87745235184,949,3
2026-07-24 16:56:11.026530,65909.07509352056,65957.570780743,65898.59210502771,65902.27273468928,1934,4
2026-07-24 17:01:11.026530,65906.23715441229,65912.37097724683,65861.24446792965,65910.20157413528,1105,7
2026-07-24 17:06:11.026530,65975.83248751002,66105.45977457792,65970.47364000042,66041.46340088476,1672,2
2026-07-24 17:11:11.026530,65941.67932993994,65888.32605282635,65783.96037097085,65841.89525899514,1536,2
2026-07-24 17:16:11.026530,65933.3180284724,66063.94447391032,66002.94717857715,66024.74079794966,2440,9
2026-07-24 17:21:11.026530,66016.01301179093,66029.75989044303,66003.74992996581,66007.2852256322,1305,6
2026-07-24 17:26:11.026530,65982.5950040567,65976.99923062747,65928.8497070712,65957.90478248122,178,7
2026-07-24 17:31:11.026530,65898.537205868,65890.02303627979,65714.1798637275,65839.16962925477,1092,5
2026-07-24 17:36:11.026530,65741.91302029035,65648.28053388826,65604.20410780558,65644.65641132594,406,5
2026-07-24 17:41:11.026530,65693.98296077069,65744.4544148909,65639.8372178538,65743.30951021545,1492,4
2026-07-24 17:46:11.026530,65748.30547215353,65763.47812577529,65608.40914714786,65753.30143409161,130,8
2026-07-24 17:51:11.026530,65677.70873593015,65638.66807640264,65573.45602860527,65602.11603776869,1954,7
2026-07-24 17:56:11.026530,65526.3956757851,65516.08826584983,65437.60709218966,65450.6753138015,1191,2
2026-07-24 18:01:11.026530,65431.55580614232,65536.44996568763,65358.060008557964,65412.43629848314,1927,2
2026-07-24 18:06:11.026530,65511.49742738039,65659.81642495417,65565.91925576077,65610.55855627764,840,6
2026-07-24 18:11:11.026530,65595.88920244444,65614.73166108166,65420.15099187181,65581.21984861125,1948,1
2026-07-24 18:16:11.026530,65493.273656712656,65454.979549820506,65338.90186239788,65405.327464814065,274,7
2026-07-24 18:21:11.026530,65391.518819227625,65394.50123557688,65268.324200505274,65377.71017364118,829,8
2026-07-24 18:26:11.026530,65362.320536285646,65379.84914028636,65240.771546733486,65346.93089893011,186,8
2026-07-24 18:31:11.026530,65189.35562717468,65068.35062958115,64947.97379230762,65031.78035541924,275,3
2026-07-24 18:36:11.026530,65029.252968801484,65102.53994764126,65006.97635051897,65026.725582183724,1302,7
2026-07-24 18:41:11.026530,65013.86316962991,65070.995401538494,64979.470300262146,65001.00075707611,2420,1
2026-07-24 18:46:11.026530,65042.4058187637,65163.05289966389,65082.76045340136,65083.81088045129,861,3
2026-07-24 18:51:11.026530,65192.94771620185,65381.76862693208,65162.96588587028,65302.084551952415,1990,6
2026-07-24 18:56:11.026530,65369.01642185154,65494.169522297554,65379.67380782798,65435.94829175067,56,9
2026-07-24 19:01:11.026530,65420.77068490173,65489.72938999697,65395.279174682466,65405.593078052785,177,5
2026-07-24 19:06:11.026530,65341.17497795422,65287.109889187595,65246.57310408169,65276.75687785566,316,5
2026-07-24 19:11:11.026530,65428.94589023817,65738.35650420844,65479.63605323683,65581.13490262067,977,9
2026-07-24 19:16:11.026530,65585.28622762772,65688.58622109488,65434.18936652944,65589.43755263477,263,9
2026-07-24 19:21:11.026530,65590.91573330273,65610.05920470993,65508.69199103924,65592.39391397068,296,6
2026-07-24 19:26:11.026530,65591.62566691278,65673.24518167475,65575.26388073238,65590.85741985487,1691,5
2026-07-24 19:31:11.026530,65603.20894815351,65644.85767147069,65492.206066870036,65615.56047645213,1668,2
2026-07-24 19:36:11.026530,65607.6925152498,65602.11975485603,65571.55128009972,65599.82455404747,1877,8
2026-07-24 19:41:11.026530,65566.62844787461,65636.92502991438,65503.56703127524,65533.43234170174,470,8
2026-07-24 19:46:11.026530,65501.84911796837,65490.803276970495,65411.95069707057,65470.265894235,1788,7
2026-07-24 19:51:11.026530,65468.990692953455,65543.54970197026,65426.22558892884,65467.71549167191,1114,8
2026-07-24 19:56:11.026530,65436.366089691735,65505.94061653158,65386.012319638576,65405.01668771156,1421,3
2026-07-24 20:01:11.026530,65363.73549368707,65423.64233771662,65240.61250781058,65322.45429966258,192,3
2026-07-24 20:06:11.026530,65329.36531059239,65356.369510703225,65240.18614321892,65336.276321522186,2238,2
2026-07-24 20:11:11.026530,65321.93949541518,65446.07779350756,65266.21826410996,65307.60266930817,2204,1
2026-07-24 20:16:11.026530,65396.777246820224,65518.54358366239,65480.524906052044,65485.951824332275,2130,3
2026-07-24 20:21:11.026530,65330.73459924895,65249.313779677155,65162.604112110836,65175.517374165625,2216,3
2026-07-24 20:26:11.026530,65240.258926178234,65310.7180925388,65261.31814367355,65305.00047819084,1873,7
2026-07-24 20:31:11.026530,65378.97523201826,65576.27319950334,65451.93333423833,65452.94998584567,278,9
2026-07-24 20:36:11.026530,65331.691160712406,65270.988063321485,65197.03629757394,65210.43233557915,2037,1
2026-07-24 20:41:11.026530,65190.9781204348,65211.521966633,65154.39168072836,65171.52390529044,879,8
2026-07-24 20:46:11.026530,65150.395842483005,65205.683374346445,65121.16185246827,65129.267779675574,899,1
2026-07-24 20:51:11.026530,65047.51866898664,64989.159797547174,64874.702140102956,64965.7695582977,1288,3
2026-07-24 20:56:11.026530,64920.97182139447,65050.83601304314,64830.905442954914,64876.17408449124,1203,4
2026-07-24 21:01:11.026530,64812.041406923396,64782.81238889047,64698.871506325835,64747.90872935555,894,8
2026-07-24 21:06:11.026530,64850.82972418501,65037.73211691395,64903.02729906135,64953.75071901447,2369,1
2026-07-24 21:11:11.026530,65009.1456847408,65121.28985481006,65053.732553187816,65064.54065046713,452,2
2026-07-24 21:16:11.026530,65139.73790349858,65230.6748010634,65192.479488758996,65214.93515653003,1652,5
2026-07-24 21:21:11.026530,65257.973100549774,65374.698221657396,65224.4790711469,65301.011044569525,676,6
2026-07-24 21:26:11.026530,65235.3747166324,65295.29677903706,65080.43549662531,65169.73838869528,1873,5
2026-07-24 21:31:11.026530,65139.63943231335,65227.780173244944,64913.84741902584,65109.54047593142,1030,3
2026-07-24 21:36:11.026530,65138.88144313409,65230.430588256066,65162.08876005718,65168.22241033675,1126,7
2026-07-24 21:41:11.026530,65097.27194345796,65036.66598347543,64946.198146511146,65026.32147657918,2344,1
2026-07-24 21:46:11.026530,65068.72666781326,65158.98421573447,65015.22463539329,65111.131859047346,2434,2
2026-07-24 21:51:11.026530,65097.70266808292,65127.49856018331,65056.17254079056,65084.2734771185,82,9
2026-07-24 21:56:11.026530,65062.97584620422,65077.48090940786,64993.85776775913,65041.67821528995,848,4
2026-07-24 22:01:11.026530,65083.97393911326,65183.36208735586,65100.329379563205,65126.26966293657,1416,8
2026-07-24 22:06:11.026530,65152.97175864713,65203.03893741897,65113.08524119374,65179.673854357694,1312,9
2026-07-24 22:11:11.026530,65159.157220573,65345.1456262308,65124.70733516447,65138.6405867883,2141,7
2026-07-24 22:16:11.026530,65207.32975538389,65348.48559680772,65132.600699678944,65276.018923979485,353,1
2026-07-24 22:21:11.026530,65213.221415671636,65270.78616373701,65081.72020651011,65150.423907363795,1743,5
2026-07-24 22:26:11.026530,65187.2117879481,65251.68969686228,65155.29514707139,65223.99966853241,2366,6
2026-07-24 22:31:11.026530,65259.48719546136,65405.54701688826,65263.31592267921,65294.974722390325,2080,8
2026-07-24 22:36:11.026530,65277.44173753768,65365.09854036704,65136.69893129875,65259.90875268503,1806,8
2026-07-24 22:41:11.026530,65279.72243515296,65370.15233064194,65180.8699216953,65299.53611762088,449,9
2026-07-24 22:46:11.026530,65226.742957978495,65218.84078795711,65129.86728654554,65153.949798336114,971,9
2026-07-24 22:51:11.026530,65208.83112335328,65330.99852337842,65087.27220868651,65263.71244837045,470,4
2026-07-24 22:56:11.026530,65253.50602210741,65279.81473522373,65241.57469065548,65243.299595844364,2228,6
2026-07-24 23:01:11.026530,65213.272099974434,65218.87925311992,65115.47475686936,65183.2446041045,1483,3
2026-07-24 23:06:11.026530,65245.49585455963,65320.40869286881,65263.054985526745,65307.74710501477,1298,1
2026-07-24 23:11:11.026530,65267.02640413908,65289.29940360841,65067.332034329076,65226.30570326338,1216,6
2026-07-24 23:16:11.026530,65144.37918716212,65116.300199900164,64949.53154504189,65062.45267106086,627,1
2026-07-24 23:21:11.026530,64972.07876019686,64900.24217336523,64769.956302520535,64881.70484933286,589,9
2026-07-24 23:26:11.026530,64917.760751363836,64979.47476103671,64882.57868268471,64953.81665339482,2222,6
2026-07-24 23:31:11.026530,64879.69899874593,64941.47172853827,64789.63171640625,64805.581344097045,1285,1
2026-07-24 23:36:11.026530,64908.74167868747,65179.35303599742,65005.18913472514,65011.90201327788,983,3
2026-07-24 23:41:11.026530,64890.96250010983,64794.234456471575,64702.84473053792,64770.022986941774,1510,1
2026-07-24 23:46:11.026530,64869.71538320544,65003.93092601078,64846.25760473973,64969.407779469104,641,2
2026-07-24 23:51:11.026530,64982.39878236729,65140.28776091419,64980.62372885755,64995.38978526547,1311,6
2026-07-24 23:56:11.026530,64990.38280915666,64996.471596367366,64962.84112826053,64985.37583304785,693,7
2026-07-25 00:01:11.026530,64954.17008680626,64980.44186759133,64895.73018668464,64922.96434056468,377,1
2026-07-25 00:06:11.026530,64946.94421277403,64984.64012633347,64955.29641111597,64970.92408498339,1192,5
2026-07-25 00:11:11.026530,64969.373185991615,64988.6773087355,64867.51968553848,64967.82228699984,2143,6
2026-07-25 00:16:11.026530,65033.04857200855,65215.49324469003,65076.965578789706,65098.274857017255,2181,4
2026-07-25 00:21:11.026530,65105.61908878187,65262.32674432297,65100.97742792457,65112.96332054648,401,6
2026-07-25 00:26:11.026530,65122.42375821889,65160.978970576165,65080.7543533711,65131.884195891296,1086,5
2026-07-25 00:31:11.026530,65111.227595105025,65240.69807876087,65051.61595645965,65090.57099431876,686,7
2026-07-25 00:36:11.026530,65087.88604993976,65105.025859746725,65042.01203661587,65085.201105560765,1245,4
2026-07-25 00:41:11.026530,65103.88732643364,65238.662271235306,65115.79511491518,65122.573547306514,283,1
2026-07-25 00:46:11.026530,65023.14338409369,64967.83207316409,64885.32103715826,64923.71322088086,830,2
2026-07-25 00:51:11.026530,64845.680114792805,64769.88870075743,64688.719894684684,64767.64700870476,1468,6
2026-07-25 00:56:11.026530,64811.65007358098,64858.00134624446,64767.14967882118,64855.6531384572,982,2
2026-07-25 01:01:11.026530,64866.27686546558,65032.28066336509,64776.59337729366,64876.900592473954,1873,5
2026-07-25 01:06:11.026530,64866.80829001132,64938.54129936082,64806.088661500005,64856.71598754868,910,4
2026-07-25 01:11:11.026530,64858.440608491976,64937.00020823095,64846.59884249401,64860.16522943526,1280,7
2026-07-25 01:16:11.026530,64881.11037810333,64959.67760727398,64857.03553336704,64902.05552677139,2245,4
2026-07-25 01:21:11.026530,64871.190873086816,64901.400966638925,64802.118195525065,64840.326219402246,349,7
2026-07-25 01:26:11.026530,64795.58654230564,64773.5070300159,64717.16716848908,64750.84686520902,2005,8
2026-07-25 01:31:11.026530,64762.90965187152,64832.62418035879,64763.55156954502,64774.972438534016,1526,7
2026-07-25 01:36:11.026530,64718.63258559832,64673.756152230126,64559.780261359745,64662.29273266263,2073,2
2026-07-25 01:41:11.026530,64686.70727242791,64795.12242660491,64679.03194083549,64711.1218121932,2480,1
2026-07-25 01:46:11.026530,64612.76025217226,64515.011031730515,64437.74566357295,64514.39869215132,2020,5
2026-07-25 01:51:11.026530,64574.8562426476,64639.35305887568,64569.75166842869,64635.31379314388,583,7
2026-07-25 01:56:11.026530,64663.464237370325,64710.17082719351,64644.71921509479,64691.61468159677,1306,1
2026-07-25 02:01:11.026530,64707.17201707094,64770.57281580593,64711.45541239603,64722.7293525451,1707,8
2026-07-25 02:06:11.026530,64780.67058662764,64868.106563005465,64742.517028149174,64838.611820710175,1202,3
2026-07-25 02:11:11.026530,64936.596329835746,65103.162788722126,64999.71630885771,65034.580838961316,1802,7
2026-07-25 02:16:11.026530,65094.658834474234,65234.40289964806,65078.77736371086,65154.73682998716,1733,3
2026-07-25 02:21:11.026530,65047.617368632404,65017.57120951733,64869.315984840236,64940.49790727764,286,4
2026-07-25 02:26:11.026530,64866.44515567834,64840.49563007164,64750.45572171372,64792.39240407904,750,8
2026-07-25 02:31:11.026530,64756.6249459002,64727.04659781422,64693.27244796587,64720.857487721354,624,2
2026-07-25 02:36:11.026530,64723.02454048072,64756.920058822965,64700.145287137195,64725.19159324009,1770,6
2026-07-25 02:41:11.026530,64756.00852974947,64849.10260242515,64727.83379064748,64786.82546625886,820,9
2026-07-25 02:46:11.026530,64745.183349211875,64745.97655322552,64621.97683811955,64703.5412321649,1814,9
2026-07-25 02:51:11.026530,64715.06634390507,64740.586468024936,64706.90744690183,64726.59145564524,272,5
2026-07-25 02:56:11.026530,64683.26372467888,64737.617679256386,64627.24013685903,64639.93599371251,1172,3
2026-07-25 03:01:11.026530,64605.025636361315,64677.44848560589,64419.680266193165,64570.11527901011,2370,6
2026-07-25 03:06:11.026530,64489.11731352979,64517.4965765664,64405.57316955453,64408.11934804946,1472,9
2026-07-25 03:11:11.026530,64355.28946429446,64322.05227241682,64176.46578788762,64302.459580539464,1590,6
2026-07-25 03:16:11.026530,64224.97115352654,64232.74493931969,64066.3993919394,64147.48272651361,2055,4
2026-07-25 03:21:11.026530,64091.83270408269,64101.81138361786,63927.38072636126,64036.18268165177,479,5
2026-07-25 03:26:11.026530,64097.60596394533,64221.8701349467,64081.41658548083,64159.02924623889,572,7
2026-07-25 03:31:11.026530,64104.89530332706,64213.35372627223,63968.50351912811,64050.76136041523,1421,3
2026-07-25 03:36:11.026530,64203.51045980732,64472.53186262591,64234.20213910329,64356.25955919942,1624,9
2026-07-25 03:41:11.026530,64385.48967524043,64474.82505275567,64360.30521130035,64414.71979128144,2024,1
2026-07-25 03:46:11.026530,64426.0814924297,64446.24890437111,64405.391280408076,64437.44319357796,2139,8
2026-07-25 03:51:11.026530,64388.34567283529,64402.50330252557,64258.019890996016,64339.248152092616,1788,5
2026-07-25 03:56:11.026530,64380.46960216868,64470.05747077158,64295.64543751343,64421.69105224474,143,9
2026-07-25 04:01:11.026530,64388.976687310016,64382.370651054014,64306.3292873635,64356.26232237528,1223,2
2026-07-25 04:06:11.026530,64363.973694925655,64462.39779037304,64356.18037935362,64371.68506747603,548,1
2026-07-25 04:11:11.026530,64520.99128384153,64701.1449455813,64669.56497837057,64670.29750020704,2468,7
2026-07-25 04:16:11.026530,64665.353581109885,64760.531678421605,64562.63917443033,64660.40966201273,1030,9
2026-07-25 04:21:11.026530,64728.00807334595,64854.207513472364,64680.84353784685,64795.606484679156,534,5
2026-07-25 04:26:11.026530,64755.273099324535,64862.19469216993,64679.75903693583,64714.93971396992,714,4
2026-07-25 04:31:11.026530,64713.549043004416,64811.67756714033,64674.863684907556,64712.15837203892,677,4
2026-07-25 04:36:11.026530,64816.10520424225,64932.56936927293,64818.06741815741,64920.052036445595,1734,8
2026-07-25 04:41:11.026530,64884.08871343745,64985.71358810885,64834.78177293186,64848.1253904293,781,1
2026-07-25 04:46:11.026530,64954.72923681374,65165.40762375932,65040.85929580498,65061.333083198195,241,1
2026-07-25 04:51:11.026530,65103.45349755222,65145.74058225934,65122.5618088904,65145.57391190624,1818,8
2026-07-25 04:56:11.026530,65113.263404590645,65119.16162845826,65070.0830487524,65080.952897275056,1294,2
2026-07-25 05:01:11.026530,65118.66747407371,65296.5594629932,65121.5830507337,65156.38205087235,1120,6
2026-07-25 05:06:11.026530,65214.11602779873,65401.12797062349,65192.15555016098,65271.85000472511,2224,2
2026-07-25 05:11:11.026530,65309.05192842151,65407.5065722188,65332.32448690913,65346.25385211792,745,5
2026-07-25 05:16:11.026530,65254.688386784226,65202.33213473169,65155.11709106569,65163.12292145052,1189,3
2026-07-25 05:21:11.026530,65121.15732585103,65131.85544968517,65062.90849353548,65079.19173025154,613,7
2026-07-25 05:26:11.026530,65065.34798640055,65093.480492894574,65046.421584121286,65051.50424254956,2463,9
2026-07-25 05:31:11.026530,65047.79716298679,65149.148312921396,64954.64991975328,65044.09008342402,2490,2
2026-07-25 05:36:11.026530,65081.09550844511,65118.965853262656,65025.423306816854,65118.100933466216,72,7
2026-07-25 05:41:11.026530,65129.16839161543,65152.395794429474,64984.45886175243,65140.235849764635,494,8
2026-07-25 05:46:11.026530,65062.69352273159,65015.73487515761,64927.77338367015,64985.15119569855,826,8
2026-07-25 05:51:11.026530,65008.04560252061,65062.0054335989,64972.810795809695,65030.940009342674,2094,7
2026-07-25 05:56:11.026530,65067.34695409314,65156.539239669,65044.442145037705,65103.753898843606,757,4
2026-07-25 06:01:11.026530,65137.22214340439,65251.77298150622,65149.09717721484,65170.690387965165,482,4
2026-07-25 06:06:11.026530,65234.796775188064,65306.596000593905,65148.469589560766,65298.903162410956,522,9
2026-07-25 06:11:11.026530,65348.60272167658,65425.563412830255,65325.785547997686,65398.30228094221,97,9
2026-07-25 06:16:11.026530,65425.994621289145,65536.86397144494,65441.64029884778,65453.68696163608,1964,5
2026-07-25 06:21:11.026530,65450.20833933283,65512.32945202967,65437.15097012103,65446.72971702958,1155,7
2026-07-25 06:26:11.026530,65349.6943249263,65377.42982279973,65236.961226587846,65252.65893282301,2360,7
2026-07-25 06:31:11.026530,65278.552086751464,65345.218889684125,65278.4259527422,65304.44524067992,1940,9
2026-07-25 06:36:11.026530,65317.30745405337,65348.3738681879,65329.34756274364,65330.16966742683,407,7
2026-07-25 06:41:11.026530,65346.79526102501,65408.33347357395,65354.8953661952,65363.420854623175,617,8
2026-07-25 06:46:11.026530,65289.05184374359,65254.48109159315,65169.67227443467,65214.682832864004,529,7
2026-07-25 06:51:11.026530,65151.94472933015,65220.736319674805,65020.17484453307,65089.206625796294,916,4
2026-07-25 06:56:11.026530,65151.61126759967,65273.94464340426,65183.6761751379,65214.015909403046,1078,2
2026-07-25 07:01:11.026530,65212.346496909246,65382.60630356587,65116.96275453667,65210.677084415445,1863,3
2026-07-25 07:06:11.026530,65251.35155009001,65322.85018028491,65237.65872115324,65292.026015764575,1467,7
2026-07-25 07:11:11.026530,65294.343085984496,65303.15192066243,65272.086183453255,65296.66015620441,757,9
2026-07-25 07:16:11.026530,65299.061890017314,65335.05075131219,65231.36099994942,65301.46362383021,1100,2
2026-07-25 07:21:11.026530,65357.308517090096,65591.88320648721,65410.16733663874,65413.15341034998,176,7
2026-07-25 07:26:11.026530,65383.44054497547,65423.85748673253,65340.58896118982,65353.72767960097,2232,4
2026-07-25 07:31:11.026530,65360.035491589406,65445.43993569713,65278.1930965167,65366.34330357784,2428,7
2026-07-25 07:36:11.026530,65339.812220655745,65366.52814890117,65257.87449689784,65313.28113773364,1702,5
2026-07-25 07:41:11.026530,65288.40321456721,65265.79088849243,65217.57269983647,65263.52529140079,2489,7
2026-07-25 07:46:11.026530,65246.02272579327,65350.09521652098,65221.47351743513,65228.52016018575,57,6
2026-07-25 07:51:11.026530,65242.21583166807,65257.485891968354,65151.59355160707,65255.911503150404,662,2
2026-07-25 07:56:11.026530,65228.45855819176,65320.260267477264,65165.179981965295,65201.00561323313,1334,7
2026-07-25 08:01:11.026530,65275.431355792294,65360.543105799705,65234.93843546642,65349.85709835146,1272,5
2026-07-25 08:06:11.026530,65297.9356795799,65266.638545208996,65121.32449148339,65246.01426080835,647,9
2026-07-25 08:11:11.026530,65235.69498642217,65268.92103935297,65220.84546490306,65225.375712035995,1813,1
2026-07-25 08:16:11.026530,65200.22420829393,65238.3181154755,65089.70901018593,65175.07270455186,435,1
2026-07-25 08:21:11.026530,65260.71299009443,65404.63564859533,65300.582697559475,65346.35327563699,228,2
2026-07-25 08:26:11.026530,65358.56874616793,65501.1405939473,65367.80042542271,65370.784216698885,864,8
2026-07-25 08:31:11.026530,65432.20279573272,65630.37392456843,65481.92319552747,65493.62137476656,1867,9
2026-07-25 08:36:11.026530,65406.826283648596,65338.14384032211,65270.17354692704,65320.03119253063,407,7
2026-07-25 08:41:11.026530,65336.387845838035,65353.55724516311,65229.835961958575,65352.74449914543,2473,1
2026-07-25 08:46:11.026530,65405.76683114455,65531.65216567722,65257.83060014389,65458.78916314367,751,7
2026-07-25 08:51:11.026530,65464.29180282491,65547.20477403468,65450.09644713903,65469.79444250614,1800,8
2026-07-25 08:56:11.026530,65533.29174819659,65653.88916101345,65571.77815349255,65596.78905388704,831,7
2026-07-25 09:01:11.026530,65566.91941603721,65574.31935775641,65530.15457730477,65537.04977818737,131,5
2026-07-25 09:06:11.026530,65620.94037579632,65798.66635726398,65686.40327741939,65704.83097340527,234,7
2026-07-25 09:11:11.026530,65841.71625150101,66007.75022476811,65919.31077609486,65978.60152959675,2385,2
2026-07-25 09:16:11.026530,65957.72230300793,65984.31484161231,65859.58056337098,65936.8430764191,932,9
2026-07-25 09:21:11.026530,65911.07499339385,65981.36239652181,65804.50220205363,65885.30691036861,556,2
2026-07-25 09:26:11.026530,65972.26133712122,66091.69145315603,66030.30433852719,66059.21576387381,2091,2
2026-07-25 09:31:11.026530,66153.92264258233,66345.02354500035,66211.44758155441,66248.62952129084,1535,5
2026-07-25 09:36:11.026530,66218.13117228259,66251.88140964216,66003.3296347603,66187.63282327435,79,8
2026-07-25 09:41:11.026530,66163.27361529696,66178.27357111752,66107.13817236199,66138.91440731958,1982,6
2026-07-25 09:46:11.026530,66122.80648545703,66159.06568770888,66103.96689036266,66106.69856359449,2128,9
2026-07-25 09:51:11.026530,66027.46528278207,65969.65805710554,65852.31644216029,65948.23200196965,1366,6
2026-07-25 09:56:11.026530,65894.41033255887,65956.3032782231,65814.05673701878,65840.58866314808,1246,5
2026-07-25 10:01:11.026530,65781.79773044818,65736.27952127911,65618.04929294056,65723.00679774827,1201,1
2026-07-25 10:06:11.026530,65678.27872721199,65636.68893707094,65475.50173434858,65633.55065667572,135,8
2026-07-25 10:11:11.026530,65632.15817864388,65682.43522665577,65579.7686152487,65630.76570061201,1388,3
2026-07-25 10:16:11.026530,65645.25973122902,65673.1572446688,65615.4258105832,65659.75376184603,2125,2
2026-07-25 10:21:11.026530,65752.16511061756,65857.39761463719,65777.50638781555,65844.57645938908,2219,7
2026-07-25 10:26:11.026530,65786.12427731672,65785.51623265613,65727.04238425735,65727.67209524436,1324,2
2026-07-25 10:31:11.026530,65786.60965563628,65950.52895627604,65764.92700933598,65845.54721602818,732,1
2026-07-25 10:36:11.026530,65833.52667517247,65949.85941320157,65727.32742664564,65821.50613431675,321,2
2026-07-25 10:41:11.026530,65819.2342295176,65861.97681732544,65748.34909352871,65816.96232471848,1885,6
2026-07-25 10:46:11.026530,65857.61870006652,65905.1615052224,65846.96217853065,65898.27507541457,2210,2
2026-07-25 10:51:11.026530,65832.41307161975,65838.3488663239,65623.20018732816,65766.55106782493,1779,1
2026-07-25 10:56:11.026530,65789.85177783633,66063.99139482113,65719.14318620408,65813.15248784772,1467,1
2026-07-25 11:01:11.026530,65823.67157041091,65922.67479183768,65827.5456676758,65834.1906529741,68,4
2026-07-25 11:06:11.026530,65864.04063839535,65925.9027582552,65865.99061914643,65893.89062381661,1925,8
2026-07-25 11:11:11.026530,65911.703378512,65979.89659940042,65867.93217643365,65929.51613320738,514,6
2026-07-25 11:16:11.026530,66076.18984455333,66261.3982116705,66131.65700624752,66222.86355589927,740,4
2026-07-25 11:21:11.026530,66185.53716814012,66199.66277587885,66063.49340976575,66148.21078038096,1060,6
2026-07-25 11:26:11.026530,66117.27469100492,66166.6802502076,66026.94949356497,66086.33860162887,1264,6
2026-07-25 11:31:11.026530,66049.95654065367,66016.51833329594,65955.06954833063,66013.57447967847,1566,9
2026-07-25 11:36:11.026530,65981.24832838213,66053.9433890805,65879.53726182517,65948.9221770858,212,4
2026-07-25 11:41:11.026530,65911.77111572883,65941.9802901771,65733.51375350099,65874.62005437184,1685,6
2026-07-25 11:46:11.026530,65945.84911944813,66020.99980830321,66000.57056404153,66017.07818452443,344,1
2026-07-25 11:51:11.026530,66102.2478313338,66217.6141484447,66140.67565790676,66187.4174781432,628,7
2026-07-25 11:56:11.026530,66154.09753654935,66154.06832876554,66011.72522732896,66120.77759495552,1817,7
2026-07-25 12:01:11.026530,66071.94250865784,66049.29088273807,65872.10277764154,66023.10742236015,1635,1
2026-07-25 12:06:11.026530,66051.7919965238,66100.99911937724,65993.08371999358,66080.47657068743,2399,8
2026-07-25 12:11:11.026530,66048.31099690881,66099.13924982528,65943.0736471995,66016.14542313019,1381,5
2026-07-25 12:16:11.026530,66054.43312035652,66118.27422436686,66021.71387459793,66092.72081758286,2221,9
2026-07-25 12:21:11.026530,66105.45475868988,66179.571675398,66073.98816784959,66118.18869979691,244,8
2026-07-25 12:26:11.026530,66028.77458834543,66002.7818977515,65883.18974468841,65939.36047689397,891,3
2026-07-25 12:31:11.026530,66031.987095146,66275.28693114988,66051.23146503515,66124.61371339802,2448,1
2026-07-25 12:36:11.026530,66232.32658259569,66435.9985088811,66248.95544077344,66340.03945179336,1916,3
2026-07-25 12:41:11.026530,66304.13511493625,66317.3661432938,66190.18602381452,66268.23077807915,1841,2
2026-07-25 12:46:11.026530,66245.77800439461,66306.53127204612,66148.586980866,66223.32523071008,538,2
2026-07-25 12:51:11.026530,66241.03005673431,66335.21705599198,66191.6154680096,66258.73488275855,2297,4
2026-07-25 12:56:11.026530,66279.3484959052,66392.04477941131,66185.49261218058,66299.96210905186,1653,2
2026-07-25 13:01:11.026530,66339.94451511488,66457.95547212478,66275.48433004842,66379.9269211779,495,8
2026-07-25 13:06:11.026530,66500.90417422718,66806.11379379303,66576.92802035333,66621.88142727646,129,5
2026-07-25 13:11:11.026530,66611.93942854468,66727.94180810364,66567.54269575115,66601.9974298129,794,1
2026-07-25 13:16:11.026530,66554.84549136696,66509.95747443673,66446.3833300397,66507.693552921,1910,6
2026-07-25 13:21:11.026530,66425.8975872375,66362.54282408294,66325.19855410556,66344.10162155399,1515,7
2026-07-25 13:26:11.026530,66301.14928752856,66303.33959833412,66240.94582588818,66258.19695350312,980,1
2026-07-25 13:31:11.026530,66256.88412134182,66286.5087273445,66242.18499954311,66255.57128918052,1984,3
2026-07-25 13:36:11.026530,66363.418523531,66522.75150569872,66411.5085830704,66471.26575788147,321,9
2026-07-25 13:41:11.026530,66440.97862863416,66556.45911975397,66394.31265338298,66410.69149938686,1416,7
2026-07-25 13:46:11.026530,66424.73429622428,66533.60384740305,66422.16312316619,66438.77709306171,2221,4
2026-07-25 13:51:11.026530,66438.4594769328,66439.65533281572,66355.87884266903,66438.14186080387,1563,6
2026-07-25 13:56:11.026530,66509.94290422802,66663.07705103896,66524.88705953101,66581.7439476522,735,6
2026-07-25 14:01:11.026530,66734.18051251826,66891.47703638062,66829.83711683367,66886.61707738432,1776,3
2026-07-25 14:06:11.026530,66855.34336041541,66901.62792552005,66741.13335705343,66824.0696434465,701,2
2026-07-25 14:11:11.026530,66795.3145629982,66822.97336862929,66728.71780026503,66766.5594825499,346,5
2026-07-25 14:16:11.026530,66830.03093712128,66955.1393043949,66830.03526183985,66893.50239169264,1192,8
2026-07-25 14:21:11.026530,66935.25005841364,66994.89926953705,66884.30637069425,66976.99772513464,670,3
2026-07-25 14:26:11.026530,67089.17317314864,67202.05004028021,67196.14435693358,67201.34862116263,1704,5
2026-07-25 14:31:11.026530,67237.35660014936,67337.2259120534,67207.66280097503,67273.3645791361,1704,3
2026-07-25 14:36:11.026530,67252.29020836474,67266.11268967192,67173.80931185298,67231.21583759336,2448,7
2026-07-25 14:41:11.026530,67267.64727523529,67409.22709126414,67244.87142948795,67304.0787128772,1722,6
2026-07-25 14:46:11.026530,67371.97840799479,67473.37198391512,67301.3001911348,67439.87810311238,304,6
2026-07-25 14:51:11.026530,67490.39019388333,67572.24165348531,67480.48243969558,67540.9022846543,1337,1
2026-07-25 14:56:11.026530,67572.42797078224,67698.95059790171,67497.3713183515,67603.9536569102,78,2
2026-07-25 15:01:11.026530,67669.59363076197,67766.61528244507,67701.39039832159,67735.23360461374,1108,6
2026-07-25 15:06:11.026530,67807.26971754321,67950.03277404098,67845.93706129094,67879.30583047269,798,8
2026-07-25 15:11:11.026530,67964.52943799022,68145.29397072403,68031.94638864108,68049.75304550774,1367,5
2026-07-25 15:16:11.026530,68090.1876428057,68201.28252383717,68087.22712294207,68130.62224010366,651,2
2026-07-25 15:21:11.026530,68121.05761640248,68243.47448638701,68015.85147115435,68111.49299270129,1141,5
2026-07-25 15:26:11.026530,68121.1690813831,68210.54441674781,67961.2507535264,68130.84517006489,180,9
2026-07-25 15:31:11.026530,68205.58878502436,68415.90983572204,68189.12205403614,68280.33239998382,160,6
2026-07-25 15:36:11.026530,68230.84852452557,68247.49830302286,68141.28550499029,68181.36464906733,880,5
2026-07-25 15:41:11.026530,68204.67741462635,68255.09083517805,68222.2346217484,68227.99018018536,715,6
2026-07-25 15:46:11.026530,68204.52748733226,68232.79622142858,68142.23210506787,68181.06479447916,1116,9
2026-07-25 15:51:11.026530,68183.51056022802,68284.07893202154,68072.33676091832,68185.95632597689,924,7
2026-07-25 15:56:11.026530,68265.18532024758,68430.86050171341,68253.55336976852,68344.41431451828,1367,3
2026-07-25 16:01:11.026530,68356.8545209987,68477.46676087867,68368.42812757294,68369.29472747914,334,5
2026-07-25 16:06:11.026530,68372.83595447594,68425.74022859514,68337.42768973713,68376.37718147277,613,4
2026-07-25 16:11:11.026530,68293.47778233144,68284.10544397868,68091.89995816979,68210.5783831901,68,5
2026-07-25 16:16:11.026530,68257.10434379888,68433.04025036635,68235.77132909167,68303.63030440768,596,8
2026-07-25 16:21:11.026530,68344.01722367297,68391.38549123364,68373.4603941606,68384.40414293825,97,6
2026-07-25 16:26:11.026530,68518.48980871402,68786.48755752384,68586.8338892184,68652.5754744898,1818,4
2026-07-25 16:31:11.026530,68634.25010190796,68813.55627076069,68555.48513905559,68615.92472932613,2092,5
2026-07-25 16:36:11.026530,68630.14731794082,68651.5726401658,68618.43251632994,68644.36990655551,268,7
2026-07-25 16:41:11.026530,68660.46703110507,68759.38917554151,68628.38426053773,68676.56415565462,815,8
2026-07-25 16:46:11.026530,68774.89209877532,68890.48395537012,68847.7276388881,68873.22004189603,2128,5
2026-07-25 16:51:11.026530,68868.00219028807,68899.88718339975,68782.57983378854,68862.78433868013,2356,2
2026-07-25 16:56:11.026530,68880.77044187419,68924.2160510138,68824.51273286519,68898.75654506826,357,6
2026-07-25 17:01:11.026530,68937.16190681569,68990.0992534825,68882.30705662342,68975.56726856311,2404,9
2026-07-25 17:06:11.026530,68987.84353175978,69040.17277756192,68856.56828609432,69000.11979495644,617,3
2026-07-25 17:11:11.026530,68973.09680928342,68989.1469529552,68897.08110359611,68946.07382361041,1172,7
2026-07-25 17:16:11.026530,68958.80920486763,68977.31707980992,68873.89571010505,68971.54458612486,2118,8
2026-07-25 17:21:11.026530,69038.94511727213,69110.7065717791,68976.32770803406,69106.3456484194,280,6
2026-07-25 17:26:11.026530,69043.2495417016,69041.71929682273,68900.05976968541,68980.1534349838,131,3
2026-07-25 17:31:11.026530,68989.09943819283,69077.48390851943,68972.61214943703,68998.04544140186,266,1
2026-07-25 17:36:11.026530,68955.28567202031,68916.36195872737,68893.64342165408,68912.52590263875,384,3
2026-07-25 17:41:11.026530,68987.4146069063,69204.91461294111,69050.42888732914,69062.30331117385,608,6
2026-07-25 17:46:11.026530,68968.44640261433,68961.17759242299,68799.24218666324,68874.58949405479,923,4
2026-07-25 17:51:11.026530,68840.64901485172,68906.96771079428,68793.36745013203,68806.70853564865,802,1
2026-07-25 17:56:11.026530,68830.76424579065,68856.63678588584,68680.50860295142,68854.81995593265,643,6
2026-07-25 18:01:11.026530,68952.6617608624,69074.44181268134,69040.5284319968,69050.50356579215,1872,1
2026-07-25 18:06:11.026530,69047.10815802752,69118.44670474481,68964.53842281422,69043.7127502629,1728,8
2026-07-25 18:11:11.026530,69009.92000473256,69092.35727388097,68916.14154613619,68976.12725920223,602,3
2026-07-25 18:16:11.026530,69093.79673918012,69357.34538216247,69208.74184088521,69211.46621915801,1532,3
2026-07-25 18:21:11.026530,69122.07673461334,69130.7603742817,68988.92545080563,69032.68725006867,832,1
2026-07-25 18:26:11.026530,68897.0343072201,68858.62368442198,68736.72896221686,68761.38136437155,2184,3
2026-07-25 18:31:11.026530,68789.3107175965,68837.81921299195,68779.3281970285,68817.24007082144,562,7
2026-07-25 18:36:11.026530,68786.84668700302,68806.33325339036,68713.93479843414,68756.45330318461,1033,8
2026-07-25 18:41:11.026530,68694.00294728388,68724.51360837917,68619.22320918654,68631.55259138315,636,8
2026-07-25 18:46:11.026530,68676.02173788109,68761.6831861725,68628.74206240413,68720.49088437902,1551,3
2026-07-25 18:51:11.026530,68736.26040111933,68856.15891158389,68598.33176026394,68752.02991785966,1005,5
2026-07-25 18:56:11.026530,68717.83106494484,68838.74607797498,68620.25652880412,68683.63221203002,792,1
2026-07-25 19:01:11.026530,68605.26623705434,68528.56073302272,68389.0391830586,68526.90026207866,498,9
2026-07-25 19:06:11.026530,68581.43700452178,68640.269438177,68589.32021818052,68635.9737469649,637,8
2026-07-25 19:11:11.026530,68676.84890187642,68761.36825073142,68665.63376579717,68717.72405678793,309,2
2026-07-25 19:16:11.026530,68712.27804000555,68778.24128614778,68607.50935338439,68706.83202322316,143,1
2026-07-25 19:21:11.026530,68821.90029550348,69007.3917628702,68870.23482475834,68936.9685677838,1070,4
2026-07-25 19:26:11.026530,68871.32895698988,68885.47034797953,68769.60507480509,68805.68934619596,2009,9
2026-07-25 19:31:11.026530,68712.0367770723,68665.1348185191,68489.59181395106,68618.38420794865,1425,8
2026-07-25 19:36:11.026530,68576.3662897546,68556.39560753012,68462.174385707,68534.34837156054,1181,3
2026-07-25 19:41:11.026530,68532.22199388774,68587.01357412463,68430.83522529351,68530.09561621492,2452,6
2026-07-25 19:46:11.026530,68545.7929798357,68600.5416099179,68448.34879403794,68561.49034345649,2192,9
2026-07-25 19:51:11.026530,68547.29334565185,68533.47431901634,68444.51702729183,68533.09634784723,917,8
2026-07-25 19:56:11.026530,68555.50370362199,68607.44515624481,68545.90644344516,68577.91105939675,140,5
2026-07-25 20:01:11.026530,68501.43708132894,68482.98746437035,68421.58512602505,68424.96310326112,1529,9
2026-07-25 20:06:11.026530,68514.67535556835,68736.10085876402,68571.89612630487,68604.3876078756,1004,9
2026-07-25 20:11:11.026530,68600.0015940257,68648.56627144017,68574.72788708984,68595.6155801758,2481,3
2026-07-25 20:16:11.026530,68665.34976786262,68752.4342017074,68617.80873859081,68735.08395554942,72,8
2026-07-25 20:21:11.026530,68756.97980835597,68831.42645876808,68761.15468644147,68778.87566116251,1775,4
2026-07-25 20:26:11.026530,68807.8491238727,68894.58261637688,68675.72266870049,68836.82258658287,72,7
2026-07-25 20:31:11.026530,68872.82864742339,69028.49822568921,68842.00848152851,68908.8347082639,1771,8
2026-07-25 20:36:11.026530,68937.30151765561,69066.5776554068,68964.30244483631,68965.7683270473,2408,7
2026-07-25 20:41:11.026530,69006.3751572124,69147.39683345708,69019.16272626254,69046.98198737748,1490,5
2026-07-25 20:46:11.026530,69130.3695756975,69321.67275866485,69132.64190289994,69213.75716401753,1406,1
2026-07-25 20:51:11.026530,69226.69349050324,69261.41878787767,69228.182399104,69239.62981698896,624,8
2026-07-25 20:56:11.026530,69284.53335107522,69331.84676903866,69298.18902324329,69329.43688516147,2200,5
2026-07-25 21:01:11.026530,69324.53133402765,69384.9694047633,69280.37918780358,69319.62578289383,877,3
2026-07-25 21:06:11.026530,69410.28288314998,69555.89072281614,69338.02363945039,69500.93998340612,238,2
2026-07-25 21:11:11.026530,69459.35098860272,69440.93305517851,69382.94031815081,69417.76199379931,509,3
2026-07-25 21:16:11.026530,69531.15652886021,69675.00030805306,69558.04224165839,69644.5510639211,2286,9
2026-07-25 21:21:11.026530,69642.730452827,69643.54952360236,69635.93874920954,69640.90984173291,400,2
2026-07-25 21:26:11.026530,69552.04341171207,69527.23922586217,69337.28886267915,69463.17698169126,630,1
2026-07-25 21:31:11.026530,69471.88138970596,69577.42072344125,69300.60848344237,69480.58579772066,2211,2
2026-07-25 21:36:11.026530,69438.71797140337,69400.98725093302,69357.04605901756,69396.85014508608,2201,2
2026-07-25 21:41:11.026530,69450.08912801079,69657.11151655298,69428.81555726203,69503.32811093549,669,5
2026-07-25 21:46:11.026530,69463.2227192754,69544.99180745168,69381.96959169018,69423.11732761533,1581,1
2026-07-25 21:51:11.026530,69395.94429983609,69410.48417614675,69347.64924096863,69368.77127205684,1418,8
2026-07-25 21:56:11.026530,69251.6953913322,69137.05650204794,69100.53490719524,69134.61951060758,2484,2
2026-07-25 22:01:11.026530,69107.1787315559,69164.59353973468,69027.63116522049,69079.73795250422,1851,6
2026-07-25 22:06:11.026530,68930.0571618586,68810.05007731303,68746.1915959152,68780.37637121297,1282,5
2026-07-25 22:11:11.026530,68683.15456948864,68608.93035628434,68585.41537540786,68585.93276776432,522,2
2026-07-25 22:16:11.026530,68633.59008502979,68764.86303639326,68634.05690755513,68681.24740229527,908,1
2026-07-25 22:21:11.026530,68730.54232322154,68865.77742443047,68750.0398018799,68779.83724414783,2490,6
2026-07-25 22:26:11.026530,68806.87227518039,68857.88250257654,68696.0063961684,68833.90730621295,1762,6
2026-07-25 22:31:11.026530,68774.74188703834,68816.81062397052,68639.88468721946,68715.57646786374,565,3
2026-07-25 22:36:11.026530,68713.31303617996,68750.5191532585,68671.37032932042,68711.04960449616,2443,8
2026-07-25 22:41:11.026530,68711.51393731209,68749.15081240979,68635.57520362287,68711.978270128,1425,9
2026-07-25 22:46:11.026530,68641.1044179323,68642.97742372418,68542.75110403894,68570.23056573662,2144,3
2026-07-25 22:51:11.026530,68663.82331383348,68876.62659998846,68719.67330396175,68757.41606193031,2440,9
2026-07-25 22:56:11.026530,68812.44027079997,68958.4970237988,68811.84657042722,68867.46447966964,592,8
2026-07-25 23:01:11.026530,68854.46009242526,68958.28885260751,68832.1407986097,68841.45570518088,1109,5
2026-07-25 23:06:11.026530,68843.80997451139,68915.48964228577,68814.78647758304,68846.16424384188,806,6
2026-07-25 23:11:11.026530,68859.76711379929,69043.39350016607,68783.49459424132,68873.36998375668,2448,1
2026-07-25 23:16:11.026530,68747.72942826113,68680.08817111996,68586.86177208915,68622.08887276557,237,5
2026-07-25 23:21:11.026530,68607.51254527537,68649.71056054808,68533.470295145,68592.93621778517,2431,7
2026-07-25 23:26:11.026530,68551.54577131987,68540.77981218067,68366.42215946219,68510.15532485457,532,1
2026-07-25 23:31:11.026530,68449.13581069748,68422.15039646477,68354.7780986001,68388.1162965404,1289,9
2026-07-25 23:36:11.026530,68371.50268740681,68467.27279121675,68343.55510395429,68354.88907827325,1231,7
2026-07-25 23:41:11.026530,68466.3465691735,68636.90532197956,68544.37727357123,68577.80406007377,345,4
2026-07-25 23:46:11.026530,68618.0662942609,68699.49042992755,68574.04160288557,68658.32852844805,94,4
2026-07-25 23:51:11.026530,68623.73797515876,68590.04890665223,68497.62738119341,68589.14742186948,2092,7
2026-07-25 23:56:11.026530,68625.19791655717,68668.13544079299,68614.00339144756,68661.24841124487,224,6
2026-07-26 00:01:11.026530,68748.51910212563,68930.32008343782,68719.93539120711,68835.7897930064,1419,3
2026-07-26 00:06:11.026530,68893.81010101768,69037.69826634151,68901.25012553776,68951.83040902893,2153,9
2026-07-26 00:11:11.026530,68956.22066768171,69032.68979999478,68953.22828911016,68960.6109263345,2438,6
2026-07-26 00:16:11.026530,68921.17126594312,68911.41353791395,68878.80384159488,68881.73160555174,1850,2
2026-07-26 00:21:11.026530,68925.73385576994,69047.95143970595,68950.07976058606,68969.73610598812,1959,2
2026-07-26 00:26:11.026530,68994.85967553084,69044.18378352628,68911.55396065273,69019.98324507356,1824,1
2026-07-26 00:31:11.026530,69076.3269894747,69143.34688430808,69124.3953258125,69132.67073387584,1970,5
2026-07-26 00:36:11.026530,69172.90546948827,69342.15982924159,69106.5117546659,69213.1402051007,2311,6
2026-07-26 00:41:11.026530,69279.27400288303,69365.65638461537,69318.57107258563,69345.40780066534,1572,3
2026-07-26 00:46:11.026530,69312.7121864584,69282.06553331656,69120.74589789847,69280.01657225146,807,4
2026-07-26 00:51:11.026530,69362.95066786383,69592.37084149188,69307.01287067856,69445.88476347618,1470,5
2026-07-26 00:56:11.026530,69458.93190437976,69523.52122097353,69410.56355006518,69471.97904528334,546,4
2026-07-26 01:01:11.026530,69602.67425427935,69849.05336292992,69692.18594419993,69733.36946327538,2270,9
2026-07-26 01:06:11.026530,69690.83930721358,69693.256041291,69574.00229508121,69648.3091511518,154,3
2026-07-26 01:11:11.026530,69757.99425841408,69921.352239932,69771.78504854965,69867.67936567635,528,5
2026-07-26 01:16:11.026530,69880.82532577484,69902.81246460184,69869.24026065279,69893.97128587335,1472,7
2026-07-26 01:21:11.026530,69853.71625594242,69831.27214361016,69747.7069001559,69813.4612260115,742,7
2026-07-26 01:26:11.026530,69783.76842619816,69824.82634931467,69741.5518793331,69754.07562638485,243,6
2026-07-26 01:31:11.026530,69734.66759181609,69744.20103623542,69513.50366654206,69715.25955724734,1539,9
2026-07-26 01:36:11.026530,69742.58116681196,69785.40762697152,69724.3517532361,69769.90277637659,108,7
2026-07-26 01:41:11.026530,69803.44695559406,69958.09332546526,69705.41438897891,69836.99113481151,1936,4
2026-07-26 01:46:11.026530,69801.64846891508,69923.08462919312,69761.68201854557,69766.30580301867,527,9
2026-07-26 01:51:11.026530,69765.47425904976,69855.49608568542,69639.98228238583,69764.64271508086,1176,6
2026-07-26 01:56:11.026530,69900.11199077609,70106.43898518398,69999.05934649328,70035.5812664713,2018,1
2026-07-26 02:01:11.026530,70145.34382900427,70359.2136063588,70231.22362011467,70255.10639153722,641,9
2026-07-26 02:06:11.026530,70283.40890749899,70401.31227404792,70231.87756856352,70311.71142346077,888,7
2026-07-26 02:11:11.026530,70314.81955859333,70373.5104936784,70247.89126140278,70317.92769372588,1395,6
2026-07-26 02:16:11.026530,70326.2281713925,70429.82350920161,70332.65258420719,70334.52864905912,598,6
2026-07-26 02:21:11.026530,70374.0905782432,70474.54328401947,70387.05532460891,70413.65250742726,270,4
2026-07-26 02:26:11.026530,70349.59827963452,70441.90356458012,70097.99998579519,70285.54405184177,925,4
2026-07-26 02:31:11.026530,70269.96949450174,70296.78796667134,70174.48961388392,70254.39493716172,1246,3
2026-07-26 02:36:11.026530,70149.75083096889,70056.94403724745,70007.69858835691,70045.10672477605,385,8
2026-07-26 02:41:11.026530,70070.98399477056,70122.82237247583,69996.04184061925,70096.86126476509,274,8
2026-07-26 02:46:11.026530,70138.41661267287,70274.21991942672,70108.64441445119,70179.97196058065,2132,2
2026-07-26 02:51:11.026530,70150.16741394793,70179.38495438166,70118.57427792525,70120.36286731523,237,5
2026-07-26 02:56:11.026530,70220.5385831603,70370.22287143371,70228.3509211857,70320.71429900538,1297,9
2026-07-26 03:01:11.026530,70243.92443729052,70190.54772161225,70133.94633177156,70167.13457557566,1012,9
2026-07-26 03:06:11.026530,70075.48028689717,70142.89569511733,69983.71152825103,69983.82599821869,543,7
2026-07-26 03:11:11.026530,69998.66617978689,70023.94710316329,70001.9577496627,70013.50636135509,1936,4
2026-07-26 03:16:11.026530,70080.2499633799,70289.88432410905,70110.42384858333,70146.9935654047,360,4
2026-07-26 03:21:11.026530,70254.16867000748,70365.37576513257,70329.91943034262,70361.34377461026,1654,7
2026-07-26 03:26:11.026530,70332.99987002273,70370.35657593994,70239.92095709482,70304.65596543519,1613,3
2026-07-26 03:31:11.026530,70373.67934527429,70478.98258920743,70396.30198633559,70442.7027251134,418,3
2026-07-26 03:36:11.026530,70440.9658183665,70566.81444020632,70428.23709051007,70439.2289116196,795,5
2026-07-26 03:41:11.026530,70428.99103169862,70529.82753627685,70416.20025650051,70418.75315177762,2128,6
2026-07-26 03:46:11.026530,70475.50663818704,70623.00421753137,70449.27678886006,70532.26012459646,1305,8
2026-07-26 03:51:11.026530,70574.39942942324,70668.0286437123,70607.85383661845,70616.53873425003,1047,1
2026-07-26 03:56:11.026530,70517.19749059097,70548.36278013396,70416.71289757967,70417.8562469319,546,7
2026-07-26 04:01:11.026530,70512.26409593987,70813.38412183303,70560.94554810392,70606.67194494784,1639,8
2026-07-26 04:06:11.026530,70695.18808664523,70788.57732597248,70750.77571080941,70783.70422834261,1013,5
2026-07-26 04:11:11.026530,70744.58202348792,70772.46616280483,70678.74629573591,70705.45981863322,2054,2
2026-07-26 04:16:11.026530,70731.36328226875,70864.79332139847,70688.43144872387,70757.2667459043,1248,4
2026-07-26 04:21:11.026530,70789.44955063608,70838.46095410365,70777.33631782049,70821.63235536785,2395,6
2026-07-26 04:26:11.026530,70838.96001724972,70866.0374633741,70821.25333135776,70856.28767913156,1864,9
2026-07-26 04:31:11.026530,70821.91960040017,70795.39882935994,70726.99217735819,70787.55152166878,1438,2
2026-07-26 04:36:11.026530,70745.49608607055,70726.18028035844,70684.18173718861,70703.44065047232,1159,4
2026-07-26 04:41:11.026530,70702.5216121576,70749.95422159556,70632.40581413532,70701.60257384287,626,5
2026-07-26 04:46:11.026530,70777.01234607861,70882.08379184622,70752.44379636063,70852.42211831435,103,8
2026-07-26 04:51:11.026530,70887.81215657816,71071.41475427493,70793.10587751493,70923.20219484197,278,8
2026-07-26 04:56:11.026530,70900.26221027317,70888.75547598806,70817.28718227669,70877.32222570437,828,2
2026-07-26 05:01:11.026530,70927.292540545,71158.74290578994,70880.27746515902,70977.2628553856,1607,6
2026-07-26 05:06:11.026530,70796.47112424832,70642.65968683673,70471.85985684501,70615.67939311103,1034,6
2026-07-26 05:11:11.026530,70689.4713370651,70838.10563944797,70645.21829050926,70763.26328101919,422,5
2026-07-26 05:16:11.026530,70653.3449651711,70555.87256847459,70455.64024323365,70543.42664932302,518,8
2026-07-26 05:21:11.026530,70521.12809169816,70598.8815420402,70492.6139970963,70498.8295340733,1899,2
2026-07-26 05:26:11.026530,70428.56277570027,70430.38854619875,70330.43900262743,70358.29601732721,581,2
2026-07-26 05:31:11.026530,70277.11099815264,70276.38151400667,70181.87076180596,70195.92597897805,1473,7
2026-07-26 05:36:11.026530,70270.04286521944,70377.08509036749,70296.15321318372,70344.15975146081,1257,9
2026-07-26 05:41:11.026530,70315.26502520693,70419.45405394235,70217.7179080592,70286.37029895303,611,3
2026-07-26 05:46:11.026530,70308.99949528775,70359.36501187026,70269.66295789451,70331.62869162246,139,7
2026-07-26 05:51:11.026530,70329.36208030114,70390.93365384717,70277.75585974463,70327.09546897982,1689,3
2026-07-26 05:56:11.026530,70358.0063244392,70441.1610678957,70259.12491639546,70388.91717989856,1456,6
2026-07-26 06:01:11.026530,70394.48817870062,70433.19317007747,70355.63903375,70400.05917750267,418,3
2026-07-26 06:06:11.026530,70319.56489883328,70302.90146255781,70008.40959240033,70239.07062016391,1342,1
2026-07-26 06:11:11.026530,70302.8099519811,70402.86314051494,70292.98429325974,70366.54928379827,64,6
2026-07-26 06:16:11.026530,70335.99667043629,70308.8310256915,70218.2915293125,70305.44405707429,2441,3
2026-07-26 06:21:11.026530,70207.79043978536,70211.76528974979,70065.76924684539,70110.13682249642,1268,1
2026-07-26 06:26:11.026530,70083.83410534522,70203.86859416387,70019.0159462876,70057.53138819401,1995,5
2026-07-26 06:31:11.026530,70152.98736352191,70250.1944296413,70198.79847270316,70248.4433388498,1109,8
2026-07-26 06:36:11.026530,70302.94213830092,70404.92488492493,70271.65599038979,70357.44093775205,966,8
2026-07-26 06:41:11.026530,70336.07375912915,70329.39704267833,70299.49932830638,70314.70658050626,2302,8
2026-07-26 06:46:11.026530,70293.31408095315,70371.33206326616,70120.97781640149,70271.92158140003,1724,3
2026-07-26 06:51:11.026530,70252.28806634853,70238.29373874846,70187.95262623367,70232.65455129703,825,8
2026-07-26 06:56:11.026530,70364.87514574378,70511.1469081344,70479.26293255494,70497.09574019052,1130,4
2026-07-26 07:01:11.026530,70522.04234089376,70592.11897288018,70528.30110865024,70546.98894159701,1183,8
2026-07-26 07:06:11.026530,70575.00986436658,70610.60359197753,70517.479289444,70603.03078713617,735,3
2026-07-26 07:11:11.026530,70669.26589822766,70765.32602763586,70713.66198676408,70735.50100931914,274,3
2026-07-26 07:16:11.026530,70751.41372671345,70806.77466854868,70754.98217529997,70767.32644410776,113,1
2026-07-26 07:21:11.026530,70751.53909230477,70785.60138620263,70702.74002112684,70735.75174050179,1837,8
2026-07-26 07:26:11.026530,70723.96100505805,70758.84534547987,70525.75899606891,70712.1702696143,1010,8
2026-07-26 07:31:11.026530,70708.32082848626,70744.78944861921,70640.43338834065,70704.47138735821,1425,9
2026-07-26 07:36:11.026530,70702.8098704174,70804.46498037607,70611.0907560394,70701.1483534766,2417,6
2026-07-26 07:41:11.026530,70748.18645196916,71041.49973276065,70729.74062448817,70795.22455046172,406,2
2026-07-26 07:46:11.026530,70799.24249931189,70833.51091047925,70802.20044509684,70803.26044816208,142,1
2026-07-26 07:51:11.026530,70850.68619492493,70900.73613316097,70831.86291826658,70898.11194168779,1373,8
2026-07-26 07:56:11.026530,70893.67081320827,71017.91774574839,70830.4117746359,70889.22968472877,1567,4
2026-07-26 08:01:11.026530,70894.95598879718,70924.39892002792,70861.02011915216,70900.68229286559,1727,7
2026-07-26 08:06:11.026530,70774.1113788928,70683.84002966175,70511.28957708576,70647.54046492002,1462,4
2026-07-26 08:11:11.026530,70706.55885579853,70810.64150009728,70688.88557176497,70765.57724667704,1684,1
2026-07-26 08:16:11.026530,70788.35974527939,71013.94353599464,70697.76832004692,70811.14224388175,1175,8
2026-07-26 08:21:11.026530,70875.51201107922,71044.56780188392,70836.76746757382,70939.88177827669,890,9
2026-07-26 08:26:11.026530,70756.15464865157,70628.65649875549,70525.28941527758,70572.42751902645,1451,9
2026-07-26 08:31:11.026530,70706.02903457556,70892.15765209452,70779.49818615624,70839.63055012468,1656,9
2026-07-26 08:36:11.026530,70831.44026359654,70879.93405097877,70778.21074516997,70823.2499770684,947,4
2026-07-26 08:41:11.026530,70894.66672589572,71033.27649396798,70953.28651336434,70966.08347472305,541,9
2026-07-26 08:46:11.026530,70900.43569285884,70885.31413489503,70723.04357093992,70834.78791099462,1582,4
2026-07-26 08:51:11.026530,70874.5837385522,70943.90354123649,70867.60276293293,70914.37956610977,2489,2
2026-07-26 08:56:11.026530,70847.91899435603,70939.80272811488,70773.30417012385,70781.45842260229,2027,3
2026-07-26 09:01:11.026530,70742.4516001109,70792.61322450527,70646.39957443453,70703.44477761952,1848,2
2026-07-26 09:06:11.026530,70826.16005834611,71008.26299301298,70847.63796525789,70948.8753390727,1544,1
2026-07-26 09:11:11.026530,70937.41084905685,70991.40057714347,70688.74758126166,70925.94635904097,1401,6
2026-07-26 09:16:11.026530,70940.53808873547,70986.01737670125,70952.94078003122,70955.12981842997,2118,4
2026-07-26 09:21:11.026530,71011.4462121583,71088.65764125226,71056.8644635153,71067.76260588663,1170,7
2026-07-26 09:26:11.026530,71100.19237539417,71137.02184295423,71036.06471238358,71132.62214490169,1888,7
2026-07-26 09:31:11.026530,71142.9646966483,71195.42376462418,71082.99698263241,71153.3072483949,1713,1
2026-07-26 09:36:11.026530,71177.39829863035,71304.4928777587,71198.56124023792,71201.4893488658,2447,9
2026-07-26 09:41:11.026530,71356.5521749513,71568.95138920542,71501.56477345704,71511.61500103681,595,8
2026-07-26 09:46:11.026530,71508.62187056453,71514.58673916767,71389.46924675441,71505.62874009224,648,1
2026-07-26 09:51:11.026530,71519.288147409,71679.56994466993,71489.95746643857,71532.94755472575,2129,8
2026-07-26 09:56:11.026530,71601.36901139028,71678.59994249805,71629.75665240918,71669.79046805484,2094,5
2026-07-26 10:01:11.026530,71741.88912969465,71898.15666079943,71779.55985921688,71813.98779133447,308,1
2026-07-26 10:06:11.026530,71891.51033772543,71972.02964458328,71874.11587665585,71969.03288411637,525,4
2026-07-26 10:11:11.026530,72011.14911834392,72090.9024714463,72043.88825827018,72053.26535257148,1955,7
2026-07-26 10:16:11.026530,71979.93909572343,71925.77324592948,71798.87735872007,71906.61283887537,969,5
2026-07-26 10:21:11.026530,72013.19865951991,72132.90258496489,72037.47641556959,72119.78448016445,2130,3
2026-07-26 10:26:11.026530,72046.17414768276,72019.48542118774,71860.93606051967,71972.56381520108,437,4
2026-07-26 10:31:11.026530,71992.8925858741,72120.13075687762,71943.36103246913,72013.22135654713,1911,2
2026-07-26 10:36:11.026530,71965.08763971514,71944.89044590916,71904.24444490248,71916.95392288316,847,8
2026-07-26 10:41:11.026530,71913.52188515235,72002.28173895848,71828.97980100966,71910.08984742156,1667,2
2026-07-26 10:46:11.026530,71932.0928790739,72029.07012990653,71687.63382505003,71954.09591072623,1975,6
2026-07-26 10:51:11.026530,71975.63256638477,72029.40962278363,71988.2153301207,71997.1692220433,1865,7
2026-07-26 10:56:11.026530,72025.23952206215,72109.67328857536,71951.23365416637,72053.309822081,1677,7
2026-07-26 11:01:11.026530,72158.8305013174,72288.89216564293,72218.59427114403,72264.35118055379,2321,1
2026-07-26 11:06:11.026530,72294.58339066859,72352.85412772118,72275.95916948792,72324.8156007834,266,8
2026-07-26 11:11:11.026530,72309.64930489285,72351.4622507749,72169.18303117635,72294.4830090023,2253,9
2026-07-26 11:16:11.026530,72357.99004134562,72494.31557444227,72408.24717545138,72421.49707368892,838,7
2026-07-26 11:21:11.026530,72499.8348141168,72581.54551270412,72548.36008438638,72578.17255454467,1593,8
2026-07-26 11:26:11.026530,72498.79749288369,72473.14363268718,72299.35599108317,72419.42243122272,2133,4
2026-07-26 11:31:11.026530,72459.10538546587,72660.4988443537,72396.20179699193,72498.788339709,2106,8
2026-07-26 11:36:11.026530,72545.29389067055,72758.13351873099,72524.01673456474,72591.79944163212,1113,3
2026-07-26 11:41:11.026530,72573.08958043574,72576.56714136306,72384.9149383685,72554.37971923937,2276,1
2026-07-26 11:46:11.026530,72645.05058459987,72894.79760817348,72663.36850909708,72735.72144996039,1714,8
2026-07-26 11:51:11.026530,72726.62698324324,72729.94841059337,72662.1250685271,72717.5325165261,422,6
2026-07-26 11:56:11.026530,72726.4792412763,72738.05309290644,72715.3204448729,72735.42596602652,1019,9
2026-07-26 12:01:11.026530,72724.82525799387,72720.65582717129,72578.34784894322,72714.22454996122,1739,3
2026-07-26 12:06:11.026530,72715.9712706923,72795.56131971485,72656.71394726634,72717.7179914234,1497,8
2026-07-26 12:11:11.026530,72646.76772421948,72634.40360120546,72484.35969138307,72575.81745701557,564,9
2026-07-26 12:16:11.026530,72482.60156350271,72412.67379042172,72231.85122908965,72389.38566998988,413,9
2026-07-26 12:21:11.026530,72494.14358961492,72634.19677813529,72598.67294150626,72598.90150923995,1963,7
2026-07-26 12:26:11.026530,72544.32894443358,72497.92649168921,72427.29573391213,72489.75637962722,2001,3
2026-07-26 12:31:11.026530,72425.85845701117,72500.71677305795,72156.79049490175,72361.96053439511,1524,3
2026-07-26 12:36:11.026530,72222.71162818043,72198.61833869736,72070.32380289637,72083.46272196576,1589,2
2026-07-26 12:41:11.026530,72042.75384632158,72012.9045932947,71901.43986793503,72002.04497067741,823,1
2026-07-26 12:46:11.026530,71917.12664679566,71837.25285479588,71710.47952705118,71832.20832291391,378,2
2026-07-26 12:51:11.026530,71939.24042739457,72109.55385939783,72005.02627479326,72046.27253187525,843,5
2026-07-26 12:56:11.026530,72112.53205905523,72244.57260763491,72171.23809690781,72178.7915862352,1011,1
2026-07-26 13:01:11.026530,72134.83728818671,72226.64211949492,72020.17580048845,72090.88299013824,2467,4
2026-07-26 13:06:11.026530,72238.0455713293,72397.46795251682,72352.2021813125,72385.20815252037,646,1
2026-07-26 13:11:11.026530,72449.9486079445,72536.71387240288,72497.62004979551,72514.68906336863,1927,8
2026-07-26 13:16:11.026530,72494.22044798499,72590.34523916607,72455.44346816945,72473.75183260135,1460,5
2026-07-26 13:21:11.026530,72311.81232017506,72248.86178461587,72005.31851313393,72149.87280774875,1187,4
2026-07-26 13:26:11.026530,72299.66653572727,72539.80975908774,72419.86579024977,72449.46026370578,620,3
2026-07-26 13:31:11.026530,72359.6897773033,72454.69956351847,72232.49276604327,72269.91929090081,1111,9
2026-07-26 13:36:11.026530,72163.77663632331,72087.03249326175,72015.63683584305,72057.6339817458,1618,6
2026-07-26 13:41:11.026530,72124.73256675934,72292.48227312815,72144.0664021817,72191.83115177289,426,1
2026-07-26 13:46:11.026530,72351.4220075162,72542.88379665583,72504.52182657325,72511.01286325952,2197,8
2026-07-26 13:51:11.026530,72602.18995152859,72694.46655348985,72668.18561539239,72693.36703979767,1886,2
2026-07-26 13:56:11.026530,72731.00665667182,72812.95444043164,72755.5361764119,72768.64627354596,2013,9
2026-07-26 14:01:11.026530,72808.34712558865,72894.57648541655,72757.03539529449,72848.04797763134,2215,7
2026-07-26 14:06:11.026530,72904.77327495693,73084.04575716161,72872.75278422664,72961.49857228251,1316,3
2026-07-26 14:11:11.026530,73012.09855726294,73150.64373987415,73043.7292479754,73062.69854224336,590,4
2026-07-26 14:16:11.026530,73081.92437038568,73238.45912734742,73040.52952069482,73101.15019852798,1300,3
2026-07-26 14:21:11.026530,73108.73749591573,73203.71688004458,73100.9592926471,73116.3247933035,1925,6
2026-07-26 14:26:11.026530,73112.93719199195,73289.14983128784,73106.87522921771,73109.5495906804,1286,9
2026-07-26 14:31:11.026530,73060.70354001742,73027.95369443625,72974.51884197036,73011.85748935443,162,9
2026-07-26 14:36:11.026530,72994.14855675615,73222.15827434634,72962.12334340446,72976.43962415787,422,1
2026-07-26 14:41:11.026530,72866.14505672481,72756.79682734536,72650.45371049507,72755.85048929177,2396,6
2026-07-26 14:46:11.026530,72750.13919131181,72832.4798630072,72737.16691996435,72744.42789333186,1746,1
2026-07-26 14:51:11.026530,72680.48855852516,72621.05066993319,72605.93957486174,72616.54922371845,1092,4
2026-07-26 14:56:11.026530,72545.2205815058,72477.86820862717,72360.61559395085,72473.89193929314,825,7
2026-07-26 15:01:11.026530,72486.35268649535,72511.39211815562,72474.60003202336,72498.81343369753,720,4
2026-07-26 15:06:11.026530,72590.48079348735,72734.13362515779,72663.20572484475,72682.14815327717,60,9
2026-07-26 15:11:11.026530,72742.99656059153,72885.54835938464,72738.65094743388,72803.84496790588,57,5
2026-07-26 15:16:11.026530,72701.81163785745,72732.09517167849,72598.07957139546,72599.77830780901,1623,9
2026-07-26 15:21:11.026530,72535.89847387117,72491.20368107817,72438.42663644104,72472.01863993333,1446,1
2026-07-26 15:26:11.026530,72534.15820788176,72653.2813374056,72590.02578066783,72596.29777583017,510,4
2026-07-26 15:31:11.026530,72532.8867386985,72518.63909184236,72459.96602139565,72469.47570156681,2352,7
2026-07-26 15:36:11.026530,72455.55193027912,72542.27078474512,72366.85284504667,72441.62815899144,1401,2
2026-07-26 15:41:11.026530,72478.23306201618,72534.9692879164,72483.61322627553,72514.83796504092,411,9
2026-07-26 15:46:11.026530,72452.41949588394,72411.70041560267,72383.95181236578,72390.00102672695,1447,3
2026-07-26 15:51:11.026530,72397.5910421294,72478.14770915362,72312.57168961347,72405.18105753184,837,4
2026-07-26 15:56:11.026530,72319.07634652848,72310.74387612898,72212.94455970012,72232.97163552511,258,4
2026-07-26 16:01:11.026530,72194.6196278487,72209.89861254394,72104.68382642383,72156.26762017231,316,8
2026-07-26 16:06:11.026530,72177.76242718508,72233.84756453446,72168.14475916752,72199.25723419787,705,2
2026-07-26 16:11:11.026530,72096.61376114769,72060.35801121003,71861.20240617395,71993.97028809751,1046,5
2026-07-26 16:16:11.026530,72023.2424958896,72102.56511906696,71981.1796165589,72052.5147036817,603,2
2026-07-26 16:21:11.026530,72051.96177555561,72105.79824524783,72008.80278489835,72051.40884742951,1579,6
2026-07-26 16:26:11.026530,72087.97481777062,72173.53938033957,72068.02130124813,72124.54078811171,1637,9
2026-07-26 16:31:11.026530,72139.79999464675,72164.22775162126,72042.847234547,72155.05920118178,470,9
2026-07-26 16:36:11.026530,72244.47805231824,72335.07088045387,72249.86828361964,72333.89690345472,2405,1
2026-07-26 16:41:11.026530,72342.77351019495,72501.4713411481,72307.36358423684,72351.65011693518,2234,4
2026-07-26 16:46:11.026530,72324.42250544226,72412.06187138769,72213.754272342,72297.19489394934,1492,4
2026-07-26 16:51:11.026530,72305.87649800784,72340.8213119836,72230.08145133563,72314.55810206634,2292,1
2026-07-26 16:56:11.026530,72350.65877894082,72444.37871625913,72269.3158132785,72386.75945581529,1168,2
2026-07-26 17:01:11.026530,72390.66667423642,72477.19513430535,72382.29095559526,72394.57389265753,1563,6
2026-07-26 17:06:11.026530,72397.94275152498,72476.90956100819,72395.94123105453,72401.31161039244,1976,3
2026-07-26 17:11:11.026530,72356.32099709037,72367.49475026557,72268.85305544335,72311.33038378831,1098,9
2026-07-26 17:16:11.026530,72268.93664804455,72368.49360339467,72162.1225503405,72226.54291230078,1305,3
2026-07-26 17:21:11.026530,72136.20356409889,72052.32935771532,71900.9156695346,72045.86421589699,270,3
2026-07-26 17:26:11.026530,72160.21056586466,72325.20638181256,72232.81445374628,72274.55691583233,2394,9
2026-07-26 17:31:11.026530,72194.45886342497,72159.87601013291,72076.59077114574,72114.3608110176,1276,3
2026-07-26 17:36:11.026530,72070.13752233761,72216.67915347217,71898.62961106093,72025.9142336576,2021,6
2026-07-26 17:41:11.026530,71980.0941204546,72088.38055367066,71818.14982622002,71934.27400725159,392,6
2026-07-26 17:46:11.026530,71992.97936901922,72052.60921653498,71945.9173701878,72051.68473078684,642,1
2026-07-26 17:51:11.026530,72033.28348960959,72044.94940720385,71969.12346928735,72014.88224843233,1278,7
2026-07-26 17:56:11.026530,72096.56530517939,72284.20901922915,72107.46906238266,72178.24836192644,2034,9
2026-07-26 18:01:11.026530,72135.24554907676,72103.69896247599,72041.94188989264,72092.24273622708,941,9
2026-07-26 18:06:11.026530,72111.07055745032,72181.04958437334,72043.57124817086,72129.89837867358,2174,9
2026-07-26 18:11:11.026530,72076.43120182048,72090.94714395393,71969.8767375401,72022.96402496738,1623,2
2026-07-26 18:16:11.026530,72163.00584736976,72309.17277804481,72280.41918471981,72303.04766977215,756,1
2026-07-26 18:21:11.026530,72226.5714182411,72164.3544790235,71968.30012984971,72150.09516671006,2049,6
2026-07-26 18:26:11.026530,72170.94092249649,72256.83242021994,72160.2926035076,72191.78667828294,1115,6
2026-07-26 18:31:11.026530,72233.711061171,72409.7129577472,72264.61043430054,72275.63544405907,1255,4
2026-07-26 18:36:11.026530,72303.2856064613,72349.3826024633,72264.02805377352,72330.93576886354,806,8
2026-07-26 18:41:11.026530,72319.59902867119,72378.93341974891,72250.14214832781,72308.26228847883,1268,5
2026-07-26 18:46:11.026530,72300.53779811895,72310.44344932602,72228.34036302076,72292.81330775908,1905,7
2026-07-26 18:51:11.026530,72296.3869416432,72412.12267697164,72192.89975412106,72299.96057552732,2049,9
2026-07-26 18:56:11.026530,72291.1192414582,72337.2290368829,72280.87508848659,72282.27790738909,2485,1
2026-07-26 19:01:11.026530,72345.76065980174,72491.72339195057,72365.03996629942,72409.24341221439,2238,9
2026-07-26 19:06:11.026530,72554.31344288167,72704.66208358355,72580.49181724845,72699.38347354895,1394,4
2026-07-26 19:11:11.026530,72663.651662962,72634.39826147351,72442.92628010451,72627.91985237505,497,7
2026-07-26 19:16:11.026530,72539.21729637016,72510.76214175805,72350.44727282155,72450.51474036528,1866,4
2026-07-26 19:21:11.026530,72445.4831231251,72501.08125531042,72436.11749039916,72440.4515058849,2390,4
2026-07-26 19:26:11.026530,72609.75816064495,72886.59892407051,72744.86940867655,72779.064815405,1827,4
2026-07-26 19:31:11.026530,72727.1880038247,72829.69319877117,72610.29037335655,72675.31119224441,888,6
2026-07-26 19:36:11.026530,72783.40940541876,72894.58914710431,72832.06209028323,72891.50761859312,1679,5
2026-07-26 19:41:11.026530,73002.4662251242,73212.10508923214,73074.82433865863,73113.42483165525,713,2
2026-07-26 19:46:11.026530,73077.74612906262,73125.40965515995,72853.95739688782,73042.06742646999,814,9
2026-07-26 19:51:11.026530,73080.22149372607,73203.28348963831,73039.14607020149,73118.37556098217,225,6
2026-07-26 19:56:11.026530,73226.42524404897,73417.42050988306,73234.24395144927,73334.47492711576,559,6
2026-07-26 20:01:11.026530,73310.19349469274,73354.25207394398,73270.71539500482,73285.91206226971,1239,9
2026-07-26 20:06:11.026530,73273.21950502029,73261.75832066976,73213.03796777989,73260.52694777086,651,1
2026-07-26 20:11:11.026530,73222.92603964965,73418.82941435545,73123.61019014318,73185.32513152844,887,7
2026-07-26 20:16:11.026530,73119.27789082556,73103.86131044551,73014.70707924958,73053.23065012268,1051,3
2026-07-26 20:21:11.026530,73011.29663180477,73018.68912177566,72807.58916969562,72969.36261348685,2148,4
2026-07-26 20:26:11.026530,72889.80005789193,72887.1626346252,72753.23342880898,72810.237502297,2363,1
2026-07-26 20:31:11.026530,72813.19918801427,72825.77424131913,72772.09388692919,72816.16087373155,1160,3
2026-07-26 20:36:11.026530,72766.46314022712,72749.6683266312,72702.9938091547,72716.76540672268,2094,7
2026-07-26 20:41:11.026530,72732.79624720453,72813.61580872023,72738.47564845737,72748.82708768638,634,6
2026-07-26 20:46:11.026530,72647.8244406305,72629.77938609815,72518.42356231349,72546.8217935746,2436,1
2026-07-26 20:51:11.026530,72569.15801431926,72647.58960436573,72590.32410356922,72591.49423506389,1145,9
2026-07-26 20:56:11.026530,72646.71852107951,72790.0007923779,72656.28900172556,72701.94280709514,423,4
2026-07-26 21:01:11.026530,72572.44742142138,72494.66957058059,72289.34202004275,72442.95203574764,629,7
2026-07-26 21:06:11.026530,72468.0731584552,72533.51019698616,72448.1518457446,72493.19428116274,566,4
2026-07-26 21:11:11.026530,72574.10727174889,72690.85614676618,72578.71456788694,72655.02026233503,1311,7
2026-07-26 21:16:11.026530,72576.73344563227,72524.98925235144,72461.95438443185,72498.4466289295,170,5
2026-07-26 21:21:11.026530,72608.47126110364,72754.32789196027,72647.08412050972,72718.49589327778,1486,1
2026-07-26 21:26:11.026530,72746.65736751904,73014.1191160854,72701.05015523487,72774.81884176031,1796,4
2026-07-26 21:31:11.026530,72729.39856222708,72764.1753153241,72624.5584795614,72683.97828269385,92,3
2026-07-26 21:36:11.026530,72681.0570733016,72790.87981914417,72667.65511024342,72678.13586390937,1577,6
2026-07-26 21:41:11.026530,72715.40208401205,72835.18448674967,72711.65675118021,72752.66830411473,2092,6
2026-07-26 21:46:11.026530,72758.37291358283,72840.48577869475,72705.36630095055,72764.07752305092,2169,1
2026-07-26 21:51:11.026530,72800.10486463034,72871.55049871055,72717.54778458821,72836.13220620976,2188,2
2026-07-26 21:56:11.026530,72776.55687638579,72776.35382332034,72639.08697074617,72716.98154656183,540,2
2026-07-26 22:01:11.026530,72728.7945021142,72758.19912065048,72726.88218367568,72740.60745766656,1899,4
2026-07-26 22:06:11.026530,72648.899672989,72709.72504972665,72459.52646032166,72557.19188831144,798,9
2026-07-26 22:11:11.026530,72550.6548236515,72631.70475679847,72479.36410429032,72544.11775899155,432,2
2026-07-26 22:16:11.026530,72485.87414828101,72548.02937620031,72359.81427772704,72427.63053757048,854,8
2026-07-26 22:21:11.026530,72380.44016575885,72405.76225405007,72329.8887250596,72333.24979394721,1539,1
2026-07-26 22:26:11.026530,72414.53390517936,72593.17283459057,72412.24010493634,72495.8180164115,1227,8
2026-07-26 22:31:11.026530,72567.81826602085,72667.6951538327,72612.51838608402,72639.81851563022,2267,3
2026-07-26 22:36:11.026530,72680.39047215178,72863.059853329,72544.05151116759,72720.96242867333,1345,5
2026-07-26 22:41:11.026530,72650.26782025756,72629.37408742664,72564.74413361702,72579.5732118418,967,1
2026-07-26 22:46:11.026530,72559.636174912,72548.9175327376,72527.46245878034,72539.6991379822,200,1
2026-07-26 22:51:11.026530,72619.71062625266,72735.48342921853,72682.06234517321,72699.72211452312,480,6
2026-07-26 22:56:11.026530,72709.72298947026,72738.96213356542,72670.44475743469,72719.72386441739,2120,3
2026-07-26 23:01:11.026530,72872.56631209062,73062.841888402,73008.25989579347,73025.40875976386,2464,8
2026-07-26 23:06:11.026530,73051.99866742766,73134.4351716596,73073.36839580223,73078.58857509145,700,4
2026-07-26 23:11:11.026530,73091.9530149718,73198.34492719122,73103.35700861571,73105.31745485218,869,6
2026-07-26 23:16:11.026530,73085.7155143102,73098.32015112134,73033.55146514134,73066.1135737682,2336,9
2026-07-26 23:21:11.026530,73075.62705680425,73193.72202340748,73051.21299616883,73085.1405398403,991,8
2026-07-26 23:26:11.026530,73075.84362259823,73103.92295434566,73028.14932002992,73066.54670535616,590,4
2026-07-26 23:31:11.026530,73113.87314864439,73393.74189433113,73052.15039844571,73161.19959193261,2295,8
2026-07-26 23:36:11.026530,73224.98088358394,73346.10699249945,73244.48815239366,73288.76217523526,1759,7
2026-07-26 23:41:11.026530,73237.68691535991,73373.88377383612,73121.24856484453,73186.61165548456,1252,5
2026-07-26 23:46:11.026530,73099.76116409941,73122.94615302699,72916.2274909847,73012.91067271426,918,7
2026-07-26 23:51:11.026530,72893.17755231741,72792.44894310788,72732.10768074935,72773.44443192058,700,7
2026-07-26 23:56:11.026530,72807.45950620816,72865.18591074052,72768.43936409385,72841.47458049573,486,2
2026-07-27 00:01:11.026530,72769.93957380092,72701.27662248719,72574.40342367935,72698.4045671061,1838,7
2026-07-27 00:06:11.026530,72558.54078583553,72554.59447663077,72402.70968698442,72418.67700456496,363,3
2026-07-27 00:11:11.026530,72444.73687809522,72472.20928229229,72456.49565891587,72470.7967516255,68,8
2026-07-27 00:16:11.026530,72634.49279935534,72893.37455497019,72666.2858947481,72798.18884708518,1233,8
2026-07-27 00:21:11.026530,72798.51907424335,72845.99465114904,72725.91525194465,72798.84930140151,867,9
2026-07-27 00:26:11.026530,72854.55692258447,72942.70299407991,72860.62134407506,72910.26454376742,171,4
2026-07-27 00:31:11.026530,72916.36373673554,72989.53105549711,72893.10305604144,72922.46292970366,2169,3
2026-07-27 00:36:11.026530,72916.70246006394,72982.57370078399,72897.73812213013,72910.94199042421,1128,9
2026-07-27 00:41:11.026530,72972.03188705233,73068.71864529763,72997.28604136189,73033.12178368046,218,9
2026-07-27 00:46:11.026530,73014.77703382651,73076.68050373314,72916.11066942294,72996.43228397258,1222,2
2026-07-27 00:51:11.026530,73014.73365165904,73097.88388885416,73004.63847662316,73033.03501934551,678,6
2026-07-27 00:56:11.026530,73054.91701374289,73178.42060645683,73058.79263222127,73076.79900814027,75,3
2026-07-27 01:01:11.026530,73033.61559409261,73061.41423218495,72968.16675926957,72990.43218004495,1321,5
2026-07-27 01:06:11.026530,73056.39025576052,73234.44577882707,73065.14208755625,73122.34833147608,1996,2
2026-07-27 01:11:11.026530,73111.56702344422,73173.06157275375,73054.59565168836,73100.78571541238,1779,4
2026-07-27 01:16:11.026530,73051.82853180254,73012.84178518057,72910.32200315711,73002.87134819271,1906,3
2026-07-27 01:21:11.026530,73038.86919902964,73114.55388257005,72991.87801600245,73074.86704986656,1083,2
2026-07-27 01:26:11.026530,73016.55449508959,73051.13056546211,72881.19987879122,72958.24194031261,1168,6
2026-07-27 01:31:11.026530,72960.82205689946,73066.72238440506,72959.33754595029,72963.4021734863,2218,3
2026-07-27 01:36:11.026530,72963.53299002498,73031.75317518035,72902.8382607466,72963.66380656364,175,4
2026-07-27 01:41:11.026530,73035.77244015405,73132.05239012532,73038.00230031059,73107.88107374446,1142,6
2026-07-27 01:46:11.026530,73139.85989632692,73190.09833416669,73163.53502872941,73171.83871890938,2394,5
2026-07-27 01:51:11.026530,73170.92230704398,73264.1921326411,73051.0701633465,73170.00589517856,735,4
2026-07-27 01:56:11.026530,73224.63070308702,73433.06948842604,73199.48377106519,73279.25551099547,1022,4
2026-07-27 02:01:11.026530,73371.79099579791,73524.60005652261,73301.35151219199,73464.32648060036,684,2
2026-07-27 02:06:11.026530,73501.96163349031,73592.30541393139,73503.1040069647,73539.59678638028,2479,4
2026-07-27 02:11:11.026530,73541.01740453063,73626.59490097305,73483.14160649151,73542.43802268097,2057,8
2026-07-27 02:16:11.026530,73456.44608170101,73414.45461753315,73337.3147400825,73370.45414072105,1100,5
2026-07-27 02:21:11.026530,73300.92073980853,73313.48364414254,73186.51722915389,73231.387338896,754,8
2026-07-27 02:26:11.026530,73212.00795729262,73253.03813068543,73114.02206596526,73192.62857568923,756,6
2026-07-27 02:31:11.026530,73153.23110352285,73250.27873656804,73103.7930173909,73113.83363135645,1681,5
2026-07-27 02:36:11.026530,73102.26343118696,73127.74247830185,73013.61050546056,73090.69323101746,2077,4
2026-07-27 02:41:11.026530,73095.15093385093,73201.12448562142,72938.67822203308,73099.60863668442,2218,9
2026-07-27 02:46:11.026530,73135.205255407,73210.7479321342,73087.32768816185,73170.80187412957,2058,5
2026-07-27 02:51:11.026530,73166.89118426456,73179.48326987085,73150.0320286172,73162.98049439954,675,6
2026-07-27 02:56:11.026530,73195.76132220506,73233.14600980071,73202.4724803152,73228.54215001057,575,7
2026-07-27 03:01:11.026530,73233.52400498718,73269.62584792936,73166.38608175186,73238.50585996377,1647,1
2026-07-27 03:06:11.026530,73109.25468767666,73130.48341163869,72959.55644576525,72980.00351538954,1116,9
2026-07-27 03:11:11.026530,72919.08678923317,72895.19087563205,72809.08205543125,72858.17006307679,1996,8
2026-07-27 03:16:11.026530,72849.45152816796,72995.89337223643,72818.94517755188,72840.73299325915,145,5
2026-07-27 03:21:11.026530,72762.24255406429,72720.19511853304,72603.30895757598,72683.75211486944,2124,3
2026-07-27 03:26:11.026530,72723.74550614663,72811.60771351431,72692.31019147033,72763.73889742383,885,5
2026-07-27 03:31:11.026530,72864.8516200771,73011.0748884312,72887.39275697291,72965.96434273037,1968,5
2026-07-27 03:36:11.026530,73046.81878640964,73159.03113715176,73044.17374349733,73127.67323008891,1315,9
2026-07-27 03:41:11.026530,73114.35920896597,73174.59940426254,73068.58340647716,73101.04518784302,2044,7
2026-07-27 03:46:11.026530,73199.98614675995,73330.22600964457,73296.80979248247,73298.92710567689,289,2
2026-07-27 03:51:11.026530,73309.46905941333,73344.77054615412,73267.91491876772,73320.01101314978,1377,5
2026-07-27 03:56:11.026530,73298.50689029667,73339.99666353007,73194.64719554974,73277.00276744357,2164,9
2026-07-27 04:01:11.026530,73237.30358298817,73217.28661566766,73170.14204599088,73197.60439853277,1192,2
2026-07-27 04:06:11.026530,73178.41535601075,73184.04630208513,73127.14073123645,73159.22631348875,1465,8
2026-07-27 04:11:11.026530,73134.40748505524,73134.54604751234,73009.5848331958,73109.58865662175,2328,3
2026-07-27 04:16:11.026530,73121.53485803437,73158.30883614633,73041.28358319067,73133.48105944697,2448,4
2026-07-27 04:21:11.026530,73144.78314130826,73190.78184814485,72933.2677116097,73156.08522316956,810,2
2026-07-27 04:26:11.026530,73157.01734731728,73223.7794660972,73092.05026193397,73157.94947146499,1602,9
2026-07-27 04:31:11.026530,73187.46190057046,73318.41048528392,73143.09425288193,73216.97432967591,912,6
2026-07-27 04:36:11.026530,73296.25017777187,73381.70776806182,73341.26014813145,73375.52602586783,1205,9
2026-07-27 04:41:11.026530,73439.02129399445,73606.33142025152,73401.4694894497,73502.51656212105,406,8
2026-07-27 04:46:11.026530,73405.15142653105,73335.10901370905,73302.79070565943,73307.78629094108,1721,9
2026-07-27 04:51:11.026530,73140.40264905727,72976.49161602785,72968.09871091002,72973.01900717347,1378,5
2026-07-27 04:56:11.026530,73035.16373073781,73242.23338972488,73070.50432255998,73097.30845430214,1079,6
2026-07-27 05:01:11.026530,73008.2245325284,73028.5016520294,72668.18932236874,72919.14061075468,2426,7
2026-07-27 05:06:11.026530,72905.12176805033,72902.31125506709,72785.26587334595,72891.10292534599,2041,5
2026-07-27 05:11:11.026530,72815.14934511796,72769.15420725915,72684.11606765115,72739.19576488993,2435,1
2026-07-27 05:16:11.026530,72622.14477190498,72612.02201308093,72433.61616602493,72505.09377892001,931,9
2026-07-27 05:21:11.026530,72541.16969332719,72626.63836116166,72565.99054538133,72577.24560773437,588,2
2026-07-27 05:26:11.026530,72627.59392704723,72723.00004756385,72614.11836555386,72677.9422463601,786,7
2026-07-27 05:31:11.026530,72640.97820782244,72612.6288717432,72539.55053787155,72604.01416928478,1907,8
2026-07-27 05:36:11.026530,72435.82297705635,72281.99958850359,72256.66847189315,72267.63178482791,1580,8
2026-07-27 05:41:11.026530,72232.84300542192,72258.26507693456,72110.3708866366,72198.05422601594,1819,1
2026-07-27 05:46:11.026530,72224.24444074553,72380.4024561197,72244.10446614883,72250.43465547511,492,7
2026-07-27 05:51:11.026530,72155.11632942766,72089.02113698138,71993.69244398885,72059.79800338022,973,9
2026-07-27 05:56:11.026530,72072.41239995576,72139.48136743046,72073.25433713476,72085.02679653131,2148,3
2026-07-27 06:01:11.026530,72084.75439802953,72230.45365070064,72017.6017647122,72084.48199952775,2246,8
2026-07-27 06:06:11.026530,72122.80533922868,72253.08992739068,72158.98645718976,72161.12867892963,2000,8
2026-07-27 06:11:11.026530,72169.6174375622,72260.1285334347,72119.60530333163,72178.10619619477,1660,9
2026-07-27 06:16:11.026530,72115.67120068944,72060.81828358489,72049.10783206233,72053.2362051841,1891,8
2026-07-27 06:21:11.026530,72131.63708585595,72227.73649255153,72179.55382538556,72210.0379665278,417,5
2026-07-27 06:26:11.026530,72200.45865407605,72222.06580193756,72175.03067734513,72190.8793416243,629,5
2026-07-27 06:31:11.026530,72189.82724090568,72367.2181340972,72134.42007998747,72188.77514018706,1820,3
2026-07-27 06:36:11.026530,72128.91240047605,72206.29043743937,71982.87252301951,72069.04966076504,705,6
2026-07-27 06:41:11.026530,72041.02901390073,72073.82980342541,71992.73608247873,72013.00836703641,2173,3
2026-07-27 06:46:11.026530,71956.42742492253,71970.63523841064,71797.53702157667,71899.84648280863,276,2
2026-07-27 06:51:11.026530,71889.37569079112,71880.45114828805,71834.37235772109,71878.9048987736,1008,7
2026-07-27 06:56:11.026530,71990.52883343247,72121.45527352243,72097.65543392085,72102.15276809133,641,3
2026-07-27 07:01:11.026530,72013.95652541445,71959.03196837948,71876.06558766283,71925.7602827376,73,4
2026-07-27 07:06:11.026530,71822.1780317483,71719.40636866815,71683.54717749734,71718.595780759,1812,8
2026-07-27 07:11:11.026530,71814.39996080262,71998.28729772083,71851.67720247775,71910.20414084624,2125,1
2026-07-27 07:16:11.026530,71897.37827352702,71964.45315520377,71727.423834815,71884.55240620779,2218,9
2026-07-27 07:21:11.026530,71842.01005390512,71938.59173461354,71679.00739222806,71799.46770160245,1563,6
2026-07-27 07:26:11.026530,71867.4481223647,71977.36298999307,71857.3631024078,71935.42854312697,902,2
2026-07-27 07:31:11.026530,71896.95979189704,71883.83256419163,71741.6705832577,71858.49104066711,1418,3
2026-07-27 07:36:11.026530,71977.49915857048,72187.68043921056,72065.24178064817,72096.50727647384,2072,5
2026-07-27 07:41:11.026530,72141.24445759121,72201.75962036451,72158.53554470181,72185.98163870857,2128,6
2026-07-27 07:46:11.026530,72155.01845979839,72245.33239723522,72046.45813601103,72124.05528088819,1728,9
2026-07-27 07:51:11.026530,72265.08600992596,72409.22230446426,72378.77461533927,72406.11673896374,99,2
2026-07-27 07:56:11.026530,72367.38980940697,72439.81084676959,72312.9591565709,72328.66287985019,1965,5
2026-07-27 08:01:11.026530,72377.72670802577,72462.87166936292,72261.71756336052,72426.79053620136,2486,7
2026-07-27 08:06:11.026530,72447.02957855345,72539.61312419927,72418.36799059737,72467.26862090554,1854,7
2026-07-27 08:11:11.026530,72552.99481708021,72674.10141212305,72525.7446354356,72638.72101325488,1780,4
2026-07-27 08:16:11.026530,72741.67660951758,72867.75785163627,72816.90631879473,72844.63220578029,1839,3
2026-07-27 08:21:11.026530,72847.45895921049,72911.06801929927,72798.27762907339,72850.2857126407,1064,8
2026-07-27 08:26:11.026530,72801.64867956821,72757.5660664821,72690.21225271698,72753.01164649572,1079,2
2026-07-27 08:31:11.026530,72783.87018081317,72933.77620498097,72770.23909174706,72814.72871513062,461,5
2026-07-27 08:36:11.026530,72771.07016561824,72776.96412178324,72724.5962828423,72727.41161610583,2031,5
2026-07-27 08:41:11.026530,72860.1662274407,73132.05314956706,72971.92814883337,72992.92083877556,711,1
2026-07-27 08:46:11.026530,73002.62155832798,73232.49718390989,72965.24787561348,73012.3222778804,1397,7
2026-07-27 08:51:11.026530,72989.05414217083,72972.97033437995,72900.71146325959,72965.78600646126,1355,4
2026-07-27 08:56:11.026530,72978.64573954066,73053.64025602513,72931.63801882642,72991.50547262006,240,2
2026-07-27 09:01:11.026530,72903.84493580717,72956.21543572581,72798.57347142608,72816.18439899427,634,8
2026-07-27 09:06:11.026530,72753.29263915807,72808.37398876369,72684.11391285581,72690.40087932187,1008,4
2026-07-27 09:11:11.026530,72769.7469800637,72910.16442680558,72827.07755135748,72849.09308080556,1903,1
2026-07-27 09:16:11.026530,72806.77743333494,72802.49199505936,72743.61393714798,72764.46178586433,549,8
2026-07-27 09:21:11.026530,72696.692503213,72725.96673866412,72516.80794264277,72628.92322056166,629,7
2026-07-27 09:26:11.026530,72664.74602749046,72720.54943438827,72599.57667540156,72700.56883441926,865,3
2026-07-27 09:31:11.026530,72778.96147901451,72893.39426680269,72847.8187917789,72857.35412360975,1526,3
2026-07-27 09:36:11.026530,72905.25709764681,72990.61143137843,72937.19314008842,72953.16007168387,1566,7
2026-07-27 09:41:11.026530,73019.34792430277,73169.46887692981,73051.52807690646,73085.53577692165,1719,2
2026-07-27 09:46:11.026530,73036.51983792929,73068.03500772982,72968.85810471591,72987.50389893694,2087,5
2026-07-27 09:51:11.026530,72894.95435691852,72885.43370048987,72742.09328578637,72802.40481490009,1380,7
2026-07-27 09:56:11.026530,72901.638484822,73083.65946344865,72958.45701529011,73000.8721547439,829,6
2026-07-27 10:01:11.026530,72980.40758381411,73031.62360121575,72903.37907132799,72959.94301288434,1199,7
2026-07-27 10:06:11.026530,72944.20532163337,72988.28793819578,72822.0596418339,72928.46763038241,2362,2
2026-07-27 10:11:11.026530,73016.4798072199,73153.18815748737,73034.72730639968,73104.49198405741,56,7
2026-07-27 10:16:11.026530,73141.83871627197,73285.72230065355,73166.50165753682,73179.18544848652,1486,2
2026-07-27 10:21:11.026530,73209.95551739335,73288.63486438205,73151.9041232328,73240.72558630018,744,7
2026-07-27 10:26:11.026530,73384.44900077817,73530.71691356861,73395.73187056665,73528.17241525615,1041,8
2026-07-27 10:31:11.026530,73486.34645996934,73538.19533909785,73425.66426718084,73444.52050468253,1516,8
2026-07-27 10:36:11.026530,73506.63772361766,73660.26090745791,73531.16454532937,73568.7549425528,2025,5
2026-07-27 10:41:11.026530,73573.26585282132,73745.54881266903,73439.7695051462,73577.77676308983,797,7
2026-07-27 10:46:11.026530,73596.30338469014,73683.24841227439,73587.92003497246,73614.83000629045,195,8
2026-07-27 10:51:11.026530,73716.97377086745,73844.871974241,73807.24760351042,73819.11753544447,2338,4
2026-07-27 10:56:11.026530,73853.61102301432,73917.40971215101,73767.19962216861,73888.10451058418,906,2
2026-07-27 11:01:11.026530,73924.65777226436,73994.86821850702,73925.00436109118,73961.21103394452,336,7
2026-07-27 11:06:11.026530,74033.41258556316,74155.34304147994,74065.7418134807,74105.6141371818,1001,1
2026-07-27 11:11:11.026530,74082.02216562151,74134.26561085369,73843.25044740054,74058.43019406125,75,2
2026-07-27 11:16:11.026530,74003.27639856546,73972.55733934863,73902.65115653245,73948.12260306967,501,7
2026-07-27 11:21:11.026530,73879.39053697095,73909.22496951203,73775.96681194766,73810.65847087224,2203,1
2026-07-27 11:26:11.026530,73681.00060576422,73652.57847385727,73481.85449749336,73551.3427406562,289,7
2026-07-27 11:31:11.026530,73688.44630472915,73833.1515659634,73723.66273702531,73825.5498688021,381,5
2026-07-27 11:36:11.026530,73753.05893028661,73818.25837342856,73650.90435291981,73680.56799177114,1964,3
2026-07-27 11:41:11.026530,73666.63554924537,73831.32805584671,73595.03986881883,73652.7031067196,1115,2
2026-07-27 11:46:11.026530,73635.09460182933,73633.02199837926,73561.27830627596,73617.48609693906,694,7
2026-07-27 11:51:11.026530,73638.59578012268,73812.33535895593,73549.89496139571,73659.7054633063,1902,9
2026-07-27 11:56:11.026530,73714.56113835561,73797.56170979746,73719.61364972896,73769.41681340491,84,9
2026-07-27 12:01:11.026530,73827.32888811773,73903.23444962266,73743.09228373341,73885.24096283055,2481,8
2026-07-27 12:06:11.026530,73847.22665186942,73832.7687449176,73764.04579283272,73809.21234090829,860,2
2026-07-27 12:11:11.026530,73798.8502781786,73833.01953004127,73737.65309886554,73788.4882154489,1361,1
2026-07-27 12:16:11.026530,73807.9972891651,73852.38901483455,73758.13323658549,73827.50636288131,1944,8
2026-07-27 12:21:11.026530,73811.72379171598,73822.86495401175,73659.67814630712,73795.94122055064,1106,2
2026-07-27 12:26:11.026530,73903.58992780682,74061.38971561925,73914.52922441707,74011.23863506301,2192,4
2026-07-27 12:31:11.026530,74044.69776247596,74176.4708324755,74042.98137340933,74078.15688988891,254,4
2026-07-27 12:36:11.026530,74127.92563095214,74214.63221380564,74105.28190554857,74177.6943720154,2127,2
2026-07-27 12:41:11.026530,74222.7173578083,74287.843023463,74196.68024779498,74267.74034360121,2363,4
2026-07-27 12:46:11.026530,74347.00362222629,74491.26013614383,74363.8681361547,74426.26690085136,2120,7
2026-07-27 12:51:11.026530,74439.13887216427,74473.26721270618,74371.15592628125,74452.01084347717,88,6
2026-07-27 12:56:11.026530,74365.95840583816,74342.01437797281,74250.46258619544,74279.90596819915,222,6
2026-07-27 13:01:11.026530,74307.37882837528,74383.23135592343,74087.37854227259,74334.8516885514,809,4
2026-07-27 13:06:11.026530,74292.04304276896,74249.37737757838,74217.04408452444,74249.2343969865,1964,2
2026-07-27 13:11:11.026530,74214.66854553006,74264.96092203962,74128.5192028153,74180.10269407362,463,5
2026-07-27 13:16:11.026530,74220.01284085662,74300.04427977031,74170.80834488172,74259.92298763963,741,3
2026-07-27 13:21:11.026530,74343.51887640146,74468.60088350301,74395.75058213645,74427.1147651633,2306,3
2026-07-27 13:26:11.026530,74429.28396340503,74602.23767375735,74341.09162343624,74431.45316164677,71,4
2026-07-27 13:31:11.026530,74452.89184977073,74697.43478943732,74387.17440047803,74474.33053789471,2102,5
2026-07-27 13:36:11.026530,74589.34673084659,74718.85477080314,74620.5851990335,74704.36292379849,263,2
2026-07-27 13:41:11.026530,74721.30058813718,74877.53159142112,74568.2592198301,74738.23825247586,1745,6
2026-07-27 13:46:11.026530,74914.40024889825,75100.44356418427,75028.59068282341,75090.56224532063,969,6
2026-07-27 13:51:11.026530,75129.55137471115,75229.70445931843,75104.37837211163,75168.54050410168,956,8
2026-07-27 13:56:11.026530,75050.35981462101,74940.25774473077,74918.45413579617,74932.17912514035,849,2
2026-07-27 14:01:11.026530,74983.76850903804,75089.4373799567,74992.83968643277,75035.35789293573,2414,8
2026-07-27 14:06:11.026530,75061.8579212924,75270.16707872714,75026.6287294711,75088.35794964904,842,8
2026-07-27 14:11:11.026530,75176.37271353597,75281.0880535765,75141.96471706191,75264.38747742288,625,4
2026-07-27 14:16:11.026530,75310.76860372143,75420.27303329737,75323.15042768093,75357.14973002,1777,7
2026-07-27 14:21:11.026530,75348.51400781408,75404.99923146339,75195.77258536918,75339.87828560817,1497,7
2026-07-27 14:26:11.026530,75257.7068053924,75216.0478899924,75118.40576073904,75175.53532517665,140,1
2026-07-27 14:31:11.026530,75162.14737361019,75290.37352572057,75096.65061852301,75148.75942204373,1115,1
2026-07-27 14:36:11.026530,75092.0297765882,75230.18365442229,74994.34399997017,75035.30013113268,810,8
2026-07-27 14:41:11.026530,74996.86640751104,74976.01677577813,74954.31096020436,74958.4326838894,819,1
2026-07-27 14:46:11.026530,74998.9111345743,75077.0555019433,75025.57985575373,75039.3895852592,1410,3
2026-07-27 14:51:11.026530,75153.08966405748,75362.48428035717,75113.49132912539,75266.78974285576,2098,6
2026-07-27 14:56:11.026530,75294.2875449958,75359.89993112827,75291.47832652017,75321.78534713582,2206,8
2026-07-27 15:01:11.026530,75241.55570127757,75306.05204848242,75106.01786194966,75161.3260554193,2052,5
2026-07-27 15:06:11.026530,75192.16554903466,75243.09918480492,75169.46247619322,75223.00504265004,1137,5
2026-07-27 15:11:11.026530,75304.85900785087,75580.40524007507,75337.89669017837,75386.71297305172,255,4
2026-07-27 15:16:11.026530,75346.11614196448,75360.01442445742,75235.53428369648,75305.51931087725,672,4
2026-07-27 15:21:11.026530,75297.19027832443,75368.98603769035,75239.69345453853,75288.86124577161,1727,7
2026-07-27 15:26:11.026530,75290.6094466853,75421.31186929921,75122.64605438907,75292.357647599,1601,6
2026-07-27 15:31:11.026530,75239.95990982017,75201.8931408154,75163.6786147377,75187.56217204133,1921,8
2026-07-27 15:36:11.026530,75232.20890101188,75313.53985570944,75188.41552075207,75276.85562998243,128,6
2026-07-27 15:41:11.026530,75269.41499740498,75267.91674070837,75255.53651853578,75261.97436482753,1526,7
2026-07-27 15:46:11.026530,75291.15564920352,75384.66295620732,75242.96813275536,75320.33693357951,1222,5
2026-07-27 15:51:11.026530,75260.97538139299,75284.12595746847,75193.12314398152,75201.61382920644,688,6
2026-07-27 15:56:11.026530,75172.76910169146,75176.66083427165,75132.18233784419,75143.9243741765,1743,1
2026-07-27 16:01:11.026530,75193.56288784769,75363.89157600234,75107.32684356763,75243.20140151886,1111,3
2026-07-27 16:06:11.026530,75218.71396232299,75360.66386375423,75153.84756795726,75194.22652312712,2430,8
2026-07-27 16:11:11.026530,75312.03459255735,75532.5567973747,75279.97797908259,75429.84266198758,2385,3
2026-07-27 16:16:11.026530,75403.476135997,75427.31054600519,75274.1384517563,75377.10961000642,1775,1
2026-07-27 16:21:11.026530,75393.10925292724,75416.27362318711,75404.61265414506,75409.10889584805,1691,3
2026-07-27 16:26:11.026530,75473.21067443551,75573.23018885664,75461.45518081052,75537.31245302298,1164,4
2026-07-27 16:31:11.026530,75441.76331102493,75389.26083906343,75104.66641967157,75346.21416902686,1939,8
2026-07-27 16:36:11.026530,75227.75102623625,75196.54952214936,74999.81534384002,75109.28788344562,210,9
2026-07-27 16:41:11.026530,75007.0465404605,74939.70874656306,74846.54109861577,74904.80519747539,1475,4
2026-07-27 16:46:11.026530,74990.76900507614,75248.63557177717,75034.49051182154,75076.73281267688,1783,7
2026-07-27 16:51:11.026530,75040.21282024542,75063.31691935373,74954.49723897222,75003.69282781395,369,1
2026-07-27 16:56:11.026530,75177.53148990503,75376.6740853159,75316.56603886408,75351.37015199609,2461,9
2026-07-27 17:01:11.026530,75313.87718695175,75325.96655184991,75219.12078763894,75276.3842219074,815,4
2026-07-27 17:06:11.026530,75289.64243966129,75306.14776220056,75286.24020057374,75302.90065741516,651,9
2026-07-27 17:11:11.026530,75408.31379197419,75578.55674203792,75438.64892257795,75513.72692653323,2409,3
2026-07-27 17:16:11.026530,75651.07005259307,75898.8418921355,75664.30271541707,75788.41317865293,1605,5
2026-07-27 17:21:11.026530,75930.0493763976,76158.62209941652,75942.67898119385,76071.68557414226,638,1
2026-07-27 17:26:11.026530,76155.26820220346,76277.59165073858,76137.38709496133,76238.85083026465,1293,3
2026-07-27 17:31:11.026530,76309.9454490825,76382.01863837607,76377.82984196776,76381.04006790035,1747,5
2026-07-27 17:36:11.026530,76422.55847227995,76545.07153030859,76423.6561033423,76464.07687665956,1570,6
2026-07-27 17:41:11.026530,76518.44513333222,76634.00575559142,76559.0024757616,76572.81339000489,2440,8
2026-07-27 17:46:11.026530,76535.61194656823,76637.18834830125,76437.82254968521,76498.41050313157,955,1
2026-07-27 17:51:11.026530,76442.88400763084,76415.58069459656,76274.60316679733,76387.3575121301,1700,3
2026-07-27 17:56:11.026530,76387.88940011254,76546.59419960731,76362.58714682648,76388.42128809499,1167,1
2026-07-27 18:01:11.026530,76377.48661667953,76492.37480844113,76293.09100529244,76366.55194526407,1574,5
2026-07-27 18:06:11.026530,76336.17738154998,76400.91773058711,76301.2183244807,76305.80281783588,221,8
2026-07-27 18:11:11.026530,76354.42139003145,76473.60715679705,76253.12675386209,76403.03996222702,675,4
2026-07-27 18:16:11.026530,76469.55122549165,76557.90843935891,76424.66483665539,76536.0624887563,2095,9
2026-07-27 18:21:11.026530,76542.91814687439,76658.38911171372,76474.64291520441,76549.77380499248,731,6
2026-07-27 18:26:11.026530,76652.47096673143,76756.4506591264,76689.20919018268,76755.16812847038,1394,6
2026-07-27 18:31:11.026530,76677.14760861777,76670.93214124136,76541.26364107193,76599.12708876516,2033,5
2026-07-27 18:36:11.026530,76586.54441642073,76591.6258792943,76478.1328598383,76573.9617440763,360,5
2026-07-27 18:41:11.026530,76525.35742831923,76603.3449816976,76439.03790669965,76476.75311256218,1985,7
2026-07-27 18:46:11.026530,76349.25890496818,76314.66972391662,76110.214682024,76221.76469737421,2035,8
2026-07-27 18:51:11.026530,76216.85537024739,76291.98684057979,76206.26644075962,76211.94604312057,1573,7
2026-07-27 18:56:11.026530,76204.35816506621,76268.59415571197,76129.48944454457,76196.77028701185,334,1
2026-07-27 19:01:11.026530,76301.4638236986,76436.11198389332,76319.09847198322,76406.15736038535,1333,1
2026-07-27 19:06:11.026530,76450.32504121338,76636.67791009469,76434.98759015999,76494.49272204141,404,6
2026-07-27 19:11:11.026530,76424.81103340001,76384.68457223377,76150.18156129488,76355.12934475859,2311,3
2026-07-27 19:16:11.026530,76483.52083404842,76713.26987412968,76600.64925332494,76611.91232333827,249,9
2026-07-27 19:21:11.026530,76696.96387762883,76879.57895392377,76752.00437779688,76782.0154319194,2233,7
2026-07-27 19:26:11.026530,76823.03031689452,76912.50182588589,76762.57299181493,76864.04520186965,1963,2
2026-07-27 19:31:11.026530,76849.14909429516,76924.34941015381,76681.2565349373,76834.25298672066,997,3
2026-07-27 19:36:11.026530,76768.73125031948,76705.67781233402,76635.3596301112,76703.20951391832,966,8
2026-07-27 19:41:11.026530,76678.2901364473,76706.36635565283,76534.30881640597,76653.37075897625,1414,1
2026-07-27 19:46:11.026530,76729.32307753208,76928.35150449962,76777.54734731934,76805.27539608792,1902,5
2026-07-27 19:51:11.026530,76936.53882686174,77128.96293945932,77017.97925684454,77067.80225763556,391,1
2026-07-27 19:56:11.026530,77175.76484452953,77400.51601285578,77222.08196404259,77283.7274314235,437,9
2026-07-27 20:01:11.026530,77250.51245708228,77396.83901921399,77167.98208968685,77217.29748274105,53,7
2026-07-27 20:06:11.026530,77140.33801113183,77065.94085236313,76947.86031694921,77063.37853952259,726,5
2026-07-27 20:11:11.026530,77073.92206873099,77131.24696707194,77031.78359147806,77084.4655979394,1712,6
2026-07-27 20:16:11.026530,76962.74177883327,76959.6003230214,76724.31712767562,76841.01795972715,2496,3
2026-07-27 20:21:11.026530,76864.14260879825,76986.01854044657,76850.53926145483,76887.26725786935,262,3
2026-07-27 20:26:11.026530,76877.82340714341,76923.77281392722,76719.85687430049,76868.37955641748,609,7
2026-07-27 20:31:11.026530,76836.91999890583,76807.80111155336,76743.41313131864,76805.46044139416,607,7
2026-07-27 20:36:11.026530,76696.15064889526,76699.68944828995,76439.20182877239,76586.84085639636,2044,7
2026-07-27 20:41:11.026530,76623.02531853208,76714.06242854106,76562.89938849164,76659.20978066778,1002,2
2026-07-27 20:46:11.026530,76623.24047762863,76655.33308570208,76585.22520273844,76587.27117458949,524,2
2026-07-27 20:51:11.026530,76507.47962868752,76513.46729289179,76243.75645696805,76427.68808278553,1817,5
2026-07-27 20:56:11.026530,76231.38994383524,76102.26273085838,76004.23626034624,76035.09180488494,91,4
2026-07-27 21:01:11.026530,76033.96928387694,76065.39462357693,75988.73726457638,76032.84676286894,2145,7
2026-07-27 21:06:11.026530,76155.07757072197,76291.2921136466,76155.07320445443,76277.308378575,2036,3
2026-07-27 21:11:11.026530,76392.28886906081,76577.2136537963,76368.62264854035,76507.26935954663,777,5
2026-07-27 21:16:11.026530,76476.57268733929,76496.06910620944,76437.01832815273,76445.87601513194,2318,2
2026-07-27 21:21:11.026530,76405.22913584358,76426.89108168948,76340.38186877989,76364.5822565552,1694,1
2026-07-27 21:26:11.026530,76397.57812635174,76438.99248658288,76397.60346964691,76430.57399614829,989,9
2026-07-27 21:31:11.026530,76362.72215432044,76414.09628177044,76170.17841477896,76294.87031249258,392,4
2026-07-27 21:36:11.026530,76316.3619694236,76392.33602689233,76230.30024637414,76337.85362635461,2252,8
2026-07-27 21:41:11.026530,76391.28720322244,76574.58724260105,76338.6376668572,76444.72078009027,890,7
2026-07-27 21:46:11.026530,76529.99351723884,76702.35873240588,76576.05505916601,76615.2662543874,2077,1
2026-07-27 21:51:11.026530,76609.12690095033,76685.24710900366,76601.16185954757,76602.98754751324,2484,7
2026-07-27 21:56:11.026530,76589.71406192757,76597.50749245081,76407.36922101435,76576.4405763419,943,2
2026-07-27 22:01:11.026530,76516.74342439871,76467.68814285785,76348.20665478156,76457.04627245551,1982,3
2026-07-27 22:06:11.026530,76400.95328949267,76386.8363376152,76294.57977075536,76344.86030652981,1388,1
2026-07-27 22:11:11.026530,76330.06517364547,76355.27364296596,76284.13885179281,76315.27004076113,87,7
2026-07-27 22:16:11.026530,76341.27408825805,76437.30946818272,76222.66560495949,76367.27813575498,1414,3
2026-07-27 22:21:11.026530,76430.88590402728,76519.74594383845,76383.54660651846,76494.49367229958,900,6
2026-07-27 22:26:11.026530,76440.00258059922,76445.83732350763,76366.47867520836,76385.51148889886,280,7
2026-07-27 22:31:11.026530,76489.03319096776,76666.80924083795,76553.43219342014,76592.55489303666,1415,3
2026-07-27 22:36:11.026530,76574.63556787012,76609.42450293226,76530.5390731686,76556.71624270358,2354,2
2026-07-27 22:41:11.026530,76556.00958748758,76586.34151752327,76385.41181708676,76555.30293227157,258,9
2026-07-27 22:46:11.026530,76504.61935529808,76457.9676701164,76359.06134688185,76453.93577832461,1274,9
2026-07-27 22:51:11.026530,76288.25197470198,76141.92555087915,76108.6179569912,76122.56817107936,2234,7
2026-07-27 22:56:11.026530,76183.94505656438,76549.04018906104,76228.82044396993,76245.32194204941,2133,5
2026-07-27 23:01:11.026530,76296.68177100756,76414.63714141728,76228.90519094127,76348.0415999657,1288,4
2026-07-27 23:06:11.026530,76329.47866792556,76343.18728451588,76263.14937033167,76310.91573588543,2124,4
2026-07-27 23:11:11.026530,76316.28013278575,76445.70284438432,76193.1709119354,76321.64452968606,2115,1
2026-07-27 23:16:11.026530,76357.86452081251,76483.19078731984,76213.09624886545,76394.08451193896,679,4
2026-07-27 23:21:11.026530,76287.56492016456,76194.43950625636,76143.09752920651,76181.04532839016,628,7
2026-07-27 23:26:11.026530,76145.55027994464,76232.94501810164,76067.68707339847,76110.05523149914,952,5
2026-07-27 23:31:11.026530,76165.26271464732,76328.5512827996,76075.88848524848,76220.47019779551,1899,9
2026-07-27 23:36:11.026530,76135.28547122946,76082.45954873074,75923.08866663504,76050.10074466342,1103,4
2026-07-27 23:41:11.026530,76070.95956396507,76157.74841176301,76089.11996393031,76091.81838326671,172,3
2026-07-27 23:46:11.026530,75999.78848893647,75949.12866019766,75781.86698452581,75907.7585946062,1006,6
2026-07-27 23:51:11.026530,75940.39678670977,76038.93092769152,75826.72886727082,75973.03497881333,1050,4
2026-07-27 23:56:11.026530,75971.35773376933,76029.72737187972,75963.57562554546,75969.68048872532,1036,2
2026-07-28 00:01:11.026530,75860.16741352127,75973.33589467296,75548.42368951508,75750.6543383172,1301,5
2026-07-28 00:06:11.026530,75830.90353125901,75980.38463236838,75908.5832497318,75911.15272420082,387,4
2026-07-28 00:11:11.026530,75861.75668203476,75902.56801582569,75794.7962330449,75812.3606398687,1040,5
2026-07-28 00:16:11.026530,75757.87352651604,75743.61163205386,75632.59296703256,75703.38641316337,2370,9
2026-07-28 00:21:11.026530,75717.81158572197,75863.6138112259,75703.29992579369,75732.23675828055,1510,4
2026-07-28 00:26:11.026530,75811.36663371456,75922.86795013411,75883.50191295496,75890.49650914858,951,6
2026-07-28 00:31:11.026530,75821.93532855068,75841.15442955674,75638.06318162968,75753.37414795278,2136,4
2026-07-28 00:36:11.026530,75758.33721789575,75833.12915730521,75761.72771747327,75763.30028783873,475,1
2026-07-28 00:41:11.026530,75793.30949892063,75902.36852326941,75684.51508571974,75823.31871000251,2412,2
2026-07-28 00:46:11.026530,75871.40562462239,75977.24321468176,75889.37490159493,75919.49253924229,663,6
2026-07-28 00:51:11.026530,75932.30971555752,76097.03258138194,75888.01637932043,75945.12689187276,2254,8
2026-07-28 00:56:11.026530,75920.80755583529,75930.73314436451,75825.56349422557,75896.48821979783,921,9
2026-07-28 01:01:11.026530,75840.7580746713,75874.86500680813,75728.04631192198,75785.02792954478,2354,4
2026-07-28 01:06:11.026530,75791.66193540269,75827.89959927187,75677.84393109911,75798.29594126059,2049,6
2026-07-28 01:11:11.026530,75725.98332022925,75770.9654115946,75579.5198973782,75653.6706991979,1943,3
2026-07-28 01:16:11.026530,75456.03553818603,75407.01151115312,75169.78633310102,75258.40037717416,684,9
2026-07-28 01:21:11.026530,75288.7344945453,75487.31979493628,75264.64120754883,75319.06861191645,2144,8
2026-07-28 01:26:11.026530,75381.1480908712,75450.51137966783,75377.71980675963,75443.22756982596,2107,1
2026-07-28 01:31:11.026530,75283.87899898092,75160.43968595141,74964.82113104929,75124.53042813585,2241,2
2026-07-28 01:36:11.026530,75057.07232953949,74990.24010360941,74933.84131267515,74989.61423094312,1504,9
2026-07-28 01:41:11.026530,75032.17539012695,75151.38310406789,74928.81248095294,75074.7365493108,536,3
2026-07-28 01:46:11.026530,75214.76717363962,75399.76764942227,75310.08993972225,75354.79779796844,1946,3
2026-07-28 01:51:11.026530,75356.96162315224,75511.56537622488,75289.78533576721,75359.12544833604,1505,9
2026-07-28 01:56:11.026530,75310.534898607,75428.12573863269,75237.86831789138,75261.94434887798,256,3
2026-07-28 02:01:11.026530,75250.31013954716,75319.70847703917,75180.50264627862,75238.67593021634,1674,5
2026-07-28 02:06:11.026530,75332.6449773825,75512.8839755275,75352.34218188595,75426.61402454866,1575,6
2026-07-28 02:11:11.026530,75383.54230343759,75430.2777503695,75262.21417828751,75340.47058232651,1532,3
2026-07-28 02:16:11.026530,75287.07151881041,75264.91310617696,75198.36504416112,75233.67245529429,308,8
2026-07-28 02:21:11.026530,75201.7516321163,75174.97701374695,75114.17514609768,75169.83080893829,1402,2
2026-07-28 02:26:11.026530,75106.14113591528,75081.57959769997,74921.78049666842,75042.45146289228,503,6
2026-07-28 02:31:11.026530,75051.48790849154,75148.36541526354,74985.2360044738,75060.52435409083,848,2
2026-07-28 02:36:11.026530,75171.19210091139,75308.9716721943,75220.80833753369,75281.85984773195,424,9
2026-07-28 02:41:11.026530,75304.50928565195,75450.8118828538,75284.72521962396,75327.15872357195,124,6
2026-07-28 02:46:11.026530,75310.80738051131,75468.13503629123,75200.76031237101,75294.45603745065,291,9
2026-07-28 02:51:11.026530,75275.43919296098,75318.17552720637,75136.6846272993,75256.42234847131,1090,4
2026-07-28 02:56:11.026530,75151.44548724356,75114.51249084274,75017.94211544564,75046.46862601582,1762,3
2026-07-28 03:01:11.026530,75106.91456763863,75278.76252305518,75071.83526878177,75167.36050926143,172,2
2026-07-28 03:06:11.026530,75162.84671895675,75169.86282098116,75107.26943719195,75158.33292865207,2052,8
2026-07-28 03:11:11.026530,75146.87814565536,75190.02711182243,75084.89110674648,75135.42336265864,2208,4
2026-07-28 03:16:11.026530,75352.72470749525,75624.12424449352,75484.22117414774,75570.02605233186,2331,2
2026-07-28 03:21:11.026530,75591.1067195337,75685.12618539068,75546.88585290007,75612.18738673553,546,9
2026-07-28 03:26:11.026530,75561.81698440241,75563.79456414044,75463.5816571029,75511.44658206929,1195,8
2026-07-28 03:31:11.026530,75483.23684947586,75538.93853518077,75429.27876288375,75455.02711688241,1523,5
2026-07-28 03:36:11.026530,75533.85430459617,75652.20715152359,75431.3934182926,75612.68149230992,776,8
2026-07-28 03:41:11.026530,75621.14677824915,75629.9447334472,75552.29776694403,75629.61206418839,1881,5
2026-07-28 03:46:11.026530,75532.59426320819,75438.93790356483,75368.69669810944,75435.57646222797,1871,7
2026-07-28 03:51:11.026530,75498.79204212884,75623.19207722574,75561.56222390484,75562.00762202972,1866,5
2026-07-28 03:56:11.026530,75517.35197588397,75636.93196090206,75348.18242503171,75472.69632973823,141,5
2026-07-28 04:01:11.026530,75600.91293581188,75756.47330245508,75630.21830870186,75729.12954188554,2019,4
2026-07-28 04:06:11.026530,75803.57190476263,75901.77773373696,75823.41514548453,75878.01426763972,2434,5
2026-07-28 04:11:11.026530,75848.23703208545,75887.11952782566,75781.3374313747,75818.45979653118,562,7
2026-07-28 04:16:11.026530,75906.73281409736,76055.94514163058,75805.24572599372,75995.00583166353,652,3
2026-07-28 04:21:11.026530,76000.40717751259,76023.4191207041,75948.04962997336,76005.80852336167,477,4
2026-07-28 04:26:11.026530,76064.94872821965,76420.14860164488,76063.0688713159,76124.08893307763,2069,8
2026-07-28 04:31:11.026530,76158.07519808895,76249.76877702796,76145.8083374653,76192.06146310028,1506,6
2026-07-28 04:36:11.026530,76134.82932464589,76149.55746462577,76045.53915423447,76077.59718619152,56,8
2026-07-28 04:41:11.026530,76034.31884822319,76034.76620073311,75967.89663442943,75991.04051025485,2217,2
2026-07-28 04:46:11.026530,76062.30818989873,76199.80970648427,76102.62759783893,76133.57586954259,2484,9
2026-07-28 04:51:11.026530,76111.4047854848,76106.91097317768,76066.8866101559,76089.23370142703,1423,7
2026-07-28 04:56:11.026530,76062.36211614526,76162.13971157551,76031.22708195624,76035.4905308635,690,5
2026-07-28 05:01:11.026530,75970.94484752395,75987.91501902681,75782.50581931004,75906.39916418439,1171,7
2026-07-28 05:06:11.026530,75936.10834183653,76039.84264677152,75858.12280025183,75965.81751948867,1116,2
2026-07-28 05:11:11.026530,76107.85534651966,76291.05761052342,76165.77621653322,76249.89317355065,2280,4
2026-07-28 05:16:11.026530,76177.46521373121,76149.67094510482,76037.44611133252,76105.03725391177,614,7
2026-07-28 05:21:11.026530,76107.45728162146,76129.10339685823,76052.46983217883,76109.87730933115,1746,2
2026-07-28 05:26:11.026530,76207.49894776475,76321.2805355721,76213.07083628648,76305.12058619833,495,8
2026-07-28 05:31:11.026530,76300.41458629692,76329.466398682,76288.0784550007,76295.7085863955,1980,5
2026-07-28 05:36:11.026530,76327.54744679095,76408.61925635084,76205.25549665588,76359.3863071864,249,5
2026-07-28 05:41:11.026530,76287.206869421,76337.91984602115,76209.0768616489,76215.0274316556,562,8
2026-07-28 05:46:11.026530,76245.18059867003,76288.52486391577,76193.68180232648,76275.33376568448,1039,1
2026-07-28 05:51:11.026530,76263.25139118388,76302.09179001847,76190.89948675137,76251.16901668326,2310,6
2026-07-28 05:56:11.026530,76319.63969700769,76508.19619301292,76285.61179885808,76388.11037733214,1451,2
2026-07-28 06:01:11.026530,76470.59515753432,76638.37431351948,76513.6143411017,76553.07993773652,1862,1
2026-07-28 06:06:11.026530,76732.68068060662,77029.31366060808,76862.7227188647,76912.28142347671,595,7
2026-07-28 06:11:11.026530,76953.19511377823,77031.10351606239,76796.40522429108,76994.10880407976,2059,4
2026-07-28 06:16:11.026530,77017.4617828071,77111.59808603975,76982.55344165066,77040.81476153445,1855,1
2026-07-28 06:21:11.026530,77055.0657776595,77143.55088947946,76884.50861003314,77069.31679378457,2265,6
2026-07-28 06:26:11.026530,77045.5983330106,77114.48777809022,76971.45086168173,77021.87987223662,939,6
2026-07-28 06:31:11.026530,77046.12131318913,77125.05173372556,77053.47217736472,77070.36275414164,980,3
2026-07-28 06:36:11.026530,77050.64847786538,77113.67489160754,77026.37966230576,77030.93420158912,877,6
2026-07-28 06:41:11.026530,77043.38555888803,77119.23084571089,77020.80234432613,77055.83691618695,2234,9
2026-07-28 06:46:11.026530,77148.09347720341,77265.35055680743,77232.83880728752,77240.35003821987,2212,6
2026-07-28 06:51:11.026530,77171.21326897677,77233.30006072944,77098.99482676129,77102.07649973367,1325,1
2026-07-28 06:56:11.026530,77182.02861717442,77265.96924455852,77191.80118157876,77261.98073461518,1566,6
2026-07-28 07:01:11.026530,77354.45047609691,77507.7095497412,77306.15893296122,77446.92021757866,1362,8
2026-07-28 07:06:11.026530,77439.46576497087,77505.40344363598,77307.64570127217,77432.01131236309,1122,7
2026-07-28 07:11:11.026530,77285.19516793289,77166.09768763701,77078.53521819177,77138.3790235027,565,8
2026-07-28 07:16:11.026530,77096.97488440614,77166.51534444524,77047.14907710406,77055.57074530957,1964,8
2026-07-28 07:21:11.026530,77146.39477527526,77257.85063055975,77078.65864540376,77237.21880524093,737,9
2026-07-28 07:26:11.026530,77236.40154709834,77263.38052443445,77207.1512623505,77235.58428895575,1069,3
2026-07-28 07:31:11.026530,77166.95417798011,77206.49932279071,77068.35610416604,77098.32406700445,1345,7
2026-07-28 07:36:11.026530,77064.08469455125,77085.3801375041,77009.23800714302,77029.84532209804,1099,6
2026-07-28 07:41:11.026530,77088.93845484641,77207.52740333468,77144.70656683105,77148.03158759477,1143,2
2026-07-28 07:46:11.026530,77186.78399742831,77323.82079628632,77130.22357288576,77225.53640726187,2390,5
2026-07-28 07:51:11.026530,77209.70541524584,77218.84480752183,77129.94098302319,77193.87442322982,1307,3
2026-07-28 07:56:11.026530,77169.16933413109,77247.41810444248,76995.74981512479,77144.46424503234,2328,5
2026-07-28 08:01:11.026530,77118.0449662171,77105.9496713188,77014.77959466886,77091.62568740184,1659,9
2026-07-28 08:06:11.026530,77028.44934250833,77084.81720961242,76957.46725657782,76965.27299761484,1194,8
2026-07-28 08:11:11.026530,77078.1027821335,77204.708002899,77165.90811130566,77190.93256665218,567,9
2026-07-28 08:16:11.026530,77169.31833459584,77148.74741827036,76982.78730157808,77147.7041025395,755,9
2026-07-28 08:21:11.026530,77233.08081072927,77455.17113223951,77306.9998019075,77318.45751891905,2474,8
2026-07-28 08:26:11.026530,77425.24113957694,77651.87866683277,77484.84786083696,77532.02476023485,1984,8
2026-07-28 08:31:11.026530,77602.52506793928,77780.87025806113,77659.35918207918,77673.0253756437,1795,6
2026-07-28 08:36:11.026530,77643.64049829842,77749.70135967835,77561.12930427307,77614.25562095316,1718,6
2026-07-28 08:41:11.026530,77643.24427467148,77703.49289846966,77637.6583738106,77672.23292838979,1019,6
2026-07-28 08:46:11.026530,77671.31826739231,77684.36972184601,77625.04219371529,77670.40360639484,1247,6
2026-07-28 08:51:11.026530,77608.05860811757,77674.91680975385,77492.3878262104,77545.71360984028,1736,9
2026-07-28 08:56:11.026530,77569.1335420596,77612.9566754567,77577.98707020706,77592.55347427892,1582,1
2026-07-28 09:01:11.026530,77511.07883349362,77463.40141990969,77236.6261357487,77429.60419270833,827,6
2026-07-28 09:06:11.026530,77513.23407599985,77597.01437791846,77534.53847551046,77596.86395929138,1383,8
2026-07-28 09:11:11.026530,77565.20529066042,77543.40299753583,77506.9065572562,77533.54662202946,2167,1
2026-07-28 09:16:11.026530,77548.36174705297,77703.217356634,77558.84622714754,77563.17687207648,2302,6
2026-07-28 09:21:11.026530,77583.73338655723,77831.44993270528,77546.68091602616,77604.28990103796,2438,9
2026-07-28 09:26:11.026530,77586.98688007545,77613.23618807633,77477.67887070429,77569.68385911292,167,6
2026-07-28 09:31:11.026530,77611.44070555782,77670.8099939636,77454.36217531488,77653.19755200272,64,2
2026-07-28 09:36:11.026530,77620.79760131073,77639.94560547787,77543.8972981244,77588.39765061873,1395,1
2026-07-28 09:41:11.026530,77650.06480074965,77771.27187132422,77643.05196693364,77711.73195088055,2091,4
2026-07-28 09:46:11.026530,77618.48257025307,77537.0013467039,77500.609481401,77525.23318962558,2092,6
2026-07-28 09:51:11.026530,77534.82747485818,77597.28692730384,77475.67815907481,77544.42176009079,960,9
2026-07-28 09:56:11.026530,77680.75414785487,77867.4658420248,77780.04425659754,77817.08653561896,1605,5
2026-07-28 10:01:11.026530,77747.86776779048,77711.00741671889,77602.61320046162,77678.648999962,739,7
2026-07-28 10:06:11.026530,77632.07205452348,77653.35769135252,77567.84547335606,77585.49510908496,823,6
2026-07-28 10:11:11.026530,77622.17290765268,77777.86743488556,77591.65110573046,77658.85070622039,1664,6
2026-07-28 10:16:11.026530,77672.18108571821,77710.12380443566,77647.23584598118,77685.51146521606,1584,9
2026-07-28 10:21:11.026530,77710.81154704827,77797.38361384778,77702.3575796511,77736.11162888049,169,5
2026-07-28 10:26:11.026530,77771.12950989703,77923.11139279633,77743.52886091784,77806.14739091355,2123,2
2026-07-28 10:31:11.026530,77851.39845836526,77898.49099691426,77771.86535650647,77896.64952581699,1786,8
2026-07-28 10:36:11.026530,77975.30551798255,78080.68001868212,77834.31587532385,78053.96151014812,113,3
2026-07-28 10:41:11.026530,78083.54242739451,78181.45900284236,78103.75345122891,78113.12334464089,509,9
2026-07-28 10:46:11.026530,78096.94697670758,78141.89613774228,77934.4009699361,78080.77060877427,1799,5
2026-07-28 10:51:11.026530,78128.84455669145,78181.48214444527,77970.75567678853,78176.9185046086,2411,1
2026-07-28 10:56:11.026530,78311.60601286616,78456.9302481057,78406.63307577449,78446.29352112372,1663,4
2026-07-28 11:01:11.026530,78437.71475913594,78510.11747101307,78365.91559598138,78429.13599714816,1613,9
2026-07-28 11:06:11.026530,78361.19087691186,78489.21748787956,78290.25947938254,78293.24575667558,1031,1
2026-07-28 11:11:11.026530,78372.11728167001,78570.22465382221,78382.94580485544,78450.98880666445,1199,8
2026-07-28 11:16:11.026530,78443.27445601887,78545.5230126748,78357.45261839488,78435.56010537328,1021,8
2026-07-28 11:21:11.026530,78283.26782540279,78241.87189423555,77997.17363188014,78130.97554543229,756,9
2026-07-28 11:26:11.026530,78191.39242014592,78312.08881946406,78171.02110145417,78251.80929485956,1759,9
2026-07-28 11:31:11.026530,78214.9078664078,78264.63095279064,78013.90526631665,78178.00643795602,1416,6
2026-07-28 11:36:11.026530,78172.41867706866,78218.09836256289,78162.14953579045,78166.83091618131,1896,5
2026-07-28 11:41:11.026530,78190.97490428961,78339.1116372354,78190.79765159816,78215.11889239794,444,7
2026-07-28 11:46:11.026530,78229.31357864541,78246.06558371385,78220.92977897915,78243.50826489287,533,9
2026-07-28 11:51:11.026530,78294.2826195696,78564.95029667244,78320.76618496225,78345.05697424634,715,5
2026-07-28 11:56:11.026530,78315.14546654158,78431.00002763799,78197.14444758777,78285.23395883682,505,3
2026-07-28 12:01:11.026530,78322.18598893605,78417.85481943963,78352.028415598,78359.1380190353,259,9
2026-07-28 12:06:11.026530,78341.62145873225,78422.78156922421,78257.34250269351,78324.1048984292,574,1
2026-07-28 12:11:11.026530,78377.00383714112,78505.40343263921,78392.47119214783,78429.90277585304,725,1
2026-07-28 12:16:11.026530,78474.14890826981,78535.72437905405,78503.97819678894,78518.39504068658,1051,4
2026-07-28 12:21:11.026530,78453.13030210204,78412.45401839113,78363.51071964363,78387.8655635175,945,2
2026-07-28 12:26:11.026530,78465.34095306255,78580.49150821797,78400.72136554828,78542.81634260762,1053,7
2026-07-28 12:31:11.026530,78505.73281997292,78537.78134228212,78465.45284664007,78468.64929733823,1649,2
2026-07-28 12:36:11.026530,78526.54313928058,78635.56961987224,78520.2126585178,78584.43698122294,2404,7
2026-07-28 12:41:11.026530,78611.2087019576,78726.31151891132,78463.74773673264,78637.98042269226,109,8
2026-07-28 12:46:11.026530,78769.08082719773,78987.00137790844,78788.84152224996,78900.1812317032,435,8
2026-07-28 12:51:11.026530,78885.10475924777,78889.42973464406,78771.80171791682,78870.02828679235,2153,3
2026-07-28 12:56:11.026530,78846.02872989253,78902.05065327564,78795.92148252427,78822.0291729927,2265,9
2026-07-28 13:01:11.026530,78821.43977422413,78853.71881179565,78801.30166165908,78820.85037545556,1485,6
2026-07-28 13:06:11.026530,78800.1368297667,78865.80008174999,78667.26199438145,78779.42328407786,1844,4
2026-07-28 13:11:11.026530,78836.97013981178,78903.7178819561,78852.00645600457,78894.51699554568,1992,8
2026-07-28 13:16:11.026530,78780.70420261871,78888.37079693621,78643.57320638401,78666.89140969173,1640,4
2026-07-28 13:21:11.026530,78593.14636786404,78535.80237037389,78517.41824512699,78519.40132603636,2437,4
2026-07-28 13:26:11.026530,78444.79856992731,78375.24812333734,78283.25424058925,78370.19581381825,845,8
2026-07-28 13:31:11.026530,78438.06643857699,78514.93993209375,78403.53416960411,78505.93706333572,941,4
2026-07-28 13:36:11.026530,78627.77479428586,78803.85788765819,78610.56812389036,78749.612525236,1332,1
2026-07-28 13:41:11.026530,78742.99777510471,78741.30117829163,78659.7011999159,78736.3830249734,650,6
2026-07-28 13:46:11.026530,78725.20880426854,78809.90914899418,78708.0299072052,78714.03458356367,1295,8
2026-07-28 13:51:11.026530,78719.7848234877,78735.22525738801,78712.8895417206,78725.53506341173,1486,3
2026-07-28 13:56:11.026530,78808.732660712,78959.53563325858,78850.98060381968,78891.93025801226,1423,2
2026-07-28 14:01:11.026530,78826.92818300956,78840.61647025039,78632.55812185688,78761.92610800685,1132,6
2026-07-28 14:06:11.026530,78779.614658802,78835.61588015735,78788.65628224166,78797.30320959716,201,1
2026-07-28 14:11:11.026530,78867.3119584487,78943.61773543974,78925.04174071887,78937.32070730026,983,5
2026-07-28 14:16:11.026530,78973.72638846983,79111.9819338283,79008.58600286448,79010.13206963941,2322,6
2026-07-28 14:21:11.026530,79024.40573067174,79153.10587981352,78886.56265259102,79038.67939170409,1391,8
2026-07-28 14:26:11.026530,79110.7446308303,79210.16059277828,79151.26393330409,79182.80986995652,607,7
2026-07-28 14:31:11.026530,78991.4212140573,78812.31392312644,78797.52134244764,78800.03255815808,1547,6
2026-07-28 14:36:11.026530,78848.92580784853,79054.0684742669,78773.12022557056,78897.81905753897,1919,2
2026-07-28 14:41:11.026530,78852.18981460304,78877.50902633245,78794.04832005019,78806.5605716671,667,8
2026-07-28 14:46:11.026530,78677.72044307538,78606.55715670138,78452.42043815077,78548.88031448367,1869,8
2026-07-28 14:51:11.026530,78585.82211888144,78690.35182533583,78545.38477795478,78622.7639232792,73,5
2026-07-28 14:56:11.026530,78720.87312125566,78835.31682098092,78801.506895789,78818.98231923212,1592,3
2026-07-28 15:01:11.026530,78810.02133115128,78814.72479194563,78674.72736873294,78801.06034307045,2465,8
2026-07-28 15:06:11.026530,78869.48647435804,78985.25238155096,78880.25265264101,78937.91260564564,2069,5
2026-07-28 15:11:11.026530,79053.4135474899,79205.50633284722,79155.97805413295,79168.91448933414,1048,3
2026-07-28 15:16:11.026530,79263.50934018426,79505.78332944404,79336.1045334732,79358.10419103438,2432,9
2026-07-28 15:21:11.026530,79476.20320490823,79735.21573567834,79509.27267004417,79594.30221878208,1506,9
2026-07-28 15:26:11.026530,79648.29696519574,79867.80097361491,79666.67156763877,79702.2917116094,52,7
2026-07-28 15:31:11.026530,79708.5002286004,79764.38997793577,79705.01164128273,79714.7087455914,1057,8
2026-07-28 15:36:11.026530,79600.73893472104,79502.05165969914,79482.76169720701,79486.7691238507,1331,5
2026-07-28 15:41:11.026530,79469.96470422615,79466.47407351337,79343.29402912274,79453.16028460162,312,5
2026-07-28 15:46:11.026530,79393.70061176701,79368.36621964895,79202.16737552118,79334.2409389324,170,5
2026-07-28 15:51:11.026530,79490.3477340963,79656.56928812074,79572.81567444271,79646.4545292602,1793,2
2026-07-28 15:56:11.026530,79634.64493199662,79635.85525979224,79613.26705855508,79622.83533473306,70,3
2026-07-28 16:01:11.026530,79632.46165114903,79691.88560849578,79584.09354102614,79642.087967565,954,8
2026-07-28 16:06:11.026530,79682.43411588622,79799.95805030277,79592.22183352173,79722.78026420744,189,6
2026-07-28 16:11:11.026530,79726.7061827538,79769.26887492825,79668.76356089131,79730.63210130016,1865,9
2026-07-28 16:16:11.026530,79853.25033899167,79996.102471882,79950.74124055238,79975.86857668316,1362,7
2026-07-28 16:21:11.026530,79931.87532184232,79939.56282003276,79830.3735021188,79887.88206700148,255,6
2026-07-28 16:26:11.026530,79902.67578435122,79991.12279184152,79859.31592941016,79917.46950170097,92,4
2026-07-28 16:31:11.026530,79864.90055275735,79854.92945844975,79732.36511982599,79812.33160381374,1078,7
2026-07-28 16:36:11.026530,79718.4217313517,79648.92092281416,79607.93222837012,79624.51185888964,2304,4
2026-07-28 16:41:11.026530,79581.49073137392,79621.15006566422,79413.12541688411,79538.4696038582,1912,7
2026-07-28 16:46:11.026530,79536.61376671641,79634.8796620302,79516.94649353923,79534.75792957463,394,5
2026-07-28 16:51:11.026530,79504.8345372389,79479.96093962603,79463.80036365555,79474.91114490318,1215,2
2026-07-28 16:56:11.026530,79426.20867717787,79396.4461795703,79356.71583039618,79377.50620945258,2469,7
2026-07-28 17:01:11.026530,79277.95806213761,79194.7534607885,78980.5455819439,79178.40991482264,1437,8
2026-07-28 17:06:11.026530,79173.27988094336,79266.45167763828,79166.38935392845,79168.14984706408,1033,2
2026-07-28 17:11:11.026530,79061.87112233254,78972.10187552961,78929.85798408225,78955.592397601,384,6
2026-07-28 17:16:11.026530,79010.4296064864,79128.84741141518,79021.50475454541,79065.26681537181,2108,4
2026-07-28 17:21:11.026530,79071.92433751526,79133.40726977402,78979.97024297969,79078.5818596587,2172,5
2026-07-28 17:26:11.026530,78975.77154663553,78895.98338439659,78797.94871131476,78872.96123361235,1373,1
2026-07-28 17:31:11.026530,78851.80622737764,78849.18711812327,78765.59050111301,78830.65122114292,825,6
2026-07-28 17:36:11.026530,78778.11089538477,78795.68532367123,78557.85938034812,78725.57056962662,935,8
2026-07-28 17:41:11.026530,78748.97925894061,78832.23696518663,78654.7785667768,78772.3879482546,2085,2
2026-07-28 17:46:11.026530,78868.32375595547,78970.89628470567,78849.61185383804,78964.25956365635,785,1
2026-07-28 17:51:11.026530,78832.00675987755,78723.20865235926,78627.11428030909,78699.75395609875,1101,9
2026-07-28 17:56:11.026530,78708.68923967902,78748.37648765885,78661.24575101063,78717.62452325929,1536,2
2026-07-28 18:01:11.026530,78707.06836940633,78701.85770575532,78647.02403759613,78696.51221555336,445,8
2026-07-28 18:06:11.026530,78744.87779129815,78831.35627790079,78753.93076686471,78793.24336704295,732,5
2026-07-28 18:11:11.026530,78809.15311950543,78881.09129145488,78764.9546385166,78825.06287196791,2051,2
2026-07-28 18:16:11.026530,78772.53952463172,78753.62224277353,78638.46274067837,78720.01617729553,413,5
2026-07-28 18:21:11.026530,78698.20508504877,78811.74895730428,78668.06424311946,78676.39399280201,1904,9
2026-07-28 18:26:11.026530,78620.85440089635,78689.63871141554,78558.43591283847,78565.31480899069,1831,6
2026-07-28 18:31:11.026530,78642.25887577841,78794.9990629089,78679.73275299765,78719.20294256612,142,3
2026-07-28 18:36:11.026530,78721.50007402345,78729.72358103337,78675.505343582,78723.79720548079,1648,8
2026-07-28 18:41:11.026530,78859.51995300865,79050.75338047107,78894.89316654645,78995.24270053652,315,1
2026-07-28 18:46:11.026530,78991.72008591719,79016.06287770049,78878.63122589148,78988.19747129786,2303,9
2026-07-28 18:51:11.026530,78938.65825267455,79059.72635201148,78887.412699722,78889.11903405124,2134,9
2026-07-28 18:56:11.026530,78782.5780347476,78702.17141566431,78585.28687606337,78676.03703544394,1084,4
2026-07-28 19:01:11.026530,78549.35073303123,78453.17430709339,78418.34979902167,78422.6644306185,1163,8
2026-07-28 19:06:11.026530,78311.79674387054,78246.64743148121,78181.82697008607,78200.92905712257,793,3
2026-07-28 19:11:11.026530,78220.51656804692,78324.65657291866,78236.15378226117,78240.10407897127,2116,6
2026-07-28 19:16:11.026530,78276.72603990536,78385.67062145773,78245.70701428305,78313.34800083947,423,8
2026-07-28 19:21:11.026530,78202.84185703471,78194.05130544808,77966.89810468921,78092.33571322996,1859,9
2026-07-28 19:26:11.026530,78156.07467302497,78294.65813576478,78042.88099877434,78219.81363281999,143,8
2026-07-28 19:31:11.026530,78186.60348823437,78393.95202975745,78142.320995518,78153.39334364876,81,9
2026-07-28 19:36:11.026530,78164.50159094688,78221.58874443737,78139.2205620124,78175.609838245,189,4
2026-07-28 19:41:11.026530,78289.99132187071,78578.3152076206,78347.13661933871,78404.37280549643,1643,1
2026-07-28 19:46:11.026530,78468.49374338299,78545.15213034146,78420.44243733438,78532.61468126955,1292,7
2026-07-28 19:51:11.026530,78514.42464945253,78616.30013211312,78423.37494316147,78496.23461763552,1614,4
2026-07-28 19:56:11.026530,78434.10909031273,78426.38927591448,78252.06025780132,78371.98356298993,1632,1
2026-07-28 20:01:11.026530,78221.27998277539,78109.26716473285,77933.66003208983,78070.57640256085,1981,3
2026-07-28 20:06:11.026530,78020.85855441648,78056.83033178434,77806.85765668814,77971.1407062721,107,7
2026-07-28 20:11:11.026530,77957.10708512107,78015.48236483306,77935.29692953694,77943.07346397004,1348,3
2026-07-28 20:16:11.026530,77874.66358198831,77874.34046246829,77772.66690251208,77806.25370000658,2237,1
2026-07-28 20:21:11.026530,77797.8413206243,77886.50143126903,77544.80076990974,77789.42894124202,1096,7
2026-07-28 20:26:11.026530,77795.58776077154,77862.67215770495,77680.35931861671,77801.74658030104,427,8
2026-07-28 20:31:11.026530,77786.7827072551,77900.0612719039,77706.72918843663,77771.81883420916,971,5
2026-07-28 20:36:11.026530,77727.12556139698,77842.05126545386,77513.02747462083,77682.43228858481,422,6
2026-07-28 20:41:11.026530,77695.0025011444,77948.03327905804,77631.81619210023,77707.57271370398,1637,3
2026-07-28 20:46:11.026530,77739.2706340386,77846.72930370743,77743.7858066628,77770.96855437322,827,5
2026-07-28 20:51:11.026530,77695.49834334946,77856.78148679029,77618.23984665838,77620.02813232571,1415,3
2026-07-28 20:56:11.026530,77719.49653175648,77848.73402367509,77677.54639793358,77818.96493118726,216,2
2026-07-28 21:01:11.026530,77812.83877938901,77856.49824017362,77626.19340292935,77806.71262759076,2061,7
2026-07-28 21:06:11.026530,77808.81071576683,77838.3945865755,77761.59302074666,77810.90880394288,633,7
2026-07-28 21:11:11.026530,77861.31566614905,77960.69988160406,77743.43433857209,77911.72252835521,1048,8
2026-07-28 21:16:11.026530,77928.85865690236,77979.58698935599,77769.36585165278,77945.9947854495,609,1
2026-07-28 21:21:11.026530,78013.69684659244,78192.71825909891,77969.92744531343,78081.3989077354,1061,2
2026-07-28 21:26:11.026530,78102.36249892646,78143.47040929428,78119.35561081319,78123.32609011754,282,2
2026-07-28 21:31:11.026530,78081.06911645335,78147.16347810911,78023.36816328001,78038.81214278915,609,3
2026-07-28 21:36:11.026530,78064.99148437771,78095.9832876675,77940.15007077914,78091.17082596627,1281,7
2026-07-28 21:41:11.026530,78011.64939889888,77944.04562168178,77868.73454791403,77932.1279718315,1812,7
2026-07-28 21:46:11.026530,77940.52245719105,77988.92650753635,77924.04194037605,77948.91694255058,1574,7
2026-07-28 21:51:11.026530,77947.36524500718,78044.36157439661,77928.31740503585,77945.81354746377,970,1
2026-07-28 21:56:11.026530,77931.99580172407,78057.46791733918,77884.6358852878,77918.17805598438,1292,2
2026-07-28 22:01:11.026530,77909.94424014335,77950.8886815984,77814.43618037748,77901.71042430234,130,8
2026-07-28 22:06:11.026530,77770.77069020338,77662.31469574333,77574.04421553067,77639.83095610442,752,9
2026-07-28 22:11:11.026530,77602.28290688794,77578.69409977194,77463.51372035086,77564.73485767146,590,7
2026-07-28 22:16:11.026530,77571.99252515512,77668.05874320344,77558.74076881145,77579.25019263878,1899,1
2026-07-28 22:21:11.026530,77591.18920723833,77703.21465125463,77551.82251600128,77603.12822183789,1324,4
2026-07-28 22:26:11.026530,77532.19344652069,77545.9746412657,77386.06054268415,77461.25867120347,671,8
2026-07-28 22:31:11.026530,77550.37464124442,77801.77767116623,77391.81059246222,77639.49061128535,1290,5
2026-07-28 22:36:11.026530,77579.78852556058,77566.06295636132,77476.29126146213,77520.08643983581,2293,1
2026-07-28 22:41:11.026530,77588.55921632152,77768.61481410946,77584.35307175666,77657.03199280723,1370,7
2026-07-28 22:46:11.026530,77687.67783215707,77728.4452523829,77689.02905117167,77718.32367150692,2141,6
2026-07-28 22:51:11.026530,77673.92490520861,77741.88206037627,77354.05143000047,77629.5261389103,2490,9
2026-07-28 22:56:11.026530,77754.53820734189,77920.40067335595,77821.07992160883,77879.55027577346,1516,4
2026-07-28 23:01:11.026530,77796.75331143808,77838.83417613634,77484.32427563745,77713.95634710269,1163,4
2026-07-28 23:06:11.026530,77779.0759887301,77938.7919739431,77796.37817737025,77844.19563035748,2252,8
2026-07-28 23:11:11.026530,77915.13922169612,78018.83107386867,77933.03066392573,77986.08281303475,1694,4
2026-07-28 23:16:11.026530,77939.82099952892,77992.31133115616,77864.29073067037,77893.55918602308,108,3
2026-07-28 23:21:11.026530,77992.080193235,78184.43838480125,77940.42597059267,78090.60120044692,2207,7
2026-07-28 23:26:11.026530,78073.8120626974,78063.01847817338,77902.78789866228,78057.02292494786,528,5
2026-07-28 23:31:11.026530,78078.09028786665,78106.3773150051,78050.62961787154,78099.15765078546,1972,9
2026-07-28 23:36:11.026530,78118.24112857209,78160.81603080484,78115.95886201353,78137.3246063587,1806,5
2026-07-28 23:41:11.026530,78128.66186698954,78185.20398989104,77999.4124540359,78119.9991276204,1848,9
2026-07-28 23:46:11.026530,78177.82940313821,78301.83239154644,78165.97970527748,78235.65967865603,1667,6
2026-07-28 23:51:11.026530,78292.35428231469,78377.40017095456,78217.60871365947,78349.04888597335,833,6
2026-07-28 23:56:11.026530,78226.727512149,78152.04765745177,78101.048944578,78104.40613832463,1450,6
2026-07-29 00:01:11.026530,78196.9839906928,78307.49460297685,78233.13270144832,78289.56184306098,1105,7
2026-07-29 00:06:11.026530,78173.37731027101,78102.90144968667,78026.83310150492,78057.19277748105,1559,4
2026-07-29 00:11:11.026530,78130.58015228143,78232.50478026959,78168.70881834658,78203.96752708181,1076,4
2026-07-29 00:16:11.026530,78284.13316186063,78364.48766650585,78357.43131479611,78364.29879663944,427,9
2026-07-29 00:21:11.026530,78288.2128718111,78235.32585651665,78197.0310417915,78212.12694698277,621,7
2026-07-29 00:26:11.026530,78184.00159376216,78194.46930136137,78141.20481644414,78155.87624054155,2004,6
2026-07-29 00:31:11.026530,78078.95801345706,78060.09208230476,77918.13834916065,78002.03978637257,1614,1
2026-07-29 00:36:11.026530,77987.73458003957,78012.81416709114,77911.43070071211,77973.42937370656,636,7
2026-07-29 00:41:11.026530,77952.59803472034,78042.07555669972,77849.02253342494,77931.76669573411,1668,6
2026-07-29 00:46:11.026530,77987.26979571237,78141.48062452037,77957.59405932318,78042.77289569064,406,4
2026-07-29 00:51:11.026530,78135.69790837739,78334.78624697283,78207.1316118858,78228.62292106416,734,8
2026-07-29 00:56:11.026530,78327.79489776697,78536.16382227752,78364.55594168778,78426.96687446978,1996,7
2026-07-29 01:01:11.026530,78388.09020837762,78376.13520813969,78336.685345793,78349.21354228545,708,8
2026-07-29 01:06:11.026530,78335.24639256994,78372.09343534244,78266.87709095875,78321.27924285443,1346,9
2026-07-29 01:11:11.026530,78203.57557019373,78162.29552100922,78063.81731727884,78085.87189753301,1575,1
2026-07-29 01:16:11.026530,78030.05832817068,77986.20119748799,77946.38648235687,77974.24475880833,2132,3
2026-07-29 01:21:11.026530,78042.79491544113,78137.810839054,78037.06701181,78111.34507207392,1743,2
2026-07-29 01:26:11.026530,78225.86958307703,78466.00298051092,78312.21481069586,78340.39409408014,1707,3
2026-07-29 01:31:11.026530,78254.2429384731,78219.44263324833,78141.47551302865,78168.09178286605,561,2
2026-07-29 01:36:11.026530,78127.21423484737,78199.84375174379,78066.81195782268,78086.33668682868,1121,6
2026-07-29 01:41:11.026530,78085.26182904572,78098.91519353507,77973.28775602217,78084.18697126274,2370,9
2026-07-29 01:46:11.026530,78104.66172069413,78239.90085663623,78077.07384846044,78125.13647012552,1686,2
2026-07-29 01:51:11.026530,78069.03270280501,78028.91136411067,77979.00348895033,78012.92893548451,1062,4
2026-07-29 01:56:11.026530,78043.49505429588,78145.69812892782,78068.11995818089,78074.06117310726,1201,5
2026-07-29 02:01:11.026530,78041.56034479127,78195.97355751187,77973.08623321979,78009.0595164753,259,5
2026-07-29 02:06:11.026530,78008.82494052267,78212.37064513698,77953.44374110241,78008.59036457003,673,1
2026-07-29 02:11:11.026530,78047.74346628337,78213.01431678017,78077.59155631524,78086.8965679967,1855,6
2026-07-29 02:16:11.026530,78088.12880201358,78113.36535769315,77995.93108678453,78089.36103603049,1215,5
2026-07-29 02:21:11.026530,78059.48398064141,78195.79876334859,77950.64349590485,78029.60692525233,222,6
2026-07-29 02:26:11.026530,78022.69030556595,78040.04210235616,77903.76195278749,78015.77368587958,1938,4
2026-07-29 02:31:11.026530,78010.34988655904,78126.57005725944,77896.1269997175,78004.92608723848,496,6
2026-07-29 02:36:11.026530,77979.73785868954,77992.00225588602,77855.99048220512,77954.54963014061,60,9
2026-07-29 02:41:11.026530,77937.17615129889,77954.4373216511,77869.70420148873,77919.80267245715,810,1
2026-07-29 02:46:11.026530,78032.8552248018,78225.35992679046,78027.25662127844,78145.90777714644,1377,6
2026-07-29 02:51:11.026530,78186.1601592056,78321.11690840592,78201.24499440216,78226.41254126476,1833,1
2026-07-29 02:56:11.026530,78206.39699972012,78254.40522686267,78134.17231058971,78186.38145817549,1227,7
2026-07-29 03:01:11.026530,78236.23819553097,78368.59980318081,78250.8668332562,78286.09493288645,2420,4
2026-07-29 03:06:11.026530,78263.3643144609,78241.38217097134,78208.05400680231,78240.63369603534,1026,6
2026-07-29 03:11:11.026530,78324.11245698688,78527.45807692797,78391.42375843211,78407.59121793843,2439,7
2026-07-29 03:16:11.026530,78434.46898172866,78544.20993497549,78452.26743730067,78461.34674551887,2318,5
2026-07-29 03:21:11.026530,78454.55478334203,78470.66965506968,78428.76432376592,78447.7628211652,2207,9
2026-07-29 03:26:11.026530,78480.17083177109,78630.42328328823,78494.7014107082,78512.57884237697,1850,8
2026-07-29 03:31:11.026530,78402.5183581406,78406.78071781699,78103.43939697708,78292.45787390422,89,3
2026-07-29 03:36:11.026530,78213.92402485074,78312.55124360994,78067.09548668489,78135.39017579726,1532,1
2026-07-29 03:41:11.026530,78052.3009956245,77972.68518628553,77760.32426687781,77969.21181545172,2360,8
2026-07-29 03:46:11.026530,77980.02365093832,78172.69848220998,77948.97623088711,77990.83548642493,1899,4
2026-07-29 03:51:11.026530,78113.41591822784,78243.71197670704,78228.81710795761,78235.99635003075,872,7
2026-07-29 03:56:11.026530,78394.20898629469,78584.69821375891,78439.40858140886,78552.42162255861,510,4
2026-07-29 04:01:11.026530,78598.34238379399,78697.81164084819,78575.501937643,78644.26314502937,1191,7
2026-07-29 04:06:11.026530,78680.51597916623,78855.94391773644,78555.07935906675,78716.76881330309,266,1
2026-07-29 04:11:11.026530,78590.16394412282,78529.66896970871,78419.3215531352,78463.55907494256,1790,1
2026-07-29 04:16:11.026530,78426.0395570045,78450.76764594864,78226.0344487569,78388.52003906642,2174,2
2026-07-29 04:21:11.026530,78333.76432554239,78326.2810659313,78173.8931136978,78279.00861201836,1494,5
2026-07-29 04:26:11.026530,78236.07556543339,78232.01477771986,78104.17854018229,78193.14251884841,1245,6
2026-07-29 04:31:11.026530,78182.09308774381,78258.0222059481,78142.23530390952,78171.0436566392,2487,2
2026-07-29 04:36:11.026530,78138.6253868337,78138.26501258684,78100.8295112749,78106.20711702819,1201,1
2026-07-29 04:41:11.026530,77968.09692693266,77864.01237336946,77752.39535537054,77829.98673683713,423,9
2026-07-29 04:46:11.026530,77883.19023354296,78031.74338017916,77898.45179587576,77936.3937302488,703,7
2026-07-29 04:51:11.026530,77861.99904807401,77921.80269125233,77752.62946604709,77787.60436589923,953,8
2026-07-29 04:56:11.026530,77805.13558818953,77876.8520086175,77811.46181956129,77822.66681047982,793,6
2026-07-29 05:01:11.026530,77968.98904465244,78170.55062725101,78088.39368358483,78115.31127882506,902,9
2026-07-29 05:06:11.026530,78051.50838937343,78030.71238001226,77910.66721408519,77987.70549992178,1820,8
2026-07-29 05:11:11.026530,77811.28747823503,77641.57000450176,77560.41761894974,77634.86945654827,880,4
2026-07-29 05:16:11.026530,77615.66704599724,77623.35991670292,77510.32366693276,77596.4646354462,1611,5
2026-07-29 05:21:11.026530,77674.20590038589,77834.90034322129,77598.43231180901,77751.94716532556,1022,2
2026-07-29 05:26:11.026530,77890.00804989583,78088.99956899321,77891.77360845522,78028.0689344661,1343,1
2026-07-29 05:31:11.026530,77942.59753443165,77864.31658225649,77828.28522613624,77857.12613439721,1402,6
2026-07-29 05:36:11.026530,77892.72538974968,78072.72310194139,77863.30831951449,77928.32464510216,1368,3
2026-07-29 05:41:11.026530,77896.48216876792,77942.75666035985,77802.43051455407,77864.63969243369,171,4
2026-07-29 05:46:11.026530,77857.99423866911,77893.73564988584,77726.47258144587,77851.34878490452,208,1
2026-07-29 05:51:11.026530,78037.85179513066,78230.50999071517,78129.93464257047,78224.3548053568,356,6
2026-07-29 05:56:11.026530,78119.4659475961,78173.75967897031,77972.29317241152,78014.5770898354,1162,8
2026-07-29 06:01:11.026530,78033.17752210316,78071.85482378498,77960.15979638312,78051.77795437092,800,4
2026-07-29 06:06:11.026530,78085.42682540293,78190.0104451782,77974.25719594036,78119.07569643494,1111,8
2026-07-29 06:11:11.026530,78196.271632233,78292.11866918491,78229.35444318864,78273.46756803103,1946,3
2026-07-29 06:16:11.026530,78281.15359039974,78318.60931725371,78211.79841034408,78288.83961276847,640,7
2026-07-29 06:21:11.026530,78311.33418936338,78361.30348679032,78230.22367403342,78333.82876595829,1930,3
2026-07-29 06:26:11.026530,78307.00989168693,78329.27372281044,78247.77078623744,78280.19101741556,395,6
2026-07-29 06:31:11.026530,78299.93937725644,78421.97082912545,78248.1788013562,78319.68773709732,198,4
2026-07-29 06:36:11.026530,78296.28708782916,78274.93949060797,78227.58792338573,78272.88643856099,1089,6
2026-07-29 06:41:11.026530,78317.48155907614,78500.78361817297,78289.09874435804,78362.07667959128,1440,7
2026-07-29 06:46:11.026530,78336.80136615224,78388.32338433835,78261.8832121086,78311.5260527132,830,8
2026-07-29 06:51:11.026530,78338.89690656171,78426.14230894674,78256.76476373138,78366.26776041024,167,6
2026-07-29 06:56:11.026530,78364.98754825878,78550.73361736473,78298.07606515553,78363.70733610733,753,4
2026-07-29 07:01:11.026530,78443.9904355725,78552.00470217051,78513.68398558872,78524.27353503768,2414,9
2026-07-29 07:06:11.026530,78521.42679165295,78589.39866170088,78452.22049518622,78518.58004826824,337,7
2026-07-29 07:11:11.026530,78394.26807079487,78409.67939982309,78243.4172275254,78269.95609332153,1424,9
2026-07-29 07:16:11.026530,78359.7351024528,78625.55480493412,78445.6030189432,78449.5141115841,2394,3
2026-07-29 07:21:11.026530,78386.40060375091,78326.08067490639,78257.06508319841,78323.28709591772,2074,5
2026-07-29 07:26:11.026530,78278.01190476975,78275.29080689476,78151.58724844908,78232.73671362178,492,1
2026-07-29 07:31:11.026530,78191.60049448142,78165.01315293185,78126.30208962793,78150.46427534104,950,8
2026-07-29 07:36:11.026530,78248.03908222326,78406.08967274052,78274.13790056927,78345.61388910546,350,1
2026-07-29 07:41:11.026530,78196.0947873308,78154.28660858964,77978.24511557816,78046.57568555613,299,1
2026-07-29 07:46:11.026530,78268.38563663446,78538.55546286696,78410.59260560303,78490.19558771278,2007,7
2026-07-29 07:51:11.026530,78565.65403556319,78649.75207979557,78634.4955659439,78641.1124834136,1816,8
2026-07-29 07:56:11.026530,78657.70257429287,78801.57608291956,78594.1080019129,78674.29266517214,1588,3
2026-07-29 08:01:11.026530,78671.19265825188,78694.6717198701,78540.09565824085,78668.09265133162,735,2
2026-07-29 08:06:11.026530,78689.10253634627,78797.74770054275,78648.40435967107,78710.11242136091,1047,7
2026-07-29 08:11:11.026530,78747.83343277949,78810.06524646354,78602.58794187172,78785.55444419806,455,5
2026-07-29 08:16:11.026530,78832.12010128975,78915.4041647978,78793.09597547483,78878.68575838144,293,1
2026-07-29 08:21:11.026530,78918.93788717798,78968.87416875706,78866.78941312994,78959.19001597451,2464,2
2026-07-29 08:26:11.026530,78966.34615259257,78978.2659990832,78911.94780092227,78973.50228921064,2217,3
2026-07-29 08:31:11.026530,78960.2681868845,78979.21111451606,78872.77673076116,78947.03408455834,1655,6
2026-07-29 08:36:11.026530,78937.07649168945,79041.75598916279,78863.63492446447,78927.11889882058,482,1
2026-07-29 08:41:11.026530,78914.06513533294,78963.46626596623,78896.54214117514,78901.0113718453,232,8
2026-07-29 08:46:11.026530,78982.39425609406,79126.98474281825,79014.25396662638,79063.77714034283,1534,2
2026-07-29 08:51:11.026530,79106.82715449683,79331.18365927995,79092.61559789792,79149.87716865084,1191,5
2026-07-29 08:56:11.026530,78941.75956105659,78816.79061350615,78653.37270499789,78733.64195346234,80,8
2026-07-29 09:01:11.026530,78780.93498592086,79031.28344778894,78743.97388336482,78828.22801837938,1222,5
2026-07-29 09:06:11.026530,78842.83464479833,78905.58211767403,78779.37478673413,78857.44127121728,1346,8
2026-07-29 09:11:11.026530,78856.90205712066,79010.68068278815,78846.87935961266,78856.36284302404,1953,6
2026-07-29 09:16:11.026530,78829.5870656225,78883.72175547217,78784.92556760929,78802.81128822097,151,7
2026-07-29 09:21:11.026530,78883.4065508724,79231.65786554382,78882.969784061,78964.00181352385,1145,8
2026-07-29 09:26:11.026530,79032.18869962904,79112.07838694492,79077.34377199775,79100.37558573423,1778,3
2026-07-29 09:31:11.026530,79046.18232990388,79089.40967023213,78798.96627863916,78991.98907407351,1440,5
2026-07-29 09:36:11.026530,79021.7286678042,79056.58270792174,79008.37788335752,79051.46826153489,879,7
2026-07-29 09:41:11.026530,78983.18801852633,79053.41377332802,78877.9603864967,78914.90777551777,667,9
2026-07-29 09:46:11.026530,78817.8313422726,78727.80394339385,78673.17336921318,78720.75490902744,340,6
2026-07-29 09:51:11.026530,78677.16418455087,78668.80991768048,78586.11640039318,78633.5734600743,230,1
2026-07-29 09:56:11.026530,78695.44019226616,78885.05987677672,78700.40621616914,78757.30692445804,2211,8
2026-07-29 10:01:11.026530,78825.71284943719,79014.37435077067,78832.89487727097,78894.11877441633,1311,6
2026-07-29 10:06:11.026530,78931.3567607294,79035.57379679578,78812.34044335806,78968.59474704246,309,1
2026-07-29 10:11:11.026530,79020.95293294964,79101.20366659827,79043.86762028914,79073.31111885683,2341,4
2026-07-29 10:16:11.026530,79110.85399917705,79318.10772901657,79095.3971512535,79148.39687949726,384,6
2026-07-29 10:21:11.026530,79103.51881320789,79191.24407366438,79008.37628809315,79058.6407469185,1096,1
2026-07-29 10:26:11.026530,79090.17639423342,79241.64816020784,79077.80710818109,79121.71204154834,1946,5
2026-07-29 10:31:11.026530,79179.54228054825,79244.54237246068,79119.89759673309,79237.37251954818,320,3
2026-07-29 10:36:11.026530,79291.99376792653,79539.77333389038,79237.89023073306,79346.61501630489,1457,7
2026-07-29 10:41:11.026530,79432.403729216,79535.56923619295,79460.82984669207,79518.19244212713,1450,8
2026-07-29 10:46:11.026530,79569.71171167836,79636.98841001223,79572.9332678987,79621.23098122959,1059,3
2026-07-29 10:51:11.026530,79647.22013798643,79797.28145037696,79671.85939123173,79673.20929474327,1511,3
2026-07-29 10:56:11.026530,79750.81759923488,79909.97893911903,79805.05226291437,79828.4259037265,1654,3
2026-07-29 11:01:11.026530,79827.31876799968,79908.38715762587,79697.64943833549,79826.21163227284,181,6
2026-07-29 11:06:11.026530,79763.70185401068,79769.11352867262,79666.77642368693,79701.19207574852,1794,6
2026-07-29 11:11:11.026530,79690.29360994129,79733.54194056868,79670.82843485389,79679.39514413405,1595,3
2026-07-29 11:16:11.026530,79626.80862155964,79634.95659163823,79520.24327062642,79574.22209898524,184,6
2026-07-29 11:21:11.026530,79526.69214622997,79590.16056839669,79420.2111057514,79479.16219347468,816,9
2026-07-29 11:26:11.026530,79469.62053019667,79467.27654377172,79381.1780993582,79460.07886691866,819,8
2026-07-29 11:31:11.026530,79404.2435645858,79440.99515225433,79341.6908136123,79348.40826225295,2191,7
2026-07-29 11:36:11.026530,79327.21477754056,79406.86760873887,79286.27528995286,79306.02129282817,1957,7
2026-07-29 11:41:11.026530,79171.8842029933,79073.91367767479,78853.2777159493,79037.74711315843,1314,8
2026-07-29 11:46:11.026530,79053.713143675,79111.4507897765,79033.71899620985,79069.67917419158,1822,7
2026-07-29 11:51:11.026530,79070.55566559426,79117.3739883601,78985.62325154884,79071.43215699693,214,3
2026-07-29 11:56:11.026530,79014.11692524864,78996.57698491678,78920.69383930627,78956.80169350037,374,8
2026-07-29 12:01:11.026530,79004.46674962691,79058.88061480995,78989.18712995858,79052.13180575345,669,8
2026-07-29 12:06:11.026530,79119.68521493053,79211.8823668846,78992.44561589074,79187.23862410762,280,1
2026-07-29 12:11:11.026530,79073.62541065668,78975.6189565016,78804.88709151017,78960.01219720574,1252,5
2026-07-29 12:16:11.026530,78906.63563013397,78937.69901279366,78813.43967290042,78853.25906306219,1427,5
2026-07-29 12:21:11.026530,78799.49983718089,78754.6940739667,78648.88150294124,78745.74061129958,1941,1
2026-07-29 12:26:11.026530,78679.97103243705,78626.98810786338,78425.21210737493,78614.20145357453,452,6
2026-07-29 12:31:11.026530,78673.7202639344,78861.04600182935,78666.27208036727,78733.23907429427,2218,6
2026-07-29 12:36:11.026530,78720.29403177954,78791.98687834143,78667.40071986402,78707.34898926484,434,4
2026-07-29 12:41:11.026530,78689.40282019434,78746.347818538,78651.40656115585,78671.45665112387,1813,6
2026-07-29 12:46:11.026530,78530.61402057286,78397.41710369702,78348.29226223993,78389.77139002184,1498,6
2026-07-29 12:51:11.026530,78435.4110859516,78579.74577937652,78264.91173957135,78481.05078188135,1240,1
2026-07-29 12:56:11.026530,78394.39893586827,78386.03376419962,78275.10007418593,78307.7470898552,438,5
2026-07-29 13:01:11.026530,78312.75435780882,78320.66565303551,78271.77762938285,78317.76162576243,1596,2
2026-07-29 13:06:11.026530,78338.10127070843,78389.11816088967,78222.87684049566,78358.44091565441,1823,7
2026-07-29 13:11:11.026530,78455.30121143864,78632.54494437309,78485.28423880388,78552.16150722286,839,9
2026-07-29 13:16:11.026530,78460.52449265111,78425.99258046108,78295.23826199176,78368.88747807936,1544,9
2026-07-29 13:21:11.026530,78157.27241719535,77997.71213372273,77720.05275165108,77945.65735631135,1597,9
2026-07-29 13:26:11.026530,77959.33645920115,78039.95423717545,77948.29404725149,77973.01556209095,2150,7
2026-07-29 13:31:11.026530,78100.35495894606,78402.7791689716,78151.5631070527,78227.69435580118,870,7
2026-07-29 13:36:11.026530,78315.80364803967,78416.95577531199,78352.11074653458,78403.91294027817,1094,1
2026-07-29 13:41:11.026530,78419.49438182134,78442.08113957752,78253.5048659496,78435.07582336452,1092,6
2026-07-29 13:46:11.026530,78401.16947045628,78463.42654262925,78345.54579173627,78367.26311754806,1929,5
2026-07-29 13:51:11.026530,78425.01609964135,78513.20309076301,78470.30981130965,78482.76908173463,911,8
2026-07-29 13:56:11.026530,78414.84681868124,78459.81992996487,78231.5860266747,78346.92455562785,1529,8
2026-07-29 14:01:11.026530,78381.31215886044,78474.75881032784,78391.375370992,78415.69976209305,2419,4
2026-07-29 14:06:11.026530,78452.17399079163,78585.12665091427,78320.86575359077,78488.6482194902,1844,1
2026-07-29 14:11:11.026530,78564.39911889749,78685.0716067767,78581.23330615518,78640.15001830478,1513,6
2026-07-29 14:16:11.026530,78836.74432987286,79099.71113534905,78971.50434587721,79033.33864144093,1957,1
2026-07-29 14:21:11.026530,79062.05195112324,79215.3695238091,78974.65726992527,79090.76526080555,2155,5
2026-07-29 14:26:11.026530,79055.34315193363,79039.98784567528,78932.87536762841,79019.9210430617,800,5
2026-07-29 14:31:11.026530,79018.89246354395,79187.23574976441,79004.16162636896,79017.86388402621,1366,3
2026-07-29 14:36:11.026530,78893.04191703221,78790.94524982774,78720.2562571361,78768.21995003823,231,5
2026-07-29 14:41:11.026530,78719.7882505148,78708.77125673727,78633.77806280911,78671.35655099136,1954,6
2026-07-29 14:46:11.026530,78643.17444078367,78659.22474432824,78541.52479502733,78614.99233057597,1010,5
2026-07-29 14:51:11.026530,78578.71414712677,78631.5402082832,78339.53411253988,78542.43596367756,154,1
2026-07-29 14:56:11.026530,78553.99277868774,78637.34341726446,78536.10973717306,78565.54959369793,1334,7
2026-07-29 15:01:11.026530,78508.22463021937,78459.66575560198,78437.97883082154,78450.89966674082,1039,3
2026-07-29 15:06:11.026530,78530.91695783728,78652.4987033532,78562.82402383172,78610.93424893374,533,7
2026-07-29 15:11:11.026530,78611.73501624312,78616.0928117215,78547.6756467314,78612.53578355249,1775,5
2026-07-29 15:16:11.026530,78612.66389947364,78836.65001209351,78608.9782650596,78612.79201539479,2226,3
2026-07-29 15:21:11.026530,78590.38548490446,78665.85761304965,78456.04074614008,78567.97895441411,2416,6
2026-07-29 15:26:11.026530,78579.74011097215,78690.17915024054,78427.56187370139,78591.5012675302,756,1
2026-07-29 15:31:11.026530,78650.6928584568,78746.90879385885,78613.91503578547,78709.88444938339,69,6
2026-07-29 15:36:11.026530,78649.29169474298,78602.82950994425,78385.5901194857,78588.69894010256,801,4
2026-07-29 15:41:11.026530,78542.96299775722,78700.35973607685,78435.95220507539,78497.22705541187,284,4
2026-07-29 15:46:11.026530,78476.55998496484,78513.42452461926,78439.91134483714,78455.89291451783,1670,5
2026-07-29 15:51:11.026530,78361.75824663891,78308.24606941604,78252.26795616662,78267.62357876,655,9
2026-07-29 15:56:11.026530,78210.7384102336,78312.1056840622,78132.97175326376,78153.85324170718,603,1
2026-07-29 16:01:11.026530,78121.1518242878,78186.06167684552,77990.01431915384,78088.4504068684,1949,3
2026-07-29 16:06:11.026530,78150.73264058618,78380.33624205689,78171.57422448049,78213.01487430395,635,4
2026-07-29 16:11:11.026530,78232.28389193979,78254.79172120492,78202.79639809104,78251.55290957562,1033,2
2026-07-29 16:16:11.026530,78265.97192144232,78349.61171921244,78250.93385105523,78280.39093330903,1700,9
2026-07-29 16:21:11.026530,78341.16863947609,78495.66148418315,78237.66532499979,78401.94634564317,472,7
2026-07-29 16:26:11.026530,78393.03818339537,78419.24354189045,78321.29169114504,78384.13002114756,2103,1
2026-07-29 16:31:11.026530,78412.46972651276,78522.4245877899,78335.29074836183,78440.80943187798,507,9
2026-07-29 16:36:11.026530,78434.30726094851,78591.45493006655,78378.30439604494,78427.80509001904,1964,6
2026-07-29 16:41:11.026530,78447.32483264405,78615.72899389818,78377.17368523403,78466.84457526907,895,2
2026-07-29 16:46:11.026530,78426.49549647103,78493.57472410331,78359.68453865244,78386.146417673,600,1
2026-07-29 16:51:11.026530,78215.25141466463,78119.2765333756,78035.08180687822,78044.35641165626,1470,6
2026-07-29 16:56:11.026530,78035.70605644537,78040.51758258154,77889.27150911132,78027.05570123448,2044,7
2026-07-29 17:01:11.026530,78127.87758703638,78314.3831605011,78140.59854138286,78228.69947283826,2108,6
2026-07-29 17:06:11.026530,78294.74842637102,78389.48479492981,78343.59659326977,78360.79737990377,1695,7
2026-07-29 17:11:11.026530,78429.7259335366,78518.34629720761,78461.52103784122,78498.6544871694,546,6
2026-07-29 17:16:11.026530,78586.8695982706,78675.9807689175,78630.90040956634,78675.08470937179,2140,8
2026-07-29 17:21:11.026530,78682.1497237116,78786.11819229327,78650.90511005158,78689.21473805139,588,2
2026-07-29 17:26:11.026530,78703.97835571019,78819.08083931054,78541.37564109397,78718.74197336897,617,9
2026-07-29 17:31:11.026530,78675.79390766543,78668.40368912472,78522.87572830082,78632.84584196188,170,9
2026-07-29 17:36:11.026530,78611.26975550845,78590.87967294015,78465.86804480085,78589.693669055,365,9
2026-07-29 17:41:11.026530,78634.05853110256,78706.76062194486,78575.17599128955,78678.42339315012,1188,7
2026-07-29 17:46:11.026530,78764.5520809477,78926.0680773848,78688.80348360927,78850.68076874527,670,9
2026-07-29 17:51:11.026530,78841.57443699847,78907.30654897912,78697.24793418068,78832.46810525168,503,1
2026-07-29 17:56:11.026530,78801.32815936016,78850.70789226236,78696.27515205563,78770.18821346865,661,3
2026-07-29 18:01:11.026530,78771.01335267088,78787.33554589165,78644.91354636212,78771.8384918731,1593,2
2026-07-29 18:06:11.026530,78815.2724865649,78882.65654995559,78698.843931128,78858.70648125671,1008,1
2026-07-29 18:11:11.026530,78757.15160567319,78678.78811946088,78519.13118792727,78655.59673008966,2058,5
2026-07-29 18:16:11.026530,78494.16876563433,78382.2332315151,78291.43027490833,78332.74080117901,696,1
2026-07-29 18:21:11.026530,78294.73003086293,78280.4848385351,78240.49247220962,78256.71926054687,812,3
2026-07-29 18:26:11.026530,78171.61845095294,78241.06383303285,77952.23982515233,78086.51764135901,1410,6
2026-07-29 18:31:11.026530,78051.60311838725,78145.62689109237,78001.07845556765,78016.68859541552,289,6
2026-07-29 18:36:11.026530,78007.09354456072,78007.81217070589,77946.26207110815,77997.49849370592,1459,3
2026-07-29 18:41:11.026530,77966.47379789599,78011.91801743074,77909.2393222746,77935.44910208606,1218,4
2026-07-29 18:46:11.026530,78038.24263755146,78192.01820214695,78101.405836766,78141.03617301687,2474,7
2026-07-29 18:51:11.026530,78164.80376668827,78325.1312688646,78151.31145613105,78188.57136035967,2101,6
2026-07-29 18:56:11.026530,78210.50369073184,78261.69633900565,78217.39778290773,78232.43602110402,246,2
2026-07-29 19:01:11.026530,78277.05287416265,78374.96388798568,78156.2940696065,78321.66972722129,2486,9
2026-07-29 19:06:11.026530,78242.25779012401,78224.82076826137,78085.38449774926,78162.84585302675,310,6
2026-07-29 19:11:11.026530,78236.79529754077,78433.08320176908,78190.62445671805,78310.74474205478,1844,2
2026-07-29 19:16:11.026530,78306.18827270545,78340.96130529614,78285.81217600455,78301.6318033561,2007,7
2026-07-29 19:21:11.026530,78349.69405037281,78489.58049832989,78370.4484860557,78397.75629738951,143,4
2026-07-29 19:26:11.026530,78322.98359910579,78250.33954779689,78153.71663735458,78248.21090082207,1330,1
2026-07-29 19:31:11.026530,78139.72311597154,78084.13230379291,77935.99618247765,78031.23533112102,185,9
2026-07-29 19:36:11.026530,78089.49794878496,78288.2556394234,78128.74127829162,78147.76056644892,2053,8
2026-07-29 19:41:11.026530,78175.02555748948,78224.56694267839,78190.65568387698,78202.29054853004,1251,5
2026-07-29 19:46:11.026530,78139.63457735951,78124.09833900066,78039.7602705564,78076.97860618896,2209,3
2026-07-29 19:51:11.026530,78016.69536942297,77995.75146341421,77947.92861585524,77956.41213265699,1337,4
2026-07-29 19:56:11.026530,78036.2346908335,78161.97697944999,78100.22238632641,78116.05724901002,418,3
2026-07-29 20:01:11.026530,78033.30524591409,77993.01887222788,77832.74731288664,77950.55324281815,985,8
2026-07-29 20:06:11.026530,78066.74814665168,78311.2791180563,78167.61949758902,78182.9430504852,817,5
2026-07-29 20:11:11.026530,78120.40309853006,78135.94896149069,77945.87978003432,78057.86314657492,722,8
2026-07-29 20:16:11.026530,78103.51876673044,78181.75343209202,78135.19628677027,78149.17438688595,560,1
2026-07-29 20:21:11.026530,78126.8491225185,78119.8843706787,77988.61153594845,78104.52385815106,762,9
2026-07-29 20:26:11.026530,78147.72928630761,78278.41777251264,78167.20337067501,78190.93471446418,869,3
2026-07-29 20:31:11.026530,78153.44430675826,78152.73272119324,78017.12145510408,78115.95389905236,2474,1
2026-07-29 20:36:11.026530,78105.29146339398,78158.89282753532,78083.91859627924,78094.62902773559,594,3
2026-07-29 20:41:11.026530,78098.28615631687,78113.89642956713,78031.76643977652,78101.94328489817,2170,2
2026-07-29 20:46:11.026530,78032.34089689296,78036.65124792392,77912.68099498135,77962.73850888775,553,7
2026-07-29 20:51:11.026530,78015.53488298276,78135.0031778043,78055.85376374872,78068.33125707776,854,4
2026-07-29 20:56:11.026530,78033.06872361313,77999.66195126117,77853.77978479539,77997.80619014852,759,7
2026-07-29 21:01:11.026530,77982.54189353503,78116.1624690207,77869.34845366115,77967.27759692154,2422,3
2026-07-29 21:06:11.026530,77898.34424546213,78080.97387227468,77816.5435952809,77829.4108940027,437,6
2026-07-29 21:11:11.026530,77651.11645608983,77618.89916915161,77412.94654390268,77472.82201817697,289,7
2026-07-29 21:16:11.026530,77460.27926362492,77508.18360084615,77414.84481768607,77447.73650907289,1147,7
2026-07-29 21:21:11.026530,77617.04648599395,77849.6325589866,77783.50376995129,77786.35646291502,2128,5
2026-07-29 21:26:11.026530,77842.10259714001,77907.40520319667,77867.44138930306,77897.848731365,1389,6
2026-07-29 21:31:11.026530,77897.27740611025,77942.4231952719,77832.22533465692,77896.70608085553,117,3
2026-07-29 21:36:11.026530,77879.05855049082,77967.68907540986,77740.9105717902,77861.4110201261,1993,4
2026-07-29 21:41:11.026530,77863.76400884404,77888.19228483812,77798.95435204163,77866.11699756196,1769,6
2026-07-29 21:46:11.026530,77905.25715666711,78010.40818945586,77866.78873960169,77944.39731577226,1722,3
2026-07-29 21:51:11.026530,77862.42911163013,77820.00569995925,77702.9234240123,77780.46090748801,340,7
2026-07-29 21:56:11.026530,77859.32377400837,78032.56068090066,77891.78564261016,77938.18664052871,1024,3
2026-07-29 22:01:11.026530,77989.1793265825,78175.03367673542,77944.14911777298,78040.17201263626,2121,9
2026-07-29 22:06:11.026530,78091.42865398552,78271.66746231861,77999.13333462566,78142.6852953348,464,4
2026-07-29 22:11:11.026530,78174.31682396957,78269.88911603166,78053.54343989109,78205.94835260432,900,2
2026-07-29 22:16:11.026530,78208.11119728736,78231.61253100679,78190.51891107301,78210.27404197042,2198,6
2026-07-29 22:21:11.026530,78258.44798880015,78580.76049305857,78275.27158601077,78306.62193562987,595,9
2026-07-29 22:26:11.026530,78349.13673666288,78416.80999193617,78339.80293993148,78391.65153769589,2136,2
2026-07-29 22:31:11.026530,78367.46446755729,78343.43213005702,78296.67271605857,78343.27739741869,2308,4
2026-07-29 22:36:11.026530,78303.63684274795,78275.82829100544,78246.9267731919,78263.9962880772,791,5
2026-07-29 22:41:11.026530,78271.95424974678,78284.46881737809,78174.23216094845,78279.91221141638,1864,9
2026-07-29 22:46:11.026530,78389.98093301698,78612.49023183106,78474.13229127198,78500.04965461757,641,7
2026-07-29 22:51:11.026530,78413.3874988291,78373.87812893189,78280.07774730926,78326.72534304064,799,5
2026-07-29 22:56:11.026530,78224.19126430932,78174.9981546221,78060.41864660046,78121.657185578,2269,6
2026-07-29 23:01:11.026530,78134.02461058245,78203.98013466793,78116.91238806942,78146.3920355869,887,9
2026-07-29 23:06:11.026530,78150.75276409584,78235.01171240007,78132.22933459983,78155.1134926048,583,4
2026-07-29 23:11:11.026530,78168.08998152165,78232.06990438598,78097.13735975434,78181.06647043853,414,2
2026-07-29 23:16:11.026530,78199.01767069058,78251.6058292786,78211.40636346755,78216.96887094261,416,5
2026-07-29 23:21:11.026530,78202.04150675576,78193.0957535795,78147.85507467393,78187.11414256891,1823,7
2026-07-29 23:26:11.026530,78292.8781339864,78406.35771652893,78383.34610716833,78398.64212540389,2393,4
2026-07-29 23:31:11.026530,78286.62863041685,78183.70804745278,78027.20544170555,78174.61513542982,1702,1
2026-07-29 23:36:11.026530,78117.14847469507,78143.83601077505,78044.31801604708,78059.68181396033,314,8
2026-07-29 23:41:11.026530,78053.20891723529,78100.99116538219,77988.70737931003,78046.73602051024,1111,5
2026-07-29 23:46:11.026530,77932.26374404441,77992.37808845253,77789.23501006865,77817.79146757859,2084,2
2026-07-29 23:51:11.026530,77806.25521481058,77980.10272696623,77666.95534871201,77794.71896204255,431,3
2026-07-29 23:56:11.026530,77912.00161308034,78035.9964640353,78007.12294025246,78029.28426411813,1216,5
2026-07-30 00:01:11.026530,78031.5314036322,78357.11837091425,77992.70950470364,78033.77854314625,438,4
2026-07-30 00:06:11.026530,78050.76479444312,78172.03231311498,78000.91260759397,78067.75104573999,2151,9
2026-07-30 00:11:11.026530,77980.08989805797,77937.88727389752,77695.33866197837,77892.42875037594,2121,9
2026-07-30 00:16:11.026530,77850.02188059714,77874.96548743972,77795.45004461064,77807.61501081835,444,8
2026-07-30 00:21:11.026530,77782.12761754433,77790.10053143844,77668.9523385331,77756.64022427032,2216,2
2026-07-30 00:26:11.026530,77735.18969772718,77751.22629652625,77642.57180009213,77713.73917118406,1032,5
2026-07-30 00:31:11.026530,77804.26278853013,77946.29444204361,77737.82953728066,77894.7864058762,2289,8
2026-07-30 00:36:11.026530,77934.68287758499,78105.90340610535,77947.41670129422,77974.57934929377,2012,8
2026-07-30 00:41:11.026530,77897.43659572178,77910.87187087645,77749.60437267186,77820.29384214978,770,7
2026-07-30 00:46:11.026530,77838.340995937,77885.24260216411,77753.070675054,77856.38814972423,2481,4
2026-07-30 00:51:11.026530,77892.09384983452,77980.22778008033,77842.20125571798,77927.79954994482,2443,3
2026-07-30 00:56:11.026530,78008.62692217284,78143.55974231787,78078.86511417873,78089.45429440086,522,8
2026-07-30 01:01:11.026530,78201.47678677479,78380.06568941666,78254.42336105557,78313.49927914872,1853,8
2026-07-30 01:06:11.026530,78242.80029547372,78254.69223975853,78165.23921529186,78172.1013117987,2025,5
2026-07-30 01:11:11.026530,78115.8757201503,78102.36168539978,78020.98808224518,78059.65012850192,2100,3
2026-07-30 01:16:11.026530,77972.17940919672,77904.88570288058,77808.31311143986,77884.7086898915,974,5
2026-07-30 01:21:11.026530,77869.08675952765,77978.36635409684,77825.38614779059,77853.4648291638,925,4
2026-07-30 01:26:11.026530,77886.93459823844,78092.70447141958,77888.43357834787,77920.4043673131,1022,8
2026-07-30 01:31:11.026530,77990.48668283728,78079.17762771292,78013.74748623474,78060.56899836144,428,2
2026-07-30 01:36:11.026530,78056.01396776023,78163.7978335044,77978.95757126382,78051.458937159,1371,8
2026-07-30 01:41:11.026530,78029.77736756264,78147.29516742728,77976.1141277079,78008.09579796628,2235,6
2026-07-30 01:46:11.026530,78019.53207199418,78112.45711447776,77960.49997653492,78030.96834602208,174,4
2026-07-30 01:51:11.026530,77973.14124415134,77961.14350467725,77900.04908944371,77915.3141422806,1475,3
2026-07-30 01:56:11.026530,78062.89849965666,78248.44530231065,78130.42297480076,78210.48285703272,529,5
2026-07-30 02:01:11.026530,78098.26393521082,78063.61834899236,77869.5604371749,77986.04501338894,1435,6
2026-07-30 02:06:11.026530,77999.7937655328,78053.96105387,77837.18258641803,78013.54251767666,2163,1
2026-07-30 02:11:11.026530,78156.66640895148,78336.37576117563,78172.26112363093,78299.7903002263,481,1
2026-07-30 02:16:11.026530,78301.05250223853,78487.15429218882,78259.066106148,78302.31470425075,2008,3
2026-07-30 02:21:11.026530,78289.70731104769,78297.94485425984,78225.80740761179,78277.09991784464,1162,2
2026-07-30 02:26:11.026530,78252.70848049739,78290.42584299944,78137.34045717098,78228.31704315015,650,1
2026-07-30 02:31:11.026530,78216.40057801062,78205.02310319949,78142.19187101116,78204.4841128711,905,8
2026-07-30 02:36:11.026530,78302.0142032629,78556.03913026929,78376.23857224807,78399.54429365468,2103,1
2026-07-30 02:41:11.026530,78244.56738146694,78262.02785017315,77955.97341821798,78089.59046927922,207,8
2026-07-30 02:46:11.026530,78198.29309040072,78355.96130753634,78186.54184789163,78306.99571152224,2427,5
2026-07-30 02:51:11.026530,78207.55006036404,78197.19368138452,78094.71839930788,78108.10440920583,1176,4
2026-07-30 02:56:11.026530,78090.14468389613,78138.65210276608,78038.78796667485,78072.18495858643,272,8
2026-07-30 03:01:11.026530,78042.81588919336,78090.46195485989,77981.59947421767,78013.44681980027,2499,8
2026-07-30 03:06:11.026530,78055.57324801569,78180.95259516418,77927.72474546758,78097.69967623112,1756,8
2026-07-30 03:11:11.026530,77986.31097467398,78010.8250932541,77825.0197482125,77874.92227311683,594,3
2026-07-30 03:16:11.026530,77908.10765022619,78022.51446130149,77919.2507788686,77941.29302733556,2281,8
2026-07-30 03:21:11.026530,78084.33389234358,78245.35534686325,78210.97778776703,78227.3747573516,587,1
2026-07-30 03:26:11.026530,78132.2990002445,78038.09573621272,77929.4722527467,78037.22324313741,1486,4
2026-07-30 03:31:11.026530,78051.32989308657,78080.09596157688,77948.76245992923,78065.43654303571,2392,5
2026-07-30 03:36:11.026530,78019.73383961519,78086.75659527043,77923.77576008889,77974.03113619468,309,6
2026-07-30 03:41:11.026530,78004.71026902925,78094.81486179733,77963.7522186964,78035.38940186384,875,5
2026-07-30 03:46:11.026530,78037.51459747291,78153.38831774208,78016.1421685007,78039.63979308198,365,5
2026-07-30 03:51:11.026530,77995.39003222558,77952.82363599524,77945.460156734,77951.14027136916,795,5
2026-07-30 03:56:11.026530,77986.16268928324,78054.87565929562,77984.95092927825,78021.18510719732,768,9
2026-07-30 04:01:11.026530,78148.87347722994,78562.08136404582,78247.2291671843,78276.56184726255,1150,3
2026-07-30 04:06:11.026530,78263.89769900659,78308.40609885137,78177.08704872883,78251.23355075062,510,2
2026-07-30 04:11:11.026530,78302.7396876229,78388.88528231633,78211.57155725073,78354.24582449518,1154,2
2026-07-30 04:16:11.026530,78263.93353797772,78262.7861225339,77970.01247275677,78173.62125146027,1752,8
2026-07-30 04:21:11.026530,78107.16825586764,78199.19343692795,78028.63849036522,78040.71526027503,1456,5
2026-07-30 04:26:11.026530,78074.69068165663,78195.15087790859,78044.82610963719,78108.66610303824,2246,5
2026-07-30 04:31:11.026530,78213.91885625829,78328.89392537363,78194.37075656404,78319.17160947833,2442,6
2026-07-30 04:36:11.026530,78345.02954331978,78491.69737136006,78248.43314770343,78370.88747716123,1863,9
2026-07-30 04:41:11.026530,78349.59580050514,78423.19293278859,78299.98411891579,78328.30412384903,1864,7
2026-07-30 04:46:11.026530,78329.03746104559,78349.15133954839,78270.881974035,78329.77079824216,1791,5
2026-07-30 04:51:11.026530,78242.50173308534,78182.51049156056,78057.35899553777,78155.23266792853,1023,5
2026-07-30 04:56:11.026530,78198.55965412033,78264.60161710346,78218.2242460802,78241.8866403121,971,9
2026-07-30 05:01:11.026530,78304.85153876463,78411.71252679215,78294.67529603663,78367.81643721717,79,9
2026-07-30 05:06:11.026530,78336.72605720951,78450.95786901603,78304.5654880738,78305.63567720186,1031,2
2026-07-30 05:11:11.026530,78273.30583459063,78256.96261036496,78238.67951440615,78240.97599197942,280,7
2026-07-30 05:16:11.026530,78260.48557985298,78287.294377023,78227.46629586651,78279.99516772655,1235,1
2026-07-30 05:21:11.026530,78250.02167347987,78407.23565502229,78188.74808082107,78220.0481792332,1301,4
2026-07-30 05:26:11.026530,78216.1749648452,78228.80999238108,78192.80210298981,78212.30175045719,1294,2
2026-07-30 05:31:11.026530,78361.16817005831,78580.9607801532,78441.367064007,78510.03458965945,1146,9
2026-07-30 05:36:11.026530,78493.36863214496,78567.19732962511,78464.12256465695,78476.70267463048,448,6
2026-07-30 05:41:11.026530,78452.18588589237,78491.25652281061,78357.81530710561,78427.66909715426,144,4
2026-07-30 05:46:11.026530,78382.77242000325,78404.94298383605,78288.31309056087,78337.87574285227,2013,3
2026-07-30 05:51:11.026530,78391.16391362235,78569.554496553,78396.03199903523,78444.45208439244,524,4
2026-07-30 05:56:11.026530,78432.44393959988,78510.0252680826,78302.89347013186,78420.43579480732,1979,2
2026-07-30 06:01:11.026530,78375.41416115977,78375.41021049448,78235.69561434984,78330.39252751223,1828,5
2026-07-30 06:06:11.026530,78424.43699915518,78551.43204034856,78478.35556231606,78518.48147079813,824,9
2026-07-30 06:11:11.026530,78619.71551793077,78816.50016233034,78571.03632466277,78720.9495650634,1197,6
2026-07-30 06:16:11.026530,78679.2195893544,78669.5965112335,78615.63611211149,78637.48961364539,1573,2
2026-07-30 06:21:11.026530,78506.39301233535,78583.51306266196,78137.00936510484,78375.29641102532,670,6
2026-07-30 06:26:11.026530,78447.21384070264,78585.40275345922,78501.91942056225,78519.13127037996,1013,9
2026-07-30 06:31:11.026530,78471.56441572434,78497.20072276516,78412.56846389355,78423.99756106871,2192,4
2026-07-30 06:36:11.026530,78480.6262704544,78633.57858520186,78315.27082920815,78537.25497984012,1550,1
2026-07-30 06:41:11.026530,78399.03030734483,78287.57191895386,78148.05916677945,78260.80563484953,2130,2
2026-07-30 06:46:11.026530,78324.50989004757,78504.57704215425,78327.79176815352,78388.2141452456,1376,5
2026-07-30 06:51:11.026530,78303.64195875937,78287.21504828047,78191.31387894318,78219.06977227316,171,7
2026-07-30 06:56:11.026530,78271.33056975155,78572.55017792466,78304.47570611874,78323.59136722994,267,8
2026-07-30 07:01:11.026530,78325.38077016307,78412.10862667624,78218.18421857308,78327.17017309621,1126,3
2026-07-30 07:06:11.026530,78260.76237306074,78274.10781343062,78103.95026496003,78194.35457302527,1232,9
2026-07-30 07:11:11.026530,78166.50129518367,78151.44633508608,78059.73662002958,78138.64801734207,1744,2
2026-07-30 07:16:11.026530,78187.72539929482,78323.30580479869,78145.06812228012,78236.80278124758,844,4
2026-07-30 07:21:11.026530,78245.04237601513,78306.82886651313,78240.81299555303,78253.28197078269,1674,4
2026-07-30 07:26:11.026530,78295.24600148972,78498.4856313541,78293.05802453178,78337.21003219676,225,6
2026-07-30 07:31:11.026530,78477.59032341189,78625.47416143063,78538.61539411874,78617.97061462702,341,6
2026-07-30 07:36:11.026530,78508.23051148055,78585.6703245974,78297.2119269313,78398.49040833408,540,3
2026-07-30 07:41:11.026530,78513.55125362944,78696.96615789781,78504.27373592145,78628.61209892482,683,9
2026-07-30 07:46:11.026530,78636.784060528,78831.00249075807,78544.32795977501,78644.95602213118,1310,5
2026-07-30 07:51:11.026530,78582.17629137062,78594.22467058856,78477.6374072786,78519.39656061004,2222,2
2026-07-30 07:56:11.026530,78426.2824702196,78420.09294923155,78308.64880992002,78333.16837982913,1940,6
2026-07-30 08:01:11.026530,78320.62076238007,78475.02634706671,78205.2379775341,78308.07314493103,653,3
2026-07-30 08:06:11.026530,78373.86682295994,78471.62029512976,78418.83597463749,78439.66050098887,1178,8
2026-07-30 08:11:11.026530,78431.44134021476,78439.07978685986,78365.3012171206,78423.22217944065,1115,3
2026-07-30 08:16:11.026530,78530.81242218026,78726.10572553553,78483.36288012017,78638.40266491988,1714,5
2026-07-30 08:21:11.026530,78536.6147046258,78557.9809880133,78345.28500549275,78434.8267443317,1533,4
2026-07-30 08:26:11.026530,78434.75771758305,78475.34623835483,78375.7453091892,78434.6886908344,540,4
2026-07-30 08:31:11.026530,78347.16287302136,78320.62436846203,78158.5555572241,78259.6370552083,614,2
2026-07-30 08:36:11.026530,78286.04048486831,78324.1880022004,78237.86806172745,78312.44391452831,217,8
2026-07-30 08:41:11.026530,78375.78710615383,78509.57010958232,78391.96834595843,78439.13029777935,808,3
2026-07-30 08:46:11.026530,78410.22157837814,78448.87271708605,78329.43110814778,78381.31285897695,1247,4
2026-07-30 08:51:11.026530,78198.81338838575,78136.31088888778,77964.46903513419,78016.31391779457,1954,6
2026-07-30 08:56:11.026530,78031.06595064542,78206.94627139575,77889.22075396817,78045.81798349628,1223,9
2026-07-30 09:01:11.026530,78077.28818026066,78162.84542129913,78105.12042524954,78108.75837702505,2346,4
2026-07-30 09:06:11.026530,78137.97145019706,78189.56145865335,78141.69528164541,78167.18452336907,1700,3
2026-07-30 09:11:11.026530,78255.00256125795,78419.1944068214,78287.90209073063,78342.82059914684,229,5
2026-07-30 09:16:11.026530,78268.15684571367,78421.36419004954,78114.85714274328,78193.49309228052,77,9
2026-07-30 09:21:11.026530,78242.17493651345,78311.32485453897,78250.49943420122,78290.85678074636,1894,1
2026-07-30 09:26:11.026530,78375.75781710938,78532.76836421044,78442.22730109547,78460.65885347241,2214,5
2026-07-30 09:31:11.026530,78336.04754965735,78284.41044362339,78144.7609530217,78211.4362458423,311,4
2026-07-30 09:36:11.026530,78234.72567803305,78323.021432818,78136.4412167395,78258.01511022382,246,5
2026-07-30 09:41:11.026530,78223.30259519338,78204.44244036009,78081.35310479788,78188.59008016293,1510,7
2026-07-30 09:46:11.026530,78183.63555145843,78249.65594874333,78077.68789391856,78178.68102275391,1712,7
2026-07-30 09:51:11.026530,78203.93376303447,78298.91337553645,78177.3742085117,78229.18650331504,1483,7
2026-07-30 09:56:11.026530,78195.67921050653,78203.7816856818,78133.56290344559,78162.17191769801,382,1
2026-07-30 10:01:11.026530,78115.44816226422,78238.21426083402,77946.44009575664,78068.72440683041,1231,9
2026-07-30 10:06:11.026530,78071.90483573623,78186.72226593165,77980.46430381281,78075.08526464205,1825,7
2026-07-30 10:11:11.026530,77999.54106784047,78076.12331366359,77862.81450111252,77923.99687103891,128,4
2026-07-30 10:16:11.026530,77848.69831590995,77911.27200441105,77708.82698211007,77773.39976078099,1917,4
2026-07-30 10:21:11.026530,77821.76099489281,77875.65503672515,77734.04310336908,77870.12222900464,1942,2
2026-07-30 10:26:11.026530,77790.47145491489,77850.38666972196,77543.5206156423,77710.82068082513,246,6
2026-07-30 10:31:11.026530,77758.22840890888,77819.08721003329,77742.4822137551,77805.63613699265,1833,3
2026-07-30 10:36:11.026530,77838.82132808851,77892.47775574625,77806.12247961029,77872.00651918438,275,1
2026-07-30 10:41:11.026530,77752.01767486183,77636.76682973347,77583.3703633208,77632.02883053929,1611,5
2026-07-30 10:46:11.026530,77585.49242256468,77549.41720788195,77375.88269126668,77538.95601459008,784,6
2026-07-30 10:51:11.026530,77623.15369705702,77725.41150276085,77684.88525527147,77707.35137952394,1412,5
2026-07-30 10:56:11.026530,77639.56825102978,77667.57618939511,77500.3136535263,77571.78512253561,1629,5
2026-07-30 11:01:11.026530,77540.15154661553,77521.08570609076,77499.6845625533,77508.51797069544,1669,8
2026-07-30 11:06:11.026530,77541.53940575907,77634.2529376044,77552.1049297495,77574.56084082271,2092,1
2026-07-30 11:11:11.026530,77630.07032636109,77772.11307754136,77546.04985753598,77685.57981189947,269,8
2026-07-30 11:16:11.026530,77668.77345481658,77684.52195961624,77606.70364387911,77651.9670977337,2390,7
2026-07-30 11:21:11.026530,77611.00718039882,77651.33237508136,77448.45733890335,77570.04726306397,1277,1
2026-07-30 11:26:11.026530,77670.25215322235,77884.0870817641,77749.01149567905,77770.45704338072,1778,9
2026-07-30 11:31:11.026530,77893.13939184099,78028.35756326347,77944.34084682717,78015.82174030127,251,4
2026-07-30 11:36:11.026530,78085.39364042025,78169.42083358963,78105.72710197643,78154.96554053926,1939,7
2026-07-30 11:41:11.026530,78161.74891172445,78175.91004342106,78159.83974967965,78168.53228290964,2129,3
2026-07-30 11:46:11.026530,78112.49133317918,78057.8037544722,78003.63580977758,78056.4503834487,1763,8
2026-07-30 11:51:11.026530,77998.93398261462,78158.8943667609,77848.19510070654,77941.41758178054,802,4
2026-07-30 11:56:11.026530,77978.86792014123,78128.39996181114,77915.0897143078,78016.31825850194,1066,2
2026-07-30 12:01:11.026530,78046.48778234833,78244.45512739859,78030.71234169492,78076.6573061947,164,2
2026-07-30 12:06:11.026530,78176.0533148635,78303.54762519985,78263.76685615155,78275.44932353229,1295,8
2026-07-30 12:11:11.026530,78322.08268418511,78400.57577731479,78343.65182688348,78368.71604483793,2279,8
2026-07-30 12:16:11.026530,78263.6258812914,78185.21539178124,78108.88899572777,78158.53571774488,518,1
2026-07-30 12:21:11.026530,78233.3857101151,78357.61637976354,78185.53739219539,78308.23570248531,475,6
2026-07-30 12:26:11.026530,78238.7398030054,78277.6515960898,78074.93168657456,78169.2439035255,1625,9
2026-07-30 12:31:11.026530,78143.02112702637,78243.95717844526,78094.72603633201,78116.79835052724,1915,9
2026-07-30 12:36:11.026530,78135.17419495959,78200.54027788698,78132.77626911258,78153.55003939194,883,2
2026-07-30 12:41:11.026530,78294.9584681245,78472.6878103028,78431.77092020608,78436.36689685706,2078,8
2026-07-30 12:46:11.026530,78657.30893101303,78943.88561169796,78767.76891069228,78878.250965169,60,8
2026-07-30 12:51:11.026530,78922.13567363333,79153.08500254444,78891.75418582415,78966.02038209765,1458,4
2026-07-30 12:56:11.026530,78953.79225911868,79023.04448377703,78878.17472925014,78941.56413613971,2139,4
2026-07-30 13:01:11.026530,78980.34783433346,79023.97790889733,78961.47806703363,79019.13153252722,1775,5
2026-07-30 13:06:11.026530,79083.10103894473,79223.18395722484,79086.59536227172,79147.07054536224,2220,7
2026-07-30 13:11:11.026530,79125.02624533561,79151.18991614308,79070.95312409314,79102.981945309,2349,1
2026-07-30 13:16:11.026530,79231.78817501104,79411.39463291512,79250.8338523707,79360.59440471308,1022,9
2026-07-30 13:21:11.026530,79377.82444738716,79451.23858447197,79321.83293874197,79395.05449006124,653,3
2026-07-30 13:26:11.026530,79431.43160335757,79489.86558240812,79370.11544595544,79467.8087166539,262,4
2026-07-30 13:31:11.026530,79516.26049893144,79678.4533422554,79538.12418268333,79564.71228120898,2365,7
2026-07-30 13:36:11.026530,79595.70907341973,79664.19201554138,79578.17759417048,79626.70586563047,589,5
2026-07-30 13:41:11.026530,79687.67062328913,79824.21725840699,79674.69611765303,79748.63538094777,755,5
2026-07-30 13:46:11.026530,79705.15400253811,79691.92775643631,79617.33092154903,79661.67262412845,1808,1
2026-07-30 13:51:11.026530,79622.46082832618,79632.12398549801,79545.04605739849,79583.24903252389,1734,2
2026-07-30 13:56:11.026530,79505.32280502084,79460.24421000246,79354.8285249326,79427.39657751778,1208,5
2026-07-30 14:01:11.026530,79459.62151326194,79631.47746979882,79342.31392000438,79491.8464490061,547,2
2026-07-30 14:06:11.026530,79548.4087670079,79625.2645023819,79506.96030233322,79604.97108500972,831,1
2026-07-30 14:11:11.026530,79638.57821098043,79705.40103923906,79588.66623062386,79672.18533695112,1959,3
2026-07-30 14:16:11.026530,79793.23502789723,79993.3211806604,79804.39331625219,79914.28471884334,175,1
2026-07-30 14:21:11.026530,79914.6813820016,79936.6214092402,79903.31325111058,79915.07804515985,1576,8
2026-07-30 14:26:11.026530,79964.00541433989,80223.8437007009,79934.96680087791,80012.93278351994,890,8
2026-07-30 14:31:11.026530,79935.1933713886,79873.34815777463,79834.8948193723,79857.45395925725,1032,8
2026-07-30 14:36:11.026530,79830.44015901937,79821.16722297268,79773.71172006417,79803.42635878151,1391,7
2026-07-30 14:41:11.026530,79854.21235187005,80022.74862956261,79868.07736527582,79904.99834495859,61,7
2026-07-30 14:46:11.026530,79966.90806505512,80109.04884422227,79855.70081894881,80028.81778515164,1550,2
2026-07-30 14:51:11.026530,80008.45001423755,80058.02623268269,79950.04377167734,79988.08224332344,1367,9
2026-07-30 14:56:11.026530,79983.72798303161,79999.3020784374,79909.55773344565,79979.37372273978,1513,7
2026-07-30 15:01:11.026530,79871.06173080261,79771.51816964432,79697.05809981166,79762.74973886546,1880,5
2026-07-30 15:06:11.026530,79737.92522797346,79739.47422185435,79623.24180361751,79713.10071708147,565,4
2026-07-30 15:11:11.026530,79777.82803257102,79850.54262124356,79700.09463045301,79842.55534806057,2413,8
2026-07-30 15:16:11.026530,79884.7092681738,80034.14834279231,79861.03280618033,79926.86318828702,1753,5
2026-07-30 15:21:11.026530,79963.69439529124,80011.18995365927,79875.51928762013,80000.52560229544,1197,6
2026-07-30 15:26:11.026530,80004.90957679482,80135.29780046477,79988.2106957532,80009.29355129419,2411,4
2026-07-30 15:31:11.026530,80010.602272135,80152.77519172485,79995.3264628805,80011.91099297581,1598,2
2026-07-30 15:36:11.026530,79965.18821639378,79950.4302277357,79734.43573676916,79918.46543981177,2136,7
2026-07-30 15:41:11.026530,79969.56163065149,80071.58249034615,79999.36786222346,80020.6578214912,2350,2
2026-07-30 15:46:11.026530,80051.78801101446,80191.32435319867,80021.66749695236,80082.91820053774,2400,7
2026-07-30 15:51:11.026530,80119.19752977707,80189.75032764665,80131.05803633109,80155.47685901639,1028,7
2026-07-30 15:56:11.026530,80118.34750705643,80091.35209413987,79983.01720846148,80081.21815509649,2355,1
2026-07-30 16:01:11.026530,79927.1181725988,79908.63858551285,79664.81311069522,79773.01819010111,2056,3
2026-07-30 16:06:11.026530,79852.66620268823,79962.17531827877,79882.71408371376,79932.31421527534,1896,3
2026-07-30 16:11:11.026530,79898.68057121887,79937.27457971142,79768.06142720117,79865.0469271624,273,6
2026-07-30 16:16:11.026530,79803.87741173917,79819.8557697746,79638.24314337094,79742.70789631596,2189,3
2026-07-30 16:21:11.026530,79793.30730093915,79923.69507637025,79808.18872205763,79843.90670556235,329,9
2026-07-30 16:26:11.026530,79816.54468712825,79803.71574785394,79707.7711261776,79789.18266869416,1243,5
2026-07-30 16:31:11.026530,79866.16905913605,80001.55117550776,79938.69061153817,79943.15544957794,1869,6
2026-07-30 16:36:11.026530,79988.37330049521,80036.8486858747,79958.15293248315,80033.59115141249,1807,6
2026-07-30 16:41:11.026530,80083.66044170383,80153.96945341704,80119.45363355,80133.72973199518,2095,8
2026-07-30 16:46:11.026530,80036.13690525516,80039.1219675334,79840.8060479926,79938.54407851514,297,3
2026-07-30 16:51:11.026530,80026.63332650835,80168.82755574051,80100.1744765168,80114.72257450156,1434,9
2026-07-30 16:56:11.026530,80134.36554877635,80168.66198980583,80141.02399871907,80154.00852305115,1422,7
2026-07-30 17:01:11.026530,80128.17925141202,80219.34359116248,80094.23134502654,80102.3499797729,2175,6
2026-07-30 17:06:11.026530,80113.48973005367,80329.27129369548,80055.16577107398,80124.62948033442,94,1
2026-07-30 17:11:11.026530,79997.54455122793,80047.47166376791,79812.85664842131,79870.45962212143,2135,4
2026-07-30 17:16:11.026530,79900.64508806518,80078.09797954236,79741.22167813171,79930.83055400892,465,5
2026-07-30 17:21:11.026530,79857.64628374427,79838.49685822915,79743.88855336551,79784.46201347961,2342,2
2026-07-30 17:26:11.026530,79688.24621219293,79595.54765738826,79507.1167638204,79592.03041090623,2420,1
2026-07-30 17:31:11.026530,79483.92254511699,79388.37186370748,79337.5488544518,79375.81467932776,1325,2
2026-07-30 17:36:11.026530,79456.17818291318,79622.99185642853,79481.5462294475,79536.5416864986,1134,8
2026-07-30 17:41:11.026530,79492.31716948583,79538.85920229451,79350.70414242762,79448.09265247306,1192,6
2026-07-30 17:46:11.026530,79558.70742299713,79691.7593183686,79626.77420768324,79669.3221935212,136,2
2026-07-30 17:51:11.026530,79631.71840139799,79643.81867169007,79581.9528459205,79594.11460927477,2177,9
2026-07-30 17:56:11.026530,79472.78978138397,79376.75841209764,79340.68457786531,79351.46495349315,277,8
2026-07-30 18:01:11.026530,79272.59889082995,79199.27274976682,79037.85893908663,79193.73282816674,1888,4
2026-07-30 18:06:11.026530,79282.7062585722,79379.6462645426,79290.5186460684,79371.67968897765,672,7
2026-07-30 18:11:11.026530,79361.33824319096,79398.12484771354,79198.8777638672,79350.99679740427,1656,3
2026-07-30 18:16:11.026530,79312.65241912076,79317.97780487374,79271.58682200655,79274.30804083725,534,6
2026-07-30 18:21:11.026530,79286.51946529633,79323.33366319985,79141.52780773888,79298.73088975542,74,3
2026-07-30 18:26:11.026530,79335.35243987862,79452.87091758479,79356.61242811086,79371.97399000182,1864,3
2026-07-30 18:31:11.026530,79452.6707771837,79584.75738817391,79450.95065389787,79533.36756436556,1275,9
2026-07-30 18:36:11.026530,79637.98388652339,79817.42021430087,79711.16093614328,79742.60020868122,1298,6
2026-07-30 18:41:11.026530,79717.58548635873,79745.37003911304,79565.63955931658,79692.57076403622,828,8
2026-07-30 18:46:11.026530,79598.37067998943,79506.96152660603,79490.04463722908,79504.17059594263,980,4
2026-07-30 18:51:11.026530,79475.39107627232,79517.87024026323,79373.06416072635,79446.61155660203,1652,4
2026-07-30 18:56:11.026530,79466.02132708774,79563.18859412457,79443.21165150775,79485.43109757346,1632,8
2026-07-30 19:01:11.026530,79417.3400343399,79501.74188481444,79282.97078098224,79349.24897110635,802,7
2026-07-30 19:06:11.026530,79281.74566901365,79259.8416026029,79123.8769740298,79214.24236692092,1763,5
2026-07-30 19:11:11.026530,79239.55219958929,79330.46645280643,79204.44093432307,79264.86203225766,1150,2
2026-07-30 19:16:11.026530,79262.18399162097,79266.25025902252,79194.7371543811,79259.50595098428,475,6
2026-07-30 19:21:11.026530,79262.63819610773,79320.28886991699,79192.24733155007,79265.77044123116,709,1
2026-07-30 19:26:11.026530,79212.4885014715,79222.55754074175,79066.6907599529,79159.20656171185,1567,7
2026-07-30 19:31:11.026530,79143.58673276476,79152.59170780022,79027.23807632172,79127.96690381765,596,9
2026-07-30 19:36:11.026530,79062.99217429949,79010.8556068268,78967.98226409461,78998.01744478133,1150,5
2026-07-30 19:41:11.026530,79062.15095326686,79139.75534161757,79099.86495996165,79126.28446175238,2152,5
2026-07-30 19:46:11.026530,79200.86983142441,79292.14676708679,79216.88889582471,79275.45520109645,1546,7
2026-07-30 19:51:11.026530,79144.7423110141,79016.08848223461,79013.59545788131,79014.02942093175,1512,5
2026-07-30 19:56:11.026530,78948.77355535155,78927.01790665329,78753.41486937602,78883.51768977135,1785,4
2026-07-30 20:01:11.026530,78778.20104025563,78740.48859384694,78590.12169885586,78672.8843907399,1821,1
2026-07-30 20:06:11.026530,78627.6717907274,78701.2264689959,78416.8166380777,78582.4591907149,2411,6
2026-07-30 20:11:11.026530,78577.34426349559,78592.30142737151,78533.61252957534,78572.22933627626,1393,9
2026-07-30 20:16:11.026530,78470.63497659762,78480.04825239078,78359.6964209572,78369.040616919,2317,4
2026-07-30 20:21:11.026530,78304.8561897708,78256.56394727764,78180.67469568102,78240.67176262262,1444,4
2026-07-30 20:26:11.026530,78170.82133430248,78172.76716984536,78045.96855836465,78100.97090598235,1289,5
2026-07-30 20:31:11.026530,78116.32393468398,78187.81936254226,78060.86129005057,78131.6769633856,98,6
2026-07-30 20:36:11.026530,78137.33488024106,78329.47120511867,77956.62642742293,78142.99279709652,1870,3
2026-07-30 20:41:11.026530,78093.0473179661,78109.39928674833,77988.0966125301,78043.10183883569,2215,9
2026-07-30 20:46:11.026530,78056.30418715578,78097.53053103997,77874.10499903378,78069.50653547587,2179,1
2026-07-30 20:51:11.026530,78031.89422305007,78142.15486022786,77945.1394833558,77994.28191062427,1796,6
2026-07-30 20:56:11.026530,77975.99735058614,77995.92903713981,77900.78869783694,77957.71279054803,545,6
2026-07-30 21:01:11.026530,78076.08438865666,78269.25452819944,78095.40505031392,78194.4559867653,683,8
2026-07-30 21:06:11.026530,78289.68868727921,78437.8172092352,78383.47641418995,78384.92138779313,651,5
2026-07-30 21:11:11.026530,78294.12974600567,78296.35232630992,78136.05047462559,78203.33810421822,225,9
2026-07-30 21:16:11.026530,78262.56400636854,78383.72077458787,78261.05081161708,78321.78990851888,688,9
2026-07-30 21:21:11.026530,78379.81109382858,78523.16391100344,78392.1685329034,78437.83227913828,346,2
2026-07-30 21:26:11.026530,78357.63820411054,78279.42110670339,78250.22135312078,78277.4441290828,1333,5
2026-07-30 21:31:11.026530,78335.95323222305,78467.64990349989,78379.8947913177,78394.46233536332,1924,7
2026-07-30 21:36:11.026530,78503.90760223201,78748.30722325796,78563.39954780966,78613.3528691007,524,2
2026-07-30 21:41:11.026530,78534.79529933928,78519.82203338589,78455.15193848244,78456.23772957787,1696,7
2026-07-30 21:46:11.026530,78392.28903495135,78511.23661428555,78229.49231186142,78328.34034032482,2008,9
2026-07-30 21:51:11.026530,78400.93137503743,78512.3715220149,78406.51591629344,78473.52240975003,1110,8
2026-07-30 21:56:11.026530,78493.48689644894,78607.13022958642,78489.51286694701,78513.45138314785,1838,9
2026-07-30 22:01:11.026530,78553.22512800171,78676.9124210322,78512.89674175417,78592.99887285556,74,4
2026-07-30 22:06:11.026530,78617.88381396155,78675.14037671032,78599.87552211176,78642.76875506753,398,8
2026-07-30 22:11:11.026530,78671.21833769984,78750.98091440609,78685.73492680324,78699.66792033215,686,9
2026-07-30 22:16:11.026530,78606.61149858971,78632.39479346844,78479.44538635387,78513.55507684726,276,2
2026-07-30 22:21:11.026530,78588.41727522913,78765.97970053976,78582.63404578874,78663.27947361101,1421,3
2026-07-30 22:26:11.026530,78746.95840073036,78878.8195673427,78791.15207686501,78830.6373278497,87,1
2026-07-30 22:31:11.026530,78815.15395945894,78806.11047511472,78686.04832269916,78799.67059106818,1456,1
2026-07-30 22:36:11.026530,78797.3752822441,78925.92357089829,78715.20540361546,78795.07997342003,2333,6
2026-07-30 22:41:11.026530,78687.43588383304,78635.66621729446,78537.01127881842,78579.79179424605,1254,1
2026-07-30 22:46:11.026530,78616.96419408426,78704.63758282176,78641.08464315096,78654.13659392245,2211,5
2026-07-30 22:51:11.026530,78695.44002541606,78777.40246729023,78709.60679818306,78736.74345690965,2403,6
2026-07-30 22:56:11.026530,78733.12394440698,78778.58495794487,78628.57200717083,78729.5044319043,2229,9
2026-07-30 23:01:11.026530,78810.04180605341,78903.57466386365,78786.32795952848,78890.57918020253,397,6
2026-07-30 23:06:11.026530,78867.65475845171,78976.84733022949,78731.05654070254,78844.73033670087,1253,4
2026-07-30 23:11:11.026530,78885.60454090073,79115.22955145808,78922.95602127742,78926.47874510058,1032,1
2026-07-30 23:16:11.026530,78854.90233512362,78897.99710193394,78736.10599338578,78783.32592514665,781,6
2026-07-30 23:21:11.026530,78782.4438031823,78808.93771615307,78667.24725387627,78781.56168121794,2482,7
2026-07-30 23:26:11.026530,78769.98888652847,78761.17889916983,78705.36337387783,78758.41609183901,1116,5
2026-07-30 23:31:11.026530,78775.17764778834,78954.69996351146,78764.84342784769,78791.93920373768,1553,6
2026-07-30 23:36:11.026530,78766.53115101447,78853.78853059176,78739.75933384632,78741.12309829127,1191,8
2026-07-30 23:41:11.026530,78732.59436357781,78892.72410377802,78647.57995316896,78724.06562886437,1644,1
2026-07-30 23:46:11.026530,78783.42439426575,78907.25692182039,78764.85606267964,78842.78315966715,2158,8
2026-07-30 23:51:11.026530,78812.59101797364,78817.88742811572,78762.75580550593,78782.39887628012,1859,2
2026-07-30 23:56:11.026530,78669.43598533416,78640.01039210963,78428.48117333425,78556.4730943882,2285,2
2026-07-31 00:01:11.026530,78681.15315276932,78854.44321352731,78784.88042182871,78805.83321115044,502,8
2026-07-31 00:06:11.026530,78904.72513555238,79065.34776482522,78925.26273978456,79003.61705995431,2284,2
2026-07-31 00:11:11.026530,78912.62796579345,78929.46641277465,78694.80452109153,78821.63887163257,1813,8
2026-07-31 00:16:11.026530,78871.3859683569,79003.901365944,78813.40719540964,78921.13306508123,213,5
2026-07-31 00:21:11.026530,78886.21193256983,78860.92730887952,78823.49639119628,78851.29080005843,1497,9
2026-07-31 00:26:11.026530,78870.78280612896,78937.58491042942,78774.31239185116,78890.27481219951,151,9
2026-07-31 00:31:11.026530,78911.95995367068,79017.82978514455,78930.32940232586,78933.64509514187,1502,8
2026-07-31 00:36:11.026530,78917.7852232116,78965.09623700485,78883.91274339709,78901.92535128134,740,9
2026-07-31 00:41:11.026530,78847.09594910622,78837.83175594996,78691.60733574432,78792.2665469311,1500,7
2026-07-31 00:46:11.026530,78744.11555411151,78798.72032296023,78564.69880299683,78695.96456129193,2016,8
2026-07-31 00:51:11.026530,78631.9131637647,78718.89002621737,78523.72308511622,78567.86176623747,585,6
2026-07-31 00:56:11.026530,78509.87124647494,78542.04581516636,78450.89874710524,78451.88072671242,2075,9
2026-07-31 01:01:11.026530,78447.92220839317,78656.22402046979,78396.00759606701,78443.9636900739,1750,2
2026-07-31 01:06:11.026530,78394.24732016484,78382.74524828834,78303.62236462781,78344.53095025576,1513,3
2026-07-31 01:11:11.026530,78393.4364430136,78602.89462285762,78373.04814582439,78442.34193577146,1679,2
2026-07-31 01:16:11.026530,78548.26590004386,78676.54449990639,78642.25412115813,78654.18986431626,1928,6
2026-07-31 01:21:11.026530,78613.93576576002,78690.14377590678,78433.73199043194,78573.68166720378,173,3
2026-07-31 01:26:11.026530,78591.4012025517,78635.06827527151,78536.03132063906,78609.12073789962,2446,1
2026-07-31 01:31:11.026530,78645.27527385042,78770.50193166293,78638.2881372944,78681.42980980122,298,4
2026-07-31 01:36:11.026530,78715.65553555246,78821.1680636401,78635.83176160678,78749.8812613037,2021,5
2026-07-31 01:41:11.026530,78756.05256518206,78813.29059754699,78619.14184030208,78762.22386906043,1344,4
2026-07-31 01:46:11.026530,78815.69354469064,78919.72013535313,78757.0595848401,78869.16322032084,1502,6
2026-07-31 01:51:11.026530,78904.19858041892,78939.49482884978,78857.80899920734,78939.23394051698,1643,3
2026-07-31 01:56:11.026530,78852.18934526379,78814.87649440553,78737.45451003055,78765.14475001059,762,6
2026-07-31 02:01:11.026530,78827.59514702343,78910.30891800259,78777.47670565396,78890.04554403627,296,1
2026-07-31 02:06:11.026530,78953.88462152258,79058.65451206661,78879.9947341795,79017.72369900889,530,6
2026-07-31 02:11:11.026530,78964.26825404068,78947.65510605909,78783.63653927416,78910.81280907248,2195,8
2026-07-31 02:16:11.026530,78914.29640586663,78937.530709484,78896.16192179751,78917.78000266079,2426,8
2026-07-31 02:21:11.026530,78967.13414659342,79095.62826943124,78918.47070884047,79016.48829052606,1498,1
2026-07-31 02:26:11.026530,79002.39565076142,79098.21589121135,78967.2021546144,78988.30301099678,1078,7
2026-07-31 02:31:11.026530,79065.44557967335,79196.80214245079,79080.82491452472,79142.58814834993,2063,4
2026-07-31 02:36:11.026530,79312.11636866763,79578.54505616993,79443.80453979416,79481.64458898532,508,6
2026-07-31 02:41:11.026530,79426.25372705377,79390.88777807189,79315.3046081514,79370.86286512222,642,6
2026-07-31 02:46:11.026530,79273.12389794592,79192.65774815655,79011.92152223823,79175.38493076961,547,5
2026-07-31 02:51:11.026530,79197.83250531559,79262.62820864082,79201.40921205048,79220.28007986156,2184,9
2026-07-31 02:56:11.026530,79272.5528894797,79411.86685242542,79208.60938328621,79324.82569909786,2499,8
2026-07-31 03:01:11.026530,79309.13995850249,79442.87014205621,79275.95689019097,79293.45421790714,1366,6
2026-07-31 03:06:11.026530,79398.09565451958,79593.35034298862,79400.80657157555,79502.73709113202,246,4
2026-07-31 03:11:11.026530,79407.86496919011,79340.73824225114,79271.19063080345,79312.9928472482,76,4
2026-07-31 03:16:11.026530,79363.27953825306,79431.73839695449,79397.90628468068,79413.56622925792,1767,9
2026-07-31 03:21:11.026530,79371.08089872848,79415.15969786608,79310.39319174402,79328.59556819905,2232,4
2026-07-31 03:26:11.026530,79452.33772620051,79614.38924593013,79554.55736318,79576.07988420197,1163,7
2026-07-31 03:31:11.026530,79719.83562352722,79939.66284125402,79804.91477254321,79863.59136285247,2303,6
2026-07-31 03:36:11.026530,79809.32175637264,79879.32104632746,79655.31300227594,79755.05214989278,1488,2
2026-07-31 03:41:11.026530,79716.42146169436,79719.10121468171,79672.24923542626,79677.79077349594,652,5
2026-07-31 03:46:11.026530,79740.27756250848,79921.97771715689,79515.80445600417,79802.76435152101,1141,3
2026-07-31 03:51:11.026530,79775.76683021456,79857.8366517489,79727.46682037637,79748.76930890811,411,9
2026-07-31 03:56:11.026530,79746.30753272862,79804.98754552017,79717.938634886,79743.84575654913,1333,1
2026-07-31 04:01:11.026530,79746.46539432232,79804.0821370254,79664.38147577812,79749.0850320955,1136,4
2026-07-31 04:06:11.026530,79612.33459447518,79621.29736975148,79448.48481249683,79475.58415685485,2065,4
2026-07-31 04:11:11.026530,79475.38912651618,79503.69771386751,79374.53769920958,79475.19409617753,1021,9
2026-07-31 04:16:11.026530,79426.68385817498,79433.5653012654,79337.36536720402,79378.17362017243,1765,1
2026-07-31 04:21:11.026530,79343.75346578233,79336.8097579504,79228.40609548229,79309.33331139223,1696,2
2026-07-31 04:26:11.026530,79413.30661688866,79634.25038509071,79503.10777359847,79517.27992238509,1776,1
2026-07-31 04:31:11.026530,79428.25231022503,79397.82122296732,79224.78142083701,79339.22469806497,957,1
2026-07-31 04:36:11.026530,79398.12894179375,79457.81915555363,79400.3634854909,79457.03318552254,295,1
2026-07-31 04:41:11.026530,79437.88336247718,79423.94723651772,79313.88537735333,79418.7335394318,2375,3
2026-07-31 04:46:11.026530,79399.53599035536,79545.48040221946,79375.00776830789,79380.33844127893,396,4
2026-07-31 04:51:11.026530,79437.63955775175,79501.91868772966,79333.57991024267,79494.94067422458,2010,2
2026-07-31 04:56:11.026530,79520.07268741008,79646.47775110576,79390.82726669325,79545.2047005956,421,1
2026-07-31 05:01:11.026530,79586.87253900478,79665.95650836796,79614.60119852271,79628.54037741396,858,5
2026-07-31 05:06:11.026530,79698.78417333686,79795.87901830462,79694.73254665128,79769.02796925975,2220,6
2026-07-31 05:11:11.026530,79746.04694987321,79837.49469904992,79583.78724891432,79723.06593048667,209,2
2026-07-31 05:16:11.026530,79679.95803669018,79700.69614078949,79598.17135172068,79636.85014289369,1200,3
2026-07-31 05:21:11.026530,79559.94470199612,79528.27623032776,79368.84033624308,79483.03926109856,1384,3
2026-07-31 05:26:11.026530,79424.83123699173,79367.27124095274,79204.80358047041,79366.6232128849,567,2
2026-07-31 05:31:11.026530,79578.63491536528,79871.90331462442,79762.1038614072,79790.64661784568,1338,4
2026-07-31 05:36:11.026530,79880.92893371414,79986.86595519894,79927.43926284373,79971.21124958259,795,5
2026-07-31 05:41:11.026530,79874.88482667468,79808.92611442998,79594.76143504557,79778.55840376676,2385,8
2026-07-31 05:46:11.026530,79684.51381517811,79775.13189845043,79409.97931279037,79590.46922658947,469,6
2026-07-31 05:51:11.026530,79625.7975547779,79669.20478409508,79611.61414879168,79661.12588296633,1601,9
2026-07-31 05:56:11.026530,79701.17877589058,79841.38992895167,79660.84063772271,79741.23166881484,189,3
2026-07-31 06:01:11.026530,79781.44114888622,79856.23782456067,79799.64997606388,79821.65062895762,1882,9
2026-07-31 06:06:11.026530,79804.13679628356,79847.76883341561,79656.36274152846,79786.62296360952,756,4
2026-07-31 06:11:11.026530,79778.4130601719,79850.15339421047,79579.97597239894,79770.20315673426,747,8
2026-07-31 06:16:11.026530,79794.54779998377,79836.8653692619,79808.08166278288,79818.89244323329,524,7
2026-07-31 06:21:11.026530,79825.86153673555,80035.83286953841,79746.77635475514,79832.83063023783,1710,7
2026-07-31 06:26:11.026530,79674.4881245105,79517.71309334533,79512.43536580243,79516.14561878316,1951,9
2026-07-31 06:31:11.026530,79500.49835733103,79590.47826424858,79395.7629557468,79484.8510958789,2486,2
2026-07-31 06:36:11.026530,79424.78485959659,79409.93106063812,79238.14116973054,79364.71862331429,560,5
2026-07-31 06:41:11.026530,79378.02954695336,79429.56787620587,79337.99761321463,79391.34047059245,587,3
2026-07-31 06:46:11.026530,79606.01612903329,79969.16126657074,79688.31928859532,79820.69178747413,2310,7
2026-07-31 06:51:11.026530,79847.8986403069,79937.25563189478,79763.08667738097,79875.10549313968,1586,3
2026-07-31 06:56:11.026530,79853.37126519969,79867.10353861049,79778.6959554956,79831.6370372597,1338,5
2026-07-31 07:01:11.026530,79898.72169420996,80001.24831117282,79807.85047468604,79965.80635116022,1416,5
2026-07-31 07:06:11.026530,80001.36048132242,80141.91024735656,79843.95091553594,80036.91461148462,1111,2
2026-07-31 07:11:11.026530,80067.98779828468,80111.59297142432,80083.90120996206,80099.06098508475,282,1
2026-07-31 07:16:11.026530,80143.6341075406,80223.35292043447,80118.16301959255,80188.20722999645,2357,6
2026-07-31 07:21:11.026530,80337.7066287176,80488.62937778133,80325.15216731819,80487.20602743875,357,1
2026-07-31 07:26:11.026530,80406.17274680093,80410.75788415411,80130.41069772051,80325.13946616313,452,9
2026-07-31 07:31:11.026530,80360.19811669434,80591.12008436433,80357.0805513824,80395.25676722557,1046,5
2026-07-31 07:36:11.026530,80329.08625832634,80300.27737160226,80164.52627238233,80262.9157494271,1334,1
2026-07-31 07:41:11.026530,80303.86761716366,80359.91330252483,80280.49897390987,80344.81948490022,1549,8
2026-07-31 07:46:11.026530,80279.24597755469,80267.22544779394,80080.41133901347,80213.67247020916,799,1
2026-07-31 07:51:11.026530,80184.35465531904,80295.20450650467,80094.42945295517,80155.03684042893,1179,4
2026-07-31 07:56:11.026530,80134.55597710895,80168.56219244917,80010.96375950899,80114.07511378896,353,7
2026-07-31 08:01:11.026530,80185.29848746175,80279.57102700236,80238.44914012578,80256.52186113453,2440,4
2026-07-31 08:06:11.026530,80323.72139365168,80439.27001168225,80344.75099277626,80390.92092616884,1520,5
2026-07-31 08:11:11.026530,80301.69408571825,80373.94877149203,80160.8101140972,80212.46724526765,1111,7
2026-07-31 08:16:11.026530,80217.23541387907,80407.53664830334,80217.55073813445,80222.00358249048,904,4
2026-07-31 08:21:11.026530,80171.60596432493,80181.74543728482,80066.89268987945,80121.20834615939,1119,5
2026-07-31 08:26:11.026530,80031.36082297078,79959.59012742848,79916.38742706411,79941.51329978216,1795,7
2026-07-31 08:31:11.026530,79926.70165562916,80037.44855342753,79854.4880254312,79911.89001147616,1678,1
2026-07-31 08:36:11.026530,79890.50855490706,80010.28102552108,79818.78994904293,79869.12709833797,2353,3
2026-07-31 08:41:11.026530,80044.7485839504,80388.08919647684,80043.20066264336,80220.37006956282,2234,1
2026-07-31 08:46:11.026530,80252.44406804739,80296.2977621624,80264.99410757341,80284.51806653195,1304,3
2026-07-31 08:51:11.026530,80185.9010247542,80095.587489816,79915.69992535944,80087.28398297646,867,2
2026-07-31 08:56:11.026530,80047.39664039254,80024.62326762367,79962.55902012944,80007.50929780863,1787,5
2026-07-31 09:01:11.026530,80081.92500205606,80194.10749440808,80147.95512546533,80156.3407063035,1022,5
2026-07-31 09:06:11.026530,80308.09057282127,80550.91825112865,80299.48143032682,80459.84043933905,87,9
2026-07-31 09:11:11.026530,80345.9593595193,80324.66629174736,80142.94087292807,80232.07827969953,1228,8
2026-07-31 09:16:11.026530,80097.36009794497,79992.47176515155,79883.04268341954,79962.64191619042,154,3
2026-07-31 09:21:11.026530,80098.3178165251,80267.28410056044,80024.43662929554,80233.99371685978,304,1
2026-07-31 09:26:11.026530,80262.94076668857,80357.9764005346,80289.1857380412,80291.88781651735,2031,5
2026-07-31 09:31:11.026530,80229.99332065857,80391.99655531792,80060.18966202025,80168.0988247998,640,3
2026-07-31 09:36:11.026530,80207.49402988219,80283.2069542918,80146.78852889176,80246.88923496456,574,5
2026-07-31 09:41:11.026530,80057.77926487358,79921.56845399713,79661.80815199947,79868.6692947826,419,9
2026-07-31 09:46:11.026530,79869.7106325505,79968.89706432847,79749.26008950525,79870.7519703184,151,1
2026-07-31 09:51:11.026530,79895.12310245742,80042.1752888575,79638.9480264842,79919.49423459645,713,1
2026-07-31 09:56:11.026530,79986.83058215221,80205.6674602306,79871.55885400766,80054.16692970796,739,9
2026-07-31 10:01:11.026530,79981.9827014678,80126.32795674006,79891.28372832843,79909.79847322764,1976,3
2026-07-31 10:06:11.026530,79916.76069715242,79990.08100850791,79843.90984935965,79923.7229210772,1585,5
2026-07-31 10:11:11.026530,79858.00920452623,79831.85285415227,79753.29030480252,79792.29548797527,2486,9
2026-07-31 10:16:11.026530,79811.43789226635,79880.7347554589,79814.25647890102,79830.58029655743,2460,5
2026-07-31 10:21:11.026530,79767.10071871884,79722.44838972708,79650.1712495531,79703.62114088026,2078,3
2026-07-31 10:26:11.026530,79675.15394616398,79661.03589215745,79542.64476933557,79646.68675144769,980,9
2026-07-31 10:31:11.026530,79576.16367958224,79506.67077281263,79480.74621136006,79505.6406077168,1906,7
2026-07-31 10:36:11.026530,79553.05602279422,79684.55061912107,79524.83296443199,79600.47143787162,2039,7
2026-07-31 10:41:11.026530,79662.81602333786,79854.0770693726,79653.88653593721,79725.16060880412,2440,8
2026-07-31 10:46:11.026530,79709.1264396763,79755.62206492331,79624.0366600409,79693.0922705485,2232,5
2026-07-31 10:51:11.026530,79696.63193233464,79759.88317002219,79691.5006400324,79700.17159412078,1935,2
2026-07-31 10:56:11.026530,79597.19419259261,79630.2515815764,79307.2655891352,79494.21679106442,1027,9
2026-07-31 11:01:11.026530,79473.57678970866,79520.72750108427,79415.36763462445,79452.93678835289,2044,3
2026-07-31 11:06:11.026530,79450.14140223735,79506.79173223888,79370.13538227291,79447.34601612182,429,2
2026-07-31 11:11:11.026530,79635.98050789116,79849.07352245417,79788.57109344628,79824.61499966048,1563,5
2026-07-31 11:16:11.026530,79745.60544623161,79769.0242695339,79608.52429118328,79666.59589280272,1198,8
2026-07-31 11:21:11.026530,79772.51454577362,79966.5966069641,79835.68562848592,79878.43319874453,2135,3
2026-07-31 11:26:11.026530,79950.96252506961,80041.74570212349,79951.49880367152,80023.49185139469,830,6
2026-07-31 11:31:11.026530,80044.50935898037,80094.88630031706,80030.91760856827,80065.52686656607,359,9
2026-07-31 11:36:11.026530,80193.25524233513,80404.34127730237,80156.95952270959,80320.98361810419,2203,2
2026-07-31 11:41:11.026530,80348.69547433268,80432.56286094364,80341.19970359957,80376.40733056117,605,8
2026-07-31 11:46:11.026530,80405.3728242305,80493.79502962845,80364.94281491399,80434.33831789983,446,7
2026-07-31 11:51:11.026530,80431.2973241413,80543.59226501377,80326.56822438823,80428.25633038276,2250,3
2026-07-31 11:56:11.026530,80517.72855927517,80632.31924398357,80515.70151468215,80607.20078816758,1933,1
2026-07-31 12:01:11.026530,80687.63199327394,80900.25200029483,80707.61810116647,80768.06319838032,1219,6
2026-07-31 12:06:11.026530,80723.41431086346,80778.66236537014,80628.52788480134,80678.7654233466,250,2
2026-07-31 12:11:11.026530,80583.89223971282,80585.71161473419,80407.44469590217,80489.01905607904,1940,3
2026-07-31 12:16:11.026530,80475.12240496499,80562.70168236269,80355.1686453065,80461.22575385093,61,5
2026-07-31 12:21:11.026530,80404.13603619578,80457.65676743725,80282.20628600389,80347.04631854063,1125,8
2026-07-31 12:26:11.026530,80343.25635704203,80438.00168875995,80287.75273528825,80339.46639554345,2026,2
2026-07-31 12:31:11.026530,80429.84491749352,80564.51269856043,80479.6898121594,80520.2234394436,1375,6
2026-07-31 12:36:11.026530,80487.90179456433,80509.11182609193,80402.95350429084,80455.58014968506,1945,1
2026-07-31 12:41:11.026530,80453.28392903507,80591.4879986394,80346.44407908559,80450.98770838506,969,7
2026-07-31 12:46:11.026530,80455.99371742427,80527.94800798038,80413.24461468094,80460.99972646347,2197,4
2026-07-31 12:51:11.026530,80523.29154951172,80685.09290495074,80561.3705505193,80585.58337255997,920,1
2026-07-31 12:56:11.026530,80423.75487918721,80277.95046643315,80248.4403092754,80261.92638581445,415,9
2026-07-31 13:01:11.026530,80218.9266174169,80197.7644016989,80083.21022650471,80175.92684901934,706,9
2026-07-31 13:06:11.026530,80191.97770000767,80378.70588329909,80124.34107540465,80208.02855099601,210,3
2026-07-31 13:11:11.026530,80295.55637864549,80574.32733343047,80334.44413153874,80383.08420629497,224,6
2026-07-31 13:16:11.026530,80348.31651143957,80332.68040466796,80141.26068472215,80313.54881658415,1553,7
2026-07-31 13:21:11.026530,80178.93673180585,80065.66915045278,80020.3421826964,80044.32464702756,594,4
2026-07-31 13:26:11.026530,80089.79484640484,80232.64651402917,80068.36722028018,80135.2650457821,2380,6
2026-07-31 13:31:11.026530,80090.26824346135,80139.387781463,79950.43049519199,80045.27144114062,1811,9
2026-07-31 13:36:11.026530,79960.45741631201,79924.07921804179,79750.95497020891,79875.64339148339,1006,6
2026-07-31 13:41:11.026530,79831.58347880316,79836.02503245662,79756.8057584248,79787.52356612294,501,7
2026-07-31 13:46:11.026530,79775.07284548854,79774.487640057,79731.4360151969,79762.62212485414,131,6
2026-07-31 13:51:11.026530,79720.03009263781,79744.57569268106,79672.76198936714,79677.43806042147,1286,7
2026-07-31 13:56:11.026530,79520.3847531598,79463.97514035628,79297.9364641706,79363.33144589813,865,1
2026-07-31 14:01:11.026530,79428.25287462784,79523.73225147456,79362.81378506968,79493.17430335755,2231,6
2026-07-31 14:06:11.026530,79585.28527955175,79819.1987404811,79535.24640389088,79677.39625574595,496,9
2026-07-31 14:11:11.026530,79724.94179708243,79778.37358276412,79727.24387512339,79772.48733841893,2215,3
2026-07-31 14:16:11.026530,79691.68660206418,79621.7461849862,79493.97762452753,79610.88586570944,1669,6
2026-07-31 14:21:11.026530,79597.24748397354,79781.80589808262,79508.46789931673,79583.60910223765,1843,4
2026-07-31 14:26:11.026530,79583.93784886482,79704.54146507602,79583.26869445246,79584.26659549198,798,7
2026-07-31 14:31:11.026530,79627.97557738292,79740.21374413397,79561.18518572087,79671.68455927387,1223,7
2026-07-31 14:36:11.026530,79720.43411204426,79912.53727815795,79720.63315341712,79769.18366481463,1959,9
2026-07-31 14:41:11.026530,79717.30712282994,79693.38092316472,79528.66667370939,79665.43058084525,1606,4
2026-07-31 14:46:11.026530,79672.10678475129,79752.75687036678,79559.56179260052,79678.78298865732,695,8
2026-07-31 14:51:11.026530,79712.38593140854,79830.56595933046,79692.6254119904,79745.98887415977,428,8
2026-07-31 14:56:11.026530,79851.41184806734,80016.13648659173,79713.46471646178,79956.8348219749,1190,8
2026-07-31 15:01:11.026530,80008.36467303419,80093.18052441068,80041.50437298306,80059.89452409347,986,8
2026-07-31 15:06:11.026530,80117.59127908974,80244.43537215955,80150.3760392081,80175.28803408601,2063,6
2026-07-31 15:11:11.026530,80182.13911396835,80286.06790221209,80167.3588592301,80188.99019385071,711,8
2026-07-31 15:16:11.026530,80291.71642210463,80530.7272190068,80348.55170664442,80394.44265035853,1390,6
2026-07-31 15:21:11.026530,80424.90651907078,80461.23094066097,80379.23469956664,80455.37038778303,925,2
2026-07-31 15:26:11.026530,80393.87076733424,80435.92766240903,80246.45378726015,80332.37114688547,61,3
2026-07-31 15:31:11.026530,80434.76720240401,80566.93697986823,80498.39541615512,80537.16325792253,1163,6
2026-07-31 15:36:11.026530,80588.58787210613,80718.57671329041,80483.18118065072,80640.01248628974,437,7
2026-07-31 15:41:11.026530,80608.67670159787,80595.39732415506,80547.64851234945,80577.340916906,2180,4
2026-07-31 15:46:11.026530,80543.3883633391,80548.1875887724,80309.0947637613,80509.4358097722,1969,1
2026-07-31 15:51:11.026530,80531.73649585427,80590.88167248963,80521.48093966542,80554.03718193635,445,4
2026-07-31 15:56:11.026530,80588.43766932614,80762.56409879365,80590.8111265754,80622.83815671592,689,6
2026-07-31 16:01:11.026530,80637.96285791646,80751.00456972359,80621.77441606199,80653.08755911699,149,8
2026-07-31 16:06:11.026530,80676.49808767872,80708.84570784889,80663.70583085697,80699.90861624043,506,4
2026-07-31 16:11:11.026530,80824.37495462477,81096.35124235878,80740.49830970053,80948.84129300911,2072,1
2026-07-31 16:16:11.026530,81027.79384583342,81179.55657306079,81085.76519758748,81106.74639865773,2425,5
2026-07-31 16:21:11.026530,81121.47578970509,81212.57710395627,81132.88474173103,81136.20518075243,123,7
2026-07-31 16:26:11.026530,81205.81312383732,81304.13926532373,81162.93466249901,81275.42106692222,2189,6
2026-07-31 16:31:11.026530,81200.77552815815,81224.35951414096,81121.95307055229,81126.12998939407,2427,3
2026-07-31 16:36:11.026530,81156.00630126307,81306.89423484332,81041.51525456591,81185.88261313207,1913,7
2026-07-31 16:41:11.026530,81319.11375504447,81631.55532730331,81414.51058504914,81452.34489695689,224,4
2026-07-31 16:46:11.026530,81437.17793076942,81434.94427892346,81351.3260237133,81422.01096458196,1810,5
2026-07-31 16:51:11.026530,81360.75685954874,81344.32952871472,81192.66476153045,81299.5027545155,2412,7
2026-07-31 16:56:11.026530,81252.6297426908,81223.44965820064,81132.59913291378,81205.7567308661,546,2
2026-07-31 17:01:11.026530,81127.00922316698,81094.68605637053,81000.77516869728,81048.26171546787,1342,4
2026-07-31 17:06:11.026530,80991.86824350471,80945.92543985065,80825.44605789243,80935.47477154154,477,4
2026-07-31 17:11:11.026530,80909.30406832718,80886.15268225546,80840.9476069781,80883.13336511284,84,6
2026-07-31 17:16:11.026530,80781.75148677774,80759.28912967314,80625.29839177747,80680.36960844262,2216,7
2026-07-31 17:21:11.026530,80682.31054249057,80888.64680066623,80643.03078848479,80684.25147653851,1444,4
2026-07-31 17:26:11.026530,80750.63247511662,80939.2150155747,80808.16939709174,80817.01347369474,1430,1
2026-07-31 17:31:11.026530,80751.84831589313,80695.72954593135,80625.95149505901,80686.68315809153,2487,1
2026-07-31 17:36:11.026530,80797.97061946547,81012.40907745759,80697.90064605432,80909.25808083941,225,5
2026-07-31 17:41:11.026530,80947.28005806106,81124.5471019223,80975.58578970504,80985.30203528272,2203,1
2026-07-31 17:46:11.026530,81061.29880672114,81188.79804504593,81045.73059545712,81137.29557815958,641,3
2026-07-31 17:51:11.026530,81090.09700345396,81169.21649811885,80941.11383407358,81042.89842874833,1236,9
2026-07-31 17:56:11.026530,81106.08595368835,81225.21874767162,81156.37343027836,81169.27347862837,963,3
2026-07-31 18:01:11.026530,81090.39359265944,81164.1277331737,81008.80598309544,81011.5137066905,1340,3
2026-07-31 18:06:11.026530,81077.2854307735,81201.21122341507,81011.16093109257,81143.05715485649,1636,9
2026-07-31 18:11:11.026530,81156.41999800492,81187.73611231668,81080.64402331022,81169.78284115336,1352,5
2026-07-31 18:16:11.026530,81211.03204022371,81288.18436328387,81197.23165116763,81252.28123929407,1376,8
2026-07-31 18:21:11.026530,81167.21517630733,81206.04490064301,81033.3778995768,81082.14911332061,1002,9
2026-07-31 18:26:11.026530,81017.694458363,81029.6706075981,80882.15762277473,80953.23980340538,910,6
2026-07-31 18:31:11.026530,80997.5864146339,81051.72247582239,80974.21997588282,81041.93302586241,2224,7
2026-07-31 18:36:11.026530,80973.63071539358,80944.88345366603,80885.79078664818,80905.32840492473,1319,7
2026-07-31 18:41:11.026530,80939.88047735766,81076.56515878733,80913.6970059399,80974.4325497906,283,7
2026-07-31 18:46:11.026530,80875.72991490089,80805.67447148221,80739.0875704443,80777.02728001119,1512,4
2026-07-31 18:51:11.026530,80839.54507874796,80998.84915298327,80713.25480724202,80902.06287748474,2234,2
2026-07-31 18:56:11.026530,80813.22727745536,80773.78938027826,80681.88640067588,80724.39167742597,1859,2
2026-07-31 19:01:11.026530,80765.34535305414,80862.5285233765,80649.4949110496,80806.29902868232,1222,7
2026-07-31 19:06:11.026530,80852.63306742319,80911.76480990819,80860.56884065799,80898.96710616405,105,7
2026-07-31 19:11:11.026530,80849.07558158267,80844.85092241476,80784.62912164131,80799.18405700129,2453,7
2026-07-31 19:16:11.026530,80842.33962676549,80955.43183452332,80712.07308260143,80885.49519652971,862,8
2026-07-31 19:21:11.026530,80905.26828488782,80952.09224159595,80720.88125853863,80925.04137324593,1899,3
2026-07-31 19:26:11.026530,80886.6236537836,80864.97098825923,80777.01617813962,80848.20593432126,2009,5
2026-07-31 19:31:11.026530,80775.69367694072,80727.36954528284,80668.21539219918,80703.18141956019,1136,6
2026-07-31 19:36:11.026530,80561.68599069482,80448.00009560252,80345.63949052399,80420.19056182944,855,8
2026-07-31 19:41:11.026530,80446.31027458768,80484.4527377465,80396.32649633242,80472.42998734591,1625,8
2026-07-31 19:46:11.026530,80360.06077995864,80280.40191779246,80172.6369301466,80247.69157257139,649,3
2026-07-31 19:51:11.026530,80255.38082288796,80536.79868439196,80176.56328530151,80263.07007320454,661,4
2026-07-31 19:56:11.026530,80244.84619655756,80305.19067838622,80191.67721187549,80226.62231991057,1288,6
2026-07-31 20:01:11.026530,80276.49235825916,80362.2039611945,80221.24966465065,80326.36239660776,2238,4
2026-07-31 20:06:11.026530,80305.33517187371,80304.52876865641,80194.77054241422,80284.30794713965,1999,4
2026-07-31 20:11:11.026530,80261.31284023715,80277.41917610653,80227.6318728473,80238.31773333465,1580,5
2026-07-31 20:16:11.026530,80292.00767679558,80357.0476264048,80303.16415855955,80345.6976202565,610,7
2026-07-31 20:21:11.026530,80370.73730157202,80421.20256148296,80304.08457006884,80395.77698288756,676,2
2026-07-31 20:26:11.026530,80419.46376012728,80606.52014967763,80397.73203581647,80443.150537367,1660,2
2026-07-31 20:31:11.026530,80477.94443656012,80649.20265789964,80509.04727665946,80512.73833575325,724,9
2026-07-31 20:36:11.026530,80402.42507889238,80347.3393845809,80248.16342802456,80292.11182203151,98,4
2026-07-31 20:41:11.026530,80347.64085615647,80421.15693099385,80355.822139001,80403.16989028145,1436,5
2026-07-31 20:46:11.026530,80448.31924529541,80514.26931991111,80416.36319710099,80493.46860030937,1952,3
2026-07-31 20:51:11.026530,80420.68670721976,80476.16987319483,80329.58430597844,80347.90481413016,676,2
2026-07-31 20:56:11.026530,80331.0616057823,80442.80053988106,80277.93975593006,80314.21839743444,326,8
2026-07-31 21:01:11.026530,80312.18035066265,80375.31021840073,80279.81119940733,80310.14230389084,2144,4
2026-07-31 21:06:11.026530,80301.22508527662,80424.12367463986,80290.08167407117,80292.30786666238,265,1
2026-07-31 21:11:11.026530,80317.24427954498,80353.5578579009,80320.52366431034,80342.18069242756,279,6
2026-07-31 21:16:11.026530,80446.61885608983,80628.0340255201,80538.25380141078,80551.05701975212,2420,6
2026-07-31 21:21:11.026530,80630.36421854566,80888.47132146926,80707.99752339929,80709.6714173392,2322,2
2026-07-31 21:26:11.026530,80615.27119766512,80581.2059728903,80388.92672745521,80520.87097799104,1735,2
2026-07-31 21:31:11.026530,80566.78300097954,80621.3415001059,80554.59393130819,80612.69502396804,1360,8
2026-07-31 21:36:11.026530,80710.03450578667,80831.1492182705,80791.56796246627,80807.37398760527,95,7
2026-07-31 21:41:11.026530,80836.3237105179,81035.97682700983,80777.77558649979,80865.27343343053,1886,2
2026-07-31 21:46:11.026530,80945.5618838882,81053.01251250847,81025.83628867679,81025.85033434586,1087,1
2026-07-31 21:51:11.026530,81173.67094877185,81398.8727977346,81168.81295246139,81321.49156319785,682,8
2026-07-31 21:56:11.026530,81397.29998800175,81520.67540398028,81441.56838954477,81473.10841280564,2472,2
2026-07-31 22:01:11.026530,81492.20837176204,81565.80759214897,81493.70805714195,81511.30833071843,1036,5
2026-07-31 22:06:11.026530,81588.86502021016,81699.54150245208,81600.89783470034,81666.4217097019,382,6
2026-07-31 22:11:11.026530,81677.88920765993,81747.24055965524,81506.70784643752,81689.35670561796,1929,1
2026-07-31 22:16:11.026530,81691.93104211488,81806.49189007176,81690.87210712144,81694.50537861182,2263,2
2026-07-31 22:21:11.026530,81669.49223434107,81688.3305453758,81599.18524502219,81644.47909007031,556,4
2026-07-31 22:26:11.026530,81760.3393019292,81902.20409904428,81817.70659059113,81876.19951378809,166,2
2026-07-31 22:31:11.026530,81816.75263363693,81771.72786118837,81750.71625766811,81757.3057534858,992,6
2026-07-31 22:36:11.026530,81871.03526951413,82114.19039336423,81929.24474957072,81984.76478554249,685,4
2026-07-31 22:41:11.026530,82022.4850956097,82146.29684708948,81995.54698853778,82060.20540567694,1639,3
2026-07-31 22:46:11.026530,81957.80937518994,81969.91918886859,81819.3074590002,81855.41334470295,1512,6
2026-07-31 22:51:11.026530,81883.32608913266,82016.29470071934,81848.36807910775,81911.23883356238,2041,9
2026-07-31 22:56:11.026530,81757.53290231648,81654.84752822621,81543.57823099376,81603.8269710706,918,8
2026-07-31 23:01:11.026530,81650.60927165477,81703.0682876474,81632.5444288689,81697.39157223896,1344,2
2026-07-31 23:06:11.026530,81763.35073444036,81869.53600104435,81749.51463364421,81829.30989664176,1784,3
2026-07-31 23:11:11.026530,81786.52570376806,81833.40443197249,81587.66303862637,81743.74151089435,2313,2
2026-07-31 23:16:11.026530,81753.64947486631,81780.11097246954,81678.71963600646,81763.55743883827,162,7
2026-07-31 23:21:11.026530,81908.43214649145,82057.95550037289,81888.34406098974,82053.30685414463,2313,9
2026-07-31 23:26:11.026530,82016.7952729962,82049.32871090391,81912.57209677828,81980.28369184777,476,1
2026-07-31 23:31:11.026530,81903.04776240939,81858.96091885108,81804.38492511032,81825.81183297101,1208,3
2026-07-31 23:36:11.026530,81935.89239746585,82184.95888153491,82017.28513850895,82045.97296196071,1116,6
2026-07-31 23:41:11.026530,82191.9727497232,82408.04968053047,82205.43044398761,82337.97253748568,333,4
2026-07-31 23:46:11.026530,82339.06979654758,82398.58603660109,82237.13886128773,82340.16705560949,883,1
2026-07-31 23:51:11.026530,82416.01587257665,82619.60659761912,82418.34444432813,82491.86468954383,279,9
2026-07-31 23:56:11.026530,82592.4067159206,82815.95277761856,82649.91088598369,82692.94874229739,1969,7
2026-08-01 00:01:11.026530,82638.5530952787,82614.77981817773,82463.14962662516,82584.15744826,1716,7
2026-08-01 00:06:11.026530,82548.9276110293,82615.4853498591,82473.39204446523,82513.6977737986,434,1
2026-08-01 00:11:11.026530,82606.03369103199,82801.72802458762,82658.30494832569,82698.36960826538,208,9
2026-08-01 00:16:11.026530,82824.80263565031,82966.59949675525,82811.68732904174,82951.23566303524,873,8
2026-08-01 00:21:11.026530,82994.10981665019,83102.86923184054,82938.2266613787,83036.98397026515,257,5
2026-08-01 00:26:11.026530,82972.11365373962,82992.83766135779,82831.89490845476,82907.24333721411,223,4
2026-08-01 00:31:11.026530,83056.60844331559,83312.33017316682,83149.07307842583,83205.97354941707,1873,1
2026-08-01 00:36:11.026530,83167.06186232016,83232.71178974105,83068.5132676816,83128.15017522324,1154,9
2026-08-01 00:41:11.026530,83103.9150795253,83187.70240536636,83034.44418517157,83079.67998382733,1091,8
2026-08-01 00:46:11.026530,83106.11637522084,83152.77702265547,83089.76090129101,83132.55276661435,1066,2
2026-08-01 00:51:11.026530,83249.83041965953,83423.77348672396,83242.54555023591,83367.1080727047,757,4
2026-08-01 00:56:11.026530,83432.06646263361,83523.99394171199,83486.03720684386,83497.02485256254,1433,4
2026-08-01 01:01:11.026530,83529.04812978732,83622.37492796182,83537.1330330364,83561.0714070121,1941,7
2026-08-01 01:06:11.026530,83596.7638521447,83696.59800351263,83593.04923531953,83632.45629727728,1352,3
2026-08-01 01:11:11.026530,83636.56813874948,83831.70434364416,83612.25162235735,83640.6799802217,2494,8
2026-08-01 01:16:11.026530,83683.55319998322,83764.75747944199,83653.55348354258,83726.42641974473,726,7
2026-08-01 01:21:11.026530,83537.08125563417,83353.42796828448,83344.98223986836,83347.7360915236,711,4
2026-08-01 01:26:11.026530,83326.32566649484,83329.73237190382,83284.708181866,83304.9152414661,1613,9
2026-08-01 01:31:11.026530,83323.84556406864,83447.06199578752,83218.25361150106,83342.7758866712,1310,6
2026-08-01 01:36:11.026530,83257.36113454102,83335.0383264236,83129.44116709463,83171.94638241084,2403,3
2026-08-01 01:41:11.026530,83201.70688171557,83277.67881581612,83213.4152886797,83231.46738102028,407,7
2026-08-01 01:46:11.026530,83216.98562023178,83283.16604387283,83116.41208789844,83202.50385944328,1358,6
2026-08-01 01:51:11.026530,83335.0004090361,83580.73674705892,83407.00738813898,83467.49695862892,1366,8
2026-08-01 01:56:11.026530,83586.66787416051,83813.21081835804,83675.99247297666,83705.8387896921,468,5
2026-08-01 02:01:11.026530,83671.59828077568,83711.05753097602,83521.39971161276,83637.35777185927,1541,6
2026-08-01 02:06:11.026530,83626.84136708875,83720.51113981541,83612.09156588677,83616.32496231823,691,1
2026-08-01 02:11:11.026530,83611.59649167272,83651.71185091326,83442.86747917408,83606.86802102721,1643,8
2026-08-01 02:16:11.026530,83573.7315790363,83597.89630062105,83387.20369912362,83540.5951370454,556,1
2026-08-01 02:21:11.026530,83556.09667161122,83607.71644471398,83505.19762760434,83571.59820617703,1731,3
2026-08-01 02:26:11.026530,83515.43793586566,83640.81731287812,83407.88268409739,83459.27766555427,1551,2
2026-08-01 02:31:11.026530,83375.27262110478,83369.24780584632,83251.97832185858,83291.2675766553,1435,6
2026-08-01 02:36:11.026530,83338.80736923423,83389.02085276866,83376.05968342534,83386.34716181316,361,8
2026-08-01 02:41:11.026530,83434.4535121638,83526.48802238175,83467.51740376509,83482.55986251445,1707,8
2026-08-01 02:46:11.026530,83423.00550844267,83432.533775401,83354.77550430063,83363.45115437088,294,7
2026-08-01 02:51:11.026530,83431.5162294702,83512.59002197877,83421.54087032595,83499.58130456952,526,7
2026-08-01 02:56:11.026530,83452.97950025214,83436.1743333669,83404.95645926487,83406.37769593477,664,8
2026-08-01 03:01:11.026530,83426.22051484347,83453.71155723846,83393.38776366014,83446.06333375216,299,5
2026-08-01 03:06:11.026530,83508.55357535847,83632.92557787053,83537.44516173385,83571.0438169648,1645,3
2026-08-01 03:11:11.026530,83569.3514282704,83595.8961256721,83538.4487191179,83567.65903957598,1823,2
2026-08-01 03:16:11.026530,83602.71088033379,83643.70072396952,83617.2857937399,83637.76272109161,1979,3
2026-08-01 03:21:11.026530,83599.74267433504,83585.94201546631,83478.49955278433,83561.72262757846,1925,3
2026-08-01 03:26:11.026530,83547.7851924409,83541.1815896687,83522.1384757469,83533.84775730336,560,7
2026-08-01 03:31:11.026530,83519.20905438464,83548.2731939428,83412.2478217784,83504.57035146593,1719,1
2026-08-01 03:36:11.026530,83449.3335339637,83418.18705438859,83255.58884995092,83394.09671646147,1922,7
2026-08-01 03:41:11.026530,83381.66478159153,83403.52198957441,83292.25468066183,83369.23284672158,823,6
2026-08-01 03:46:11.026530,83254.02961819866,83259.38929497387,83090.8364959881,83138.82638967573,1415,2
2026-08-01 03:51:11.026530,83102.92274042484,83090.80757793768,83037.6981955984,83067.01909117395,973,1
2026-08-01 03:56:11.026530,83046.55742104605,83084.29026928538,82948.50060747872,83026.09575091813,123,9
2026-08-01 04:01:11.026530,83007.78740609948,83068.67553349466,82981.46978004463,82989.47906128083,858,2
2026-08-01 04:06:11.026530,82972.27495104601,83077.47056708582,82866.86177458655,82955.07084081118,1095,4
2026-08-01 04:11:11.026530,82951.28927569803,83044.38429890104,82892.49408088395,82947.50771058488,2317,9
2026-08-01 04:16:11.026530,82984.14498966016,83050.89515558648,82988.51809326581,83020.78226873542,2176,9
2026-08-01 04:21:11.026530,83087.00803123675,83199.60905081259,83072.78146424636,83153.23379373808,284,1
2026-08-01 04:26:11.026530,83105.46571605082,83169.38161347492,83049.491670193,83057.69763836356,2254,2
2026-08-01 04:31:11.026530,82968.68216891916,82913.93270752413,82870.16681922432,82879.66669947474,2424,2
2026-08-01 04:36:11.026530,82802.83893784105,82780.16118591552,82683.46559457688,82726.01117620736,691,2
2026-08-01 04:41:11.026530,82690.57970138552,82698.5926344583,82640.32812908584,82655.14822656367,670,8
2026-08-01 04:46:11.026530,82629.80325506386,82688.63929736237,82515.56104865436,82604.45828356405,1034,8
2026-08-01 04:51:11.026530,82548.0782471431,82554.64151304399,82412.50162639984,82491.69821072217,1348,8
2026-08-01 04:56:11.026530,82396.40639740514,82302.81426294058,82269.7031043967,82301.11458408812,1667,4
2026-08-01 05:01:11.026530,82268.16546616805,82283.70542921772,82181.95957775896,82235.21634824798,1845,8
2026-08-01 05:06:11.026530,82249.4688616215,82383.63075577385,82150.73770362123,82263.72137499502,909,7
2026-08-01 05:11:11.026530,82308.62290709974,82479.83825307376,82340.18616636946,82353.52443920446,2135,8
2026-08-01 05:16:11.026530,82313.05269916118,82325.19287701999,82173.47099797055,82272.58095911791,2215,1
2026-08-01 05:21:11.026530,82242.83388859942,82275.83206235812,82097.55932446227,82213.08681808092,2487,3
2026-08-01 05:26:11.026530,82145.39668719818,82141.4946788319,82030.74493369253,82077.70655631545,426,6
2026-08-01 05:31:11.026530,82076.20495135307,82080.92801584338,82013.51130597395,82074.70334639068,1947,1
2026-08-01 05:36:11.026530,82012.8996039287,81976.50711510691,81792.11945707847,81951.09586146673,425,4
2026-08-01 05:41:11.026530,81994.20964545509,82075.88330546247,81986.70757423306,82037.32342944344,1654,9
2026-08-01 05:46:11.026530,81906.49594573994,81841.1558982905,81632.465460004,81775.66846203645,644,7
2026-08-01 05:51:11.026530,81750.02620150818,81754.72469394517,81658.1643470166,81724.3839409799,1115,1
2026-08-01 05:56:11.026530,81747.35466952747,81781.05186167726,81718.37705884852,81770.32539807503,2057,6
2026-08-01 06:01:11.026530,81784.6746061628,81843.14680387308,81735.24716423536,81799.02381425054,1101,6
2026-08-01 06:06:11.026530,81998.58586301957,82257.54528207409,82140.29352790104,82198.1479117886,678,2
2026-08-01 06:11:11.026530,82224.85619045516,82417.59680466804,82239.64740241594,82251.56446912172,2423,6
2026-08-01 06:16:11.026530,82178.12607720908,82171.57361090371,82027.31205614466,82104.68768529645,1582,2
2026-08-01 06:21:11.026530,82098.45494938789,82239.8515561838,82043.60157363588,82092.22221347933,2422,8
2026-08-01 06:26:11.026530,81962.01568630937,82008.71966006022,81808.28149266621,81831.80915913942,1880,7
2026-08-01 06:31:11.026530,81826.6917363077,81834.87077691482,81777.24515078707,81821.57431347598,1233,6
2026-08-01 06:36:11.026530,81761.09152015779,81759.12415359494,81679.06000800159,81700.6087268396,795,6
2026-08-01 06:41:11.026530,81768.79172006043,81855.34624181656,81707.51817652208,81836.97471328126,1327,9
2026-08-01 06:46:11.026530,81797.33685189312,81769.40714150584,81657.660870286,81757.69899050498,2001,9
2026-08-01 06:51:11.026530,81749.92544536313,81883.68632682659,81697.122444008,81742.15190022127,2345,2
2026-08-01 06:56:11.026530,81696.23845097497,81810.3657246076,81580.40474191804,81650.32500172866,2495,3
2026-08-01 07:01:11.026530,81779.1242531598,81934.10192398066,81793.77176111164,81907.92350459092,2300,7
2026-08-01 07:06:11.026530,81885.06786872783,81874.18565719585,81789.25418118511,81862.21223286474,1375,9
2026-08-01 07:11:11.026530,81998.27195044838,82172.10388687674,82102.54025738806,82134.33166803203,1221,6
2026-08-01 07:16:11.026530,82195.38117359605,82403.64625291077,82088.09938241009,82256.43067916005,270,1
2026-08-01 07:21:11.026530,82292.95723325224,82371.39793861574,82050.25043851673,82329.4837873444,1921,7
2026-08-01 07:26:11.026530,82357.6385547761,82498.96269152978,82372.48372094629,82385.7933222078,2360,1
2026-08-01 07:31:11.026530,82415.82709618594,82470.61285188195,82353.37094897225,82445.86087016406,2393,5
2026-08-01 07:36:11.026530,82303.89458521848,82237.1287964285,82052.06021653464,82161.9283002729,2389,9
2026-08-01 07:41:11.026530,82142.13245294953,82126.28803179871,82033.96480029111,82122.33660562617,733,9
2026-08-01 07:46:11.026530,82185.67233829589,82370.35852127968,82084.00026339901,82249.0080709656,925,1
2026-08-01 07:51:11.026530,82246.21108581137,82337.38522583486,82238.05979048419,82243.41410065716,1104,6
2026-08-01 07:56:11.026530,82140.35504465665,82044.54741958469,81947.73160534736,82037.29598865614,2012,3
2026-08-01 08:01:11.026530,82034.24726743929,82187.84609936646,82018.9020602891,82031.19854622244,398,9
2026-08-01 08:06:11.026530,82158.02537555611,82311.57242582557,82086.96516247501,82284.85220488979,268,3
2026-08-01 08:11:11.026530,82378.12088306883,82512.65541012949,82468.01502685837,82471.38956124787,1072,2
2026-08-01 08:16:11.026530,82467.61224703104,82493.49646757837,82390.7188262597,82463.8349328142,499,8
2026-08-01 08:21:11.026530,82535.3356351635,82631.45048003663,82603.6462055661,82606.83633751281,553,3
2026-08-01 08:26:11.026530,82580.42246851657,82663.17425467656,82528.67519153976,82554.00859952033,135,5
2026-08-01 08:31:11.026530,82428.43026672857,82353.21010802904,82255.95794454774,82302.8519339368,1338,6
2026-08-01 08:36:11.026530,82235.25297673048,82225.1998678232,82114.05221050934,82167.65401952415,572,1
2026-08-01 08:41:11.026530,82284.2177555101,82592.68969854969,82253.06177469932,82400.78149149603,679,7
2026-08-01 08:46:11.026530,82381.29059144083,82394.8233105985,82353.89882283624,82361.79969138562,2349,7
2026-08-01 08:51:11.026530,82344.58591979454,82414.60966419167,82110.78003402396,82327.37214820346,67,5
2026-08-01 08:56:11.026530,82305.98457836788,82318.98240880325,82165.95763285748,82284.5970085323,1318,9
2026-08-01 09:01:11.026530,82426.67762212644,82723.74175873888,82561.14107460705,82568.75823572058,1226,2
2026-08-01 09:06:11.026530,82690.59140736007,82850.79036495641,82638.75981837286,82812.42457899955,1682,5
2026-08-01 09:11:11.026530,82978.95500361265,83175.90493701896,83046.33367448603,83145.48542822573,549,2
2026-08-01 09:16:11.026530,83134.41685472155,83134.87500649608,83077.25901002661,83123.34828121738,507,2
2026-08-01 09:21:11.026530,83146.30181832208,83175.38901352166,83150.73969931914,83169.2553554268,164,9
2026-08-01 09:26:11.026530,83056.71537775244,82967.77281276963,82943.98623639863,82944.17540007808,802,7
2026-08-01 09:31:11.026530,83055.4065379153,83193.78750308526,83099.44588971062,83166.63767575253,818,4
2026-08-01 09:36:11.026530,83080.15113705257,83041.24789844309,82987.00914748722,82993.66459835263,2450,8
2026-08-01 09:41:11.026530,83010.68992520933,83111.63117524677,83002.61070784277,83027.71525206605,1920,4
2026-08-01 09:46:11.026530,82946.62895313752,82961.829542241,82855.45221211661,82865.54265420901,371,1
2026-08-01 09:51:11.026530,82822.47661476846,82879.8261935423,82712.50379925924,82779.4105753279,2022,3
2026-08-01 09:56:11.026530,82717.90682954312,82839.01644637031,82542.4407617314,82656.40308375836,275,1
2026-08-01 10:01:11.026530,82612.03317827362,82614.95558084307,82563.982139232,82567.66327278888,410,2
2026-08-01 10:06:11.026530,82528.44489772007,82516.35323494593,82336.42944542179,82489.22652265125,1604,2
2026-08-01 10:11:11.026530,82449.3670458257,82503.62877328407,82402.19132211215,82409.50756900012,883,7
2026-08-01 10:16:11.026530,82472.18646157834,82590.42862484077,82505.30786242845,82534.86535415656,161,4
2026-08-01 10:21:11.026530,82453.69989472424,82382.90489472181,82305.44919963382,82372.53443529193,261,9
2026-08-01 10:26:11.026530,82389.71164227865,82425.9497650823,82392.79849241012,82406.88884926535,1306,2
2026-08-01 10:31:11.026530,82498.14522742246,82676.51277206124,82422.77950641152,82589.40160557957,997,9
2026-08-01 10:36:11.026530,82552.09823607301,82529.07738261123,82514.44619947241,82514.79486656646,208,6
2026-08-01 10:41:11.026530,82462.3383535943,82447.60415817011,82347.53573000118,82409.88184062213,1958,8
2026-08-01 10:46:11.026530,82393.61139620165,82445.4554840059,82310.20566508971,82377.3409517812,1397,7
2026-08-01 10:51:11.026530,82465.72377902962,82619.55837840113,82509.25195571741,82554.10660627803,1321,8
2026-08-01 10:56:11.026530,82569.35690770653,82721.75748413448,82560.0712434567,82584.60720913502,960,9
2026-08-01 11:01:11.026530,82545.9680332741,82557.65489286145,82502.29371445069,82507.32885741317,453,8
2026-08-01 11:06:11.026530,82544.10134299382,82641.9213286494,82536.1233866574,82580.87382857448,1891,6
2026-08-01 11:11:11.026530,82499.85380606729,82497.13292591483,82362.04122521455,82418.8337835601,1740,8
2026-08-01 11:16:11.026530,82470.23116791862,82594.73898008242,82496.46433448687,82521.62855227715,1513,8
2026-08-01 11:21:11.026530,82552.81259316705,82603.88845433685,82527.90110431329,82583.99663405695,1306,2
2026-08-01 11:26:11.026530,82561.95031315395,82565.04557332356,82528.56830685365,82539.90399225095,242,2
2026-08-01 11:31:11.026530,82478.48003457587,82430.66176400732,82391.48623771546,82417.05607690079,1172,1
2026-08-01 11:36:11.026530,82352.1615304644,82325.79778753736,82283.89749716652,82287.26698402801,2024,2
2026-08-01 11:41:11.026530,82327.71751948024,82524.9985315739,82359.40341410109,82368.16805493245,1692,7
2026-08-01 11:46:11.026530,82460.20039939336,82597.49894898068,82534.36178852299,82552.23274385429,1049,3
2026-08-01 11:51:11.026530,82505.73441677507,82611.98311424765,82457.63552411736,82459.23608969586,1789,4
2026-08-01 11:56:11.026530,82494.09380470877,82602.56713565205,82288.47175365803,82528.95151972168,572,4
2026-08-01 12:01:11.026530,82375.04839278985,82370.62164231553,82193.47250258978,82221.14526585802,399,4
2026-08-01 12:06:11.026530,82178.72822946197,82171.15258111982,82079.06869633312,82136.31119306592,2413,2
2026-08-01 12:11:11.026530,82134.83662309297,82229.8497453577,82094.50759364666,82133.36205312003,1790,6
2026-08-01 12:16:11.026530,82066.993252962,82011.5964440462,81977.34921768674,82000.62445280397,1994,1
2026-08-01 12:21:11.026530,81932.3866103217,81963.04109858422,81749.74293634169,81864.14876783945,1610,5
2026-08-01 12:26:11.026530,81815.79550735172,81824.21206829777,81741.72991273868,81767.44224686401,701,2
2026-08-01 12:31:11.026530,81789.76868209065,81931.49116819049,81718.87359635626,81812.09511731728,684,9
2026-08-01 12:36:11.026530,81799.1220943234,81812.65915924565,81756.62888769581,81786.14907132952,1851,2
2026-08-01 12:41:11.026530,81622.54440047714,81547.29700764181,81374.48551855936,81458.93972962475,642,6
2026-08-01 12:46:11.026530,81304.57260326139,81161.32067409693,81118.18134132888,81150.20547689803,1281,4
2026-08-01 12:51:11.026530,81106.71778979809,81095.30268954177,80966.51827874924,81063.23010269814,805,6
2026-08-01 12:56:11.026530,81097.4465672448,81147.15131546097,81084.72905896975,81131.66303179145,1349,2
2026-08-01 13:01:11.026530,80932.346944575,80734.9796396458,80628.91016591726,80733.03085735852,546,2
2026-08-01 13:06:11.026530,80697.54353719932,80748.00903867834,80634.26582585741,80662.05621704011,822,7
2026-08-01 13:11:11.026530,80624.67675949151,80641.85709649653,80462.68773709628,80587.29730194292,2471,3
2026-08-01 13:16:11.026530,80688.92527237127,80794.8082311106,80544.13394644872,80790.55324279961,1648,3
2026-08-01 13:21:11.026530,80763.37478278237,80822.3912005789,80591.9791667528,80736.19632276511,233,7
2026-08-01 13:26:11.026530,80764.84281062766,80989.0257562867,80792.63298125414,80793.4892984902,81,8
2026-08-01 13:31:11.026530,80804.57014435831,80857.23424542703,80715.86236067975,80815.65099022642,332,7
2026-08-01 13:36:11.026530,80661.78802313449,80521.25084032145,80417.81279466028,80507.92505604256,885,3
2026-08-01 13:41:11.026530,80564.4318512518,80744.161373166,80546.81176538226,80620.93864646103,1505,3
2026-08-01 13:46:11.026530,80637.37712832294,80814.24902325608,80626.18307586054,80653.81561018486,735,7
2026-08-01 13:51:11.026530,80691.53420146933,80741.92545903164,80611.45459957192,80729.2527927538,511,3
2026-08-01 13:56:11.026530,81016.3422304297,81333.93584452964,81223.22889155733,81303.43166810561,920,2
2026-08-01 14:01:11.026530,81152.02637463147,81087.05223039657,80982.04896820069,81000.62108115734,417,7
2026-08-01 14:06:11.026530,81127.36032956396,81267.01639355287,81232.98755129812,81254.09957797057,215,3
2026-08-01 14:11:11.026530,81233.89648352007,81231.15332269236,81187.03609389474,81213.69338906957,1778,5
2026-08-01 14:16:11.026530,81235.51292350833,81273.55249380274,81177.50328909619,81257.33245794708,651,7
2026-08-01 14:21:11.026530,81254.81672587947,81281.50155274647,81143.73792130275,81252.30099381188,2223,2
2026-08-01 14:26:11.026530,81222.1015863083,81240.99199839123,81076.83826270561,81191.90217880474,87,8
2026-08-01 14:31:11.026530,81151.09538351705,81131.1058738174,81032.84141285114,81110.28858822936,397,2
2026-08-01 14:36:11.026530,81135.16120900474,81266.15885531942,81146.55412383786,81160.03382978012,1286,4
2026-08-01 14:41:11.026530,81050.17392600776,81022.35063025268,80927.77660444287,80940.3140222354,2071,4
2026-08-01 14:46:11.026530,80995.83838197245,81099.19279045309,81048.50419176981,81051.3627417095,783,8
2026-08-01 14:51:11.026530,81021.8242143399,81016.97374247607,80986.66170666153,80992.2856869703,475,1
2026-08-01 14:56:11.026530,80910.80348615575,80921.04932788198,80746.6643825014,80829.3212853412,1320,9
2026-08-01 15:01:11.026530,80797.40537687388,80866.92883182125,80700.31214701464,80765.48946840658,697,6
2026-08-01 15:06:11.026530,80857.78327518648,80981.32447972202,80876.08427942924,80950.07708196637,2383,4
2026-08-01 15:11:11.026530,80911.90272139048,80956.96766660112,80765.71750777395,80873.72836081458,369,6
2026-08-01 15:16:11.026530,80900.63657949574,80953.7546137483,80887.10883885673,80927.54479817691,561,6
2026-08-01 15:21:11.026530,80875.14897907118,80862.94218521714,80712.50460578183,80822.75315996545,2322,9
2026-08-01 15:26:11.026530,80878.73172051251,80946.90757946129,80892.30532164207,80934.71028105958,1772,4
2026-08-01 15:31:11.026530,80985.48468808876,81058.73255005556,81007.37315703221,81036.25909511796,1806,8
2026-08-01 15:36:11.026530,81172.1206387626,81328.04495525015,81171.43683010618,81307.98218240723,1827,1
2026-08-01 15:41:11.026530,81295.94976806782,81342.47678406356,81202.72997652195,81283.91735372841,1589,6
2026-08-01 15:46:11.026530,81333.67642246024,81519.23684953149,81282.5751875073,81383.43549119208,987,5
2026-08-01 15:51:11.026530,81391.43307732041,81431.36992533565,81327.345644791,81399.43066344874,814,3
2026-08-01 15:56:11.026530,81495.29227681327,81617.2874136339,81507.77236810715,81591.1538901778,2260,4
2026-08-01 16:01:11.026530,81539.21756197757,81534.24975852614,81426.7256966759,81487.28123377734,702,8
2026-08-01 16:06:11.026530,81542.77147110189,81729.82983436258,81580.75967052618,81598.26170842645,2179,2
2026-08-01 16:11:11.026530,81584.78165361265,81605.749701115,81484.09302379846,81571.30159879885,530,8
2026-08-01 16:16:11.026530,81567.40517610882,81693.83421494359,81544.9671597119,81563.50875341879,565,7
2026-08-01 16:21:11.026530,81571.06037670477,81636.67522896889,81518.3389975182,81578.61199999075,1713,1
2026-08-01 16:26:11.026530,81597.95204894428,81734.40786194493,81605.42902876834,81617.29209789779,236,2
2026-08-01 16:31:11.026530,81609.57133148724,81673.89394181657,81486.2697623243,81601.85056507669,195,7
2026-08-01 16:36:11.026530,81618.4388485663,81715.56296526277,81534.39326215508,81635.0271320559,1055,3
2026-08-01 16:41:11.026530,81751.95738806773,81896.03556176179,81824.6573701647,81868.88764407956,201,2
2026-08-01 16:46:11.026530,81942.3821334344,82020.41494691216,81905.30552231637,82015.87662278923,1436,1
2026-08-01 16:51:11.026530,82080.90431367414,82201.43237241378,82137.57689361922,82145.93200455903,142,7
2026-08-01 16:56:11.026530,82113.0879557392,82100.03618827034,82014.61581919182,82080.24390691936,1899,3
2026-08-01 17:01:11.026530,82015.42575605794,81977.80094126408,81931.62270025768,81950.60760519652,651,6
2026-08-01 17:06:11.026530,82021.9478580043,82214.67306492849,82044.42481210966,82093.2881108121,98,8
2026-08-01 17:11:11.026530,82158.8872124024,82233.2529708146,82139.2597359037,82224.48631399272,1952,6
2026-08-01 17:16:11.026530,82334.43595148163,82517.97018018593,82296.25073906258,82444.38558897054,2253,7
2026-08-01 17:21:11.026530,82400.41816679481,82376.4946249756,82306.90576333796,82356.45074461908,824,6
2026-08-01 17:26:11.026530,82340.26316043778,82472.25860933833,82169.0156235154,82324.07557625648,595,7
2026-08-01 17:31:11.026530,82203.60334333425,82143.26532715383,81994.83194400294,82083.13111041204,1513,5
2026-08-01 17:36:11.026530,82054.9678775961,82081.21097475852,81918.53174687056,82026.80464478013,1310,9
2026-08-01 17:41:11.026530,82101.26336515581,82311.02264973668,82171.86826755859,82175.72208553148,699,3
2026-08-01 17:46:11.026530,82142.05650716074,82147.84746757246,81989.94572863667,82108.39092878999,2073,6
2026-08-01 17:51:11.026530,82156.5701498701,82346.89455597769,82104.29305246387,82204.74937095019,1130,9
2026-08-01 17:56:11.026530,82191.47932697026,82257.36233373109,82176.80834542892,82178.20928299033,224,1
2026-08-01 18:01:11.026530,82203.00592792818,82241.53639884821,82191.88388409368,82227.80257286604,1287,5
2026-08-01 18:06:11.026530,82143.7759060319,82220.45151941742,81943.39294478043,82059.74923919774,2124,4
2026-08-01 18:11:11.026530,82066.86349285912,82075.6901190014,81923.81828086995,82073.9777465205,1991,9
2026-08-01 18:16:11.026530,81854.44282585492,81643.8681900548,81560.25630248396,81634.90790518933,1192,1
2026-08-01 18:21:11.026530,81621.99477172487,81711.95765093021,81591.99973706264,81609.08163826041,196,4
2026-08-01 18:26:11.026530,81490.31562418412,81511.14437096867,81370.98710381721,81371.54961010785,917,1
2026-08-01 18:31:11.026530,81460.78131225012,81610.34258483618,81505.86697547836,81550.0130143924,2362,3
2026-08-01 18:36:11.026530,81607.92742648696,81736.50535646107,81648.03556788902,81665.84183858152,2355,4
2026-08-01 18:41:11.026530,81700.97357236006,81803.67117666207,81644.29695396301,81736.10530613859,1933,1
2026-08-01 18:46:11.026530,81848.96723424464,82056.84634036921,81926.9415662568,81961.8291623507,792,5
2026-08-01 18:51:11.026530,81892.7096952123,81867.65919501706,81812.8702441735,81823.5902280739,1572,6
2026-08-01 18:56:11.026530,81953.29160182568,82255.19468184553,82000.71973333362,82082.99297557746,759,1
2026-08-01 19:01:11.026530,82152.7383669226,82236.28531417664,82137.24878031264,82222.48375826773,1400,4
2026-08-01 19:06:11.026530,82205.80422067319,82291.71020456843,82169.15986779206,82189.12468307864,1143,4
2026-08-01 19:11:11.026530,82274.0362411243,82376.96910930758,82341.06149711553,82358.94779916997,2002,1
2026-08-01 19:16:11.026530,82277.84949792494,82283.74861419863,82086.94377431566,82196.7511966799,1655,2
2026-08-01 19:21:11.026530,82136.6220463902,82103.54226334643,82039.27415350665,82076.49289610048,1731,5
2026-08-01 19:26:11.026530,82032.38156621312,82089.93061927265,81804.53809287533,81988.27023632578,1904,2
2026-08-01 19:31:11.026530,81950.07495329902,81942.11287278502,81742.7191642721,81911.87967027226,2316,3
2026-08-01 19:36:11.026530,81834.88109964225,81872.52277904486,81675.11028530452,81757.88252901225,610,9
2026-08-01 19:41:11.026530,81848.79807068594,82162.79569268109,81799.35061565963,81939.71361235961,941,5
2026-08-01 19:46:11.026530,81921.44767264578,81916.34467686735,81899.81295136335,81903.18173293195,646,1
2026-08-01 19:51:11.026530,81929.99368876114,81975.74099280132,81906.80762790407,81956.80564459035,2440,5
2026-08-01 19:56:11.026530,81915.57620909467,81960.73251138376,81831.1249962705,81874.346773599,499,3
2026-08-01 20:01:11.026530,81741.22778936703,81757.99657665168,81589.78255629557,81608.10880513504,2433,1
2026-08-01 20:06:11.026530,81628.76509614865,81714.2120540703,81592.06031622099,81649.42138716226,2101,3
2026-08-01 20:11:11.026530,81509.95558651423,81387.58172263946,81312.08883398277,81370.48978586622,1875,6
2026-08-01 20:16:11.026530,81366.27740149433,81420.57638749115,81293.98488115071,81362.06501712243,1299,5
2026-08-01 20:21:11.026530,81262.80388953412,81180.0775261493,81131.25595927096,81163.5427619458,1223,1
2026-08-01 20:26:11.026530,81309.78218285492,81597.48730502413,81413.76316087521,81456.02160376405,2335,2
2026-08-01 20:31:11.026530,81523.70472417379,81682.64392654896,81450.91110102816,81591.38784458353,1733,5
2026-08-01 20:36:11.026530,81599.97039986956,81686.2070517046,81562.43787706435,81608.5529551556,2200,9
2026-08-01 20:41:11.026530,81702.29289675411,81800.21119586247,81700.41581096846,81796.0328383526,1248,5
2026-08-01 20:46:11.026530,81734.59423215715,81734.43031100299,81530.61471687045,81673.15562596169,1059,5
2026-08-01 20:51:11.026530,81713.94161998914,81793.269740062,81727.78236395198,81754.72761401659,1821,1
2026-08-01 20:56:11.026530,81770.25001053815,81880.43247078401,81718.07029557707,81785.77240705972,1757,5
2026-08-01 21:01:11.026530,81806.02905793721,81852.37542587332,81676.30926900687,81826.28570881468,489,8
2026-08-01 21:06:11.026530,81920.91400136267,82075.72534671932,81923.27480294704,82015.54229391066,1358,9
2026-08-01 21:11:11.026530,82070.46736267739,82126.45890778466,81966.07092004512,82125.3924314441,2322,3
2026-08-01 21:16:11.026530,82147.56005649507,82190.98666041488,82139.50134968536,82169.72768154604,2080,4
2026-08-01 21:21:11.026530,82048.34555495472,81970.24647695346,81907.11650889055,81926.9634283634,2017,7
2026-08-01 21:26:11.026530,81857.05411051432,81891.35461023528,81781.00981225594,81787.14479266525,295,7
2026-08-01 21:31:11.026530,81778.93107712288,81773.30948009732,81767.55554894911,81770.71736158051,1592,1
2026-08-01 21:36:11.026530,81778.4074052895,81821.01453748495,81773.89501553046,81786.09744899848,1287,6
2026-08-01 21:41:11.026530,81703.80676284077,81624.42712207393,81408.59881645015,81621.51607668305,1663,9
2026-08-01 21:46:11.026530,81799.88117174708,82097.49973833373,81976.94868375943,81978.24626681113,1774,5
2026-08-01 21:51:11.026530,82091.10131895388,82272.67432419458,82006.01404321863,82203.95637109662,1002,8
2026-08-01 21:56:11.026530,82249.35031659016,82295.40914275874,82229.66594708909,82294.74426208371,2313,9
2026-08-01 22:01:11.026530,82300.90309996935,82326.32378426149,82257.71595962642,82307.06193785497,332,3
2026-08-01 22:06:11.026530,82292.1680371089,82303.54681644533,82085.60102624234,82277.27413636282,2479,1
2026-08-01 22:11:11.026530,82207.66673369781,82173.83567759328,82065.83196356625,82138.05933103283,1990,2
2026-08-01 22:16:11.026530,82144.60892331178,82313.13682853963,82100.57957807115,82151.15851559075,221,5
2026-08-01 22:21:11.026530,82171.0420409541,82217.69090967586,82085.23168638807,82190.92556631744,1294,7
2026-08-01 22:26:11.026530,82099.99292241779,82140.53672778328,81991.64411598863,82009.06027851815,1168,6
2026-08-01 22:31:11.026530,82034.5532350112,82173.33364858605,82029.51981001691,82060.04619150425,1932,4
2026-08-01 22:36:11.026530,82049.40166472743,82044.14851846357,81934.0987067926,82038.7571379506,2141,9
2026-08-01 22:41:11.026530,81898.9535649452,81776.22197498061,81750.66046266195,81759.14999193982,2325,4
2026-08-01 22:46:11.026530,81696.70541246426,81713.32697129162,81567.76785012244,81634.2608329887,2414,3
2026-08-01 22:51:11.026530,81604.69994137705,81612.34635016765,81514.8900990689,81575.1390497654,650,5
2026-08-01 22:56:11.026530,81714.78284996247,81954.2010797174,81740.69916953657,81854.42665015954,2073,4
2026-08-01 23:01:11.026530,81896.26727028511,81944.38252975504,81807.75892412168,81938.10789041068,516,2
2026-08-01 23:06:11.026530,81840.55943933848,81772.60035044767,81617.62326473011,81743.01098826628,1788,3
2026-08-01 23:11:11.026530,81779.60185065318,81970.34223516921,81735.13283073134,81816.1927130401,346,7
2026-08-01 23:16:11.026530,81703.23205415587,81651.09680649577,81456.59072239946,81590.27139527164,1069,2
2026-08-01 23:21:11.026530,81670.66976916998,81767.27312983025,81697.98425345894,81751.06814306832,2312,1
2026-08-01 23:26:11.026530,81717.23621335078,81693.54503371585,81519.14973424088,81683.40428363324,1597,2
2026-08-01 23:31:11.026530,81677.33789785896,81802.01169513533,81652.48573538446,81671.27151208468,1948,8
2026-08-01 23:36:11.026530,81769.65810591538,81969.87207793273,81845.3783776997,81868.04469974608,710,8
2026-08-01 23:41:11.026530,81774.131467759,81689.22521991532,81626.36849361873,81680.2182357719,703,2
2026-08-01 23:46:11.026530,81578.45680216036,81479.99984518303,81447.71018307505,81476.69536854883,851,6
2026-08-01 23:51:11.026530,81434.73698774914,81427.99669001317,81232.94427049161,81392.77860694945,390,7
2026-08-01 23:56:11.026530,81469.73008160948,81616.08775985418,81529.75510489219,81546.68155626951,753,1
2026-08-02 00:01:11.026530,81436.13927480782,81365.67948905914,81297.4759788394,81325.59699334612,902,7
2026-08-02 00:06:11.026530,81119.6395351864,80945.75954712967,80866.46826627693,80913.6820770267,355,8
2026-08-02 00:11:11.026530,80881.64946981923,80927.90454785332,80768.15405413642,80849.61686261176,1983,9
2026-08-02 00:16:11.026530,80890.59334164823,80981.69262699943,80876.70020842036,80931.56982068469,1837,8
2026-08-02 00:21:11.026530,81019.90056354593,81238.89729705048,81077.51340778326,81108.2313064072,923,3
2026-08-02 00:26:11.026530,81075.2462313611,81105.70231260521,80999.58023331896,81042.26115631501,1631,8
2026-08-02 00:31:11.026530,81013.07344776581,81064.61175366581,80926.32002072374,80983.8857392166,544,3
2026-08-02 00:36:11.026530,81068.88730066347,81199.52015636417,80969.93340392732,81153.88886211034,1735,6
2026-08-02 00:41:11.026530,81018.36409973902,81022.39695883436,80792.85696162787,80882.8393373677,1655,4
2026-08-02 00:46:11.026530,80855.37529839712,80957.99153909921,80815.11109318197,80827.91125942655,1587,7
2026-08-02 00:51:11.026530,80842.57460678717,81036.65014538415,80805.4955728864,80857.23795414779,1685,8
2026-08-02 00:56:11.026530,80890.75073538597,81059.10205869318,80869.19320910732,80924.26351662415,945,6
2026-08-02 01:01:11.026530,80887.95889809061,80880.97503609944,80846.53672220522,80851.65427955707,1217,4
2026-08-02 01:06:11.026530,80854.96908348906,80959.11457865991,80837.26406678323,80858.28388742104,2396,8
2026-08-02 01:11:11.026530,80678.41209987603,80591.18908607047,80459.28348529045,80498.54031233104,1911,7
2026-08-02 01:16:11.026530,80451.68336090517,80551.0370522838,80381.68241231836,80404.8264094793,806,8
2026-08-02 01:21:11.026530,80438.46238130558,80481.43061449294,80449.59227544538,80472.09835313188,80,7
2026-08-02 01:26:11.026530,80401.82198217983,80470.85113072455,80196.0400419262,80331.54561122778,2429,3
2026-08-02 01:31:11.026530,80336.61371072053,80353.97373743511,80301.08052909725,80341.6818102133,2043,3
2026-08-02 01:36:11.026530,80374.81112001039,80434.19432451017,80308.37335356323,80407.94042980747,2149,9
2026-08-02 01:41:11.026530,80383.96235428259,80479.37066521712,80302.08231332655,80359.98427875769,292,7
2026-08-02 01:46:11.026530,80373.11864422899,80421.33541431543,80383.36866271048,80386.25300970027,735,1
2026-08-02 01:51:11.026530,80317.4643864901,80425.09236346628,80217.58461473545,80248.67576327993,1685,3
2026-08-02 01:56:11.026530,80234.55848068724,80393.03242575447,80066.18619643422,80220.44119809454,1490,1
2026-08-02 02:01:11.026530,80265.32512599172,80321.58099922918,80263.5970977613,80310.2090538889,1548,6
2026-08-02 02:06:11.026530,80322.35987218993,80384.61829759848,80267.30318540256,80334.51069049095,1465,2
2026-08-02 02:11:11.026530,80292.92874140723,80311.77742796179,80224.82879197568,80251.3467923235,1462,7
2026-08-02 02:16:11.026530,80268.34720771175,80315.48087678323,80172.97402971346,80285.34762309998,622,8
2026-08-02 02:21:11.026530,80337.82016740502,80490.70658914234,80340.26366063791,80390.29271171006,2041,6
2026-08-02 02:26:11.026530,80243.05111894992,80206.64112111197,80008.5723789743,80095.80952618978,1481,5
2026-08-02 02:31:11.026530,80180.25266374185,80370.14460315181,80115.3320546698,80264.6958012939,1262,4
2026-08-02 02:36:11.026530,80241.21487424779,80231.2067187346,80190.76774233284,80217.73394720168,2380,9
2026-08-02 02:41:11.026530,80249.26716804734,80390.29488556221,80234.98196228904,80280.80038889301,1709,8
2026-08-02 02:46:11.026530,80368.20256140963,80562.44079425043,80370.42325984607,80455.60473392626,648,5
2026-08-02 02:51:11.026530,80357.20687482697,80268.1035983062,80148.9359966749,80258.80901572767,2245,1
2026-08-02 02:56:11.026530,80208.39829250918,80201.26171795442,80144.05181960139,80157.9875692907,119,8
2026-08-02 03:01:11.026530,80137.97761144576,80147.48153990535,79987.50961878138,80117.96765360082,1443,8
2026-08-02 03:06:11.026530,80062.2940911025,80094.92545241259,79971.30831585808,80006.6205286042,1699,7
2026-08-02 03:11:11.026530,80132.54414396756,80322.0191158288,80207.30363334174,80258.46775933092,1588,7
2026-08-02 03:16:11.026530,80197.42991746088,80255.66660834574,80127.54119874668,80136.39207559083,2331,8
2026-08-02 03:21:11.026530,80097.145110272,80143.5499351197,79946.41490739706,80057.89814495317,516,1
2026-08-02 03:26:11.026530,80073.42839648078,80118.64337178953,80025.40035067954,80088.9586480084,606,3
2026-08-02 03:31:11.026530,80003.20048426781,79982.95066646603,79822.95853317693,79917.44232052722,943,4
2026-08-02 03:36:11.026530,79889.79145495544,79900.78784448591,79860.27526844971,79862.14058938368,885,6
2026-08-02 03:41:11.026530,79885.7634428487,80041.63399833442,79879.91235460134,79909.38629631374,1360,9
2026-08-02 03:46:11.026530,79886.25328597715,79899.39247904641,79786.0904090226,79863.12027564055,667,4
2026-08-02 03:51:11.026530,79857.20699537167,80010.67353022344,79760.03941135253,79851.2937151028,1367,6
2026-08-02 03:56:11.026530,79814.06852394182,79823.37072159104,79743.16637599078,79776.84333278086,1554,9
2026-08-02 04:01:11.026530,79669.04932027197,79652.52327327844,79489.09474495557,79561.25530776306,183,9
2026-08-02 04:06:11.026530,79585.08577888794,79636.73129826132,79564.97263540611,79608.9162500128,57,6
2026-08-02 04:11:11.026530,79735.65115788582,79863.61835745661,79548.84504064084,79862.38606575882,2125,5
2026-08-02 04:16:11.026530,79864.507384292,79945.20308597316,79686.17273420973,79866.62870282517,832,3
2026-08-02 04:21:11.026530,79883.62296122641,80039.8054071312,79853.1081937805,79900.61721962766,1383,5
2026-08-02 04:26:11.026530,79951.26237835232,80064.91511182766,79935.60713344863,80001.90753707697,590,3
2026-08-02 04:31:11.026530,79911.41609219642,79828.09460287548,79723.97190580706,79820.92464731587,1107,5
2026-08-02 04:36:11.026530,79944.21957685231,80186.61668224221,80024.6543135806,80067.51450638873,2104,1
2026-08-02 04:41:11.026530,80082.89810392923,80287.90132327558,80036.26721702966,80098.28170146972,2137,6
2026-08-02 04:46:11.026530,80216.89602966978,80458.90676715912,80171.34862108155,80335.51035786983,958,7
2026-08-02 04:51:11.026530,80283.34788999379,80290.24880965007,80218.91717745668,80231.18542211775,2159,2
2026-08-02 04:56:11.026530,80363.48414888809,80497.00939189468,80341.85133564484,80495.78287565845,1370,3
2026-08-02 05:01:11.026530,80552.78523462705,80662.50274654198,80511.06784644797,80609.78759359567,2476,9
2026-08-02 05:06:11.026530,80650.73687884837,80697.29908781471,80684.68084743527,80691.68616410109,371,8
2026-08-02 05:11:11.026530,80709.49245417617,80777.07692019868,80535.20211459421,80727.29874425125,782,4
2026-08-02 05:16:11.026530,80710.05296290852,80763.78094735251,80637.7162848365,80692.80718156577,1468,8
2026-08-02 05:21:11.026530,80780.89697741761,80918.81217555891,80857.98877495428,80868.98677326943,1430,8
2026-08-02 05:26:11.026530,80880.01265057168,80977.91288970094,80846.77759096076,80891.03852787391,1409,6
2026-08-02 05:31:11.026530,80748.89133564931,80712.99952248952,80571.84669797002,80606.74414342472,2117,1
2026-08-02 05:36:11.026530,80526.58254868125,80621.36284925079,80333.50621363836,80446.42095393779,1964,2
2026-08-02 05:41:11.026530,80433.7718444134,80442.32385944405,80386.43900060296,80421.12273488901,598,4
2026-08-02 05:46:11.026530,80444.37108386625,80491.42368378595,80297.35669834459,80467.61943284351,1332,4
2026-08-02 05:51:11.026530,80464.32605694619,80593.39319282114,80427.02925706777,80461.03268104888,654,2
2026-08-02 05:56:11.026530,80550.20766192072,80685.66354509507,80555.18921707032,80639.38264279255,1772,9
2026-08-02 06:01:11.026530,80498.8324940204,80375.03934857261,80333.87837599624,80358.28234524827,2454,2
2026-08-02 06:06:11.026530,80369.47211789063,80471.84130180621,80358.17051452646,80380.66189053298,2298,6
2026-08-02 06:11:11.026530,80250.16069469598,80172.52895703568,80016.047388691,80119.65949885896,1631,5
2026-08-02 06:16:11.026530,80175.2803744046,80299.90361363493,80170.65457088996,80230.90124995021,2328,4
2026-08-02 06:21:11.026530,80224.883353382,80219.00595649227,80196.05708938837,80218.86545681379,2400,6
2026-08-02 06:26:11.026530,80249.97427551291,80296.44420223689,80280.82771653513,80281.08309421202,2484,4
2026-08-02 06:31:11.026530,80219.51505650373,80179.49391475382,80066.28106388704,80157.94701879546,764,9
2026-08-02 06:36:11.026530,80251.16017913517,80378.31473016979,80155.10856925194,80344.37333947489,974,7
2026-08-02 06:41:11.026530,80420.57601020354,80534.07768665024,80486.94094322818,80496.77868093221,107,3
2026-08-02 06:46:11.026530,80539.88280644412,80731.35381155353,80513.829605295,80582.98693195602,483,4
2026-08-02 06:51:11.026530,80574.40047892737,80587.3887890576,80556.38777780932,80565.81402589873,1834,1
2026-08-02 06:56:11.026530,80608.68748996007,80693.36794863212,80604.9731711244,80651.5609540214,532,6
2026-08-02 07:01:11.026530,80601.08829224468,80595.5032237213,80510.2064202687,80550.61563046796,416,2
2026-08-02 07:06:11.026530,80613.49415066034,80712.69502193098,80669.11189600582,80676.37267085271,938,4
2026-08-02 07:11:11.026530,80797.12653709698,80975.43911305381,80770.56100867111,80917.88040334123,1902,5
2026-08-02 07:16:11.026530,80996.73470932893,81095.92034604501,80967.64930477324,81075.58901531663,1404,8
2026-08-02 07:21:11.026530,81023.19600305535,81057.85052345636,80886.89548191246,80970.80299079405,1773,3
2026-08-02 07:26:11.026530,80997.95962811881,81075.48203515862,80958.80913116527,81025.11626544359,1308,6
2026-08-02 07:31:11.026530,80931.73505430768,80864.11384838089,80725.7152324081,80838.35384317176,460,1
2026-08-02 07:36:11.026530,80880.82850989129,80963.75550490976,80865.35940502699,80923.3031766108,2280,9
2026-08-02 07:41:11.026530,80956.94427196267,81017.94787587192,80957.66819894793,80990.58536731453,2255,1
2026-08-02 07:46:11.026530,80855.32789484813,80770.09010562045,80667.2037238576,80720.07042238173,2110,2
2026-08-02 07:51:11.026530,80636.56278757527,80674.66383269287,80510.19945767599,80553.05515276882,1862,1
2026-08-02 07:56:11.026530,80533.33857797607,80617.20011196648,80474.25216285973,80513.62200318334,1852,8
2026-08-02 08:01:11.026530,80492.63163645475,80518.700348986,80236.91065945874,80471.64126972617,727,4
2026-08-02 08:06:11.026530,80384.94379085733,80307.09251142807,80291.63933024193,80298.24631198848,667,2
2026-08-02 08:11:11.026530,80327.17058711694,80414.32886226256,80274.83521361668,80356.09486224542,2301,7
2026-08-02 08:16:11.026530,80375.08960525462,80486.81390799308,80353.19037016758,80394.0843482638,2399,8
2026-08-02 08:21:11.026530,80380.83419332794,80449.08376269255,80298.95872813975,80367.58403839209,844,9
2026-08-02 08:26:11.026530,80313.75677477475,80265.46648794661,80178.50858312465,80259.92951115742,778,5
2026-08-02 08:31:11.026530,80336.5574217448,80522.09248476973,80381.53629771712,80413.18533233218,1743,3
2026-08-02 08:36:11.026530,80533.97544572853,80741.78005669822,80509.3622206634,80654.76555912488,1935,1
2026-08-02 08:41:11.026530,80620.48530069344,80609.93318257124,80509.2437562835,80586.20504226201,688,8
2026-08-02 08:46:11.026530,80542.63548968628,80528.81868375266,80456.7074399445,80499.06593711053,240,6
2026-08-02 08:51:11.026530,80535.47496775733,80667.48847879417,80553.40318565711,80571.88399840414,1851,5
2026-08-02 08:56:11.026530,80546.73517870012,80525.4622800301,80444.98847666822,80521.58635899612,948,7
2026-08-02 09:01:11.026530,80512.29061280619,80557.87555387875,80487.394683678,80502.99486661625,2046,5
2026-08-02 09:06:11.026530,80557.42653158393,80712.08491822403,80499.9189774154,80611.8581965516,2157,4
2026-08-02 09:11:11.026530,80474.37426130658,80432.76412819448,80279.47957094038,80336.89032606156,1539,5
2026-08-02 09:16:11.026530,80433.12627102467,80562.19674600678,80430.16415300671,80529.36221598777,1452,7
2026-08-02 09:21:11.026530,80535.43559224953,80650.90223091964,80514.70647763624,80541.50896851129,1502,6
2026-08-02 09:26:11.026530,80512.49678830292,80529.85344874,80476.77593152472,80483.48460809454,2159,9
2026-08-02 09:31:11.026530,80477.8261526901,80561.39165754832,80424.98744331692,80472.16769728567,1993,2
2026-08-02 09:36:11.026530,80470.25141247766,80508.14989016925,80465.95370960695,80468.33512766965,2399,7
2026-08-02 09:41:11.026530,80343.95626096989,80227.8207558711,80190.11905084788,80219.57739427013,687,1
2026-08-02 09:46:11.026530,80328.45808664289,80471.08693207504,80430.8287778641,80437.33877901564,1048,8
2026-08-02 09:51:11.026530,80441.13504305287,80463.69762417242,80442.42489994137,80444.93130709008,2269,4
2026-08-02 09:56:11.026530,80477.82274572327,80539.75297888664,80484.19558111172,80510.71418435648,1578,8
2026-08-02 10:01:11.026530,80580.52871742754,80665.25337942463,80632.64996769658,80650.34325049863,112,8
2026-08-02 10:06:11.026530,80577.09496773662,80509.59477116342,80468.75660356082,80503.8466849746,65,4
2026-08-02 10:11:11.026530,80538.97171836207,80722.83367487032,80499.54973203714,80574.09675174952,891,4
2026-08-02 10:16:11.026530,80555.49834175472,80570.96976719232,80520.0240135174,80536.89993175991,1174,5
2026-08-02 10:21:11.026530,80599.12999970667,80669.13094771288,80464.76472601295,80661.36006765341,1266,7
2026-08-02 10:26:11.026530,80508.03232882138,80494.4507760794,80340.75815390557,80354.70458998936,2046,6
2026-08-02 10:31:11.026530,80348.34221695203,80423.50529170265,80294.18230575447,80341.97984391473,948,1
2026-08-02 10:36:11.026530,80299.21741591988,80413.19255037255,80024.96893487417,80256.45498792503,1540,6
2026-08-02 10:41:11.026530,80288.49303796724,80374.14616486517,80284.65058245302,80320.53108800945,2272,3
2026-08-02 10:46:11.026530,80355.32813853977,80420.21112748436,80304.1612330533,80390.1251890701,1307,9
2026-08-02 10:51:11.026530,80339.76314619076,80376.84490524439,80238.0583418856,80289.40110331144,1564,3
2026-08-02 10:56:11.026530,80238.77393584754,80320.62792080411,80134.19202053956,80188.14676838365,466,9
2026-08-02 11:01:11.026530,80180.96264782493,80306.89814466018,80127.3974852434,80173.7785272662,1606,5
2026-08-02 11:06:11.026530,80109.93268648413,80168.33636908887,79950.81188437602,80046.08684570207,500,8
2026-08-02 11:11:11.026530,80107.59226745306,80384.46822620132,80137.27605931705,80169.09768920403,1873,9
2026-08-02 11:16:11.026530,80143.26859813384,80157.08809535704,80002.80345206788,80117.43950706367,329,9
2026-08-02 11:21:11.026530,79909.17354685994,79844.15621319416,79685.8989602398,79700.90758665619,293,7
2026-08-02 11:26:11.026530,79674.82684164414,79689.69730528591,79586.32801442611,79648.7460966321,724,1
2026-08-02 11:31:11.026530,79575.16380404713,79543.70631585727,79470.88851073453,79501.58151146215,2243,8
2026-08-02 11:36:11.026530,79385.82529255407,79294.276573193,79241.46396608373,79270.06907364601,152,7
2026-08-02 11:41:11.026530,79182.67645807395,79191.03411994416,79054.18296203818,79095.28384250189,2407,4
2026-08-02 11:46:11.026530,79103.86405070242,79258.10275302526,79087.89722607778,79112.44425890296,166,6
2026-08-02 11:51:11.026530,79207.95131836947,79393.60667103133,79251.4851617422,79303.45837783597,1545,2
2026-08-02 11:56:11.026530,79326.61111996011,79507.69939907362,79327.39645161726,79349.76386208428,812,4
2026-08-02 12:01:11.026530,79307.26682538429,79285.93769658916,79185.9783996612,79264.76978868431,1773,8
2026-08-02 12:06:11.026530,79298.09987048028,79407.39026071723,79239.9381873069,79331.42995227626,2284,4
2026-08-02 12:11:11.026530,79299.45789713407,79391.72370690167,79169.31101991492,79267.48584199187,834,4
2026-08-02 12:16:11.026530,79218.7551967465,79249.05285179679,79039.1246869883,79170.0245515011,1542,4
2026-08-02 12:21:11.026530,79088.64818205222,79110.78978872955,78945.24790176065,79007.27181260333,756,9
2026-08-02 12:26:11.026530,78883.68910354165,78805.43465174834,78671.20008128557,78760.10639447997,845,2
2026-08-02 12:31:11.026530,78733.26375872668,78758.89221967608,78603.1524149506,78706.42112297338,522,7
2026-08-02 12:36:11.026530,78718.40585382885,78832.61640098816,78651.76342296026,78730.39058468433,731,3
2026-08-02 12:41:11.026530,78724.33185753768,78820.8476517011,78692.14699981663,78718.27313039101,143,4
2026-08-02 12:46:11.026530,78689.60098324559,78683.78588561769,78505.08691774524,78660.92883610015,785,1
2026-08-02 12:51:11.026530,78594.81713503739,78605.04892474295,78493.4824515023,78528.70543397462,2091,3
2026-08-02 12:56:11.026530,78572.50343786122,78651.4055542829,78495.60784451372,78616.30144174783,2135,2
2026-08-02 13:01:11.026530,78524.00290065148,78455.9631040243,78347.10598630788,78431.70435955514,2208,7
2026-08-02 13:06:11.026530,78487.30673013527,78558.9069101598,78465.70027412882,78542.9091007154,1963,6
2026-08-02 13:11:11.026530,78472.91164957458,78482.4205358414,78386.82749340835,78402.91419843375,1639,1
2026-08-02 13:16:11.026530,78350.63930888684,78427.72553241589,78295.42550302892,78298.36441933994,2494,8
2026-08-02 13:21:11.026530,78195.91948214953,78219.50215429936,78084.69183582545,78093.47454495911,1200,9
2026-08-02 13:26:11.026530,78059.03006876112,78039.82697756373,77947.36971075594,78024.58559256313,2063,1
2026-08-02 13:31:11.026530,78093.91588569281,78204.74054240865,78128.74652092459,78163.2461788225,91,5
2026-08-02 13:36:11.026530,78200.31823177266,78290.37362369407,77989.29192959466,78237.39028472282,90,7
2026-08-02 13:41:11.026530,78307.12902148333,78526.52848572507,78265.73974509421,78376.86775824384,1560,2
2026-08-02 13:46:11.026530,78414.5010928803,78453.79051381984,78266.80134980398,78452.13442751674,1744,6
2026-08-02 13:51:11.026530,78375.06802493577,78302.46269144918,78283.17241462567,78298.0016223548,2496,8
2026-08-02 13:56:11.026530,78275.48096071804,78308.18789709869,78232.63591895615,78252.96029908126,2279,8
2026-08-02 14:01:11.026530,78198.83270099846,78150.52052432441,78120.80196957779,78144.70510291569,793,8
2026-08-02 14:06:11.026530,78239.1802295534,78344.87370732795,78252.5296912419,78333.65535619113,1123,6
2026-08-02 14:11:11.026530,78250.15388325125,78266.0147859471,78109.74118377885,78166.65241031138,1481,6
2026-08-02 14:16:11.026530,78230.3575606182,78405.04178007624,78233.49728204374,78294.062710925,347,3
2026-08-02 14:21:11.026530,78357.81920116532,78467.0053381496,78315.27046242155,78421.57569140561,2242,2
2026-08-02 14:26:11.026530,78551.70890358415,78823.85016812514,78557.26348255645,78681.84211576269,65,5
2026-08-02 14:31:11.026530,78653.62765021042,78696.60305780853,78625.40200246342,78625.41318465814,1125,9
2026-08-02 14:36:11.026530,78676.63874570499,78830.97180543463,78575.51605971121,78727.86430675183,156,4
2026-08-02 14:41:11.026530,78890.65388703371,79120.2039373383,78908.32330919386,79053.44346731559,268,5
2026-08-02 14:46:11.026530,79010.31351845183,78972.76205246562,78919.13387758823,78967.18356958807,2434,6
2026-08-02 14:51:11.026530,78859.02562726625,78752.01614855096,78688.78078394686,78750.86768494443,420,6
2026-08-02 14:56:11.026530,78618.63056307685,78580.20600037531,78411.21995276475,78486.39344120926,303,4
2026-08-02 15:01:11.026530,78537.55600432542,78614.15529747459,78550.3186887638,78588.71856744157,1478,4
2026-08-02 15:06:11.026530,78456.53236611893,78388.92791915359,78259.42251902599,78324.3461647963,2058,8
2026-08-02 15:11:11.026530,78298.89220216326,78305.8537293469,78092.19733171706,78273.43823953024,1772,5
2026-08-02 15:16:11.026530,78305.04073245332,78420.49307826246,78327.98132541223,78336.64322537638,2282,5
2026-08-02 15:21:11.026530,78350.48446379634,78476.87081606836,78311.01784171157,78364.32570221632,1362,9
2026-08-02 15:26:11.026530,78395.12717571371,78567.8503182224,78417.76099578143,78425.9286492111,1034,4
2026-08-02 15:31:11.026530,78442.40632910444,78527.2249466623,78264.04656711077,78458.88400899777,399,7
2026-08-02 15:36:11.026530,78550.07897838917,78783.72290733173,78626.85013102769,78641.27394778056,2157,5
2026-08-02 15:41:11.026530,78574.71452186978,78545.04999149735,78302.02323156902,78508.15509595902,1528,9
2026-08-02 15:46:11.026530,78461.13368746731,78525.46572565733,78321.97762026916,78414.11227897559,928,8
2026-08-02 15:51:11.026530,78360.40457537396,78325.22402384847,78262.55988680717,78306.69687177234,360,8
2026-08-02 15:56:11.026530,78366.03347615572,78465.63551807053,78401.76734168553,78425.3700805391,1164,3
2026-08-02 16:01:11.026530,78489.75982574836,78625.0635342059,78506.40927249774,78554.14957095761,1371,9
2026-08-02 16:06:11.026530,78586.84977631422,78712.5994012525,78536.50256262122,78619.54998167082,329,8
2026-08-02 16:11:11.026530,78704.16828700222,79024.35273333285,78782.62802295499,78788.78659233362,1016,3
2026-08-02 16:16:11.026530,78706.12655375652,78644.82662817245,78555.9795939794,78623.46651517942,744,1
2026-08-02 16:21:11.026530,78742.40696433355,79025.34847698467,78597.80600845962,78861.34741348767,959,5
2026-08-02 16:26:11.026530,78970.39873334783,79207.02153919174,79041.25449628117,79079.45005320797,320,4
2026-08-02 16:31:11.026530,79132.6319057771,79238.07295698229,79183.8772169648,79185.81375834624,1590,8
2026-08-02 16:36:11.026530,79313.79589670802,79507.53864764095,79424.93660793829,79441.7780350698,1174,6
2026-08-02 16:41:11.026530,79324.30193241106,79286.6479829792,79082.18042634084,79206.82582975234,1461,5
2026-08-02 16:46:11.026530,79170.2489143024,79191.2299242319,79037.61850203536,79133.67199885246,1359,9
2026-08-02 16:51:11.026530,79082.12840101296,79051.66003097918,78977.56697864686,79030.58480317346,1803,6
2026-08-02 16:56:11.026530,79082.72651972833,79299.47319724294,78971.12722989189,79134.86823628319,890,3
2026-08-02 17:01:11.026530,79060.93626811847,79139.46652918459,78858.16784027804,78987.00429995377,1871,6
2026-08-02 17:06:11.026530,79041.68102902037,79133.43098813904,79075.31865259631,79096.35775808696,1053,4
2026-08-02 17:11:11.026530,79194.83510121281,79421.3883882812,79255.76851996621,79293.31244433868,289,5
2026-08-02 17:16:11.026530,79343.74987956151,79503.80764366865,79389.68714928137,79394.18731478434,1689,6
2026-08-02 17:21:11.026530,79415.26221266421,79522.21496470059,79381.75364729516,79436.33711054407,410,9
2026-08-02 17:26:11.026530,79366.56708997925,79385.2800081837,79267.04867967103,79296.79706941443,783,3
2026-08-02 17:31:11.026530,79237.19756504969,79233.30408956752,78951.17269975493,79177.59806068496,901,1
2026-08-02 17:36:11.026530,79267.53949181442,79517.4685116465,79318.57585765129,79357.48092294387,909,2
2026-08-02 17:41:11.026530,79413.97713676406,79506.91580920084,79430.54221414558,79470.47335058426,750,8
2026-08-02 17:46:11.026530,79468.47729574687,79500.6080022311,79418.30347268542,79466.48124090947,1400,4
2026-08-02 17:51:11.026530,79437.3977340628,79447.99897533657,79374.63083480234,79408.31422721613,872,7
2026-08-02 17:56:11.026530,79264.5896837688,79147.10258512529,78992.53237260299,79120.86514032149,1684,2
2026-08-02 18:01:11.026530,79045.47418442887,79067.61533474119,78966.6833023701,78970.08322853623,146,8
2026-08-02 18:06:11.026530,79106.96005958534,79252.95100156673,79176.78507031164,79243.83689063447,376,9
2026-08-02 18:11:11.026530,79153.4112802915,79134.99324683321,79010.61176377669,79062.98566994855,2170,7
2026-08-02 18:16:11.026530,79077.26163326701,79151.50422694284,79022.57211210307,79091.53759658549,1043,1
2026-08-02 18:21:11.026530,79164.1072798258,79253.59317051171,79106.9490307474,79236.6769630661,1329,2
2026-08-02 18:26:11.026530,79148.07623733861,79274.78080490636,78937.67634060742,79059.47551161112,1816,9
2026-08-02 18:31:11.026530,79073.41136420055,79123.93469606258,78910.72588527453,79087.34721678999,1043,7
2026-08-02 18:36:11.026530,79154.95534614388,79256.08848413981,79123.9207602932,79222.56347549777,382,3
2026-08-02 18:41:11.026530,79224.24694239578,79227.65205372269,79094.12481682695,79225.93040929381,1230,5
2026-08-02 18:46:11.026530,79431.7823968803,79714.32834331086,79604.41560397725,79637.63438446679,2014,1
2026-08-02 18:51:11.026530,79519.01283329175,79458.05066090311,79369.45999736596,79400.39128211672,148,3
2026-08-02 18:56:11.026530,79476.9160582771,79582.35212776152,79534.56582527202,79553.44083443748,293,4
2026-08-02 19:01:11.026530,79541.86577783502,79664.88111431684,79431.26207573312,79530.29072123255,1550,4
2026-08-02 19:06:11.026530,79586.37747166099,79677.47963788806,79582.99984118815,79642.46422208945,1514,7
2026-08-02 19:11:11.026530,79674.90596458805,79875.47477199136,79640.62496014086,79707.34770708665,1448,5
2026-08-02 19:16:11.026530,79655.58428348924,79689.35077610405,79473.88922497306,79603.82085989184,416,9
2026-08-02 19:21:11.026530,79621.02670498248,79703.58259286275,79599.04134161347,79638.23255007312,1531,7
2026-08-02 19:26:11.026530,79506.08470945235,79434.80212744672,79310.75643077513,79373.93686883156,2210,2
2026-08-02 19:31:11.026530,79417.84879975487,79472.91700962537,79441.00823140396,79461.76073067819,1097,8
2026-08-02 19:36:11.026530,79483.88448271317,79597.28742706457,79426.65917303151,79506.00823474815,332,2
2026-08-02 19:41:11.026530,79552.53008379712,79635.26529617692,79463.955759436,79599.05193284608,1365,7
2026-08-02 19:46:11.026530,79675.72437604694,79825.33733585115,79610.66459006011,79752.39681924782,1436,5
2026-08-02 19:51:11.026530,79779.5903183182,79852.83991253989,79773.05993401514,79806.78381738855,2498,6
2026-08-02 19:56:11.026530,79818.2202100406,79982.12235854502,79753.01703545958,79829.65660269266,1787,4
2026-08-02 20:01:11.026530,79767.20196711292,79790.41248582151,79660.26842900131,79704.7473315332,471,5
2026-08-02 20:06:11.026530,79654.48546244085,79684.81147100053,79585.3503307424,79604.2235933485,1316,5
2026-08-02 20:11:11.026530,79690.13439864991,79847.57035441155,79714.01018532303,79776.04520395132,1427,7
2026-08-02 20:16:11.026530,79880.10510699709,80016.37220405719,79948.95010778002,79984.16501004285,1461,4
2026-08-02 20:21:11.026530,79967.827631651,79970.50307417239,79880.35179854912,79951.49025325915,524,5
2026-08-02 20:26:11.026530,79955.60016879666,80048.86360585998,79929.35462402206,79959.71008433418,2133,4
2026-08-02 20:31:11.026530,79895.46192778142,79997.05470096304,79764.89982587502,79831.21377122866,407,4
2026-08-02 20:36:11.026530,79916.36311834425,80083.85671825058,79920.81286441845,80001.51246545982,607,8
2026-08-02 20:41:11.026530,80050.25306858668,80192.25897170903,79959.45656628703,80098.99367171354,1400,5
2026-08-02 20:46:11.026530,80239.98285488365,80388.45666932943,80374.94054205516,80380.97203805376,1117,9
2026-08-02 20:51:11.026530,80318.2843712121,80266.83625159081,80206.30354327172,80255.59670437041,2417,5
2026-08-02 20:56:11.026530,80229.1044846744,80335.70474218787,80118.91433959064,80202.6122649784,787,8
2026-08-02 21:01:11.026530,80220.12442457676,80262.31547965035,80112.21009121693,80237.63658417514,74,3
2026-08-02 21:06:11.026530,80285.15259021902,80419.19058806372,80285.63781619741,80332.66859626288,689,7
2026-08-02 21:11:11.026530,80317.88200417178,80343.3242743114,80145.86678564575,80303.09541208067,1624,1
2026-08-02 21:16:11.026530,80240.85540294871,80273.7105426081,80097.25187651768,80178.61539381677,1258,5
2026-08-02 21:21:11.026530,80243.07197367663,80346.46333451911,80287.0135205682,80307.5285535365,223,2
2026-08-02 21:26:11.026530,80360.4878613416,80448.7164415852,80307.85534679754,80413.4471691467,1467,8
2026-08-02 21:31:11.026530,80347.99195788907,80290.92589535001,80165.62115077882,80282.53674663143,235,6
2026-08-02 21:36:11.026530,80381.39765888028,80620.61049648961,80345.76834407955,80480.2585711291,1354,5
2026-08-02 21:41:11.026530,80565.91451425338,80777.48043081719,80636.67228539093,80651.57045737766,1050,3
2026-08-02 21:46:11.026530,80662.12645552114,80704.21477630576,80661.03548475927,80672.68245366462,1368,1
2026-08-02 21:51:11.026530,80679.26895395163,80755.34478901808,80538.0372295633,80685.85545423866,577,8
2026-08-02 21:56:11.026530,80726.91735818144,80861.70986992317,80736.68645976942,80767.97926212424,733,5
2026-08-02 22:01:11.026530,80706.1960369314,80664.03289575124,80543.60602947167,80644.41281173857,2283,9
2026-08-02 22:06:11.026530,80647.3990503435,80703.23573823678,80550.26305968488,80650.38528894844,1617,7
2026-08-02 22:11:11.026530,80495.2594289502,80462.53559515507,80282.14406954205,80340.13356895198,624,1
2026-08-02 22:16:11.026530,80404.36136970545,80495.50492190199,80370.43001066805,80468.58917045893,2084,1
2026-08-02 22:21:11.026530,80356.46434086788,80294.12676200969,80217.20301893482,80244.33951127683,1934,7
2026-08-02 22:26:11.026530,80353.8680207491,80539.14789308695,80405.38308455754,80463.39653022138,1374,7
2026-08-02 22:31:11.026530,80440.3014699787,80461.45795977022,80261.35793834947,80417.20640973601,358,9
2026-08-02 22:36:11.026530,80402.69370086731,80404.44486627792,80290.83235511652,80388.18099199861,1262,2
2026-08-02 22:41:11.026530,80343.59347452616,80419.6772639575,80221.98235497868,80299.00595705371,1891,7
2026-08-02 22:46:11.026530,80278.99762257692,80277.38656299321,80183.05389560586,80258.98928810011,1484,2
2026-08-02 22:51:11.026530,80362.38976690636,80468.63837488937,80331.21365154626,80465.79024571262,587,2
2026-08-02 22:56:11.026530,80286.82896909222,80109.70380188136,80039.0852206903,80107.86769247185,907,5
2026-08-02 23:01:11.026530,80200.8419884812,80374.86176382794,80285.55182897778,80293.81628449055,1624,9
2026-08-02 23:06:11.026530,80319.05422788022,80351.0243979271,80276.52259070157,80344.29217126989,242,9
2026-08-02 23:11:11.026530,80257.90905344233,80292.46476198593,80116.5857494573,80171.52593561476,1236,1
2026-08-02 23:16:11.026530,80094.81265699671,80056.55333876907,79962.34291266887,80018.09937837867,102,7
2026-08-02 23:21:11.026530,80139.81192263466,80264.21712068522,80188.37932435508,80261.52446689065,524,3
2026-08-02 23:26:11.026530,80194.0847706431,80140.64389347995,80096.24168154599,80126.64507439552,223,1
2026-08-02 23:31:11.026530,80044.3582656371,79990.64481488429,79960.53836408378,79962.0714568787,1269,2
2026-08-02 23:36:11.026530,80044.80438352101,80192.42041994137,80071.41571381358,80127.53731016333,1863,6
2026-08-02 23:41:11.026530,80152.76119000136,80230.74041507741,80034.96598023342,80177.9850698394,749,2
2026-08-02 23:46:11.026530,80111.16172016563,80073.02738604824,80033.94111565936,80044.33837049185,2487,2
2026-08-02 23:51:11.026530,80060.74781951481,80105.24546227041,79997.41753469374,80077.15726853778,506,4
2026-08-02 23:56:11.026530,80004.09935218733,79972.47248584023,79869.2473881915,79931.0414358369,1404,3
2026-08-03 00:01:11.026530,80011.11166967785,80178.3027354338,80080.21643966061,80091.1819035188,1568,8
2026-08-03 00:06:11.026530,80168.56329195655,80260.5244845918,80180.65676713486,80245.94468039431,2219,8
2026-08-03 00:11:11.026530,80285.1885253262,80511.92631873272,80208.54887452988,80324.43237025809,208,6
2026-08-03 00:16:11.026530,80351.38985518014,80420.23542320402,80217.95453402065,80378.3473401022,1887,4
2026-08-03 00:21:11.026530,80506.76109525903,80692.68147829505,80608.29355720303,80635.17485041586,565,7
2026-08-03 00:26:11.026530,80635.95844603778,80701.84410049772,80596.11947249627,80636.74204165969,1075,9
2026-08-03 00:31:11.026530,80551.86564254604,80501.32053270092,80458.54304945678,80466.9892434324,708,2
2026-08-03 00:36:11.026530,80500.35877522762,80560.60809637651,80532.0532308632,80533.72830702286,727,6
2026-08-03 00:41:11.026530,80686.01833380066,80962.62718224012,80825.36244590774,80838.30836057846,364,7
2026-08-03 00:46:11.026530,80765.3543649076,80815.60727304572,80603.70169742289,80692.40036923674,2425,1
2026-08-03 00:51:11.026530,80666.96474589511,80644.06985611367,80640.83859926417,80641.52912255347,325,6
2026-08-03 00:56:11.026530,80672.57204245118,80715.75804801077,80636.75893881965,80703.61496234887,501,8
2026-08-03 01:01:11.026530,80700.50683364675,80794.21815568281,80659.58750904996,80697.39870494463,1638,7
2026-08-03 01:06:11.026530,80626.92488684888,80687.02229558799,80539.43015357539,80556.45106875313,535,2
2026-08-03 01:11:11.026530,80638.67604603074,80749.06630555981,80650.81639480732,80720.90102330834,1180,2
2026-08-03 01:16:11.026530,80890.61224341189,81177.24617850028,80953.82231771982,81060.32346351542,616,4
2026-08-03 01:21:11.026530,81075.44551867378,81175.97350448955,81017.54981391208,81090.56757383214,295,5
2026-08-03 01:26:11.026530,81025.45055589854,80992.62091405512,80931.91825822851,80960.33353796492,938,5
2026-08-03 01:31:11.026530,80848.4341640301,80867.8365357068,80709.0716728138,80736.53479009528,2261,2
2026-08-03 01:36:11.026530,80756.09216953994,80780.0036029971,80744.77164347665,80775.64954898461,50,7
2026-08-03 01:41:11.026530,80856.78846879353,80989.4936404701,80874.77189366664,80937.92738860243,2234,8
2026-08-03 01:46:11.026530,80973.36545842636,81037.7659589239,80981.0992962691,81008.80352825028,200,2
2026-08-03 01:51:11.026530,81009.43836221141,81080.88364908296,80888.11751366354,81010.07319617254,1817,4
2026-08-03 01:56:11.026530,80967.94197777468,81015.45885651825,80854.27613865088,80925.81075937682,1560,3
2026-08-03 02:01:11.026530,80847.15076961355,80948.60891616388,80753.71598822135,80768.49077985028,1298,4
2026-08-03 02:06:11.026530,80830.02474153442,80998.2990834491,80823.78380229129,80891.55870321856,1178,5
2026-08-03 02:11:11.026530,80958.94846778526,81061.3215282815,80989.49955864284,81026.33823235196,1048,6
2026-08-03 02:16:11.026530,80914.58257681923,80816.54057073337,80801.43503561587,80802.82692128648,747,2
2026-08-03 02:21:11.026530,80919.41999800576,81036.20895220376,81022.44221605292,81036.01307472502,1138,6
2026-08-03 02:26:11.026530,81078.71431878587,81214.9346546412,81017.29192947144,81121.41556284671,2430,9
2026-08-03 02:31:11.026530,81224.54104227276,81438.25507784604,81270.19313642004,81327.66652169882,2469,8
2026-08-03 02:36:11.026530,81230.35950427994,81221.14191453512,81081.65986058833,81133.05248686108,1280,1
2026-08-03 02:41:11.026530,81034.25219318489,80998.6642610565,80868.23689204176,80935.4518995087,735,9
2026-08-03 02:46:11.026530,80925.4112912767,80947.4078898463,80905.52328112393,80915.3706830447,977,2
2026-08-03 02:51:11.026530,80952.81184028942,81059.8540024079,80885.67665335885,80990.25299753412,1892,1
2026-08-03 02:56:11.026530,81122.21639756116,81407.44223448614,81196.0409272772,81254.1797975882,1782,6
2026-08-03 03:01:11.026530,81306.6608838311,81449.39554718425,81351.92423535085,81359.141970074,789,1
2026-08-03 03:06:11.026530,81342.18918851347,81396.2356409496,81165.85349262247,81325.23640695296,320,6
2026-08-03 03:11:11.026530,81250.99477035023,81187.2437366287,81167.91556836767,81176.75313374748,2022,2
2026-08-03 03:16:11.026530,81267.52896774019,81491.36006047722,81212.9141118098,81358.30480173291,760,7
2026-08-03 03:21:11.026530,81288.5401580956,81237.89815690636,81199.44957545234,81218.77551445826,374,7
2026-08-03 03:26:11.026530,81338.80072668855,81461.57617846056,81424.7719965769,81458.82593891883,1039,4
2026-08-03 03:31:11.026530,81438.79637807136,81433.71306403392,81283.4077066807,81418.76681722388,1600,2
2026-08-03 03:36:11.026530,81536.30326285696,81715.73077823082,81615.3008082785,81653.83970849006,847,7
2026-08-03 03:41:11.026530,81704.58136492709,81811.55929715662,81698.57343692178,81755.32302136412,1919,1
2026-08-03 03:46:11.026530,81746.06152448131,81778.74206506055,81695.25998190073,81736.80002759848,1142,2
2026-08-03 03:51:11.026530,81699.42607752985,81709.05951723253,81636.2467287245,81662.05212746121,261,2
2026-08-03 03:56:11.026530,81637.82062785183,81669.99188743156,81438.27033102224,81613.58912824246,1631,1
2026-08-03 04:01:11.026530,81645.87884884463,81741.2613208542,81595.60411008951,81678.1685694468,1493,9
2026-08-03 04:06:11.026530,81684.65766779218,81725.85073496358,81594.54463400778,81691.14676613756,97,6
2026-08-03 04:11:11.026530,81648.32791563273,81745.39421876876,81443.52397453901,81605.5090651279,280,3
2026-08-03 04:16:11.026530,81594.16190632091,81601.08125262111,81545.61990322573,81582.81474751391,628,6
2026-08-03 04:21:11.026530,81589.40058898486,81650.93380928546,81574.06801066853,81595.98643045581,1162,7
2026-08-03 04:26:11.026530,81440.77185315583,81444.05193549042,81212.25488845805,81285.55727585587,1804,3
2026-08-03 04:31:11.026530,81319.9028407635,81459.50409289077,81279.58098880276,81354.24840567114,2149,4
2026-08-03 04:36:11.026530,81283.38970162092,81249.94536315133,81068.83811929304,81212.5309975707,471,1
2026-08-03 04:41:11.026530,81129.13034886523,81079.81395561478,81041.82347162148,81045.72970015978,660,6
2026-08-03 04:46:11.026530,80923.64757589495,80919.8807410138,80787.11608822565,80801.56545163014,495,6
2026-08-03 04:51:11.026530,80672.12687310949,80545.72771955922,80480.44587373437,80542.68829458884,1010,9
2026-08-03 04:56:11.026530,80445.35728285539,80426.76032120919,80301.38753182889,80348.02627112194,180,2
2026-08-03 05:01:11.026530,80297.58984700948,80295.57382546912,80112.97034393737,80247.15342289703,1721,5
2026-08-03 05:06:11.026530,80389.27614696005,80566.59186556355,80463.89951709769,80531.39887102308,2471,5
2026-08-03 05:11:11.026530,80494.10662152598,80563.20549556667,80405.73540344505,80456.81437202888,2484,7
2026-08-03 05:16:11.026530,80470.4923515309,80561.7727794771,80433.31433001622,80484.17033103292,385,5
2026-08-03 05:21:11.026530,80513.99539047905,80694.6601228612,80531.79660620428,80543.82044992517,1190,4
2026-08-03 05:26:11.026530,80554.12804876326,80597.86553464315,80431.05183803914,80564.43564760133,1074,2
2026-08-03 05:31:11.026530,80559.62630923957,80564.19200974506,80478.95423494998,80554.81697087782,1702,8
2026-08-03 05:36:11.026530,80469.055949243,80404.98919202384,80330.59215349656,80383.29492760819,587,5
2026-08-03 05:41:11.026530,80489.20536339741,80620.54523052869,80543.83204915085,80595.11579918663,545,4
2026-08-03 05:46:11.026530,80727.22392480928,80883.80451715505,80782.51182649897,80859.33205043194,557,9
2026-08-03 05:51:11.026530,80737.87066874583,80641.84717704228,80568.41140564851,80616.40928705974,730,2
2026-08-03 05:56:11.026530,80542.9842504415,80479.54007031918,80382.64001662692,80469.55921382326,830,3
2026-08-03 06:01:11.026530,80450.10402120733,80506.1170837666,80336.53986090365,80430.6488285914,809,8
2026-08-03 06:06:11.026530,80361.69176236262,80294.73821614753,80178.01153968823,80292.73469613385,177,4
2026-08-03 06:11:11.026530,80330.11783989241,80452.38304400546,80291.20509552269,80367.50098365097,1342,9
2026-08-03 06:16:11.026530,80315.66165004835,80316.91015071135,80247.73805506516,80263.82231644573,2243,9
2026-08-03 06:21:11.026530,80421.33135064156,80751.06477877239,80577.39394148078,80578.84038483737,1015,9
2026-08-03 06:26:11.026530,80666.08021119273,80930.08602567579,80676.22469647767,80753.3200375481,609,1
2026-08-03 06:31:11.026530,80769.58029684395,80861.11477943674,80645.42742621034,80785.84055613981,1272,6
2026-08-03 06:36:11.026530,80861.3883295841,81009.49413466369,80789.60402571633,80936.93610302838,973,6
2026-08-03 06:41:11.026530,81018.384698854,81124.51947060479,81071.9645392787,81099.83329467963,1677,8
2026-08-03 06:46:11.026530,81059.50192078463,81074.89768686515,80995.89389870164,81019.17054688964,2439,7
2026-08-03 06:51:11.026530,80960.50693652629,81036.62183200617,80779.4612111591,80901.84332616294,1121,7
2026-08-03 06:56:11.026530,80908.34259271387,81038.92212636789,80872.44905072877,80914.84185926481,590,2
2026-08-03 07:01:11.026530,80978.4481913064,81052.07408834841,81004.6138673076,81042.05452334798,1249,4
2026-08-03 07:06:11.026530,81053.00919076629,81073.46537106048,81039.56577635616,81063.96385818461,560,1
2026-08-03 07:11:11.026530,80949.88152197226,80907.98440019182,80700.94964422799,80835.79918575991,2116,7
2026-08-03 07:16:11.026530,80778.24130592021,80729.75077770064,80470.12567290557,80720.68342608052,404,4
2026-08-03 07:21:11.026530,80716.1168651816,80864.81068961177,80688.34798587277,80711.55030428266,394,9
2026-08-03 07:26:11.026530,80706.86131281003,80724.05933648282,80692.43724568743,80702.17232133739,1133,6
2026-08-03 07:31:11.026530,80846.50646251798,81075.87573775172,80894.80486630756,80990.84060369858,1840,6
2026-08-03 07:36:11.026530,80890.74732186137,80797.59766632784,80767.90640897921,80790.65404002416,2326,9
2026-08-03 07:41:11.026530,80828.2416201906,80991.08318885764,80851.48757383937,80865.82920035704,196,8
2026-08-03 07:46:11.026530,80975.16194312563,81236.81833622447,80919.11432194192,81084.49468589423,2429,6
2026-08-03 07:51:11.026530,81251.40960949284,81488.68955101054,81324.21505596316,81418.32453309144,448,6
2026-08-03 07:56:11.026530,81389.51608993257,81409.2725357914,81290.85784398294,81360.7076467737,1773,6
2026-08-03 08:01:11.026530,81397.52264549564,81467.90174973535,81263.36307134542,81434.33764421758,1484,4
2026-08-03 08:06:11.026530,81476.93250321201,81584.68883207905,81487.20171990096,81519.52736220644,636,5
2026-08-03 08:11:11.026530,81534.68739659226,81565.13215341467,81452.69465608569,81549.84743097806,1344,3
2026-08-03 08:16:11.026530,81543.40870789939,81573.58554273672,81523.25418362612,81536.96998482072,2443,9
2026-08-03 08:21:11.026530,81569.79186056802,81657.7636295675,81594.98635196131,81602.61373631532,1592,2
2026-08-03 08:26:11.026530,81417.87514606136,81253.30822961613,81137.42301561084,81233.13655580739,1854,7
2026-08-03 08:31:11.026530,81283.84649625054,81402.87920802302,81188.49588316378,81334.55643669367,2085,1
2026-08-03 08:36:11.026530,81344.60738554709,81419.00039244119,81240.34003528704,81354.6583344005,1477,7
2026-08-03 08:41:11.026530,81339.1853922543,81392.33882860826,81230.05419766929,81323.7124501081,787,2
2026-08-03 08:46:11.026530,81474.61760694269,81630.13971477332,81619.61996499755,81625.52276377726,1827,5
2026-08-03 08:51:11.026530,81576.78548453041,81620.10128479694,81503.6120757611,81528.04820528357,429,1
2026-08-03 08:56:11.026530,81499.29783038152,81488.27002816935,81447.69886116244,81470.54745547945,1253,5
2026-08-03 09:01:11.026530,81617.65479165455,81798.42829665483,81730.51200167065,81764.76212782966,1711,4
2026-08-03 09:06:11.026530,81704.39442422602,81647.60719738771,81571.67190987311,81644.0267206224,1356,1
2026-08-03 09:11:11.026530,81604.44010343793,81573.32882843494,81476.51593332124,81564.85348625347,405,1
2026-08-03 09:16:11.026530,81554.8774587257,81567.70504394494,81396.42938657815,81544.90143119796,65,7
2026-08-03 09:21:11.026530,81607.46668372303,81717.38030605575,81640.97403346062,81670.03193624812,364,3
2026-08-03 09:26:11.026530,81686.1259209032,81812.47951095617,81581.85980495873,81702.21990555828,1089,9
2026-08-03 09:31:11.026530,81608.09620393874,81640.18256653221,81482.43528748567,81513.97250231921,1536,9
2026-08-03 09:36:11.026530,81475.76430638458,81601.11823671816,81271.87010657207,81437.55611044995,743,9
2026-08-03 09:41:11.026530,81393.8786137174,81410.36748806783,81308.29486827883,81350.20111698486,118,1
2026-08-03 09:46:11.026530,81345.36115417097,81348.8025183332,81280.18322097657,81340.5211913571,460,4
2026-08-03 09:51:11.026530,81372.52169003792,81440.77524060465,81343.3543866136,81404.52218871874,968,1
2026-08-03 09:56:11.026530,81435.98784599958,81606.13280636669,81450.60950350255,81467.45350328043,789,1
2026-08-03 10:01:11.026530,81338.25506714132,81372.03953760273,81208.44929293374,81209.05663100221,1540,9
2026-08-03 10:06:11.026530,81287.70627376292,81410.96987536272,81285.20896155389,81366.35591652364,322,5
2026-08-03 10:11:11.026530,81385.66970906933,81591.96913419881,81204.38574518444,81404.98350161503,508,1
2026-08-03 10:16:11.026530,81507.36312212536,81612.52985668399,81511.7458644855,81609.7427426357,869,3
2026-08-03 10:21:11.026530,81643.1983676814,81700.61941534394,81642.22495683306,81676.6539927271,1246,7
2026-08-03 10:26:11.026530,81758.50982194649,81980.97226079874,81743.36709923232,81840.36565116588,910,2
2026-08-03 10:31:11.026530,81875.56319874906,81921.43253417246,81901.63766444742,81910.76074633225,2023,4
2026-08-03 10:36:11.026530,82010.9455283966,82203.71448058807,82065.10309894512,82111.13031046094,1594,2
2026-08-03 10:41:11.026530,82150.56467926652,82241.82346278211,82110.91054803602,82189.9990480721,844,9
2026-08-03 10:46:11.026530,82183.57856105725,82215.78693072006,82118.86568273754,82177.15807404238,854,9
2026-08-03 10:51:11.026530,82346.39542698592,82641.19497051979,82394.58022270996,82515.63277992947,1145,7
2026-08-03 10:56:11.026530,82582.53563649891,82673.98558144954,82554.5147385597,82649.43849306837,1940,7
2026-08-03 11:01:11.026530,82692.96558359817,82869.82006474742,82682.32991791899,82736.49267412796,889,2
2026-08-03 11:06:11.026530,82642.38997611043,82663.75777365378,82416.73322880127,82548.28727809287,652,8
2026-08-03 11:11:11.026530,82453.5089196605,82373.14556854364,82327.4500414795,82358.73056122813,1482,1
2026-08-03 11:16:11.026530,82381.25721572165,82510.1499826083,82230.48141446363,82403.78387021518,1883,8
2026-08-03 11:21:11.026530,82415.40189335542,82469.7691728002,82327.14255810984,82427.01991649566,416,5
2026-08-03 11:26:11.026530,82382.31019190536,82361.50791824196,82200.87859555884,82337.60046731507,305,4
2026-08-03 11:31:11.026530,82348.87274572287,82378.76638656144,82355.20030509378,82360.14502413066,1408,2
2026-08-03 11:36:11.026530,82478.8951054123,82601.66336781732,82565.25482514447,82597.64518669395,739,3
2026-08-03 11:41:11.026530,82650.19931942015,82741.39815585675,82634.67824041052,82702.75345214637,357,2
2026-08-03 11:46:11.026530,82618.7378538245,82569.70480386315,82328.8855819613,82534.72225550262,2085,4
2026-08-03 11:51:11.026530,82527.26526147457,82602.34922756767,82511.0009308998,82519.80826744653,1746,3
2026-08-03 11:56:11.026530,82460.89245742749,82509.60929808054,82331.87078285633,82401.97664740843,458,5
2026-08-03 12:01:11.026530,82374.05761532711,82456.6679384861,82276.42853553387,82346.13858324579,875,7
2026-08-03 12:06:11.026530,82316.31916051419,82351.12273499208,82254.97950001061,82286.49973778261,1241,9
2026-08-03 12:11:11.026530,82251.96370103912,82223.27849794467,82205.55793526453,82217.42766429561,2184,5
2026-08-03 12:16:11.026530,82125.47822410564,82181.0540899288,82032.72408277271,82033.52878391567,2100,8
2026-08-03 12:21:11.026530,82024.92525406089,82040.03975857093,81938.0199962591,82016.32172420611,2469,2
2026-08-03 12:26:11.026530,81975.78086141116,82052.28608485506,81915.75364430281,81935.23999861619,1601,6
2026-08-03 12:31:11.026530,81720.60102134275,81521.41720554736,81351.26232294402,81505.96204406931,147,8
2026-08-03 12:36:11.026530,81657.65523974047,81899.88936187788,81781.86685987386,81809.34843541164,1824,9
2026-08-03 12:41:11.026530,81890.41112819241,82135.07932542903,81718.61006728139,81971.47382097319,1595,4
2026-08-03 12:46:11.026530,81944.54105617077,82005.25748747723,81891.99680955411,81917.60829136836,370,4
2026-08-03 12:51:11.026530,81919.81497728312,81932.72909372386,81840.69594816431,81922.02166319787,583,7
2026-08-03 12:56:11.026530,81836.54433108374,81815.26978743615,81657.53658894949,81751.06699896963,2464,4
2026-08-03 13:01:11.026530,81876.84205927585,82038.3702367603,81939.16803576397,82002.61711958206,1257,5
2026-08-03 13:06:11.026530,82143.70370623322,82358.47475571351,82182.08313112476,82284.79029288438,466,2
2026-08-03 13:11:11.026530,82297.21917726914,82522.20160366592,82015.59421426764,82309.64806165392,1287,2
2026-08-03 13:16:11.026530,82386.36437486493,82553.9043245155,82449.60028863874,82463.08068807595,897,5
2026-08-03 13:21:11.026530,82476.91685889807,82577.99529333555,82234.55033688525,82490.7530297202,719,2
2026-08-03 13:26:11.026530,82392.45451996851,82316.3448173727,82283.64991681435,82294.15601021682,1993,6
2026-08-03 13:31:11.026530,82264.488061626,82253.25269258412,82234.18321193056,82234.82011303521,2230,6
2026-08-03 13:36:11.026530,82245.40798956377,82375.63955761625,82035.45540802246,82255.99586609233,2150,8
2026-08-03 13:41:11.026530,82223.18117615796,82354.39350106572,82019.50706218503,82190.3664862236,790,1
2026-08-03 13:46:11.026530,82175.01718342656,82265.3064823698,82134.28899976454,82159.66788062951,72,7
2026-08-03 13:51:11.026530,82153.73148471981,82165.59980486226,82072.47005365188,82147.7950888101,1704,7
2026-08-03 13:56:11.026530,82142.63729938594,82173.37946342475,82007.48793144527,82137.47950996179,509,9
2026-08-03 14:01:11.026530,82142.16429456067,82238.19413357542,81987.54479345965,82146.84907915954,699,4
2026-08-03 14:06:11.026530,82069.33096212933,82167.36289891001,81882.96832685747,81991.81284509912,531,7
2026-08-03 14:11:11.026530,81939.75533460891,81972.04715427321,81684.33693550984,81887.6978241187,169,6
2026-08-03 14:16:11.026530,81793.95170363504,81891.83724551673,81541.28815930385,81700.2055831514,722,4
2026-08-03 14:21:11.026530,81772.98630159139,81927.2968161795,81816.38978484676,81845.76702003137,2305,8
2026-08-03 14:26:11.026530,81691.77149421748,81609.9318266056,81479.70852055667,81537.7759684036,1934,3
2026-08-03 14:31:11.026530,81623.33607348215,81813.81501024835,81682.33414170309,81708.89617856071,367,8
2026-08-03 14:36:11.026530,81811.79199789834,81953.76943779844,81863.92780963953,81914.68781723599,2435,5
2026-08-03 14:41:11.026530,81893.23485887371,81887.30903408439,81864.87815002297,81871.78190051141,2252,4
2026-08-03 14:46:11.026530,81681.23435304067,81504.06001509556,81466.84303397941,81490.68680556993,917,3
2026-08-03 14:51:11.026530,81465.01070460866,81510.51252657974,81429.87039922057,81439.3346036474,443,7
2026-08-03 14:56:11.026530,81435.44477894806,81539.93342354892,81378.031691024,81431.55495424871,1020,7
2026-08-03 15:01:11.026530,81358.36999618333,81419.1198894621,81281.0919432367,81285.18503811795,362,6
2026-08-03 15:06:11.026530,81248.32295646882,81263.82032294595,81187.46433863914,81211.4608748197,1332,3
2026-08-03 15:11:11.026530,81324.27185448771,81509.21614411105,81427.359812525,81437.0828341557,2111,9
2026-08-03 15:16:11.026530,81486.66212016705,81577.43007275985,81406.1100641916,81536.24140617838,126,2
2026-08-03 15:21:11.026530,81469.26491103107,81472.46228122624,81284.0446237531,81402.28841588377,458,3
2026-08-03 15:26:11.026530,81286.2248322436,81259.45008362277,81075.23528170196,81170.16124860343,2491,1
2026-08-03 15:31:11.026530,81147.08986682969,81236.99666674812,81097.12152715064,81124.01848505593,2317,7
2026-08-03 15:36:11.026530,81109.24759080549,81120.88966978573,81043.26526084363,81094.47669655505,793,2
2026-08-03 15:41:11.026530,81131.51966389173,81197.37223947568,81072.82516367185,81168.56263122841,482,8
2026-08-03 15:46:11.026530,81130.28657846327,81142.26531303667,80962.99333588843,81092.01052569813,1528,9
2026-08-03 15:51:11.026530,81130.17006736946,81236.98244037705,81094.3784149055,81168.32960904078,1727,2
2026-08-03 15:56:11.026530,81310.75652603206,81503.22723088996,81433.60451880276,81453.18344302331,1881,6
2026-08-03 16:01:11.026530,81513.8257174871,81698.56796859429,81515.86884861242,81574.46799195088,1037,1
2026-08-03 16:06:11.026530,81571.75331201358,81580.11619704243,81455.05012546007,81569.03863207629,1571,8
2026-08-03 16:11:11.026530,81556.41081073365,81602.89992825416,81527.97285951753,81543.78298939101,1603,5
2026-08-03 16:16:11.026530,81518.43028389076,81558.73702929635,81330.34782424796,81493.07757839051,804,9
2026-08-03 16:21:11.026530,81580.57898291375,81723.43037381864,81632.41097079005,81668.08038743697,725,3
2026-08-03 16:26:11.026530,81622.81384045948,81758.46716120464,81364.99251675945,81577.54729348197,881,2
2026-08-03 16:31:11.026530,81581.68352057386,81617.60690595652,81492.76908590314,81585.81974766575,1169,7
2026-08-03 16:36:11.026530,81590.3951829551,81601.34085304891,81461.9450523397,81594.97061824444,77,7
2026-08-03 16:41:11.026530,81558.95371574175,81571.87438897426,81502.63952912686,81522.93681323908,1303,5
2026-08-03 16:46:11.026530,81423.17564188369,81343.31021705589,81255.37452160678,81323.41447052828,465,7
2026-08-03 16:51:11.026530,81347.87390880671,81410.16024576887,81184.02735879722,81372.33334708515,2122,6
2026-08-03 16:56:11.026530,81368.67960250728,81541.51887308077,81238.52230153182,81365.02585792942,1760,9
2026-08-03 17:01:11.026530,81402.48861737807,81569.45249545995,81374.70443287696,81439.95137682672,591,3
2026-08-03 17:06:11.026530,81401.67303447024,81427.88873076583,81352.20345971789,81363.39469211377,214,4
2026-08-03 17:11:11.026530,81453.7055689262,81594.62021658197,81522.47529600344,81544.01644573864,2305,9
2026-08-03 17:16:11.026530,81480.53526663469,81446.5792418833,81341.13372695331,81417.05408753072,1034,8
2026-08-03 17:21:11.026530,81543.51462503849,81697.94476544338,81667.40385971428,81669.97516254625,422,6
2026-08-03 17:26:11.026530,81542.53465205792,81485.73875280327,81324.97687367383,81415.0941415696,667,3
2026-08-03 17:31:11.026530,81447.77856795222,81530.73009650836,81417.31862337542,81480.46299433484,118,9
2026-08-03 17:36:11.026530,81516.1579079645,81674.3351484075,81551.45808289178,81551.85282159416,1593,9
2026-08-03 17:41:11.026530,81494.31773190893,81478.12115462308,81328.21002118998,81436.78264222368,1708,6
2026-08-03 17:46:11.026530,81468.71467350468,81509.74646029851,81462.98811748173,81500.64670478569,150,2
2026-08-03 17:51:11.026530,81595.42519933006,81777.232821202,81621.96883714777,81690.20369387443,50,7
2026-08-03 17:56:11.026530,81528.35894820922,81411.9306545025,81309.53790309186,81366.51420254401,2448,9
2026-08-03 18:01:11.026530,81404.16120889246,81631.4745894454,81407.77013060838,81441.8082152409,2104,9
2026-08-03 18:06:11.026530,81260.27762883599,81112.08258498243,81000.77842378062,81078.74704243109,367,3
2026-08-03 18:11:11.026530,81009.15223270794,80972.42392305675,80718.659509733,80939.55742298481,1928,2
2026-08-03 18:16:11.026530,81059.22098902694,81228.0770320412,81147.42510056356,81178.88455506907,235,5
2026-08-03 18:21:11.026530,81137.2121758,81138.4042529838,81025.3326651487,81095.53979653094,777,7
2026-08-03 18:26:11.026530,81010.76271497848,81165.92499144516,80860.83820813992,80925.98563342604,392,3
2026-08-03 18:31:11.026530,80912.38070576603,80934.16399431757,80888.96721666961,80898.77577810602,762,4
2026-08-03 18:36:11.026530,81050.4303341638,81276.23833779333,81199.49232934721,81202.0848902216,185,2
2026-08-03 18:41:11.026530,81069.2519030595,81077.17416067254,80919.48876910316,80936.4189158974,1972,2
2026-08-03 18:46:11.026530,80860.7188375425,80850.73294054344,80570.12618357163,80785.0187591876,432,7
2026-08-03 18:51:11.026530,80894.84869869346,81099.3390213941,80977.85632683334,81004.67863819932,235,2
2026-08-03 18:56:11.026530,81141.15241913925,81307.35451418767,81226.11246807454,81277.62620007919,977,1
2026-08-03 19:01:11.026530,81270.87355747423,81392.82359880491,81094.72635712639,81264.12091486929,1013,4
2026-08-03 19:06:11.026530,81174.41125922212,81208.10871345105,81046.8710261456,81084.70160357495,610,6
2026-08-03 19:11:11.026530,81238.75114425542,81527.5225445857,81292.40926138473,81392.80068493591,1239,4
2026-08-03 19:16:11.026530,81510.583245163,81652.10747147774,81581.85354380184,81628.36580539007,947,1
2026-08-03 19:21:11.026530,81679.09278640547,81831.28295411321,81508.24696400439,81729.81976742088,1978,1
2026-08-03 19:26:11.026530,81670.92180300798,81750.78786949653,81608.61703358982,81612.02383859508,1887,9
2026-08-03 19:31:11.026530,81609.23880851766,81642.38550119863,81604.93928030066,81606.45377844026,2418,1
2026-08-03 19:36:11.026530,81595.49353948038,81635.72592294133,81520.7341094238,81584.53330052049,1762,7
2026-08-03 19:41:11.026530,81609.64998947878,81816.31369092794,81457.47431031943,81634.76667843708,1788,7
2026-08-03 19:46:11.026530,81742.33145611452,81920.48206557424,81816.30029377787,81849.89623379197,1230,1
2026-08-03 19:51:11.026530,81915.54951238714,82058.81721173768,81905.38729824395,81981.20279098232,907,1
2026-08-03 19:56:11.026530,81902.60592372989,81851.56152569281,81720.88861231007,81824.00905647746,334,6
2026-08-03 20:01:11.026530,81926.3224293002,82139.58232686609,82011.08783388733,82028.63580212294,2448,8
2026-08-03 20:06:11.026530,82052.5802973021,82177.26322253265,82034.03356223632,82076.52479248129,2180,7
2026-08-03 20:11:11.026530,82128.1307535636,82188.88885495081,82131.30755266863,82179.73671464593,1697,6
2026-08-03 20:16:11.026530,82289.17193147191,82438.7814973735,82329.31178474703,82398.6071482979,715,3
2026-08-03 20:21:11.026530,82317.07851093778,82321.95099319088,82194.21706888125,82235.54987357765,1443,7
2026-08-03 20:26:11.026530,82233.72074721396,82235.22765275587,82228.0521953434,82231.89162085028,2074,6
2026-08-03 20:31:11.026530,82193.39970693193,82205.46096384712,82074.83897098589,82154.90779301358,2310,8
2026-08-03 20:36:11.026530,82039.96385034254,81953.70275912942,81882.3850245415,81925.01990767149,979,4
2026-08-03 20:41:11.026530,81951.41145570115,82172.36101260147,81762.68212249887,81977.8030037308,2457,9
2026-08-03 20:46:11.026530,82164.34869413005,82463.73248638066,82329.92372685859,82350.89438452928,263,1
2026-08-03 20:51:11.026530,82215.56193917981,82097.09214479073,82077.89442688272,82080.22949383032,353,7
2026-08-03 20:56:11.026530,82078.66568595316,82110.75303484427,82060.39448397417,82077.10187807599,1453,9
2026-08-03 21:01:11.026530,82125.26740907461,82249.50343921136,82128.67598528285,82173.43294007322,249,1
2026-08-03 21:06:11.026530,82183.35825555367,82328.6238277385,82159.03468140462,82193.28357103412,2335,3
2026-08-03 21:11:11.026530,82185.73766722981,82426.86827178797,82168.39498602401,82178.19176342552,720,7
2026-08-03 21:16:11.026530,82083.03337827543,82026.3276952767,81983.56558853122,81987.87499312533,1778,9
2026-08-03 21:21:11.026530,82005.87594428236,82150.25773861913,81899.47442040326,82023.87689543942,1299,1
2026-08-03 21:26:11.026530,81968.86861407988,81958.01512653242,81862.22033636048,81913.86033272035,928,6
2026-08-03 21:31:11.026530,81753.54759217879,81604.50788544587,81588.7873073779,81593.23485163723,300,2
2026-08-03 21:36:11.026530,81681.87050991377,81826.64854243002,81705.52135927283,81770.5061681903,547,5
2026-08-03 21:41:11.026530,81841.91708876446,81957.49464563093,81837.23356991644,81913.32800933863,2037,7
2026-08-03 21:46:11.026530,81917.95595435686,82088.3214232172,81864.31051011136,81922.5838993751,1027,7
2026-08-03 21:51:11.026530,81940.29670519356,81997.8736939547,81938.86331318345,81958.00951101202,833,7
2026-08-03 21:56:11.026530,82038.15142445761,82154.37574202515,82107.95539127976,82118.2933379032,588,4
2026-08-03 22:01:11.026530,82135.69835956758,82243.19442265813,82086.88963930907,82153.10338123195,950,6
2026-08-03 22:06:11.026530,82220.82173372997,82392.68263612667,82208.48531234395,82288.54008622798,1516,6
2026-08-03 22:11:11.026530,82267.33699844415,82337.36340001549,82184.48589167549,82246.13391066033,259,7
2026-08-03 22:16:11.026530,82344.18811839522,82499.9273339735,82254.72854264778,82442.24232613012,1783,9
2026-08-03 22:21:11.026530,82466.87577110383,82523.80017684533,82385.12156648381,82491.50921607757,540,6
2026-08-03 22:26:11.026530,82506.74381794123,82567.42207420163,82385.85900378213,82521.97841980489,1759,1
2026-08-03 22:31:11.026530,82428.58234406644,82351.38524509851,82292.31481215356,82335.18626832799,1803,8
2026-08-03 22:36:11.026530,82357.2794537278,82458.72274473493,82358.3182289884,82379.37263912761,1968,2
2026-08-03 22:41:11.026530,82318.5590387873,82366.75136299548,82178.60540842846,82257.74543844697,2084,3
2026-08-03 22:46:11.026530,82211.34088585316,82225.26991195566,81992.04086562392,82164.93633325935,1979,5
2026-08-03 22:51:11.026530,82105.50525355045,82062.46366433486,81980.61679137392,82046.07417384157,1536,6
2026-08-03 22:56:11.026530,81968.23622251095,82102.79824506234,81842.62749403177,81890.39827118033,2053,7
2026-08-03 23:01:11.026530,82048.1187047628,82282.47511173948,82174.33467203447,82205.83913834527,1550,4
2026-08-03 23:06:11.026530,82305.28075451464,82586.28837047658,82319.38179737057,82404.722370684,247,3
2026-08-03 23:11:11.026530,82548.21833259019,82870.72342958134,82626.21425539747,82691.71429449639,2017,9
2026-08-03 23:16:11.026530,82601.62853836629,82520.21441886446,82510.56198177206,82511.54278223621,570,4
2026-08-03 23:21:11.026530,82517.65968223943,82550.349628499,82455.12957961313,82523.77658224267,1572,9
2026-08-03 23:26:11.026530,82428.64104274416,82395.04406939592,82285.17521853046,82333.50550324563,1584,9
2026-08-03 23:31:11.026530,82282.80898192932,82238.16957380896,82171.57371363965,82232.112460613,1763,3
2026-08-03 23:36:11.026530,82165.03997964221,82222.69540942577,81886.90850318706,82097.96749867142,1398,3
2026-08-03 23:41:11.026530,82190.48317200923,82289.77387431914,82182.96457914749,82282.99884534704,737,8
2026-08-03 23:46:11.026530,82254.48888868831,82358.90797355994,82204.39039412096,82225.97893202958,516,1
2026-08-03 23:51:11.026530,82305.94253753852,82440.27852337829,82330.71702402797,82385.90614304745,645,6
2026-08-03 23:56:11.026530,82431.5492126314,82498.63488809904,82451.02662886443,82477.19228221536,188,6
2026-08-04 00:01:11.026530,82649.37339631238,82973.71689681034,82792.34139050453,82821.55451040939,1064,9
2026-08-04 00:06:11.026530,82712.250351672,82636.31671391641,82557.15292558564,82602.94619293461,291,2
2026-08-04 00:11:11.026530,82697.49501780423,82815.6925802704,82721.96618058013,82792.04384267384,2413,8
2026-08-04 00:16:11.026530,82878.38624763978,82970.43650551763,82839.45640439447,82964.72865260573,782,7
2026-08-04 00:21:11.026530,82892.9399897064,82840.54582202031,82799.2905329827,82821.15132680707,184,2
2026-08-04 00:26:11.026530,82897.11988437898,82999.3227529322,82923.27744539625,82973.0884419509,2174,1
2026-08-04 00:31:11.026530,82999.02816611671,83069.9717611326,82999.18109249335,83024.96789028251,2497,4
2026-08-04 00:36:11.026530,83008.80369953591,82995.22239988303,82974.107687625,82992.63950878932,2471,2
2026-08-04 00:41:11.026530,82931.97130457847,82899.49340015824,82858.97112699256,82871.30310036764,1560,3
2026-08-04 00:46:11.026530,82818.53126309466,82784.97609926383,82691.06752085799,82765.75942582168,1868,2
2026-08-04 00:51:11.026530,82919.56101227851,83174.15563169951,82968.04110917219,83073.36259873534,807,9
2026-08-04 00:56:11.026530,83074.2443933813,83135.8668677007,82983.78669132337,83075.12618802727,466,4
2026-08-04 01:01:11.026530,83134.47729468533,83211.15690963434,83165.24199745547,83193.8284013434,256,1
2026-08-04 01:06:11.026530,83135.48314376216,83213.37573510362,83040.02402802043,83077.13788618092,2438,8
2026-08-04 01:11:11.026530,83019.69925098857,82999.91635721132,82877.26481301076,82962.26061579621,1693,4
2026-08-04 01:16:11.026530,83043.95810006847,83242.80953368105,83119.09259814362,83125.65558434074,360,8
2026-08-04 01:21:11.026530,83025.64140160583,82979.98480307616,82844.16085493054,82925.62721887093,1381,8
2026-08-04 01:26:11.026530,82895.47876531543,83030.17204327382,82740.8395820529,82865.33031175996,1449,9
2026-08-04 01:31:11.026530,82868.69682521705,82988.84843575864,82770.1401836575,82872.06333867415,1600,7
2026-08-04 01:36:11.026530,82881.19977601132,82902.43740176885,82831.79832335947,82890.33621334848,132,4
2026-08-04 01:41:11.026530,82877.80641876231,82869.92629035578,82755.71522069111,82865.27662417614,1650,2
2026-08-04 01:46:11.026530,82895.63613847527,82951.19323196252,82804.40005255464,82925.9956527744,1525,6
2026-08-04 01:51:11.026530,82978.56839227199,83062.07702502681,82888.45107667024,83031.14113176959,1076,4
2026-08-04 01:56:11.026530,83086.90687766025,83163.05847266357,83093.93466756774,83142.67262355093,1529,6
2026-08-04 02:01:11.026530,83069.80186590322,83049.98491712665,82984.35567056469,82996.93110825552,2333,8
2026-08-04 02:06:11.026530,82976.54048778156,83070.3152854123,82897.3254025791,82956.1498673076,2486,3
2026-08-04 02:11:11.026530,83046.27884351136,83146.60659207162,83054.91578719675,83136.40781971514,2490,1
2026-08-04 02:16:11.026530,83204.23443793613,83306.46828487623,83197.93557875867,83272.06105615712,1714,5
2026-08-04 02:21:11.026530,83170.12999934616,83151.17741793585,82996.99866080198,83068.19894253521,1832,3
2026-08-04 02:26:11.026530,83095.31559464903,83146.56084787179,83044.10496653072,83122.43224676285,2127,6
2026-08-04 02:31:11.026530,82975.53229180921,82845.36998807575,82770.97795006048,82828.63233685556,1656,3
2026-08-04 02:36:11.026530,82832.95964761169,82872.0370828475,82769.44777830434,82837.28695836781,1031,1
2026-08-04 02:41:11.026530,82979.84538883869,83214.62247722429,83044.856141552,83122.40381930956,654,9
2026-08-04 02:46:11.026530,83052.38208640306,83125.85973234607,82928.81426205032,82982.36035349657,2380,5
2026-08-04 02:51:11.026530,82920.9250191605,82915.47275498755,82765.5561863321,82859.48968482444,287,2
2026-08-04 02:56:11.026530,82917.3350308256,83108.22387721372,82935.14775518326,82975.18037682679,780,2
2026-08-04 03:01:11.026530,82860.95485270175,82838.45092639499,82732.70784229317,82746.72932857671,1392,9
2026-08-04 03:06:11.026530,82700.46011910283,82796.07481158341,82578.3785484064,82654.19090962896,2044,1
2026-08-04 03:11:11.026530,82699.4106967632,82770.00196879452,82622.11549234384,82744.63048389745,1410,3
2026-08-04 03:16:11.026530,82698.24857541642,82652.49713016025,82437.45923649876,82651.86666693541,2128,7
2026-08-04 03:21:11.026530,82635.14354620998,82653.89285846343,82548.93513850722,82618.42042548454,1027,1
2026-08-04 03:26:11.026530,82674.61990669358,82854.52508292334,82685.28998524239,82730.81938790264,964,2
2026-08-04 03:31:11.026530,82763.04661108434,82883.5954274519,82540.97153221251,82795.27383426603,1687,6
2026-08-04 03:36:11.026530,82815.98914019439,82906.093015046,82711.79270473827,82836.70444612275,1678,9
2026-08-04 03:41:11.026530,82812.2574360634,82857.53359222313,82731.90276840828,82787.81042600404,2304,9
2026-08-04 03:46:11.026530,82816.22094387533,82933.38129289281,82841.92191810031,82844.63146174663,2031,8
2026-08-04 03:51:11.026530,82836.23522967278,82996.27952333547,82687.11558387142,82827.83899759891,632,3
2026-08-04 03:56:11.026530,82862.8091766203,83034.18646078804,82759.43584739899,82897.77935564169,509,2
2026-08-04 04:01:11.026530,82861.54907179502,82826.94092040784,82786.58220724188,82825.31878794834,185,1
2026-08-04 04:06:11.026530,82812.53981303443,82825.98742914599,82771.74990184969,82799.7608381205,2026,9
2026-08-04 04:11:11.026530,82726.8816167913,82697.27287491686,82648.11696785518,82654.00239546211,1027,5
2026-08-04 04:16:11.026530,82652.2248065435,82677.38650050959,82413.44800415348,82650.44721762488,333,3
2026-08-04 04:21:11.026530,82590.98991006486,82757.07471225304,82407.22985784942,82531.53260250484,2448,5
2026-08-04 04:26:11.026530,82449.68962064708,82388.1193396663,82358.89082043781,82367.84663878931,66,3
2026-08-04 04:31:11.026530,82387.84999916135,82428.39343822366,82353.02677475943,82407.85335953339,1288,9
2026-08-04 04:36:11.026530,82424.45906875213,82512.02556192903,82415.27363520444,82441.06477797088,1472,1
2026-08-04 04:41:11.026530,82500.01815573013,82570.01952237438,82479.39606443596,82558.97153348937,1317,1
2026-08-04 04:46:11.026530,82527.77496213723,82551.3691640709,82413.05895505007,82496.5783907851,2103,3
2026-08-04 04:51:11.026530,82527.7117673825,82666.16043934065,82426.66516761495,82558.8451439799,829,6
2026-08-04 04:56:11.026530,82600.61774434592,82775.31459714932,82558.67122581045,82642.39034471194,2184,2
2026-08-04 05:01:11.026530,82676.31213828031,82732.20797038876,82621.83594043553,82710.23393184869,2286,1
2026-08-04 05:06:11.026530,82649.64445415392,82628.89923185618,82539.17417187386,82589.05497645917,1689,8
2026-08-04 05:11:11.026530,82600.98479988008,82665.29304000418,82516.91768517651,82612.914623301,469,9
2026-08-04 05:16:11.026530,82640.8245993881,82669.31925426937,82655.72091862721,82668.7345754752,1876,1
2026-08-04 05:21:11.026530,82670.09537651838,82719.88659534256,82625.78185386628,82671.45617756157,2345,3
2026-08-04 05:26:11.026530,82517.32802486484,82435.15903535472,82330.69388538507,82363.19987216812,909,5
2026-08-04 05:31:11.026530,82375.92206396846,82527.26626953202,82377.83436522407,82388.64425576881,256,7
2026-08-04 05:36:11.026530,82553.857248201,82807.74825630824,82642.2405470747,82719.07024063321,2230,4
2026-08-04 05:41:11.026530,82693.101685028,82787.20895979936,82659.79992672187,82667.13312942277,2090,6
2026-08-04 05:46:11.026530,82613.82496454049,82656.37874798484,82472.53184663296,82560.5167996582,164,1
2026-08-04 05:51:11.026530,82589.09375673706,82711.08448914245,82578.27911488753,82617.67071381591,2474,4
2026-08-04 05:56:11.026530,82641.73105889892,82726.31992210961,82586.03420484289,82665.79140398193,260,8
2026-08-04 06:01:11.026530,82755.45372924826,82960.0641490945,82779.16833284708,82845.1160545146,181,5
2026-08-04 06:06:11.026530,82752.2613251826,82688.95785288776,82632.71980897586,82659.40659585058,1447,8
2026-08-04 06:11:11.026530,82714.68002963802,82810.60019409501,82645.80646988316,82769.95346342548,203,1
2026-08-04 06:16:11.026530,82814.78771682174,82865.54305328772,82827.80467042894,82859.621970218,969,9
2026-08-04 06:21:11.026530,82849.8513312691,82863.24265602742,82705.02562969991,82840.0806923202,1496,4
2026-08-04 06:26:11.026530,82866.16850146395,82987.67084545542,82853.39168438043,82892.2563106077,1001,9
2026-08-04 06:31:11.026530,82969.95862766902,83101.01431018881,83046.23790712075,83047.66094473036,1439,8
2026-08-04 06:36:11.026530,83113.74332517364,83234.9131126206,83100.070768413,83179.82570561691,1767,8
2026-08-04 06:41:11.026530,83095.17523562125,83039.62736310827,83002.61211536458,83010.52476562558,196,2
2026-08-04 06:46:11.026530,83072.67494178376,83156.17000641633,83116.53044549981,83134.82511794193,1867,3
2026-08-04 06:51:11.026530,83130.81657120746,83136.0620730883,83013.84200945399,83126.808024473,764,9
2026-08-04 06:56:11.026530,83133.09177954964,83141.52871313704,83119.8357314467,83139.37553462628,1646,3
2026-08-04 07:01:11.026530,83145.68440398003,83219.40267910174,83079.80840977932,83151.99327333379,2328,8
2026-08-04 07:06:11.026530,83141.58239336318,83158.06555835,83078.56019655995,83131.17151339255,1573,5
2026-08-04 07:11:11.026530,83221.26155199553,83311.54806193477,83193.81735925002,83311.3515905985,956,7
2026-08-04 07:16:11.026530,83305.90786909977,83424.17300481959,83190.08529067125,83300.46414760104,1696,4
2026-08-04 07:21:11.026530,83217.44715591219,83175.95877197689,82980.69029877867,83134.43016422333,1774,8
2026-08-04 07:26:11.026530,83105.82706188486,83112.0079171322,83065.68992342663,83077.22395954639,2080,4
2026-08-04 07:31:11.026530,83091.4180712685,83220.26730605714,83018.10005397683,83105.6121829906,2204,5
2026-08-04 07:36:11.026530,83198.4860574578,83395.39985124928,83223.19635169546,83291.35993192499,2190,1
2026-08-04 07:41:11.026530,83337.42762520118,83497.8292933387,83343.29022878809,83383.49531847738,1709,8
2026-08-04 07:46:11.026530,83320.54817683285,83369.56274506089,83250.2514196603,83257.60103518832,878,7
2026-08-04 07:51:11.026530,83445.07434212252,83755.17213279913,83596.03196397237,83632.54764905672,2237,5
2026-08-04 07:56:11.026530,83653.31858191337,83687.06469817311,83600.28252772336,83674.08951477,1387,6
2026-08-04 08:01:11.026530,83771.08396040107,83905.9864188425,83802.50054696259,83868.07840603215,60,1
2026-08-04 08:06:11.026530,83857.4668314837,83891.82929612673,83820.92934686385,83846.85525693525,2492,8
2026-08-04 08:11:11.026530,83887.96231146461,84012.73728279278,83798.84637023974,83929.06936599397,1578,9
2026-08-04 08:16:11.026530,83993.36809550888,84094.53296601867,84007.64033043613,84057.66682502379,427,5
2026-08-04 08:21:11.026530,84150.76911445991,84317.94581992805,84134.18344538586,84243.87140389603,410,7
2026-08-04 08:26:11.026530,84324.96091543155,84512.26853363508,84300.92091977362,84406.05042696708,1621,4
2026-08-04 08:31:11.026530,84473.20469301491,84673.68981048904,84431.46973386392,84540.35895906275,691,6
2026-08-04 08:36:11.026530,84517.23689809517,84511.26520909146,84384.94446183325,84494.1148371276,622,2
2026-08-04 08:41:11.026530,84451.50302444174,84461.07862304414,84197.72038647535,84408.8912117559,2005,4
2026-08-04 08:46:11.026530,84435.01090791785,84520.51040507111,84404.31441203186,84461.13060407981,1634,5
2026-08-04 08:51:11.026530,84532.96799339207,84615.58569165626,84577.04041188503,84604.80538270433,972,9
2026-08-04 08:56:11.026530,84588.69558165298,84678.2639771557,84552.70551168633,84572.58578060161,2493,9
2026-08-04 09:01:11.026530,84654.58682421173,84799.00829416142,84707.80620238901,84736.58786782184,2283,8
2026-08-04 09:06:11.026530,84848.36322471747,85065.87457767845,84938.88125467893,84960.13858161308,1591,4
2026-08-04 09:11:11.026530,84890.9788649055,84866.21479077532,84752.86437155936,84821.81914819792,1864,6
2026-08-04 09:16:11.026530,84758.82397488433,84708.9474266737,84560.80636704646,84695.82880157075,2468,7
2026-08-04 09:21:11.026530,84685.97664231795,84774.49295045242,84541.12288907549,84676.12448306517,1939,1
2026-08-04 09:26:11.026530,84700.42091683543,84755.51560626851,84684.01009690808,84724.71735060567,1949,1
2026-08-04 09:31:11.026530,84685.58327205051,84688.28987633191,84587.74766953017,84646.44919349534,1277,4
2026-08-04 09:36:11.026530,84750.43643614164,84950.34733919939,84784.80708143687,84854.42367878792,2379,3
2026-08-04 09:41:11.026530,84887.67079711877,84991.864444359,84827.0265291514,84920.91791544962,1489,4
2026-08-04 09:46:11.026530,84924.78219205086,84974.11407454826,84835.3482610812,84928.64646865208,1106,9
2026-08-04 09:51:11.026530,84819.88042037432,84722.70261107663,84620.4624999434,84711.11437209656,2179,2
2026-08-04 09:56:11.026530,84611.76039204278,84562.70866442024,84457.03413211148,84512.40641198898,1556,4
2026-08-04 10:01:11.026530,84534.63126981,84686.48076090067,84475.82582684916,84556.85612763099,2245,7
2026-08-04 10:06:11.026530,84395.71653825113,84312.58135320708,84231.41642271263,84234.57694887127,1680,2
2026-08-04 10:11:11.026530,84312.26002322105,84408.00885049874,84226.1493775735,84389.94309757084,1014,8
2026-08-04 10:16:11.026530,84378.77654029748,84397.2466588332,84208.42316213714,84367.60998302411,1041,4
2026-08-04 10:21:11.026530,84615.42956300155,84876.86390135145,84814.67243310253,84863.24914297901,544,9
2026-08-04 10:26:11.026530,85040.73950685794,85246.00008002884,85181.16182635841,85218.22987073685,1243,1
2026-08-04 10:31:11.026530,85205.1675640002,85277.95435842911,85168.57119440043,85192.10525726355,752,7
2026-08-04 10:36:11.026530,85184.80463822001,85183.34934727408,85120.00213927624,85177.50401917647,1080,1
2026-08-04 10:41:11.026530,85254.74679040565,85396.80041381855,85151.25703624796,85331.98956163482,1453,9
2026-08-04 10:46:11.026530,85463.84781174577,85759.6797994794,85442.24378006879,85595.7060618567,875,1
2026-08-04 10:51:11.026530,85470.55792518036,85706.94935387923,85269.27926038859,85345.40978850402,1107,3
2026-08-04 10:56:11.026530,85209.26782610962,85099.20001709496,85004.85889391773,85073.1258637152,612,7
2026-08-04 11:01:11.026530,85026.3757036133,85110.38767939118,84967.03682292652,84979.62554351141,2235,1
2026-08-04 11:06:11.026530,85025.06836243015,85090.03042629613,84998.17950363862,85070.51118134888,416,5
2026-08-04 11:11:11.026530,85109.42203455928,85176.11379193635,85062.41686270261,85148.33288776969,2203,6
2026-08-04 11:16:11.026530,85231.24533206495,85460.41974144486,85186.8247059944,85314.1577763602,843,3
2026-08-04 11:21:11.026530,85222.9924090406,85168.6036740725,84970.9493566156,85131.82704172102,685,6
2026-08-04 11:26:11.026530,84955.58443044225,84794.52815182038,84636.61891426,84779.3418191635,1755,4
2026-08-04 11:31:11.026530,84845.70920333601,84988.83289709585,84807.96235944303,84912.0765875085,1036,6
2026-08-04 11:36:11.026530,84849.68012559923,84821.02708586866,84763.31169668729,84787.28366368997,1007,6
2026-08-04 11:41:11.026530,84634.38005170677,84523.23488607175,84305.84487778188,84481.47643972358,904,4
2026-08-04 11:46:11.026530,84493.35260318496,84603.01771073879,84477.09552586892,84505.22876664635,2175,1
2026-08-04 11:51:11.026530,84566.44286224924,84729.08575523454,84624.73826833616,84627.65695785212,1619,3
2026-08-04 11:56:11.026530,84619.20760993338,84640.29646682939,84479.8954649221,84610.75826201464,2306,7
2026-08-04 12:01:11.026530,84576.7530344805,84684.05047399123,84515.3269082785,84542.74780694637,1484,2
2026-08-04 12:06:11.026530,84531.46911046079,84538.80677753991,84412.62058297808,84520.19041397522,57,4
2026-08-04 12:11:11.026530,84492.85490746074,84483.12444890414,84427.45808731006,84465.51940094627,786,6
2026-08-04 12:16:11.026530,84364.00909709232,84415.06206018005,84137.75194037719,84262.49879323837,2324,5
2026-08-04 12:21:11.026530,84209.17648799479,84298.09203470963,84149.41338204368,84155.85418275122,2272,6
2026-08-04 12:26:11.026530,84196.19694862644,84291.20570347062,84060.8971856984,84236.53971450166,130,5
2026-08-04 12:31:11.026530,84261.77701648918,84361.90307958238,84219.84012024506,84287.01431847671,1208,9
2026-08-04 12:36:11.026530,84300.60811389828,84344.73567672817,84255.48603439536,84314.20190931985,287,2
2026-08-04 12:41:11.026530,84239.59650887047,84181.38051130713,84160.34836477305,84164.99110842109,1545,4
2026-08-04 12:46:11.026530,84152.08614662138,84226.06553798205,84061.64898508256,84139.18118482167,1099,1
2026-08-04 12:51:11.026530,83975.48306695427,83865.26389264784,83751.28057843588,83811.78494908688,236,7
2026-08-04 12:56:11.026530,83826.08811032643,83953.12677486685,83434.82084133012,83840.39127156597,1955,1
2026-08-04 13:01:11.026530,83949.18700114707,84062.65887036076,83965.5093275368,84057.9827307282,679,6
2026-08-04 13:06:11.026530,83947.44760216231,83870.89899142754,83758.94533312204,83836.91247359643,1782,9
2026-08-04 13:11:11.026530,83793.56314235323,83760.63262204669,83693.8470076881,83750.21381111002,864,2
2026-08-04 13:16:11.026530,83775.86565371594,83908.59340674817,83659.46128760207,83801.51749632186,663,1
2026-08-04 13:21:11.026530,83896.95513877342,84077.1003910823,83892.66283040494,83992.39278122499,1236,3
2026-08-04 13:26:11.026530,83959.36298862449,83971.94640070562,83755.78221472225,83926.33319602397,2275,6
2026-08-04 13:31:11.026530,83874.91575737727,84032.22618793606,83657.54763473534,83823.49831873056,1034,7
2026-08-04 13:36:11.026530,83676.05867635054,83620.23555294205,83395.18904545478,83528.61903397052,2377,8
2026-08-04 13:41:11.026530,83537.23124768754,83620.06381379558,83445.7031870677,83545.84346140455,847,4
2026-08-04 13:46:11.026530,83700.51081738865,83973.95630656334,83764.27154276968,83855.17817337275,1127,8
2026-08-04 13:51:11.026530,83876.95452722051,83912.98815259144,83813.19982530542,83898.73088106827,116,7
2026-08-04 13:56:11.026530,83897.88761658187,83985.52445003724,83867.73671895731,83897.04435209547,593,8
2026-08-04 14:01:11.026530,83922.21044696448,84135.24287321694,83895.98834598974,83947.3765418335,1836,5
2026-08-04 14:06:11.026530,83947.37798543007,83965.95925673292,83759.47107563277,83947.37942902664,569,7
2026-08-04 14:11:11.026530,83886.83722403448,83877.28374719166,83653.85978071314,83826.29501904233,995,4
2026-08-04 14:16:11.026530,83889.2918323141,84015.9340410471,83951.70278272577,83952.2886455859,1504,1
2026-08-04 14:21:11.026530,83970.18986137651,84023.03261451492,83810.72903153334,83988.0910771671,1108,3
2026-08-04 14:26:11.026530,83990.26238727676,84094.09314687012,83857.44228445426,83992.43369738641,2286,9
2026-08-04 14:31:11.026530,83919.6058124486,83858.84691761615,83805.96441131075,83846.77792751079,1162,4
2026-08-04 14:36:11.026530,83946.09930783097,84064.07249686113,83863.04611140209,84045.42068815115,996,5
2026-08-04 14:41:11.026530,84096.5709469764,84158.10953257215,84127.91233948115,84147.72120580164,185,3
2026-08-04 14:46:11.026530,84106.70835968293,84065.85925562175,84007.16965714828,84065.69551356423,842,6
2026-08-04 14:51:11.026530,84142.40327210844,84318.193976693,84200.32797286622,84219.11103065264,1186,4
2026-08-04 14:56:11.026530,84182.25488393057,84246.13089123777,84137.28993544857,84145.3987372085,1412,5
2026-08-04 15:01:11.026530,84087.0588808104,84055.50830415246,84023.0001078068,84028.71902441228,604,7
2026-08-04 15:06:11.026530,83972.14424462705,83951.3571063549,83868.10853728552,83915.56946484183,995,7
2026-08-04 15:11:11.026530,83782.86073349541,83723.01382745293,83540.61014535515,83650.15200214901,2271,9
2026-08-04 15:16:11.026530,83686.5044250617,83764.37987110832,83685.66136973194,83722.8568479744,2304,2
2026-08-04 15:21:11.026530,83585.94065941063,83464.89855597977,83409.40408860709,83449.02447084685,1416,4
2026-08-04 15:26:11.026530,83357.69785961465,83404.33152434975,83248.38731291777,83266.37124838243,998,8
2026-08-04 15:31:11.026530,83111.94700101143,83108.76071125727,82871.74445669839,82957.52275364044,153,4
2026-08-04 15:36:11.026530,82951.92659076056,83000.146651148,82836.64620226204,82946.33042788069,1096,3
2026-08-04 15:41:11.026530,82935.93951558927,82972.3453502088,82900.35605839429,82925.54860329784,1910,6
2026-08-04 15:46:11.026530,82902.0022307784,82936.91735806687,82867.84600923366,82878.45585825894,2387,3
2026-08-04 15:51:11.026530,82801.58951495425,82815.745979821,82678.77699267589,82724.72317164956,1013,2
2026-08-04 15:56:11.026530,82638.36525376636,82624.64158678747,82471.78198622407,82552.00733588316,887,9
2026-08-04 16:01:11.026530,82587.34917567822,82663.32236111375,82558.40895671054,82622.69101547329,1632,3
2026-08-04 16:06:11.026530,82582.59743690782,82574.04893553052,82492.99218755933,82542.50385834233,931,1
2026-08-04 16:11:11.026530,82566.83816172123,82784.33365729508,82527.84876727054,82591.17246510013,473,9
2026-08-04 16:16:11.026530,82526.24711432027,82555.24440740331,82364.06524426084,82461.32176354041,2252,5
2026-08-04 16:21:11.026530,82475.58644956746,82581.14727668182,82445.97976274698,82489.85113559451,2248,7
2026-08-04 16:26:11.026530,82587.54804927917,82789.59926493699,82644.16287985738,82685.24496296381,261,2
2026-08-04 16:31:11.026530,82729.7162531523,82863.47825617809,82597.56716799489,82774.1875433408,1265,1
2026-08-04 16:36:11.026530,82744.30258327845,82823.61337464816,82707.73397618398,82714.41762321611,930,6
2026-08-04 16:41:11.026530,82734.3962481655,82853.30110087973,82654.98475580601,82754.3748731149,804,5
2026-08-04 16:46:11.026530,82737.2814621178,82839.4098972902,82570.87294905362,82720.18805112071,1171,6
2026-08-04 16:51:11.026530,82721.6019424914,82771.90241727923,82631.2456594816,82723.01583386208,750,2
2026-08-04 16:56:11.026530,82699.60771491207,82787.9335593296,82674.69940149256,82676.19959596207,2269,7
2026-08-04 17:01:11.026530,82664.79998080226,82691.8735312547,82596.08218478544,82653.40036564243,420,1
2026-08-04 17:06:11.026530,82670.00744866414,82707.92237400192,82571.64963599994,82686.61453168583,1782,8
2026-08-04 17:11:11.026530,82613.5822579576,82564.47736180191,82471.01397764146,82540.5499842294,1213,7
2026-08-04 17:16:11.026530,82465.9767685527,82413.73385624106,82337.59791301511,82391.40355287601,962,7
2026-08-04 17:21:11.026530,82289.39041075623,82260.88853616203,81988.49523231233,82187.37726863644,1878,6
2026-08-04 17:26:11.026530,82069.9972280465,82013.30383018298,81880.696285617,81952.61718745655,851,5
2026-08-04 17:31:11.026530,81863.74966683048,81831.33372016673,81701.80198728619,81774.88214620441,2353,9
2026-08-04 17:36:11.026530,81787.43784736205,81813.7996241207,81707.7694007142,81799.99354851969,1039,3
2026-08-04 17:41:11.026530,81735.13601538209,81730.85463420427,81620.9009011504,81670.27848224448,725,9
2026-08-04 17:46:11.026530,81708.86573780222,81804.11763961296,81734.86134291947,81747.45299335996,465,5
2026-08-04 17:51:11.026530,81750.82459143062,81804.46680692425,81658.24131435326,81754.19618950128,2426,8
2026-08-04 17:56:11.026530,81610.42701999261,81518.71516653459,81407.59774641518,81466.65785048394,1212,3
2026-08-04 18:01:11.026530,81515.52461039559,81639.94869357577,81442.79345998929,81564.39137030723,1011,7
2026-08-04 18:06:11.026530,81624.77073520467,81719.09643784397,81613.93208582107,81685.15010010211,1670,4
2026-08-04 18:11:11.026530,81612.96537651593,81589.72155605226,81420.54428318885,81540.78065292974,1585,5
2026-08-04 18:16:11.026530,81572.44482209036,81785.14116539754,81586.19182137414,81604.10899125098,298,4
2026-08-04 18:21:11.026530,81542.06785025155,81533.30135448754,81375.52049515619,81480.02670925212,1936,9
2026-08-04 18:26:11.026530,81488.00465697699,81537.58230595702,81482.80833710008,81495.98260470186,2405,7
2026-08-04 18:31:11.026530,81404.15480353826,81358.94057127523,81227.35001477787,81312.32700237466,622,6
2026-08-04 18:36:11.026530,81182.12755820194,81145.87098625129,81025.38185361789,81051.92811402923,1858,6
2026-08-04 18:41:11.026530,81024.82243793165,81007.82887948412,80913.03415283069,80997.71676183408,847,7
2026-08-04 18:46:11.026530,80989.50798510795,80983.90257959206,80931.83607511398,80981.29920838184,1050,5
2026-08-04 18:51:11.026530,80953.13466485326,80953.07627819153,80907.40942198026,80924.97012132469,810,3
2026-08-04 18:56:11.026530,80839.6336124976,80764.45831162587,80709.6776494457,80754.2971036705,342,3
2026-08-04 19:01:11.026530,80726.05032069501,80730.89574208877,80559.21259496883,80697.8035377195,247,7
2026-08-04 19:06:11.026530,80718.17400165396,80765.70366619054,80737.03001653013,80738.5444655884,129,1
2026-08-04 19:11:11.026530,80736.0897875473,80738.74535733141,80682.48671910251,80733.63510950621,1458,4
2026-08-04 19:16:11.026530,80747.70547193897,80868.87037901985,80705.219332407,80761.77583437171,186,8
2026-08-04 19:21:11.026530,80713.9041263875,80693.90252133021,80654.47302527179,80666.03241840328,262,4
2026-08-04 19:26:11.026530,80751.99661086642,80959.38752300915,80789.90360386831,80837.96080332957,1912,1
2026-08-04 19:31:11.026530,80753.28649105779,80696.38743119956,80548.19741259146,80668.61217878602,668,5
2026-08-04 19:36:11.026530,80704.8328497351,80742.87784221116,80637.454123745,80741.05352068417,1009,1
2026-08-04 19:41:11.026530,80827.83849786498,81080.32150408304,80811.34610831601,80914.62347504581,2263,9
2026-08-04 19:46:11.026530,80950.46973980893,81105.34173708146,80943.02857480732,80986.31600457206,2218,8
2026-08-04 19:51:11.026530,80972.36674898704,81055.42284073407,80874.26132028658,80958.41749340203,2428,7
2026-08-04 19:56:11.026530,80920.7515289957,81032.6972989051,80875.91994408799,80883.08556458935,1772,5
2026-08-04 20:01:11.026530,80959.38805585844,81039.71298141372,81022.53227674811,81035.69054712752,1211,4
2026-08-04 20:06:11.026530,80932.85105507383,80851.18819181868,80776.86348510093,80830.01156302013,1939,7
2026-08-04 20:11:11.026530,80760.3064041269,80795.10692468216,80588.14086827489,80690.60124523367,2090,3
2026-08-04 20:16:11.026530,80662.54665220607,80673.47980109905,80630.87645638616,80634.49205917849,1603,8
2026-08-04 20:21:11.026530,80725.21815577941,80863.46537392082,80780.6765778814,80815.94425238034,1149,5
2026-08-04 20:26:11.026530,80844.38456778583,80968.42092203311,80812.70282825526,80872.82488319132,1738,5
2026-08-04 20:31:11.026530,80803.23382773291,80745.87372800907,80675.65062315574,80733.6427722745,86,1
2026-08-04 20:36:11.026530,80711.90891736094,80719.41372016817,80594.24543511844,80690.17506244736,894,8
2026-08-04 20:41:11.026530,80646.39287960704,80624.89371714917,80492.98798691672,80602.6106967667,1731,7
2026-08-04 20:46:11.026530,80551.95881872569,80598.61613656052,80466.43836532164,80501.30694068469,1693,1
2026-08-04 20:51:11.026530,80573.0976002102,80753.9284753181,80581.52855789635,80644.88825973572,2383,4
2026-08-04 20:56:11.026530,80546.25387826662,80527.18940735425,80341.58572529294,80447.61949679753,1313,4
2026-08-04 21:01:11.026530,80565.07546027252,80714.17750105169,80645.18425322052,80682.5314237475,2317,9
2026-08-04 21:06:11.026530,80743.52561408514,80823.40642329906,80711.25511627182,80804.51980442277,2093,2
2026-08-04 21:11:11.026530,80884.73928115051,80976.88780475083,80932.4024385253,80964.95875787827,265,4
2026-08-04 21:16:11.026530,80932.04810160349,80967.13909518163,80762.36199909223,80899.13744532873,730,3
2026-08-04 21:21:11.026530,80889.0306322109,80917.65704076058,80830.97969915894,80878.92381909306,2390,5
2026-08-04 21:26:11.026530,80775.54437479039,80695.71248981876,80637.82942780045,80672.16493048774,1862,7
2026-08-04 21:31:11.026530,80634.89579343103,80738.01948818551,80496.64973418393,80597.62665637434,1557,5
2026-08-04 21:36:11.026530,80634.25793951991,80753.36292660798,80632.08422470906,80670.8892226655,2140,5
2026-08-04 21:41:11.026530,80765.90677547758,80942.54753533773,80779.48410501756,80860.92432828965,1166,4
2026-08-04 21:46:11.026530,80781.23841761495,80733.79436392432,80539.54358776529,80701.55250694025,1342,9
2026-08-04 21:51:11.026530,80675.82052378275,80747.4100646003,80627.48739136438,80650.08854062523,1694,6
2026-08-04 21:56:11.026530,80639.91425928948,80633.35302828506,80628.10320331555,80629.73997795371,1288,6
2026-08-04 22:01:11.026530,80529.38348420727,80513.32686837399,80354.71255744585,80429.02699046083,1008,6
2026-08-04 22:06:11.026530,80472.6604148357,80625.70950820623,80413.72402548131,80516.29383921056,2211,6
2026-08-04 22:11:11.026530,80464.66841519685,80468.32514600488,80368.11964471017,80413.04299118316,1198,1
2026-08-04 22:16:11.026530,80399.70859382435,80588.0168215032,80331.74544658004,80386.37419646555,2334,6
2026-08-04 22:21:11.026530,80354.4931966129,80414.72311437453,80278.58465401383,80322.61219676025,1878,4
2026-08-04 22:26:11.026530,80266.39325046875,80332.66738948664,80137.91868373632,80210.17430417726,207,2
2026-08-04 22:31:11.026530,80210.46783543244,80229.67553348915,80131.77312311763,80210.76136668763,957,6
2026-08-04 22:36:11.026530,80196.00140340943,80265.06022423532,80123.32809314295,80181.24144013126,1578,1
2026-08-04 22:41:11.026530,80155.21727880268,80191.3157962245,80006.5674588022,80129.19311747409,1190,1
2026-08-04 22:46:11.026530,80077.49385666431,80094.57940054502,79975.54776754188,80025.79459585452,1609,5
2026-08-04 22:51:11.026530,80049.61513553301,80130.02670986358,79937.37371578632,80073.4356752115,2157,6
2026-08-04 22:56:11.026530,80193.58607004187,80338.88302247251,80300.55079334289,80313.73646487223,2498,2
2026-08-04 23:01:11.026530,80324.65246535561,80449.74844634082,80296.7644009234,80335.568465839,1947,8
2026-08-04 23:06:11.026530,80408.45922824836,80528.18109225055,80375.42378359873,80481.34999065775,877,4
2026-08-04 23:11:11.026530,80381.58044573368,80298.02960226794,80247.74962434132,80281.8109008096,1850,4
2026-08-04 23:16:11.026530,80294.01441021176,80314.49741075,80210.18334266079,80306.21791961393,1253,5
2026-08-04 23:21:11.026530,80227.78473610558,80238.47601641621,80104.84091478707,80149.35155259722,894,4
2026-08-04 23:26:11.026530,80043.75529566868,79957.75080229978,79851.82660354041,79938.15903874015,1318,5
2026-08-04 23:31:11.026530,79885.79915604735,79981.6456502312,79655.79638971048,79833.43927335452,687,3
2026-08-04 23:36:11.026530,79919.96934167427,80096.96363072233,79914.21264022884,80006.49940999402,698,8
2026-08-04 23:41:11.026530,80075.76607111286,80149.06950576324,80119.7551027564,80145.03273223167,2310,6
2026-08-04 23:46:11.026530,80163.36643449779,80226.80750167802,79943.6659255571,80181.7001367639,1679,8
2026-08-04 23:51:11.026530,80072.04710149887,80034.45005874545,79956.64349605526,79962.39406623386,1039,5
2026-08-04 23:56:11.026530,79949.07034701566,79955.99797766334,79930.41240896271,79935.74662779745,853,7
2026-08-05 00:01:11.026530,79958.25727601422,80040.2192676458,79912.6579928091,79980.76792423101,177,7
2026-08-05 00:06:11.026530,79994.20555926903,80054.97236346344,80004.0934685411,80007.64319430703,1001,6
2026-08-05 00:11:11.026530,79875.89487652917,79804.91008193951,79597.11397643779,79744.14655875132,2314,4
2026-08-05 00:16:11.026530,79681.09603111932,79690.79433065258,79520.68295513574,79618.04550348733,69,6
2026-08-05 00:21:11.026530,79614.25029315529,79666.93476817296,79438.24299730922,79610.45508282326,1831,9
2026-08-05 00:26:11.026530,79649.69544345386,79751.10394771546,79653.06502630272,79688.93580408447,724,4
2026-08-05 00:31:11.026530,79532.53408133576,79381.26819723654,79272.62430962258,79376.13235858707,788,6
2026-08-05 00:36:11.026530,79365.34568928776,79365.16515467936,79324.00229141582,79354.55901998843,606,6
2026-08-05 00:41:11.026530,79365.57050813158,79403.33405569263,79317.11367923893,79376.58199627473,2294,3
2026-08-05 00:46:11.026530,79438.11878541225,79573.34635442619,79424.1623027203,79499.65557454978,553,4
2026-08-05 00:51:11.026530,79550.05624218288,79709.03193079757,79527.2878538281,79600.45690981598,1320,3
2026-08-05 00:56:11.026530,79643.01129659178,79850.04084026755,79580.38043568045,79685.56568336757,787,3
2026-08-05 01:01:11.026530,79629.03334284647,79621.26645762801,79548.9097366168,79572.50100232536,841,4
2026-08-05 01:06:11.026530,79436.88632894616,79455.56422872488,79285.60512137305,79301.27165556698,1420,4
2026-08-05 01:11:11.026530,79274.02141144322,79419.84199694316,79140.32952233742,79246.77116731944,246,6
2026-08-05 01:16:11.026530,79319.06799053925,79548.37483792803,79336.7507997695,79391.36481375904,1180,4
2026-08-05 01:21:11.026530,79491.85113061892,79608.92607267418,79552.41022089605,79592.33744747879,793,6
2026-08-05 01:26:11.026530,79644.06579837378,79849.18339213086,79664.82951058139,79695.79414926875,1686,2
2026-08-05 01:31:11.026530,79727.39862583287,79960.83184241287,79733.90784398619,79759.00310239696,1233,4
2026-08-05 01:36:11.026530,79787.06227090256,79868.05173227527,79774.57342927429,79815.12143940818,1680,2
2026-08-05 01:41:11.026530,79775.99077084597,79753.91737316787,79634.35116572598,79736.86010228374,2001,8
2026-08-05 01:46:11.026530,79728.32484516429,79831.77001801429,79695.44183562144,79719.78958804483,2088,9
2026-08-05 01:51:11.026530,79840.52134422667,80036.19517736028,79904.71541113385,79961.2531004085,1386,7
2026-08-05 01:56:11.026530,79894.27756702923,79846.90741828858,79778.57415253615,79827.30203364995,975,6
2026-08-05 02:01:11.026530,79944.28449453492,80138.20842315549,79985.23662305066,80061.26695541988,284,8
2026-08-05 02:06:11.026530,80038.87005205553,80099.50159575323,80013.07613456977,80016.47314869118,2424,4
2026-08-05 02:11:11.026530,80112.8399479877,80231.22079789212,80130.17568904335,80209.2067472842,528,2
2026-08-05 02:16:11.026530,80108.57972889006,80068.1839019879,79967.98881128783,80007.95271049593,715,4
2026-08-05 02:21:11.026530,80050.96519314108,80127.87599118169,80064.32033812511,80093.97767578624,1173,5
2026-08-05 02:26:11.026530,80041.70299748942,80078.80577046808,79832.3337590634,79989.42831919261,1437,9
2026-08-05 02:31:11.026530,79888.47007999266,79843.58020402034,79745.80362166243,79787.51184079274,691,5
2026-08-05 02:36:11.026530,79804.0057834017,79857.21586634211,79751.12210722186,79820.49972601068,1566,9
2026-08-05 02:41:11.026530,79893.88420418178,80059.73641197973,79938.93620175192,79967.26868235291,624,9
2026-08-05 02:46:11.026530,79907.30247463839,79914.97228240118,79837.80998015378,79847.33626692387,1771,8
2026-08-05 02:51:11.026530,79740.55460864912,79692.98668505909,79503.44204886093,79633.77295037438,1068,5
2026-08-05 02:56:11.026530,79627.98715791265,79642.36713213082,79556.47833500535,79622.20136545092,1377,2
2026-08-05 03:01:11.026530,79616.73234913082,79747.89847906033,79504.53621727154,79611.2633328107,449,5
2026-08-05 03:06:11.026530,79651.36681009523,79734.6008744985,79642.19920092139,79691.47028737977,644,1
2026-08-05 03:11:11.026530,79760.43394210658,79871.35286940676,79721.09153220434,79829.39759683338,1506,8
2026-08-05 03:16:11.026530,79825.92727136312,79823.3367528785,79810.22588762763,79822.45694589286,1645,2
2026-08-05 03:21:11.026530,79956.78045138395,80096.58651843504,79991.73113354907,80091.10395687504,166,7
2026-08-05 03:26:11.026530,80108.07174904225,80188.07082807139,80054.17145641072,80125.03954120948,432,2
2026-08-05 03:31:11.026530,80100.86639366166,80155.61645493578,80015.85313629358,80076.69324611385,908,5
2026-08-05 03:36:11.026530,79961.5159088082,79906.82225962884,79760.58654991002,79846.33857150255,2179,7
2026-08-05 03:41:11.026530,79828.26596582934,79883.05169945757,79808.65432228723,79810.19336015613,1900,6
2026-08-05 03:46:11.026530,79786.83590417,79815.49093523668,79550.24363804932,79763.47844818386,881,5
2026-08-05 03:51:11.026530,79833.27461200845,80033.83563028678,79831.95028683558,79903.07077583302,922,6
2026-08-05 03:56:11.026530,79937.14280274855,80018.0071946178,79950.1856345834,79971.21482966408,2167,2
2026-08-05 04:01:11.026530,79887.21886557667,79947.52408088287,79732.91925218442,79803.22290148927,436,1
2026-08-05 04:06:11.026530,79816.39491703763,79907.24068673937,79745.51637338939,79829.56693258599,2056,1
2026-08-05 04:11:11.026530,79878.64261145951,80015.13526847266,79898.76407265614,79927.71829033301,346,8
2026-08-05 04:16:11.026530,80038.58993315787,80301.8061133269,80107.15234164378,80149.46157598274,768,3
2026-08-05 04:21:11.026530,80214.33519184406,80317.8599503963,80134.0926374434,80279.20880770536,1648,3
2026-08-05 04:26:11.026530,80335.0225187469,80434.57046246463,80263.52795521748,80390.83622978846,2275,9
2026-08-05 04:31:11.026530,80395.98779526012,80446.80819382174,80346.16814728506,80401.1393607318,2016,6
2026-08-05 04:36:11.026530,80430.05241946674,80480.15854808214,80356.5158008325,80458.96547820167,1232,4
2026-08-05 04:41:11.026530,80550.35419862371,80745.64264709233,80583.19730541958,80641.74291904575,60,4
2026-08-05 04:46:11.026530,80545.93360377954,80484.24675318148,80341.0233224602,80450.12428851334,834,7
2026-08-05 04:51:11.026530,80425.63505379696,80433.4010689742,80352.25295803422,80401.14581908059,460,6
2026-08-05 04:56:11.026530,80346.08370251945,80445.0246491996,80193.71584728324,80291.02158595833,2252,2
2026-08-05 05:01:11.026530,80319.23273595254,80432.56577301887,80306.26001690674,80347.44388594675,1279,9
2026-08-05 05:06:11.026530,80437.30840613891,80594.21008425961,80522.67505567304,80527.17292633107,648,2
2026-08-05 05:11:11.026530,80484.735191971,80566.84747512102,80381.23697251373,80442.29745761094,873,8
2026-08-05 05:16:11.026530,80270.41676946825,80115.09779717187,80090.38338391247,80098.53608132557,2447,4
2026-08-05 05:21:11.026530,80069.63105222216,80097.9665283598,80024.33209832202,80040.72602311875,1171,1
2026-08-05 05:26:11.026530,80107.38547472231,80303.80872957662,80084.63948070364,80174.04492632586,68,1
2026-08-05 05:31:11.026530,80213.65979562113,80356.78145766367,80176.5048278832,80253.2746649164,362,9
2026-08-05 05:36:11.026530,80285.01675950357,80429.61917878244,80293.96156936965,80316.75885409073,1995,4
2026-08-05 05:41:11.026530,80297.32738530022,80451.15268012963,80274.0097452522,80277.8959165097,280,1
2026-08-05 05:46:11.026530,80186.39304495965,80155.90182019227,80037.56685110809,80094.8901734096,2456,3
2026-08-05 05:51:11.026530,80132.85430343056,80213.74403973047,80092.15951763817,80170.81843345151,93,3
2026-08-05 05:56:11.026530,80111.4675728317,80107.82814467775,79938.29097759428,80052.11671221186,2320,7
2026-08-05 06:01:11.026530,80210.58752587673,80427.95072072542,80310.55911937727,80369.0583395416,1338,6
2026-08-05 06:06:11.026530,80411.15007387217,80479.78650414993,80321.34796682959,80453.24180820273,2368,8
2026-08-05 06:11:11.026530,80412.02393736824,80422.65902373126,80259.26922264282,80370.80606653377,2309,7
2026-08-05 06:16:11.026530,80327.4094510609,80293.58682379818,80270.49299295136,80284.01283558802,1569,1
2026-08-05 06:21:11.026530,80278.10037068976,80375.97605702853,80138.02630349899,80272.18790579149,1460,3
2026-08-05 06:26:11.026530,80255.69120986777,80306.01173969937,80197.56209999624,80239.19451394405,2344,9
2026-08-05 06:31:11.026530,80320.73210910143,80489.1754030129,80369.34871161373,80402.2697042588,870,4
2026-08-05 06:36:11.026530,80416.56572311488,80498.76194501975,80384.58848584621,80430.86174197098,2169,3
2026-08-05 06:41:11.026530,80378.73866395775,80400.1495732236,80324.87795025569,80326.61558594451,2392,5
2026-08-05 06:46:11.026530,80464.3218196253,80673.28687060943,80537.60409073632,80602.02805330609,220,8
2026-08-05 06:51:11.026530,80606.4112282968,80691.05786901363,80593.19178184675,80610.79440328751,295,1
2026-08-05 06:56:11.026530,80667.41934947902,80798.27188939546,80642.34976345727,80724.04429567054,1214,2
2026-08-05 07:01:11.026530,80680.6861879259,80751.91865845828,80611.29006783951,80637.32808018125,1689,7
2026-08-05 07:06:11.026530,80664.49620937604,80732.27056728532,80568.36526875621,80691.66433857083,666,1
2026-08-05 07:11:11.026530,80715.07162732811,80810.24151093574,80591.54542139804,80738.47891608541,289,5
2026-08-05 07:16:11.026530,80602.20615636397,80469.5435158566,80290.39533206566,80465.93339664252,2006,8
2026-08-05 07:21:11.026530,80612.95090934908,80853.61673443785,80664.80813220223,80759.96842205564,2408,6
2026-08-05 07:26:11.026530,80854.69612479956,80989.49244649369,80927.55456897986,80949.42382754349,1489,3
2026-08-05 07:31:11.026530,80921.30563451449,80955.63632207851,80812.46402510635,80893.18744148548,447,7
2026-08-05 07:36:11.026530,80813.82483489308,80890.93262677816,80686.46338475253,80734.46222830068,1906,3
2026-08-05 07:41:11.026530,80760.53216751941,80921.38879868394,80632.32194613124,80786.60210673817,972,5
2026-08-05 07:46:11.026530,80793.71421009614,80853.54281037534,80749.82096219294,80800.8263134541,841,7
2026-08-05 07:51:11.026530,80827.50763875255,80973.03550480287,80772.02045449278,80854.18896405098,1956,2
2026-08-05 07:56:11.026530,80868.94104834093,80889.35294140641,80762.4196961038,80883.6931326309,1954,4
2026-08-05 08:01:11.026530,80921.37148726484,81025.97646153737,80843.77439680464,80959.04984189877,2119,2
2026-08-05 08:06:11.026530,81065.45427993799,81301.40396525494,81119.17924623744,81171.85871797719,862,7
2026-08-05 08:11:11.026530,81214.19509617571,81278.0757154475,81244.29353678353,81256.53147437422,953,3
2026-08-05 08:16:11.026530,81180.65275628516,81127.12668790985,81036.23536990763,81104.77403819609,1780,9
2026-08-05 08:21:11.026530,81205.16847013647,81455.24576974926,81246.81139867092,81305.56290207685,881,6
2026-08-05 08:26:11.026530,81426.60778972722,81554.97436876949,81510.58044172268,81547.6526773776,1444,1
2026-08-05 08:31:11.026530,81780.46886297691,82086.2192201554,82007.04289772917,82013.2850485762,2016,8
2026-08-05 08:36:11.026530,81931.26003497426,81932.82634384192,81804.0253892409,81849.23502137233,1094,7
2026-08-05 08:41:11.026530,81867.94952769602,81931.26886852166,81868.06315117216,81886.66403401972,2257,1
2026-08-05 08:46:11.026530,81734.32052315227,81629.67008263257,81496.75361418193,81581.97701228484,793,3
2026-08-05 08:51:11.026530,81623.42818039817,81839.23119502688,81630.43938754502,81664.8793485115,862,3
2026-08-05 08:56:11.026530,81625.4232325982,81629.60192760253,81491.23516932619,81585.96711668491,1629,3
2026-08-05 09:01:11.026530,81728.26415294145,81897.47142541729,81798.35609681006,81870.561189198,1425,7
2026-08-05 09:06:11.026530,81814.34218866896,81785.7544319925,81644.98865051352,81758.12318813994,2277,6
2026-08-05 09:11:11.026530,81634.83307240822,81565.99599838447,81501.5493793529,81511.54295667651,1700,2
2026-08-05 09:16:11.026530,81477.79995709237,81618.71622364354,81422.85175163174,81444.05695750823,2310,5
2026-08-05 09:21:11.026530,81300.32309582646,81167.41645953228,81007.6357384131,81156.58923414467,579,6
2026-08-05 09:26:11.026530,81212.30001121991,81287.03321858482,81109.38836639439,81268.01078829514,1468,2
2026-08-05 09:31:11.026530,81118.05816568734,80990.77333812308,80955.50320789775,80968.10554307954,2124,1
2026-08-05 09:36:11.026530,80970.98906761438,80984.75026171865,80904.809110232,80973.87259214923,988,4
2026-08-05 09:41:11.026530,80823.53850763486,80745.37122391954,80614.70901840256,80673.20442312048,334,4
2026-08-05 09:46:11.026530,80650.76189554628,80638.7860883768,80482.8899544301,80628.31936797207,1870,4
2026-08-05 09:51:11.026530,80748.55713810024,80908.16809062682,80804.60685072992,80868.79490822839,698,1
2026-08-05 09:56:11.026530,80895.86129545324,80941.25356564949,80843.54159858108,80922.92768267808,238,3
2026-08-05 10:01:11.026530,80860.8957240896,80838.79014336519,80796.17182527478,80798.86376550111,1775,7
2026-08-05 10:06:11.026530,80797.40269475305,80833.79027425144,80579.80573657429,80795.941624005,1272,4
2026-08-05 10:11:11.026530,80798.05976007585,80954.8010286569,80691.74655227523,80800.17789614668,1175,2
2026-08-05 10:16:11.026530,80835.37097203784,80926.18842077853,80824.42484096502,80870.56404792902,528,8
2026-08-05 10:21:11.026530,80772.00831135132,80731.91630584843,80645.33270401631,80673.45257477363,2093,1
2026-08-05 10:26:11.026530,80717.30713470689,80856.7430379816,80699.50474773576,80761.16169464015,2075,9
2026-08-05 10:31:11.026530,80565.87422740771,80466.45343694459,80260.58711151173,80370.58676017528,566,5
2026-08-05 10:36:11.026530,80325.85361042562,80318.71008343143,80247.63231073112,80281.12046067596,1938,2
2026-08-05 10:41:11.026530,80246.6588193816,80231.47865995266,80115.26673338303,80212.19717808724,1600,4
2026-08-05 10:46:11.026530,80258.74677595941,80451.17305565621,80112.65202519731,80305.29637383157,1590,3
2026-08-05 10:51:11.026530,80307.73514045274,80351.63651115193,80304.4255685376,80310.1739070739,2327,7
2026-08-05 10:56:11.026530,80209.51048297592,80233.39843425882,80040.94040882727,80108.84705887796,1187,6
2026-08-05 11:01:11.026530,80038.69365703304,79980.6160699203,79917.5462337678,79968.54025518813,1589,9
2026-08-05 11:06:11.026530,79983.64212713327,80019.34998273729,79997.08002090298,79998.74399907839,1798,4
2026-08-05 11:11:11.026530,79993.85152651461,80065.4623539918,79973.69643265381,79988.95905395084,83,3
2026-08-05 11:16:11.026530,79948.08865930204,80060.97729777315,79838.44285706234,79907.21826465325,345,7
2026-08-05 11:21:11.026530,79873.45173215213,79957.35695417107,79735.8097763743,79839.68519965101,1479,6
2026-08-05 11:26:11.026530,79890.53961143638,79945.92444308149,79931.92678480192,79941.39402322176,1200,5
2026-08-05 11:31:11.026530,79904.9634898602,79892.36909068747,79736.2456931576,79868.53295649863,2239,7
2026-08-05 11:36:11.026530,79862.9998785962,79894.8760039319,79725.50623090433,79857.46680069376,2037,5
2026-08-05 11:41:11.026530,80014.53055595787,80190.2680611676,80098.2692073037,80171.594311222,697,9
2026-08-05 11:46:11.026530,80069.80047785668,79998.45445839557,79923.43978232452,79968.00664449138,2225,4
2026-08-05 11:51:11.026530,79835.74620126002,79741.43851464413,79650.81967749678,79703.48575802866,1759,1
2026-08-05 11:56:11.026530,79760.53292996685,79913.82149991361,79747.55040294568,79817.58010190504,1597,5
2026-08-05 12:01:11.026530,79769.65619292334,79806.78664347634,79640.00958752955,79721.73228394164,512,1
2026-08-05 12:06:11.026530,79699.70218895681,79717.1874797941,79573.3971544905,79677.67209397197,1259,1
2026-08-05 12:11:11.026530,79622.49047306323,79646.17514545502,79509.14636943367,79567.30885215449,563,1
2026-08-05 12:16:11.026530,79549.50407237213,79558.36053135256,79438.83823195196,79531.6992925898,50,1
2026-08-05 12:21:11.026530,79647.08269017664,79819.04816990421,79691.52297275144,79762.46608776349,1312,8
2026-08-05 12:26:11.026530,79820.88823165206,79972.3362445417,79877.82484807567,79879.31037554062,1128,2
2026-08-05 12:31:11.026530,79942.14498134499,80035.99199662682,79889.74604315765,80004.97958714934,1521,9
2026-08-05 12:36:11.026530,79903.93278002205,79892.50275303777,79704.50729377319,79802.88597289476,387,7
2026-08-05 12:41:11.026530,79721.0891058442,79798.29655466617,79515.86163756717,79639.29223879364,1177,3
2026-08-05 12:46:11.026530,79437.11165884457,79346.83092626739,79109.92337879613,79234.93107889552,2442,9
2026-08-05 12:51:11.026530,79178.04619630682,79144.54580467049,79108.88793626169,79121.16131371814,1026,4
2026-08-05 12:56:11.026530,79190.13850971725,79393.23822573212,79159.92319888718,79259.11570571637,932,7
2026-08-05 13:01:11.026530,79296.80165568893,79385.81836306899,79244.30611821923,79334.4876056615,2295,3
2026-08-05 13:06:11.026530,79319.46751785725,79319.49367328592,79125.71135100636,79304.447430053,1087,5
2026-08-05 13:11:11.026530,79303.6488220595,79385.79800874298,79210.03740165391,79302.850214066,1753,4
2026-08-05 13:16:11.026530,79254.50521057326,79324.36040933694,79200.27284880968,79206.16020708052,921,6
2026-08-05 13:21:11.026530,79221.55160713523,79302.84073711037,79189.05009784579,79236.94300718994,506,9
2026-08-05 13:26:11.026530,79292.39141034416,79476.91010589465,79332.40297272828,79347.83981349837,1599,5
2026-08-05 13:31:11.026530,79233.40323862882,79156.46573014765,79076.86487812441,79118.96666375926,415,1
2026-08-05 13:36:11.026530,79141.10107734855,79260.62102885323,79137.23903813866,79163.23549093785,2498,5
2026-08-05 13:41:11.026530,79230.51734743509,79508.3208239183,79201.72396457953,79297.79920393234,2207,5
2026-08-05 13:46:11.026530,79268.97777695721,79324.08958630082,79235.60064631002,79240.15634998209,2406,9
2026-08-05 13:51:11.026530,79290.95254964699,79351.48790056437,79264.7579183403,79341.74874931188,209,8
2026-08-05 13:56:11.026530,79544.04385051478,79884.06511362617,79723.01718140431,79746.33895171768,893,5
2026-08-05 14:01:11.026530,79739.64811637792,79790.92189615959,79617.32861642848,79732.95728103817,2152,5
2026-08-05 14:06:11.026530,79761.98875689419,79817.31075450587,79767.70962702265,79791.02023275022,2049,2
2026-08-05 14:11:11.026530,79738.85098727093,79721.11668654908,79534.27027238524,79686.68174179163,2353,9
2026-08-05 14:16:11.026530,79700.47997064264,79764.48376445315,79591.02662380302,79714.27819949365,1688,4
2026-08-05 14:21:11.026530,79748.11089190334,79903.06050542272,79732.0280325901,79781.94358431302,2361,7
2026-08-05 14:26:11.026530,79796.73455574526,79828.82847628114,79715.75060570259,79811.52552717751,282,6
2026-08-05 14:31:11.026530,79739.14426951182,79847.67099416048,79662.2412462861,79666.76301184612,282,5
2026-08-05 14:36:11.026530,79682.35888868714,79755.92887651033,79598.68347249777,79697.95476552816,607,5
2026-08-05 14:41:11.026530,79803.77261823263,79983.65653790231,79867.28584000224,79909.5904709371,1999,7
2026-08-05 14:46:11.026530,79942.66852192327,80022.92947462611,79897.31135738558,79975.74657290944,1509,2
2026-08-05 14:51:11.026530,80045.84978731452,80164.65897564346,80011.39245463458,80115.95300171961,384,9
2026-08-05 14:56:11.026530,80099.66787655005,80092.67566494139,80016.43723156975,80083.38275138052,305,2
2026-08-05 15:01:11.026530,80138.27026275186,80199.81498021133,80134.60592880979,80193.1577741232,1139,9
2026-08-05 15:06:11.026530,80214.12101660979,80348.90181924905,80173.32932104473,80235.08425909637,821,4
2026-08-05 15:11:11.026530,80167.27721637112,80159.71923107744,80086.33423271055,80099.47017364588,995,6
2026-08-05 15:16:11.026530,80123.24024684305,80308.37314017132,80087.62567737229,80147.01032004021,1161,1
2026-08-05 15:21:11.026530,80076.34080579749,80063.67637920479,79975.24074373378,80005.67129155475,360,5
2026-08-05 15:26:11.026530,79960.92578206307,79923.87892206472,79910.0937670198,79916.1802725714,1644,6
2026-08-05 15:31:11.026530,79930.5993909841,79969.29780216733,79809.90800815182,79945.0185093968,1331,9
2026-08-05 15:36:11.026530,79967.21099691134,80000.06548512258,79923.26068222681,79989.40348442589,1631,9
2026-08-05 15:41:11.026530,79904.67984752706,79858.28250929283,79778.69028590397,79819.95621062822,2226,9
2026-08-05 15:46:11.026530,79896.54399108954,80010.60254739944,79732.69946682,79973.13177155085,2423,3
2026-08-05 15:51:11.026530,80015.12415697632,80122.23233646201,80055.05261823852,80057.11654240181,839,4
2026-08-05 15:56:11.026530,80007.17162459882,80054.19466170786,79893.18920702793,79957.22670679585,2114,8
2026-08-05 16:01:11.026530,79847.53013757474,79953.39886366237,79592.39750362554,79737.83356835363,391,8
2026-08-05 16:06:11.026530,79728.23316327098,79760.30193360399,79668.22821143566,79718.63275818832,1052,2
2026-08-05 16:11:11.026530,79687.44712974265,79716.41388206556,79561.83260114824,79656.26150129698,887,8
2026-08-05 16:16:11.026530,79665.17017134951,79812.41316916722,79630.37224840194,79674.07884140204,677,7
2026-08-05 16:21:11.026530,79648.84569008244,79647.65741562306,79566.81835700375,79623.61253876283,1322,9
2026-08-05 16:26:11.026530,79480.8086353809,79348.90381695353,79271.21699223296,79338.00473199897,759,5
2026-08-05 16:31:11.026530,79311.07765104886,79324.6362505904,79240.5235549991,79284.15057009875,788,2
2026-08-05 16:36:11.026530,79263.14130429649,79475.12375464418,79153.08728287721,79242.13203849422,2274,5
2026-08-05 16:41:11.026530,79288.14253984387,79348.38811600379,79209.29254405723,79334.15304119352,1828,2
2026-08-05 16:46:11.026530,79285.12473522777,79334.48553607438,79088.39417760092,79236.09642926202,995,5
2026-08-05 16:51:11.026530,79356.78270320158,79505.30940743643,79427.72731676597,79477.46897714112,2454,9
2026-08-05 16:56:11.026530,79341.75689919878,79294.69504101592,79183.44369098941,79206.04482125642,544,7
2026-08-05 17:01:11.026530,79300.4162964382,79468.1423080721,79394.48961350754,79394.78777161997,84,7
2026-08-05 17:06:11.026530,79379.55586111397,79387.7775225461,79320.96456119195,79364.32395060796,1480,1
2026-08-05 17:11:11.026530,79426.56468963728,79579.14571411922,79405.24644302593,79488.80542866659,2041,9
2026-08-05 17:16:11.026530,79495.30984108141,79542.64457285218,79436.90473373065,79501.81425349624,867,6
2026-08-05 17:21:11.026530,79584.23165293384,79769.3270807948,79635.14581224271,79666.64905237143,59,7
2026-08-05 17:26:11.026530,79639.68100525078,79770.33212494248,79569.14565646398,79612.71295813011,1035,2
2026-08-05 17:31:11.026530,79534.86756464525,79544.3767141313,79440.80501327041,79457.0221711604,1787,1
2026-08-05 17:36:11.026530,79559.53089900581,79773.54517976337,79648.21441554943,79662.03962685123,1608,4
2026-08-05 17:41:11.026530,79654.70083367199,79662.73201874539,79646.78755530884,79647.36204049275,2192,9
2026-08-05 17:46:11.026530,79664.04390026027,79745.51594044278,79617.42641538184,79680.72576002778,499,9
2026-08-05 17:51:11.026530,79770.17015750144,79912.65248989488,79817.60412651996,79859.61455497511,1293,3
2026-08-05 17:56:11.026530,79786.31012781689,79784.0442710547,79583.16734381168,79713.00570065867,2193,1
2026-08-05 18:01:11.026530,79756.54813040892,79819.58868572007,79683.06779207956,79800.09056015915,914,2
2026-08-05 18:06:11.026530,79758.54391720022,79813.24506794036,79685.166753974,79716.9972742413,1850,9
2026-08-05 18:11:11.026530,79708.312860689,79800.27795867485,79542.22843283218,79699.6284471367,256,9
2026-08-05 18:16:11.026530,79705.61043838187,79724.51843424024,79638.2801492728,79711.59242962707,1859,1
2026-08-05 18:21:11.026530,79604.90602429523,79646.96827362674,79480.34201748906,79498.2196189634,899,9
2026-08-05 18:26:11.026530,79443.32799499604,79422.14923291949,79342.45032480008,79388.43637102869,295,1
2026-08-05 18:31:11.026530,79485.88328104836,79586.270083588,79535.71007813589,79583.33019106803,1784,4
2026-08-05 18:36:11.026530,79647.65139577171,79785.54632178484,79696.62813156632,79711.97260047539,2047,5
2026-08-05 18:41:11.026530,79708.27607978803,79743.91784843583,79583.99932613716,79704.57955910068,2180,8
2026-08-05 18:46:11.026530,79722.82102616585,79862.33947186617,79701.79433618762,79741.06249323103,366,5
2026-08-05 18:51:11.026530,79720.7481917234,79707.06854488818,79631.2687826442,79700.43389021576,2467,5
2026-08-05 18:56:11.026530,79798.66000994865,79987.98054752756,79659.31370779092,79896.88612968153,1769,4
2026-08-05 19:01:11.026530,79883.28062354331,79964.31392379555,79862.8974503635,79869.67511740507,2277,9
2026-08-05 19:06:11.026530,79887.14307070317,79958.3457169274,79854.79859872707,79904.61102400125,1856,8
2026-08-05 19:11:11.026530,79987.91257609281,80114.67277534227,79949.10039530303,80071.2141281844,649,9
2026-08-05 19:16:11.026530,80016.03233357583,80065.52392820251,79920.34267054776,79960.85053896728,1156,7
2026-08-05 19:21:11.026530,80073.98782312001,80316.43847341569,80043.11330075406,80187.12510727275,1605,7
2026-08-05 19:26:11.026530,80077.62580730522,79982.70369851061,79892.9329406589,79968.12650733769,890,5
2026-08-05 19:31:11.026530,80086.38822239859,80229.1750186294,80080.77924377666,80204.6499374595,397,1
2026-08-05 19:36:11.026530,80178.55919174184,80161.30292338414,80135.0648221313,80152.46844602418,1345,6
2026-08-05 19:41:11.026530,80135.76583890183,80333.37655281503,80007.35030467468,80119.06323177948,380,6
2026-08-05 19:46:11.026530,79983.81000580208,79891.7689990096,79684.55527287767,79848.55677982469,659,4
2026-08-05 19:51:11.026530,79816.68476243663,79915.73030861859,79687.21869561364,79784.81274504859,1994,2
2026-08-05 19:56:11.026530,79711.01424638924,79647.24961414108,79527.48891873652,79637.21574772989,793,1
2026-08-05 20:01:11.026530,79594.48292966728,79640.33850598213,79430.70287856169,79551.75011160469,618,3
2026-08-05 20:06:11.026530,79542.71566040223,79577.75697993842,79443.73186838799,79533.68120919977,1734,9
2026-08-05 20:11:11.026530,79603.09608268877,79824.80544791401,79603.38053527118,79672.5109561778,2486,1
2026-08-05 20:16:11.026530,79688.19702103718,79782.21283770341,79660.52994668345,79703.88308589657,1020,5
2026-08-05 20:21:11.026530,79726.75740855839,79804.7569693037,79746.78808687122,79749.63173122022,796,6
2026-08-05 20:26:11.026530,79671.87459962183,79624.75528066762,79579.75017497815,79594.11746802344,2234,9
2026-08-05 20:31:11.026530,79531.86958198072,79526.36523742853,79457.07073265128,79469.62169593798,1814,1
2026-08-05 20:36:11.026530,79599.2770640311,79746.20306432342,79678.01811339465,79728.93243212425,1434,5
2026-08-05 20:41:11.026530,79677.00845240432,79631.78544544801,79567.61841430147,79625.08447268441,2379,1
2026-08-05 20:46:11.026530,79744.74834959705,79911.81497061515,79770.03643600922,79864.4122265097,1275,2
2026-08-05 20:51:11.026530,79847.74360472822,79961.17028972949,79674.15602048839,79831.07498294677,1068,2
2026-08-05 20:56:11.026530,79832.0376888676,79929.42310681785,79831.15853871788,79833.00039478844,65,5
2026-08-05 21:01:11.026530,79910.7798212074,80111.1765180362,79943.54359988001,79988.55924762636,617,4
2026-08-05 21:06:11.026530,80081.02902538134,80192.8939403371,80120.37431796789,80173.49880313632,2074,6
2026-08-05 21:11:11.026530,80166.30537601723,80222.89490800054,80060.05170298993,80159.11194889816,1663,5
2026-08-05 21:16:11.026530,80131.91367611426,80158.25492440064,80045.99860987681,80104.71540333035,2127,2
2026-08-05 21:21:11.026530,80101.48503830892,80152.68724161462,80011.80211016288,80098.25467328748,1592,9
2026-08-05 21:26:11.026530,80123.426390346,80400.84481725025,80137.85349495934,80148.5981074045,1981,8
2026-08-05 21:31:11.026530,80213.74555697307,80389.61777627649,80174.14126519812,80278.89300654162,2119,9
2026-08-05 21:36:11.026530,80280.00142233324,80375.02617444,80151.93855111489,80281.10983812486,1504,6
2026-08-05 21:41:11.026530,80326.65485924532,80392.476394973,80367.97117633655,80372.19988036579,1752,5
2026-08-05 21:46:11.026530,80491.69162120405,80795.47240118374,80511.76976043054,80611.18336204231,1483,5
2026-08-05 21:51:11.026530,80639.66356845744,80740.99440422823,80569.82306639108,80668.14377487257,374,2
2026-08-05 21:56:11.026530,80691.58367630746,80738.19642796725,80705.35787754464,80715.02357774237,1371,4
2026-08-05 22:01:11.026530,80605.64019977115,80589.91237862954,80321.61035818612,80496.25682179992,2278,2
2026-08-05 22:06:11.026530,80306.92098830448,80119.13071334154,80108.51536384733,80117.58515480906,171,2
2026-08-05 22:11:11.026530,80146.40084276107,80204.1896221212,80163.21806636626,80175.21653071309,2221,8
2026-08-05 22:16:11.026530,80169.17644001341,80212.10668934634,79940.85753722116,80163.13634931373,1526,4
2026-08-05 22:21:11.026530,80126.81451362978,80114.06486605502,80051.79679742132,80090.49267794583,315,4
2026-08-05 22:26:11.026530,80108.8517986745,80216.38240019271,80053.47976392185,80127.21091940315,77,7
2026-08-05 22:31:11.026530,80123.65636509193,80231.85223916826,79984.7726899204,80120.1018107807,1332,4
2026-08-05 22:36:11.026530,80202.30932754744,80311.13624404382,80212.52945896829,80284.51684431419,2174,9
2026-08-05 22:41:11.026530,80291.54233670165,80323.8676067288,80258.4801730698,80298.56782908911,481,9
2026-08-05 22:46:11.026530,80245.42683108727,80210.82948610424,80101.61808068526,80192.28583308542,928,3
2026-08-05 22:51:11.026530,80264.61624153555,80379.38552585486,80335.97418687593,80336.9466499857,1108,6
2026-08-05 22:56:11.026530,80322.05349825518,80311.94539156758,80109.12747512045,80307.16034652467,485,7
2026-08-05 23:01:11.026530,80346.03842683212,80384.96933296432,80363.44785029325,80384.91650713958,1135,3
2026-08-05 23:06:11.026530,80351.19555216399,80421.2734710381,80251.42591759842,80317.4745971884,2149,4
2026-08-05 23:11:11.026530,80271.33109341071,80356.54875100782,80143.09983579509,80225.18758963303,2213,1
2026-08-05 23:16:11.026530,80232.067602313,80369.58923368434,80216.9230755369,80238.94761499297,2144,9
2026-08-05 23:21:11.026530,80240.67646288977,80243.2737618118,80142.26794649927,80242.40531078658,150,7
2026-08-05 23:26:11.026530,80277.87563279804,80373.08221744318,80090.41543364755,80313.34595480951,1352,7
2026-08-05 23:31:11.026530,80294.73514684496,80303.08500971865,80187.08489031458,80276.1243388804,2204,9
2026-08-05 23:36:11.026530,80144.4692298315,80047.59709182639,80012.49019558523,80012.81412078261,1032,6
2026-08-05 23:41:11.026530,79982.46105858817,80009.9128460905,79814.15151380366,79952.10799639374,2456,8
2026-08-05 23:46:11.026530,80010.07021111812,80077.7283890632,79993.89679669669,80068.0324258425,936,5
2026-08-05 23:51:11.026530,80047.40913417644,80192.15379789795,79996.17187227105,80026.78584251039,849,8
2026-08-05 23:56:11.026530,80009.84415333168,80076.27500491352,79985.7162927279,79992.90246415298,1075,1
2026-08-06 00:01:11.026530,80064.77970853013,80214.24683835883,80087.65566450154,80136.65695290727,1565,3
2026-08-06 00:06:11.026530,80086.1405518599,80272.50242906965,79952.04822365213,80035.62415081254,1953,4
2026-08-06 00:11:11.026530,79925.44516443888,79917.62297737805,79787.45181240226,79815.26617806521,1963,9
2026-08-06 00:16:11.026530,79804.5270419307,79838.70609434572,79698.51088365524,79793.7879057962,1345,8
2026-08-06 00:21:11.026530,79759.82963746457,79839.19931690615,79700.32702171044,79725.87136913295,1217,8
2026-08-06 00:26:11.026530,79657.39616066791,79605.98917210652,79503.21044696588,79588.92095220285,484,2
2026-08-06 00:31:11.026530,79577.15621694681,79742.52933362081,79559.82238216903,79565.39148169076,1524,7
2026-08-06 00:36:11.026530,79601.3995769092,79674.42247446642,79619.76004791258,79637.40767212764,965,3
2026-08-06 00:41:11.026530,79637.53830115078,79747.30016594635,79534.32645396187,79637.66893017394,2325,6
2026-08-06 00:46:11.026530,79660.47436637909,79762.85945826198,79568.24425074695,79683.27980258425,594,4
2026-08-06 00:51:11.026530,79814.34017321948,80002.61801082593,79906.77274905177,79945.40054385472,1287,6
2026-08-06 00:56:11.026530,79921.53669496658,79905.15941474336,79862.6085219673,79897.67284607842,697,4
2026-08-06 01:01:11.026530,79918.49271353125,79985.31471123213,79924.99479634795,79939.31258098409,2345,3
2026-08-06 01:06:11.026530,79903.49248482603,79938.33992667374,79836.64634740438,79867.67238866797,1481,2
2026-08-06 01:11:11.026530,79807.67907234516,79829.97098577562,79616.72020091827,79747.68575602234,1126,4
2026-08-06 01:16:11.026530,79706.52396461627,79768.39616612454,79556.80202060573,79665.3621732102,1649,2
2026-08-06 01:21:11.026530,79631.84650748089,79675.16884138106,79491.96025029254,79598.33084175158,2411,7
2026-08-06 01:26:11.026530,79624.8879877493,79746.41734989148,79605.6123644174,79651.44513374704,86,1
2026-08-06 01:31:11.026530,79820.99810524276,80119.29325501827,79917.11938214101,79990.55107673848,773,1
2026-08-06 01:36:11.026530,79939.83412771279,79901.74983988616,79837.18197174066,79889.1171786871,1597,5
2026-08-06 01:41:11.026530,79859.97126325319,79930.96699458396,79827.25095460124,79830.82534781928,1029,7
2026-08-06 01:46:11.026530,79827.08858498442,79839.28990309565,79725.28019584423,79823.35182214955,133,1
2026-08-06 01:51:11.026530,79852.59535557317,80011.74334446588,79822.95453067448,79881.83888899678,1167,4
2026-08-06 01:56:11.026530,79901.59022057787,79993.84140616021,79876.7367343085,79921.34155215896,1415,5
2026-08-06 02:01:11.026530,80014.61344176414,80253.72637440966,80083.92074684543,80107.88533136933,768,2
2026-08-06 02:06:11.026530,79934.12856419149,79816.03988730215,79613.6106928104,79760.37179701366,599,7
2026-08-06 02:11:11.026530,79590.18937790801,79461.05428465067,79361.09076313347,79420.00695880235,1421,4
2026-08-06 02:16:11.026530,79385.37188893186,79394.92831408272,79262.80683393386,79350.73681906136,636,8
2026-08-06 02:21:11.026530,79429.97376511304,79648.48092484905,79499.88639609292,79509.21071116473,1914,1
2026-08-06 02:26:11.026530,79398.12619691285,79331.55508316756,79198.69386858304,79287.04168266097,201,1
2026-08-06 02:31:11.026530,79073.79053688845,78974.02331623231,78737.3092622258,78860.53939111593,1111,1
2026-08-06 02:36:11.026530,78901.8888268275,78997.07219037571,78819.30330845046,78943.23826253907,2262,4
2026-08-06 02:41:11.026530,78961.34342720342,79047.60734413625,78964.77469437775,78979.44859186778,1617,1
2026-08-06 02:46:11.026530,78902.81917904175,78826.7117506013,78763.67542653611,78826.18976621571,261,5
2026-08-06 02:51:11.026530,78757.12091977726,78735.48396585858,78552.06303318095,78688.05207333881,791,6
2026-08-06 02:56:11.026530,78620.22097340632,78636.74956529331,78492.45106660659,78552.38987347383,2229,7
2026-08-06 03:01:11.026530,78560.99087100847,78614.39844778187,78555.06710951735,78569.59186854311,145,8
2026-08-06 03:06:11.026530,78526.11324024704,78547.76816335865,78468.16540263937,78482.63461195098,1576,8
2026-08-06 03:11:11.026530,78518.33356085824,78558.19762601405,78477.60912339382,78554.03250976549,571,2
2026-08-06 03:16:11.026530,78353.51345687275,78267.08559446105,78126.06102855456,78152.99440398003,2471,4
2026-08-06 03:21:11.026530,78093.55220570613,78091.91468686941,77993.10247816618,78034.11000743223,1089,7
2026-08-06 03:26:11.026530,77955.88531245124,77899.71652534266,77869.19994529146,77877.66061747025,1752,9
2026-08-06 03:31:11.026530,77860.47629593132,77879.92251317749,77787.00220457948,77843.29197439241,67,9
2026-08-06 03:36:11.026530,77806.39284134906,77772.25487093725,77640.6362336106,77769.49370830573,1769,3
2026-08-06 03:41:11.026530,77826.15576271137,77886.20823649685,77653.31430865386,77882.817817117,1027,7
2026-08-06 03:46:11.026530,77753.48255291709,77699.17292626222,77509.84754923906,77624.1472887172,928,4
2026-08-06 03:51:11.026530,77628.10184499415,77681.61498061448,77616.8424025407,77632.0564012711,643,9
2026-08-06 03:56:11.026530,77671.86344379776,77724.79769876575,77562.94666421373,77711.67048632442,692,7
2026-08-06 04:01:11.026530,77842.52229582643,78037.68355024523,77805.2002562964,77973.37410532843,2226,6
2026-08-06 04:06:11.026530,77940.359399257,77941.06269856868,77899.11357878702,77907.34469318554,850,9
2026-08-06 04:11:11.026530,77930.88081161976,77990.33268203597,77939.73678852712,77954.41693005398,504,7
2026-08-06 04:16:11.026530,77828.84203035015,77713.73341968106,77597.40273013359,77703.26713064633,1659,8
2026-08-06 04:21:11.026530,77537.12389206074,77383.36625576147,77337.59425609627,77370.98065347517,925,5
2026-08-06 04:26:11.026530,77430.62521520478,77532.55484174806,77477.73219408242,77490.2697769344,1145,4
2026-08-06 04:31:11.026530,77490.65689977678,77521.76026546143,77411.57166715708,77491.04402261916,1063,1
2026-08-06 04:36:11.026530,77574.09958656525,77689.89866261446,77531.43341673564,77657.15515051136,1160,8
2026-08-06 04:41:11.026530,77562.05925812066,77631.67810812518,77389.25165744398,77466.96336572997,2498,6
2026-08-06 04:46:11.026530,77504.00345043883,77619.7410506415,77436.670511791,77541.04353514769,511,4
2026-08-06 04:51:11.026530,77672.46024583397,77867.78885146887,77800.68693326265,77803.87695652025,2186,3
2026-08-06 04:56:11.026530,77834.05594638907,77912.2472906399,77852.12109811531,77864.23493625788,2103,5
2026-08-06 05:01:11.026530,77884.40102622559,77914.52472767698,77875.48487782411,77904.5671161933,994,4
2026-08-06 05:06:11.026530,77905.94608826833,77940.2701414072,77842.38162911196,77907.32506034336,133,7
2026-08-06 05:11:11.026530,77798.1126618873,77700.42375161473,77619.11451597384,77688.90026343123,1489,6
2026-08-06 05:16:11.026530,77784.57646094463,77980.31430184601,77864.23077824333,77880.25265845805,1185,3
2026-08-06 05:21:11.026530,77838.23777092596,77825.26187734866,77772.62427163094,77796.22288339387,2269,1
2026-08-06 05:26:11.026530,77832.33980521274,77873.67825823056,77742.3974182709,77868.45672703162,748,7
2026-08-06 05:31:11.026530,77759.84721814288,77738.63928854432,77573.00672711285,77651.23770925413,1870,5
2026-08-06 05:36:11.026530,77569.67216647911,77507.62958513263,77482.05098852685,77488.1066237041,2370,1
2026-08-06 05:41:11.026530,77589.0948767618,77700.27582522019,77553.38387328295,77690.0831298195,579,1
2026-08-06 05:46:11.026530,77666.5833924016,77669.41587283366,77614.23768763007,77643.08365498373,368,6
2026-08-06 05:51:11.026530,77745.54817982612,77855.88296322402,77789.32074138701,77848.01270466851,1148,4
2026-08-06 05:56:11.026530,77843.31037765129,77839.38372422862,77607.04727088218,77838.60805063407,298,8
2026-08-06 06:01:11.026530,77710.56384910998,77631.67827160242,77561.4157278493,77582.51964758588,436,2
2026-08-06 06:06:11.026530,77645.63472953477,77771.79185826289,77673.77874906526,77708.74981148365,2007,4
2026-08-06 06:11:11.026530,77668.29216207289,77711.55271791012,77609.31851799208,77627.83451266213,1940,8
2026-08-06 06:16:11.026530,77677.4564133488,77843.92869149575,77650.90799802929,77727.07831403548,412,8
2026-08-06 06:21:11.026530,77729.61927824936,77806.01315983872,77719.71964290194,77732.16024246324,2165,5
2026-08-06 06:26:11.026530,77625.13028345307,77532.6898818608,77401.56341837741,77518.10032444287,1605,3
2026-08-06 06:31:11.026530,77530.33967380715,77551.21470671975,77505.19494103159,77542.57902317143,1856,4
2026-08-06 06:36:11.026530,77696.9316087786,77874.09464309142,77770.09936152669,77851.28419438578,345,3
2026-08-06 06:41:11.026530,77886.62040240741,78120.20251758536,77854.09923167778,77921.95661042904,2041,2
2026-08-06 06:46:11.026530,77918.70225964957,78047.94727831325,77851.59957397732,77915.44790887009,2130,4
2026-08-06 06:51:11.026530,77991.70888425471,78159.5747009252,78067.83024880961,78067.96985963934,1447,9
2026-08-06 06:56:11.026530,78083.55546349539,78136.73960577398,78069.44880364758,78099.14106735143,81,6
2026-08-06 07:01:11.026530,78114.65313802467,78291.120374989,78129.5616128108,78130.16520869792,604,4
2026-08-06 07:06:11.026530,78054.2603793471,78060.66585638364,77924.32003905074,77978.3555499963,354,1
2026-08-06 07:11:11.026530,77995.55070022118,78171.78537474608,77796.41713597091,78012.74585044605,842,7
2026-08-06 07:16:11.026530,78086.29523793292,78241.3208862704,78039.99343345311,78159.84462541979,1181,2
2026-08-06 07:21:11.026530,78101.8574483301,78063.9928654443,78008.71564885882,78043.87027124042,145,6
2026-08-06 07:26:11.026530,78144.83695775448,78353.44986350309,78073.11347942775,78245.80364426853,1139,1
2026-08-06 07:31:11.026530,78240.12846356412,78235.69483415363,78189.6228456893,78234.45328285971,279,7
2026-08-06 07:36:11.026530,78172.77555731869,78143.67483201054,78106.51363920714,78111.09783177766,407,4
2026-08-06 07:41:11.026530,78182.07688601315,78266.1293306752,78183.06708401247,78253.05594024865,451,3
2026-08-06 07:46:11.026530,78233.64501450925,78274.53629649444,78155.81694769784,78214.23408876985,839,7
2026-08-06 07:51:11.026530,78268.51825960402,78331.17792673633,78299.82966511145,78322.8024304382,148,3
2026-08-06 07:56:11.026530,78303.02443612309,78327.41446840849,78197.91468519173,78283.24644180798,320,8
2026-08-06 08:01:11.026530,78279.8143784845,78324.29985880392,78195.35644894846,78276.38231516104,1848,4
2026-08-06 08:06:11.026530,78311.95192893059,78416.13727371095,78298.8628075329,78347.52154270012,411,3
2026-08-06 08:11:11.026530,78368.82276435725,78445.47065828752,78328.21445657991,78390.12398601437,1237,7
2026-08-06 08:16:11.026530,78250.37064699973,78187.84021438404,77906.3510034564,78110.61730798509,589,7
2026-08-06 08:21:11.026530,78032.65339872964,78057.63089707117,77942.7586229741,77954.6894894742,1915,9
2026-08-06 08:26:11.026530,78020.73160329246,78227.50255741976,78007.94549655422,78086.77371711073,882,7
2026-08-06 08:31:11.026530,78078.26920329253,78165.28776965877,77984.04606582854,78069.76468947431,2494,6
2026-08-06 08:36:11.026530,78033.76317765613,78171.32669308728,77924.41041127802,77997.76166583797,1109,3
2026-08-06 08:41:11.026530,77903.28710161953,77829.98929988829,77703.62794748548,77808.81253740107,363,4
2026-08-06 08:46:11.026530,77734.05085066776,77709.53557207214,77657.47706274904,77659.28916393445,1349,8
2026-08-06 08:51:11.026530,77519.0094620432,77465.39128728652,77309.42816410275,77378.72976015198,282,6
2026-08-06 08:56:11.026530,77372.45078099307,77389.1898549286,77353.23320053556,77366.17180183413,1689,9
2026-08-06 09:01:11.026530,77325.29813072435,77299.63887555436,77260.27701795539,77284.42445961456,1079,8
2026-08-06 09:06:11.026530,77218.02245128615,77261.1244761172,77056.47880810327,77151.62044295775,293,8
2026-08-06 09:11:11.026530,77147.66191290447,77155.25378793218,77082.1220728477,77143.70338285119,2338,7
2026-08-06 09:16:11.026530,77169.75385099289,77237.33264777093,77177.46508994634,77195.80431913456,2172,1
2026-08-06 09:21:11.026530,77342.2809992123,77531.95425720909,77351.96104485575,77488.75767929,2380,5
2026-08-06 09:26:11.026530,77384.23523723349,77368.63536915301,77263.28652754363,77279.71279517695,1608,7
2026-08-06 09:31:11.026530,77361.20838375267,77507.50697010435,77336.70629072079,77442.70397232841,136,9
2026-08-06 09:36:11.026530,77511.36285336988,77624.64694967064,77523.93878107656,77580.02173441133,930,4
2026-08-06 09:41:11.026530,77526.43675172726,77631.45015745776,77394.35362301311,77472.85176904319,1222,8
2026-08-06 09:46:11.026530,77487.80012318311,77515.33140843514,77472.85290871433,77502.74847732305,209,1
2026-08-06 09:51:11.026530,77471.61496694885,77457.21142639546,77365.54828387176,77440.48145657465,2179,4
2026-08-06 09:56:11.026530,77454.20012285387,77473.52520788115,77445.24261288419,77467.9187891331,2279,4
2026-08-06 10:01:11.026530,77574.05693711503,77749.12967813283,77618.44318014363,77680.19508509696,1599,2
2026-08-06 10:06:11.026530,77723.33507654651,77902.83170340913,77588.1371906965,77766.47506799607,527,3
2026-08-06 10:11:11.026530,77802.86716474508,77883.62121947044,77813.482839833,77839.25926149408,2280,3
2026-08-06 10:16:11.026530,77809.90326801469,77875.24263030138,77768.0758812221,77780.5472745353,1629,9
2026-08-06 10:21:11.026530,77677.57398135122,77612.36396495505,77531.2226438958,77574.60068816713,2271,7
2026-08-06 10:26:11.026530,77560.8242269431,77714.69226792213,77490.68453992634,77547.0477657191,2111,2
2026-08-06 10:31:11.026530,77632.1284562875,77771.87469051717,77651.77840414263,77717.20914685588,2010,9
2026-08-06 10:36:11.026530,77611.31237428739,77586.45362779794,77471.81047754461,77505.4156017189,2170,8
2026-08-06 10:41:11.026530,77432.66140971969,77411.49257705075,77232.99510747215,77359.90721772048,1795,6
2026-08-06 10:46:11.026530,77369.47325382152,77435.31608857596,77378.10598648846,77379.03928992256,651,6
2026-08-06 10:51:11.026530,77311.29997295993,77317.6239641177,77208.14047420754,77243.5606559973,2440,2
2026-08-06 10:56:11.026530,77189.27567794712,77251.49251368025,77108.20058380578,77134.99069989695,1469,3
2026-08-06 11:01:11.026530,77106.36583238236,77142.76909350377,76949.2430470765,77077.74096486777,1968,6
2026-08-06 11:06:11.026530,76983.8933601368,76907.93186802231,76809.70920771765,76890.04575540584,382,3
2026-08-06 11:11:11.026530,76823.46213520832,76768.57654395356,76681.5733103087,76756.8785150108,404,7
2026-08-06 11:16:11.026530,76806.27147890498,76982.2444721064,76796.66727202776,76855.66444279916,896,5
2026-08-06 11:21:11.026530,76766.10662520459,76687.6271674435,76661.48178346394,76676.54880761,212,4
2026-08-06 11:26:11.026530,76567.20441187607,76528.91028280162,76408.55841391091,76457.86001614215,165,8
2026-08-06 11:31:11.026530,76415.29498330213,76429.99975976351,76299.01019979881,76372.7299504621,1152,2
2026-08-06 11:36:11.026530,76423.83914586136,76687.43953580793,76341.13466538499,76474.94834126064,1520,3
2026-08-06 11:41:11.026530,76462.16160260033,76490.6427996828,76367.7568849841,76449.37486394004,1956,4
2026-08-06 11:46:11.026530,76418.18684826988,76551.26383045215,76381.7337118102,76386.99883259971,1096,6
2026-08-06 11:51:11.026530,76390.81248484616,76424.42986627268,76286.68713728455,76394.6261370926,592,5
2026-08-06 11:56:11.026530,76275.54967471363,76166.54796736187,76143.67047439961,76156.47321233468,463,5
2026-08-06 12:01:11.026530,76191.15809853075,76233.03458957876,76204.72053017422,76225.84298472681,731,7
2026-08-06 12:06:11.026530,76252.91974939713,76340.20265055523,76221.58494217462,76279.99651406745,691,8
2026-08-06 12:11:11.026530,76252.66926459783,76245.53525786228,76113.88507549751,76225.34201512822,1482,6
2026-08-06 12:16:11.026530,76295.17741758552,76467.48709977031,76357.16535636394,76365.01282004283,718,3
2026-08-06 12:21:11.026530,76288.36238157723,76289.48610340832,76038.78252616494,76211.71194311164,2119,4
2026-08-06 12:26:11.026530,76289.91809113641,76421.38806205073,76223.02251346488,76368.12423916119,1018,1
2026-08-06 12:31:11.026530,76379.5081693327,76474.68651340612,76356.29548779361,76390.89209950418,1754,5
2026-08-06 12:36:11.026530,76368.52396331093,76390.53344518664,76280.31474784145,76346.15582711769,1230,8
2026-08-06 12:41:11.026530,76345.55374532775,76457.86744087336,76187.69635044971,76344.95166353781,2427,3
2026-08-06 12:46:11.026530,76338.34547373436,76477.22849151348,76315.10535171819,76331.7392839309,1095,4
2026-08-06 12:51:11.026530,76416.42810774228,76565.0880465337,76380.72356544295,76501.11693155364,1545,4
2026-08-06 12:56:11.026530,76427.82181578528,76372.97089166389,76341.21488920641,76354.52670001693,1337,6
2026-08-06 13:01:11.026530,76302.92553328857,76278.55084149241,76248.46106924862,76251.3243665602,1848,9
2026-08-06 13:06:11.026530,76323.27220291522,76441.86527601238,76302.93272481384,76395.22003927024,773,3
2026-08-06 13:11:11.026530,76355.05869912085,76326.71689106726,76190.64205776648,76314.89735897146,1209,4
2026-08-06 13:16:11.026530,76377.5635906868,76487.7286546745,76365.23272457969,76440.22982240215,301,6
2026-08-06 13:21:11.026530,76558.0903263361,76755.49923789098,76667.82878554433,76675.95083027004,254,6
2026-08-06 13:26:11.026530,76648.99985311432,76687.54672360087,76536.90974341403,76622.0488759586,1929,7
2026-08-06 13:31:11.026530,76669.8315093851,76731.84950278873,76681.84138915571,76717.6141428116,840,1
2026-08-06 13:36:11.026530,76638.8047209259,76572.11951720617,76449.83892859641,76559.99529904018,1134,9
2026-08-06 13:41:11.026530,76612.8014277583,76860.11105807888,76564.80000488897,76665.60755647642,514,2
2026-08-06 13:46:11.026530,76680.13703038818,76773.34604362985,76587.66578310545,76694.66650429995,1891,4
2026-08-06 13:51:11.026530,76728.09957875616,76837.95409764309,76721.92068677464,76761.53265321236,1375,3
2026-08-06 13:56:11.026530,76717.72569620494,76682.19854228845,76551.61802815288,76673.91873919753,1545,3
2026-08-06 14:01:11.026530,76560.22879134965,76474.20901911666,76399.89516756847,76446.53884350178,443,5
2026-08-06 14:06:11.026530,76481.94438720253,76528.53378119279,76465.35898387094,76517.34993090328,1680,7
2026-08-06 14:11:11.026530,76376.27830602671,76336.4359640084,76109.77556736792,76235.20668115014,2078,7
2026-08-06 14:16:11.026530,76214.20087094471,76227.09166787472,76178.35666845815,76193.19506073928,961,7
2026-08-06 14:21:11.026530,76258.55348119723,76473.23812675242,76268.80240228673,76323.91190165518,1332,3
2026-08-06 14:26:11.026530,76337.85943624284,76399.55757453197,76232.39467205394,76351.80697083048,1260,9
2026-08-06 14:31:11.026530,76486.69175289015,76827.72338660504,76604.70491230136,76621.57653494981,1285,6
2026-08-06 14:36:11.026530,76693.10036442886,76865.49762128937,76705.27051484509,76764.6241939079,1108,8
2026-08-06 14:41:11.026530,76720.24088358888,76766.08971362455,76432.91224254626,76675.85757326984,1220,1
2026-08-06 14:46:11.026530,76678.5092726867,76710.91541949836,76570.56455361292,76681.16097210356,1322,4
2026-08-06 14:51:11.026530,76678.65866895296,76735.55313837205,76646.86808866283,76676.15636580235,106,7
2026-08-06 14:56:11.026530,76567.89257047887,76530.59486735445,76400.44398688785,76459.6287751554,1942,9
2026-08-06 15:01:11.026530,76395.73452802186,76370.60740385155,76297.81636901994,76331.84028088831,1798,3
2026-08-06 15:06:11.026530,76294.09875174254,76379.77280411813,76114.47919837113,76256.35722259675,410,6
2026-08-06 15:11:11.026530,76117.62550974534,76001.19120456187,75935.07008324396,75978.89379689393,2331,8
2026-08-06 15:16:11.026530,75982.90144827054,76140.35023987187,75980.13125341322,75986.90909964715,1998,3
2026-08-06 15:21:11.026530,75970.63887383723,75959.56145685264,75951.73419415481,75954.36864802732,272,6
2026-08-06 15:26:11.026530,75840.94067958789,75733.9401189537,75638.56199760837,75727.51271114846,1689,9
2026-08-06 15:31:11.026530,75755.82960097567,75882.22921715117,75721.77394173056,75784.14649080289,376,9
2026-08-06 15:36:11.026530,75833.76341327628,75884.55526362041,75725.92714694249,75883.38033574967,1171,6
2026-08-06 15:41:11.026530,75899.64798530415,75950.48082662217,75903.30125142667,75915.91563485864,1299,5
2026-08-06 15:46:11.026530,75894.53907650654,75958.79757008198,75816.52248663717,75873.16251815444,1807,1
2026-08-06 15:51:11.026530,75914.33069901343,75965.40753683141,75940.04268061974,75955.49887987241,885,3
2026-08-06 15:56:11.026530,76002.7876809171,76111.67890684177,76015.9363521877,76050.07648196179,1034,3
2026-08-06 16:01:11.026530,76071.88349188601,76188.6095708646,76010.20620853569,76093.69050181023,1407,4
2026-08-06 16:06:11.026530,76038.01919803311,75998.23995986655,75861.96171545942,75982.34789425599,841,5
2026-08-06 16:11:11.026530,76002.02791128584,76021.94816025876,76021.00696070115,76021.7079283157,1936,8
2026-08-06 16:16:11.026530,76104.3520916829,76201.63490547631,76054.56001931717,76186.99625505008,431,9
2026-08-06 16:21:11.026530,76146.86943593374,76194.74650556248,76086.99858092016,76106.7426168174,1496,7
2026-08-06 16:26:11.026530,76251.47883718734,76439.75066902701,76319.39921312072,76396.21505755729,1421,6
2026-08-06 16:31:11.026530,76360.85480394532,76325.78986969852,76284.84611606623,76325.49455033333,1924,3
2026-08-06 16:36:11.026530,76328.48405555327,76347.52124479845,76252.67433226931,76331.47356077323,2058,9
2026-08-06 16:41:11.026530,76286.06527472287,76345.42862661964,76173.98137892183,76240.65698867252,1192,1
2026-08-06 16:46:11.026530,76256.74287191566,76290.73748728425,76206.48407040598,76272.8287551588,263,9
2026-08-06 16:51:11.026530,76154.1806739666,76105.7359138536,76033.8678979311,76035.53259277441,614,3
2026-08-06 16:56:11.026530,75998.94384503496,75963.1258860169,75836.65262776615,75962.35509729551,781,9
2026-08-06 17:01:11.026530,75888.52248797085,75901.17863716919,75792.6035541732,75814.68987864618,488,1
2026-08-06 17:06:11.026530,75824.6839141328,75867.23605016684,75813.96698414505,75834.67794961942,1638,8
2026-08-06 17:11:11.026530,75903.37068156234,75973.16456202959,75825.63436804399,75972.06341350527,678,6
2026-08-06 17:16:11.026530,76017.02029736116,76063.06834626707,76028.89511615652,76061.97718121704,952,9
2026-08-06 17:21:11.026530,75900.72682873349,75817.54825268466,75688.33364102303,75739.47647624995,1520,4
2026-08-06 17:26:11.026530,75879.6915674541,76061.52519924508,75924.3014458433,76019.90665865823,444,5
2026-08-06 17:31:11.026530,76040.87507744739,76065.14618616077,75982.59997091825,76061.84349623656,296,6
2026-08-06 17:36:11.026530,76009.48442996628,75998.30561924714,75943.58302285644,75957.12536369602,2345,9
2026-08-06 17:41:11.026530,75968.62816309642,76070.92560156822,75781.10514282441,75980.13096249683,1686,6
2026-08-06 17:46:11.026530,75992.94115631946,76108.37684721206,75999.25650666439,76005.75135014208,1522,9
2026-08-06 17:51:11.026530,75960.92196555025,75950.73275747219,75824.55711606688,75916.09258095844,2181,2
2026-08-06 17:56:11.026530,75930.37698300602,76028.95511761874,75865.61537856807,75944.6613850536,1294,4
2026-08-06 18:01:11.026530,75903.92185204198,75889.03381937467,75742.07715601129,75863.18231903037,2148,3
2026-08-06 18:06:11.026530,75836.3418826801,75813.41986069056,75784.08118479466,75809.50144632983,1030,4
2026-08-06 18:11:11.026530,75763.46369068796,75737.95170460902,75705.4256869196,75717.42593504608,1260,1
2026-08-06 18:16:11.026530,75620.67657957911,75538.5612919332,75497.01385795395,75523.92722411215,1598,2
2026-08-06 18:21:11.026530,75534.59669907374,75669.0089838511,75483.73897578346,75545.26617403532,468,4
2026-08-06 18:26:11.026530,75585.83834225347,75654.93700700597,75535.18440787541,75626.41051047163,2184,4
2026-08-06 18:31:11.026530,75662.22864641779,75830.2037167383,75659.13111293348,75698.04678236396,308,5
2026-08-06 18:36:11.026530,75754.70619581509,75865.34861334575,75803.35851920521,75811.36560926621,2408,9
2026-08-06 18:41:11.026530,75834.26044113704,75883.2323152144,75760.07455983115,75857.15527300788,2270,1
2026-08-06 18:46:11.026530,75821.56062043755,75830.29700082171,75637.22117945552,75785.96596786722,1569,8
2026-08-06 18:51:11.026530,75844.03954631888,75909.24613524033,75787.6280188396,75902.11312477055,1318,3
2026-08-06 18:56:11.026530,75810.2489038952,75766.07005138828,75648.04230155612,75718.38468301985,989,9
2026-08-06 19:01:11.026530,75657.81272997825,75636.9807966342,75515.24139609514,75597.24077693665,2426,8
2026-08-06 19:06:11.026530,75532.45056252842,75483.7423922275,75434.3332354563,75467.66034812019,245,8
2026-08-06 19:11:11.026530,75541.8462285976,75679.204118481,75598.88843194564,75616.03210907502,111,9
2026-08-06 19:16:11.026530,75681.00496716164,75831.95075681964,75694.24073482602,75745.97782524826,611,4
2026-08-06 19:21:11.026530,75779.97080164755,75841.83054397165,75766.70270973894,75813.96377804683,89,5
2026-08-06 19:26:11.026530,75887.93452304728,75980.42329489985,75902.7974107454,75961.90526804773,1817,7
2026-08-06 19:31:11.026530,75902.59844294531,75880.61400023763,75799.36369394741,75843.29161784287,2087,2
2026-08-06 19:36:11.026530,75867.85274241056,75957.42929607566,75808.38993212552,75892.41386697824,1925,7
2026-08-06 19:41:11.026530,75884.62378027913,75951.86875792073,75802.70517512974,75876.83369358,837,3
2026-08-06 19:46:11.026530,75935.47058861356,76091.4809250657,75917.54684006031,75994.10748364714,1926,6
2026-08-06 19:51:11.026530,75986.98736546881,76061.01238816418,75922.78379442306,75979.86724729047,51,6
2026-08-06 19:56:11.026530,75954.31252617406,75969.01088373903,75851.5981791547,75928.75780505764,1542,6
2026-08-06 20:01:11.026530,75966.49930088283,76047.90417118708,75960.56226728993,76004.240796708,1179,2
2026-08-06 20:06:11.026530,76064.98264687139,76342.1481885808,76025.76050075004,76125.72449703477,2313,9
2026-08-06 20:11:11.026530,76080.72194306475,76071.02217396085,75995.6444160659,76035.71938909474,826,8
2026-08-06 20:16:11.026530,76032.30036069057,76166.63315680105,76027.17308909938,76028.88133228639,1832,7
2026-08-06 20:21:11.026530,75957.28427784287,75989.49600195981,75860.26808826158,75885.68722339936,463,9
2026-08-06 20:26:11.026530,75716.2153152743,75627.48950736097,75535.61226902633,75546.74340714923,259,4
2026-08-06 20:31:11.026530,75561.13127916103,75631.56088463445,75483.61728177751,75575.5191511728,2013,2
2026-08-06 20:36:11.026530,75617.71495243872,75729.01431376042,75558.37290209597,75659.91075370465,2140,4
2026-08-06 20:41:11.026530,75678.51708324016,75719.02490940074,75690.67916906293,75697.12341277568,2235,3
2026-08-06 20:46:11.026530,75565.29191915954,75491.20326544932,75426.95463788585,75433.46042554341,1694,2
2026-08-06 20:51:11.026530,75410.40260319036,75454.05420695366,75386.42211748891,75387.34478083732,1633,2
2026-08-06 20:56:11.026530,75237.88394409264,75182.3699696115,75033.59431099633,75088.42310734798,775,8
2026-08-06 21:01:11.026530,75181.85387947001,75374.7757779447,75257.76697475539,75275.28465159205,1462,5
2026-08-06 21:06:11.026530,75202.53005247566,75206.80152074179,75084.09523387613,75129.77545335927,1271,6
2026-08-06 21:11:11.026530,75215.51081272124,75343.86056837946,75289.48760322278,75301.24617208322,2299,8
2026-08-06 21:16:11.026530,75366.15772228537,75438.62463779644,75282.52832301962,75431.06927248753,2289,7
2026-08-06 21:21:11.026530,75370.73265348081,75350.82213888185,75303.83116513088,75310.39603447408,156,7
2026-08-06 21:26:11.026530,75234.44640090835,75235.8656834017,74968.49755908447,75158.4967673426,376,7
2026-08-06 21:31:11.026530,75182.95627783611,75236.89975463085,75178.82399566864,75207.41578832961,693,7
2026-08-06 21:36:11.026530,75151.06064726776,75189.88960920344,75077.37580007127,75094.7055062059,406,8
2026-08-06 21:41:11.026530,75102.38368684165,75190.68760695771,75037.0996668825,75110.06186747742,1357,1
2026-08-06 21:46:11.026530,75078.1878127811,75139.75739924266,74929.36761194636,75046.31375808478,557,3
2026-08-06 21:51:11.026530,74926.95203459854,74961.14792393774,74727.48951022583,74807.5903111123,2203,1
2026-08-06 21:56:11.026530,74658.4661051891,74540.99039413623,74438.55990106154,74509.3418992659,1139,8
2026-08-06 22:01:11.026530,74525.29149066316,74630.31590654347,74509.4562777888,74541.24108206041,244,2
2026-08-06 22:06:11.026530,74504.33149235859,74487.19420826624,74425.10514968525,74467.42190265674,1261,7
2026-08-06 22:11:11.026530,74431.11583368827,74502.28706264905,74379.79085000393,74394.80976471979,96,6
2026-08-06 22:16:11.026530,74442.17563640009,74538.78992193118,74386.40800920875,74489.54150808041,1435,1
2026-08-06 22:21:11.026530,74569.03938536448,74694.43360713084,74641.45811643885,74648.53726264856,1651,6
2026-08-06 22:26:11.026530,74630.97732171863,74619.19261137034,74445.87375532251,74613.4173807887,1560,9
2026-08-06 22:31:11.026530,74591.29816468724,74588.69858660662,74474.48534843096,74569.17894858579,896,3
2026-08-06 22:36:11.026530,74603.50616269268,74715.39607466408,74625.69500862322,74637.83337679955,1652,7
2026-08-06 22:41:11.026530,74547.53831060967,74536.50980580329,74413.87503059859,74457.2432444198,758,4
2026-08-06 22:46:11.026530,74472.94495228262,74550.89555772956,74413.30682169806,74488.64666014542,857,1
2026-08-06 22:51:11.026530,74526.40899269163,74645.35344162476,74383.80246182963,74564.17132523784,164,7
2026-08-06 22:56:11.026530,74610.59456745622,74663.86914389824,74540.6600311214,74657.01780967461,680,1
2026-08-06 23:01:11.026530,74527.85539473139,74486.10582344719,74390.06759943944,74398.69297978819,2316,4
2026-08-06 23:06:11.026530,74348.49141816249,74353.19492230559,74173.80396801686,74298.2898565368,246,9
2026-08-06 23:11:11.026530,74240.34995767963,74238.95307922237,74164.31628795818,74182.41005882245,450,5
2026-08-06 23:16:11.026530,74189.8214927981,74218.11625728152,74088.92935899606,74197.23292677374,2089,7
2026-08-06 23:21:11.026530,74230.0923686568,74382.24517272438,74166.93427555914,74262.95181053985,125,7
2026-08-06 23:26:11.026530,74363.86644281624,74471.79427178459,74330.23595817233,74464.78107509263,1499,3
2026-08-06 23:31:11.026530,74432.36809327704,74500.17839393082,74350.04571822094,74399.95511146143,336,8
2026-08-06 23:36:11.026530,74367.39593361241,74345.7142231298,74259.13412513705,74334.83675576339,1618,1
2026-08-06 23:41:11.026530,74412.57590397325,74614.31362966978,74371.461108893,74490.31505218311,1372,4
2026-08-06 23:46:11.026530,74510.94856725313,74638.96107723456,74450.19473010083,74531.58208232315,910,4
2026-08-06 23:51:11.026530,74617.4582593414,74766.08178980406,74600.54381244697,74703.33443635963,791,2
2026-08-06 23:56:11.026530,74723.49896082934,74749.69236226736,74666.9731058559,74743.66348529907,1780,6
2026-08-07 00:01:11.026530,74666.65195766732,74591.45298957384,74466.78278214402,74589.64043003558,2391,1
2026-08-07 00:06:11.026530,74500.99802820748,74473.73865789089,74401.65365564228,74412.35562637937,858,3
2026-08-07 00:11:11.026530,74309.33612504596,74237.70621163449,74179.45866969763,74206.31662371256,2009,9
2026-08-07 00:16:11.026530,74251.30152058828,74447.33986247687,74267.03077262471,74296.286417464,463,6
2026-08-07 00:21:11.026530,74376.59355672356,74496.46444074134,74338.03482191633,74456.9006959831,480,2
2026-08-07 00:26:11.026530,74581.78224917126,74797.92203534328,74566.77793084619,74706.66380235941,1863,9
2026-08-07 00:31:11.026530,74764.14207462079,74899.36842983354,74752.15066800047,74821.62034688215,1303,2
2026-08-07 00:36:11.026530,74900.75706582828,74979.9119196991,74891.09096909597,74979.89378477441,1968,7
2026-08-07 00:41:11.026530,74941.52262694799,74910.84663448238,74833.92641497716,74903.15146912156,2268,1
2026-08-07 00:46:11.026530,74826.02276006406,74862.88922808615,74710.55136355068,74748.89405100657,1390,5
2026-08-07 00:51:11.026530,74806.87470844446,74878.2360280565,74799.0424546494,74864.85536588235,593,7
2026-08-07 00:56:11.026530,74893.75781501769,75000.83687801773,74873.30908818154,74922.66026415303,1564,3
2026-08-07 01:01:11.026530,74930.65536032202,75029.97136258306,74821.6518127561,74938.65045649101,1461,4
2026-08-07 01:06:11.026530,74965.53567018919,75095.48161784327,74989.14647068971,74992.42088388735,121,5
2026-08-07 01:11:11.026530,75014.99041339199,75163.99706765344,74974.94205495923,75037.55994289664,1072,3
2026-08-07 01:16:11.026530,75125.11335279934,75384.65632562518,75148.79600893988,75212.66676270204,581,6
2026-08-07 01:21:11.026530,75301.18228477615,75423.18299039024,75337.58388155946,75389.69780685025,2336,3
2026-08-07 01:26:11.026530,75427.39628944042,75476.96289253382,75327.50608548422,75465.09477203058,626,8
2026-08-07 01:31:11.026530,75523.34006605952,75736.02848880849,75551.6827391641,75581.58536008847,1162,7
2026-08-07 01:36:11.026530,75617.32636290842,75658.14421247262,75610.52522592453,75653.06736572838,1995,1
2026-08-07 01:41:11.026530,75622.43629095439,75610.4583068757,75477.50225814078,75591.8052161804,762,2
2026-08-07 01:46:11.026530,75644.06831550636,75703.3753424346,75645.01871030073,75696.33141483231,1608,4
2026-08-07 01:51:11.026530,75602.20327580557,75553.99367851493,75386.70958278552,75508.07513677883,691,5
2026-08-07 01:56:11.026530,75580.51922344058,75730.30255375642,75636.61458490741,75652.96331010232,2287,4
2026-08-07 02:01:11.026530,75572.47331757736,75584.15667749986,75375.99410914593,75491.98332505238,861,4
2026-08-07 02:06:11.026530,75512.16190785076,75534.85358046019,75332.16062075166,75532.34049064916,1064,9
2026-08-07 02:11:11.026530,75475.68554118542,75544.52880638996,75300.47653988787,75419.03059172168,1412,4
2026-08-07 02:16:11.026530,75457.3667099766,75538.62975606557,75319.26224091035,75495.70282823152,2071,4
2026-08-07 02:21:11.026530,75494.15272919022,75528.05231580234,75487.51120257065,75492.6026301489,1590,4
2026-08-07 02:26:11.026530,75385.1577179964,75344.02056069957,75232.95121130953,75277.7128058439,1911,2
2026-08-07 02:31:11.026530,75306.9793307396,75468.29620365075,75298.8614892006,75336.24585563531,833,8
2026-08-07 02:36:11.026530,75297.83427272097,75358.05320590218,75187.65840576788,75259.42268980661,720,4
2026-08-07 02:41:11.026530,75319.90697601455,75469.7384164911,75281.43288946831,75380.3912622225,896,5
2026-08-07 02:46:11.026530,75381.23501342125,75477.48900564038,75175.03882141603,75382.07876461998,1291,8
2026-08-07 02:51:11.026530,75409.66956934851,75585.46253715815,75372.8394077635,75437.26037407704,1327,4
2026-08-07 02:56:11.026530,75373.05671093664,75460.82701837244,75190.47420665878,75308.85304779623,1434,5
2026-08-07 03:01:11.026530,75269.682783058,75343.75874360694,75110.43251762788,75230.51251831975,1814,5
2026-08-07 03:06:11.026530,75200.22376693864,75184.88247822157,75022.53191074534,75169.93501555754,227,6
2026-08-07 03:11:11.026530,75228.69103609704,75293.06440424935,75173.37427251195,75287.44705663655,325,7
2026-08-07 03:16:11.026530,75402.0308637927,75745.84373736368,75411.26500196739,75516.61467094884,2409,3
2026-08-07 03:21:11.026530,75462.68492698681,75430.52587049763,75331.27300513473,75408.7551830248,1715,3
2026-08-07 03:26:11.026530,75482.66501705404,75593.16586587163,75428.47934553854,75556.57485108326,840,9
2026-08-07 03:31:11.026530,75410.0751527222,75292.37537250089,75231.85269021855,75263.57545436114,1726,1
2026-08-07 03:36:11.026530,75183.52229092615,75176.75526829582,75056.41103464221,75103.46912749116,1474,8
2026-08-07 03:41:11.026530,75039.4679349917,75006.84327206142,74914.89893402824,74975.46674249222,1290,3
2026-08-07 03:46:11.026530,74885.06121062848,74852.2105251339,74695.39706003213,74794.65567876474,76,5
2026-08-07 03:51:11.026530,74688.95373488936,74638.7771867416,74575.28760972442,74583.251791014,2422,3
2026-08-07 03:56:11.026530,74611.73101430852,74753.91002885695,74584.9160783723,74640.21023760305,1397,1
2026-08-07 04:01:11.026530,74626.57887760675,74717.52104393223,74574.80474626672,74612.94751761046,1640,5
2026-08-07 04:06:11.026530,74639.1805655174,74783.31622186085,74647.93179737311,74665.41361342432,1776,8
2026-08-07 04:11:11.026530,74712.58903487929,74841.27897822487,74716.54842616119,74759.76445633426,334,5
2026-08-07 04:16:11.026530,74778.38840944853,74919.36078192235,74779.78210023,74797.0123625628,1162,4
2026-08-07 04:21:11.026530,74842.0662974972,74909.28397040827,74722.44897725659,74887.12023243157,1118,9
2026-08-07 04:26:11.026530,74883.1829452445,74900.75083735614,74845.53115736827,74879.24565805742,961,1
2026-08-07 04:31:11.026530,74800.08520254021,74729.20834306178,74636.91708464023,74720.924747023,1864,5
2026-08-07 04:36:11.026530,74792.87792380751,74975.08422882207,74817.65815252966,74864.83110059201,2242,1
2026-08-07 04:41:11.026530,74825.90659868783,74822.39384921931,74775.38961775046,74786.98209678364,131,6
2026-08-07 04:46:11.026530,74724.80833052448,74711.95145086535,74548.51626295783,74662.63456426532,1029,9
2026-08-07 04:51:11.026530,74651.42743756797,74643.24834663914,74460.33618254162,74640.22031087063,1240,2
2026-08-07 04:56:11.026530,74579.69667578881,74531.40762969205,74490.80528600447,74519.173040707,1822,4
2026-08-07 05:01:11.026530,74491.93228507013,74649.6593401179,74434.30256251941,74464.69152943326,1875,8
2026-08-07 05:06:11.026530,74488.50166863845,74628.30132986832,74499.449330138,74512.31180784364,1823,3
2026-08-07 05:11:11.026530,74536.424904351,74664.34583311898,74421.21968877256,74560.53800085839,1383,7
2026-08-07 05:16:11.026530,74501.08264352602,74494.40037692178,74306.5808726186,74441.62728619364,2057,7
2026-08-07 05:21:11.026530,74409.71037126191,74416.31274821868,74355.62406034471,74377.79345633018,131,2
2026-08-07 05:26:11.026530,74450.52412819906,74654.39068861578,74355.26045970549,74523.25480006795,143,4
2026-08-07 05:31:11.026530,74557.30960233377,74740.24570384083,74580.99419283046,74591.36440459959,1394,1
2026-08-07 05:36:11.026530,74731.6773383738,74914.1812368848,74772.09900537225,74871.99027214802,392,8
2026-08-07 05:41:11.026530,74952.34780443646,75130.6350809935,74982.5933487676,75032.7053367249,2458,9
2026-08-07 05:46:11.026530,75110.81031833508,75222.37813738093,75172.11560509779,75188.91529994526,1904,1
2026-08-07 05:51:11.026530,75095.86543530393,75092.97714748225,74895.01640676551,75002.8155706626,1139,7
2026-08-07 05:56:11.026530,75055.16461180901,75142.64211775131,75079.98804766261,75107.51365295543,673,1
2026-08-07 06:01:11.026530,75104.67498753368,75116.9581766723,75034.7866086869,75101.83632211195,917,1
2026-08-07 06:06:11.026530,75065.36329428908,75067.73289237753,74912.5806058325,75028.89026646622,220,9
2026-08-07 06:11:11.026530,75040.98790966428,75084.5882618693,74936.06159309032,75053.08555286237,1832,6
2026-08-07 06:16:11.026530,75117.73865200917,75204.20301661282,75143.1897918004,75182.39175115598,627,1
2026-08-07 06:21:11.026530,75217.04788556932,75340.17937713805,75134.83277929197,75251.70401998266,117,7
2026-08-07 06:26:11.026530,75193.00638443192,75361.62630985513,75128.71991257658,75134.30874888119,1565,3
2026-08-07 06:31:11.026530,75185.30039086854,75275.8768975032,75212.74336753234,75236.2920328559,1107,4
2026-08-07 06:36:11.026530,75193.89555436304,75331.48825434688,75128.92912952285,75151.49907587019,50,4
2026-08-07 06:41:11.026530,75166.90940508385,75250.69554187106,75092.25547876293,75182.3197342975,2248,8
2026-08-07 06:46:11.026530,75162.55085187647,75245.62680101594,75093.2599945666,75142.78196945543,951,1
2026-08-07 06:51:11.026530,75128.73442691192,75181.70700717976,75058.85053832424,75114.6868843684,1857,8
2026-08-07 06:56:11.026530,75167.2753055316,75245.99396945434,75152.3649354869,75219.86372669479,2355,9
2026-08-07 07:01:11.026530,75150.26150216002,75112.98974724776,74919.84142560871,75080.65927762524,799,7
2026-08-07 07:06:11.026530,75213.08498182117,75375.6205802032,75280.38033939518,75345.5106860171,844,1
2026-08-07 07:11:11.026530,75222.97426467409,75123.09551526596,75028.86859448084,75100.43784333108,2116,7
2026-08-07 07:16:11.026530,75060.81317506148,75051.24241441842,74976.65267348218,75021.18850679189,1869,6
2026-08-07 07:21:11.026530,75046.94391906829,75079.28235416507,75066.23020378781,75072.69933134469,2132,5
2026-08-07 07:26:11.026530,75112.95106225187,75221.00301487236,75126.67366757421,75153.20279315906,420,5
2026-08-07 07:31:11.026530,75147.15884631994,75168.38822716167,75122.66783849348,75141.11489948083,2104,1
2026-08-07 07:36:11.026530,75137.98527971786,75175.43763764351,75046.37508264712,75134.85565995488,420,6
2026-08-07 07:41:11.026530,75163.37979117158,75232.47173065552,75060.88747043359,75191.90392238827,1738,4
2026-08-07 07:46:11.026530,75177.02168919289,75233.93416868232,75089.60606859752,75162.13945599749,806,1
2026-08-07 07:51:11.026530,75257.25427445729,75375.8189042641,75241.77698674587,75352.36909291708,1188,8
2026-08-07 07:56:11.026530,75410.08903482747,75497.0569727625,75424.74724415269,75467.80897673786,1410,8
2026-08-07 08:01:11.026530,75527.89457001256,75685.02838287075,75553.97725597696,75587.98016328727,1215,4
2026-08-07 08:06:11.026530,75523.06500460263,75512.34763121589,75442.06534219996,75458.14984591799,1558,7
2026-08-07 08:11:11.026530,75453.51325907625,75518.6066739227,75356.96161872186,75448.87667223452,1511,3
2026-08-07 08:16:11.026530,75429.23344044472,75506.17445941434,75315.09686560035,75409.59020865492,2185,8
2026-08-07 08:21:11.026530,75342.1558901715,75289.59192196383,75259.02717861086,75274.72157168807,512,7
2026-08-07 08:26:11.026530,75299.882858355,75475.84720495703,75201.55723012456,75325.04414502192,530,5
2026-08-07 08:31:11.026530,75289.36593397163,75291.24882694807,75109.0475134258,75253.68772292134,872,5
2026-08-07 08:36:11.026530,75298.85674925815,75352.91098670765,75298.78421753731,75344.02577559496,573,9
2026-08-07 08:41:11.026530,75272.2783386287,75292.68245009579,75151.11573004698,75200.53090166245,2308,6
2026-08-07 08:46:11.026530,75317.81092324574,75489.83197972516,75401.96999820214,75435.09094482903,293,6
2026-08-07 08:51:11.026530,75375.03970917096,75331.52642098136,75192.07584087405,75314.98847351289,288,2
2026-08-07 08:56:11.026530,75330.60994032875,75437.54950254368,75260.35318059166,75346.2314071446,1270,5
2026-08-07 09:01:11.026530,75400.72149186456,75567.92555288064,75335.3201356709,75455.21157658452,818,4
2026-08-07 09:06:11.026530,75417.23324194773,75434.62583614906,75361.27686068595,75379.25490731094,284,3
2026-08-07 09:11:11.026530,75437.88686414424,75511.34057924466,75476.58692422559,75496.51882097755,2284,9
2026-08-07 09:16:11.026530,75413.84527705381,75355.12497382505,75246.65415936384,75331.17173313008,546,7
2026-08-07 09:21:11.026530,75430.50655703894,75560.32112200247,75521.15029423585,75529.84138094781,1569,4
2026-08-07 09:26:11.026530,75531.5585409645,75554.69555662201,75481.47800912532,75533.27570098118,1953,9
2026-08-07 09:31:11.026530,75493.50796929677,75558.16022128453,75451.44491513145,75453.74023761238,2284,9
2026-08-07 09:36:11.026530,75434.18290059196,75568.5377466665,75412.00408881754,75414.62556357152,1684,7
2026-08-07 09:41:11.026530,75470.32471664343,75560.37466525447,75519.05165231721,75526.02386971534,985,5
2026-08-07 09:46:11.026530,75487.07180716502,75484.61891870332,75432.71455479147,75448.1197446147,1318,9
2026-08-07 09:51:11.026530,75398.02365231095,75385.13457737735,75210.6816217066,75347.9275600072,2410,7
2026-08-07 09:56:11.026530,75333.66065020669,75429.43384967397,75256.8945078851,75319.39374040617,868,9
2026-08-07 10:01:11.026530,75240.44653441705,75258.76457888121,75141.62987284761,75161.4993284279,71,3
2026-08-07 10:06:11.026530,75285.60674952526,75432.9693919587,75389.42513546227,75409.71417062261,2165,9
2026-08-07 10:11:11.026530,75372.04660665046,75440.13803508246,75321.70223978648,75334.3790426783,2489,1
2026-08-07 10:16:11.026530,75391.56014557324,75506.9246832964,75422.39289094399,75448.74124846818,1138,5
2026-08-07 10:21:11.026530,75463.72253854203,75554.5869755245,75408.30587831906,75478.70382861588,1877,2
2026-08-07 10:26:11.026530,75412.63629443984,75493.89874918915,75306.44313962634,75346.5687602638,2040,1
2026-08-07 10:31:11.026530,75346.91842735768,75446.13423133767,75322.29964605089,75347.26809445157,778,3
2026-08-07 10:36:11.026530,75401.225390738,75463.80208452506,75454.76356428654,75455.18268702444,1923,7
2026-08-07 10:41:11.026530,75443.15439259811,75458.15466025165,75399.07928894533,75431.1260981718,261,3
2026-08-07 10:46:11.026530,75512.96714461091,75719.60604216071,75580.067633273,75594.80819105002,1823,9
2026-08-07 10:51:11.026530,75665.12860630178,75760.84938918328,75651.22910617608,75735.44902155353,249,3
2026-08-07 10:56:11.026530,75798.89445275265,75953.71111141595,75747.79316706196,75862.33988395176,1036,6
2026-08-07 11:01:11.026530,75831.72729258475,75866.04483215668,75588.47497467746,75801.11470121775,227,2
2026-08-07 11:06:11.026530,75728.27486130621,75752.72832427369,75563.12024197764,75655.43502139469,1496,8
2026-08-07 11:11:11.026530,75614.43469783445,75611.01127839174,75531.10455997649,75573.43437427423,980,5
2026-08-07 11:16:11.026530,75587.54028252026,75603.92988724676,75559.43323089903,75601.6461907663,2086,2
2026-08-07 11:21:11.026530,75639.55734203846,75699.83146886372,75647.97475450685,75677.4684933106,1535,7
2026-08-07 11:26:11.026530,75530.60589090968,75432.6332015996,75341.33729840041,75383.74328850873,2141,3
2026-08-07 11:31:11.026530,75383.9466833336,75471.20568502943,75348.10632014576,75384.15007815848,1504,5
2026-08-07 11:36:11.026530,75395.63134764046,75424.06878704611,75387.68452380013,75407.11261712245,217,9
2026-08-07 11:41:11.026530,75389.03509350843,75435.07867551646,75365.96415672255,75370.9575698944,2384,1
2026-08-07 11:46:11.026530,75459.4070058136,75566.32000910994,75522.38911752716,75547.8564417328,2434,2
2026-08-07 11:51:11.026530,75577.3015131176,75767.08105331272,75586.7075817745,75606.74658450241,635,5
2026-08-07 11:56:11.026530,75696.76306749642,75814.21234965805,75700.39817397071,75786.77955049044,1965,4
2026-08-07 12:01:11.026530,75772.80973686883,75788.52860634781,75757.02351101984,75758.83992324721,2280,1
2026-08-07 12:06:11.026530,75823.57274681418,76013.49534085245,75887.03133546298,75888.30557038116,65,7
2026-08-07 12:11:11.026530,76000.90537074147,76131.54143119484,76025.69957221404,76113.50517110177,1653,9
2026-08-07 12:16:11.026530,76204.22809864426,76314.3087623689,76215.7363292902,76294.95102618677,886,1
2026-08-07 12:21:11.026530,76220.79374830003,76178.51049014096,76016.37612346203,76146.6364704133,2207,8
2026-08-07 12:26:11.026530,76130.016643239,76250.29554443226,75969.03035542839,76113.39681606469,1626,9
2026-08-07 12:31:11.026530,76090.5203361219,76137.52040171428,75993.28554981259,76067.64385617913,355,2
2026-08-07 12:36:11.026530,76101.9147592416,76255.78811344008,76086.7194914744,76136.18566230408,2103,1
2026-08-07 12:41:11.026530,76184.00774419584,76349.89166821337,76158.91373098738,76231.82982608762,1766,6
2026-08-07 12:46:11.026530,76175.07914312565,76191.2171109914,76097.64597224252,76118.32846016367,410,7
2026-08-07 12:51:11.026530,76123.73740662615,76184.4600649944,76042.72367160906,76129.14635308864,1258,2
2026-08-07 12:56:11.026530,75991.75837358073,75950.92228234933,75786.44343980931,75854.37039407282,1908,5
2026-08-07 13:01:11.026530,75953.69882546106,76168.37396167887,76016.67638737381,76053.02725684932,2021,5
2026-08-07 13:06:11.026530,76018.73241023373,76004.56240022863,75912.93149913117,75984.43756361814,1173,7
2026-08-07 13:11:11.026530,75989.01799512966,76071.53843531192,75905.69654565571,75993.59842664117,1163,1
2026-08-07 13:16:11.026530,75973.18559131809,76093.46013886918,75941.10120370111,75952.772755995,1033,8
2026-08-07 13:21:11.026530,76031.95429149226,76166.837614856,76086.3962183957,76111.13582698951,1319,5
2026-08-07 13:26:11.026530,75918.01934170508,75725.53046356582,75659.792917029,75724.90285642064,2212,3
2026-08-07 13:31:11.026530,75724.528072401,75793.82582453254,75652.25430624024,75724.15328838135,2373,9
2026-08-07 13:36:11.026530,75717.69934781145,75786.05245004866,75700.20306064958,75711.24540724154,2177,3
2026-08-07 13:41:11.026530,75681.1036876349,75656.33677707311,75585.46556703387,75650.96196802825,228,7
2026-08-07 13:46:11.026530,75769.43525526766,75937.1519035845,75835.14878533823,75887.90854250705,610,7
2026-08-07 13:51:11.026530,75828.11077116356,75832.1153653463,75697.82378739008,75768.31299982006,2357,8
2026-08-07 13:56:11.026530,75821.73824331569,75880.09285788631,75821.72147431501,75875.16348681133,1859,8
2026-08-07 14:01:11.026530,75900.25819926121,75996.92073777271,75856.80636739124,75925.35291171109,341,4
2026-08-07 14:06:11.026530,76012.41501026036,76175.10206077802,75967.14138275126,76099.47710880965,340,1
2026-08-07 14:11:11.026530,76054.56915916895,76130.92227770973,75979.52223440168,76009.66120952828,591,4
2026-08-07 14:16:11.026530,75960.3119280007,75952.79827507772,75818.89730557197,75910.96264647311,1959,6
2026-08-07 14:21:11.026530,75986.6805307263,76152.98168885603,76008.51296748909,76062.3984149795,643,6
2026-08-07 14:26:11.026530,76092.28664012566,76136.79459967001,76122.04564392446,76122.17486527182,1478,6
2026-08-07 14:31:11.026530,76017.23742212699,75955.73313479425,75878.13626157504,75912.29997898215,997,7
2026-08-07 14:36:11.026530,75876.2303556443,75906.08436832181,75808.23633941196,75840.16073230644,1398,1
2026-08-07 14:41:11.026530,75867.30183264706,75962.67771040495,75885.52626957148,75894.44293298769,430,1
2026-08-07 14:46:11.026530,75952.46968186868,76018.32386217147,75922.78696994897,76010.49643074968,1754,7
2026-08-07 14:51:11.026530,75964.81821465108,75933.86837264062,75890.59774745563,75919.13999855248,359,4
2026-08-07 14:56:11.026530,75721.29355175172,75586.99714598758,75505.86411223351,75523.44710495096,1743,6
2026-08-07 15:01:11.026530,75559.78386773448,75724.8915644031,75485.81376375673,75596.120630518,1548,6
2026-08-07 15:06:11.026530,75513.93970166188,75501.02123697894,75363.45349650415,75431.75877280576,1215,9
2026-08-07 15:11:11.026530,75295.80444571693,75292.83084067874,75126.52819939364,75159.85011862809,710,2
2026-08-07 15:16:11.026530,74969.4959803152,74800.10725569075,74778.37365179593,74779.14184200231,2323,4
2026-08-07 15:21:11.026530,74834.712800424,74988.26584030599,74865.31064003678,74890.28375884566,1547,4
2026-08-07 15:26:11.026530,74899.7028237562,74950.01350383385,74835.38572133463,74909.12188866673,2122,7
2026-08-07 15:31:11.026530,74894.66042324548,74921.49828191263,74752.67814286416,74880.19895782424,2192,1
2026-08-07 15:36:11.026530,74974.67614116744,75139.8281081229,75001.21442314918,75069.15332451065,614,5
2026-08-07 15:41:11.026530,75112.98867494929,75243.55751980533,75136.40239573919,75156.82402538792,1655,4
2026-08-07 15:46:11.026530,75267.06536207374,75384.51704714188,75337.59050024854,75377.30669875957,1249,2
2026-08-07 15:51:11.026530,75283.6943395265,75245.68444758329,75187.13590986675,75190.08198029343,693,5
2026-08-07 15:56:11.026530,75188.49583675124,75274.36040772243,75149.7509298797,75186.90969320906,1481,9
2026-08-07 16:01:11.026530,75078.418298178,75081.49806904283,74858.98062390894,74969.92690314693,2000,8
2026-08-07 16:06:11.026530,74955.20239616101,75114.38497180709,74939.94239871649,74940.47788917508,508,9
2026-08-07 16:11:11.026530,74924.46246576011,74950.61398507639,74812.11575768572,74908.44704234514,387,7
2026-08-07 16:16:11.026530,74951.46560170842,75163.30260581597,74851.81300115242,74994.4841610717,1404,7
2026-08-07 16:21:11.026530,74998.30963682427,75047.35305106627,74991.60368094115,75002.13511257684,2063,2
2026-08-07 16:26:11.026530,75044.99078247737,75137.54344472598,75084.46632012345,75087.8464523779,394,3
2026-08-07 16:31:11.026530,75136.16622267297,75218.71009406452,75004.9274208842,75184.48599296805,625,8
2026-08-07 16:36:11.026530,75331.33941758823,75581.89794984458,75385.67784571754,75478.19284220842,1620,2
2026-08-07 16:41:11.026530,75457.53506049648,75484.79552595264,75386.58597686377,75436.87727878452,1597,7
2026-08-07 16:46:11.026530,75373.79542419044,75368.17515760503,75260.36819739242,75310.71356959635,992,6
2026-08-07 16:51:11.026530,75328.15017196312,75348.21226631758,75267.74925141469,75345.58677432989,395,4
2026-08-07 16:56:11.026530,75291.97498018297,75310.99377839682,75156.2089049483,75238.36318603605,374,4
2026-08-07 17:01:11.026530,75339.60182190734,75455.71676299554,75352.21671584448,75440.84045777864,2188,3
2026-08-07 17:06:11.026530,75422.36980374435,75449.0631219024,75376.67502729743,75403.89914971007,343,6
2026-08-07 17:11:11.026530,75366.2899624481,75424.25349235372,75286.56161524894,75328.68077518615,573,3
2026-08-07 17:16:11.026530,75297.49374859671,75438.31228750393,75245.43744439274,75266.30672200727,308,9
2026-08-07 17:21:11.026530,75315.7572094906,75481.69844744075,75313.94346961442,75365.20769697393,1160,4
2026-08-07 17:26:11.026530,75355.2628908081,75501.8158548987,75226.35142457268,75345.31808464226,1567,4
2026-08-07 17:31:11.026530,75302.58386248731,75279.77741110524,75239.79467684645,75259.84964033238,2283,2
2026-08-07 17:36:11.026530,75373.57446387218,75611.09007573617,75453.79727796992,75487.29928741198,2441,2
2026-08-07 17:41:11.026530,75429.9308490933,75376.32414471495,75366.03906373242,75372.56241077463,870,7
2026-08-07 17:46:11.026530,75375.72890494089,75439.865694249,75363.18162034314,75378.89539910715,1942,5
2026-08-07 17:51:11.026530,75423.92917672996,75590.7452010056,75384.94402678788,75468.96295435276,1589,3
2026-08-07 17:56:11.026530,75359.07430955442,75265.55282341994,75203.2790552162,75249.18566475606,618,6
2026-08-07 18:01:11.026530,75282.47816800824,75331.48211664862,75265.49930435895,75315.7706712604,558,6
2026-08-07 18:06:11.026530,75245.07065634019,75334.99238968905,75105.74375331245,75174.37064142,1613,1
2026-08-07 18:11:11.026530,75230.8317087624,75289.42189781739,75215.25491499947,75287.2927761048,2113,3
2026-08-07 18:16:11.026530,75222.87298326596,75164.239657881,75015.93553036849,75158.4531904271,574,5
2026-08-07 18:21:11.026530,75206.09565367809,75305.66871679504,75093.86440031383,75253.73811692906,2297,7
2026-08-07 18:26:11.026530,75329.46301601427,75462.8854878054,75285.44368150868,75405.18791509948,1257,4
2026-08-07 18:31:11.026530,75464.44959735646,75559.19660954284,75412.65658803516,75523.71127961346,358,8
2026-08-07 18:36:11.026530,75541.55305973822,75680.00595232431,75558.07231414558,75559.39483986296,1889,3
2026-08-07 18:41:11.026530,75544.42413741784,75716.35833580524,75488.56563984649,75529.45343497273,1433,6
2026-08-07 18:46:11.026530,75491.0452840339,75542.96728415045,75408.91936619015,75452.63713309506,2356,6
2026-08-07 18:51:11.026530,75553.420139351,75782.50903361573,75649.61255206533,75654.20314560694,1992,9
2026-08-07 18:56:11.026530,75607.36093638351,75587.99625532019,75554.41617250875,75560.5187271601,1230,4
2026-08-07 19:01:11.026530,75490.81358963002,75463.31295657098,75336.02676366399,75421.10845209994,1094,7
2026-08-07 19:06:11.026530,75467.05520771314,75556.89737690322,75501.0954063811,75513.00196332634,1061,1
2026-08-07 19:11:11.026530,75459.68795781076,75486.54345204127,75292.43301516079,75406.3739522952,399,1
2026-08-07 19:16:11.026530,75342.70507599798,75541.84816272973,75228.56188138139,75279.03619970076,1010,2
2026-08-07 19:21:11.026530,75182.10818385374,75207.4920950713,75035.08183594515,75085.18016800671,487,4
2026-08-07 19:26:11.026530,75053.3111188522,75102.48714574249,74981.16270141525,75021.44206969769,505,6
2026-08-07 19:31:11.026530,75016.60773533041,75045.18467065478,74952.8395017267,75011.77340096314,1619,4
2026-08-07 19:36:11.026530,75028.93871295343,75164.02273282761,74947.42201059218,75046.10402494372,1153,6
2026-08-07 19:41:11.026530,75111.16346724858,75255.13424587659,75143.33669276682,75176.22290955346,1525,2
2026-08-07 19:46:11.026530,75212.64147928802,75260.71637313416,75184.16897539399,75249.06004902259,1668,9
2026-08-07 19:51:11.026530,75236.8878494088,75291.85179089055,75198.736020603,75224.715649795,1562,3
2026-08-07 19:56:11.026530,75212.05173731266,75231.24288562297,75191.49636536115,75199.38782483034,692,7
2026-08-07 20:01:11.026530,75234.683551238,75406.40117104519,75246.03333854133,75269.97927764569,441,1
2026-08-07 20:06:11.026530,75357.04021816648,75450.04668094363,75290.11982244388,75444.10115868726,2130,8
2026-08-07 20:11:11.026530,75453.43344901409,75477.57698394712,75388.3506631432,75462.76573934093,970,4
2026-08-07 20:16:11.026530,75431.67146579447,75477.23635625404,75398.37765195257,75400.57719224799,1673,5
2026-08-07 20:21:11.026530,75334.01362693665,75421.45837712665,75152.96094995005,75267.45006162532,1995,7
2026-08-07 20:26:11.026530,75170.42879031377,75086.38333944748,75032.87091964127,75073.40751900221,1164,3
2026-08-07 20:31:11.026530,75119.20338766726,75191.42155161621,75107.27781418175,75164.99925633232,462,9
2026-08-07 20:36:11.026530,75204.87142181002,75334.1005744443,75149.57972990742,75244.74358728772,2396,9
2026-08-07 20:41:11.026530,75284.61636206336,75507.40533784912,75150.32024350452,75324.48913683901,1838,8
2026-08-07 20:46:11.026530,75316.52113836037,75400.06086653535,75307.38059417055,75308.55313988175,2170,1
2026-08-07 20:51:11.026530,75404.78778986426,75548.3767096454,75497.03928792436,75501.02243984677,310,2
2026-08-07 20:56:11.026530,75468.89483175734,75437.05081434855,75382.4545007666,75436.7672236679,2063,2
2026-08-07 21:01:11.026530,75502.43486948701,75579.93922984529,75527.5619832007,75568.10251530613,1385,3
2026-08-07 21:06:11.026530,75566.22328871113,75574.27501388699,75469.84012342893,75564.34406211614,1008,2
2026-08-07 21:11:11.026530,75523.74886617766,75516.42239794055,75306.66771665786,75483.15367023919,1898,1
2026-08-07 21:16:11.026530,75524.18423933239,75638.93294941266,75457.70519936626,75565.21480842559,2088,5
2026-08-07 21:21:11.026530,75593.8401159939,75698.75886879153,75542.07570575729,75622.46542356221,1238,6
2026-08-07 21:26:11.026530,75647.52559324988,75708.0102673717,75558.95101609461,75672.58576293755,384,7
2026-08-07 21:31:11.026530,75678.87850555324,75711.31433262462,75668.38077053356,75685.1712481689,853,7
2026-08-07 21:36:11.026530,75683.34699391219,75812.37462661507,75582.69679995191,75681.52273965545,2487,2
2026-08-07 21:41:11.026530,75845.31307755972,76136.86934586168,75960.41549305705,76009.103415464,1021,7
2026-08-07 21:46:11.026530,76090.96440073356,76249.57156299728,76090.38522561053,76172.82538600313,1144,2
2026-08-07 21:51:11.026530,76223.17415469213,76522.1777591394,76219.97118715743,76273.52292338114,990,2
2026-08-07 21:56:11.026530,76281.96117609952,76420.49444876147,76253.1627692543,76290.39942881788,952,6
2026-08-07 22:01:11.026530,76360.37922822096,76495.96220117385,76380.54837965597,76430.35902762404,1318,6
2026-08-07 22:06:11.026530,76466.7721422766,76668.96164077816,76376.87229040511,76503.18525692915,73,8
2026-08-07 22:11:11.026530,76505.75464742235,76610.57448724293,76349.59266255287,76508.32403791555,606,5
2026-08-07 22:16:11.026530,76488.19174261244,76598.40767313572,76413.89003444415,76468.05944730934,1446,5
2026-08-07 22:21:11.026530,76463.25559710688,76531.0067835263,76351.73963045137,76458.45174690444,1926,1
2026-08-07 22:26:11.026530,76241.66805590864,76135.62134894126,75945.95900907944,76024.88436491282,1807,4
2026-08-07 22:31:11.026530,76040.05745521428,76219.0271696206,75890.15175219934,76055.23054551573,931,1
2026-08-07 22:36:11.026530,76022.56908732324,76007.68008166204,75944.84722598305,75989.90762913074,1928,5
2026-08-07 22:41:11.026530,76099.75016041151,76338.99726502445,76085.2498683556,76209.59269169228,1292,8
2026-08-07 22:46:11.026530,76211.68162825753,76239.07793967349,76191.97265044315,76213.77056482277,1291,1
2026-08-07 22:51:11.026530,76133.06443992557,76084.38710007186,75953.92903552398,76052.35831502838,2128,3
2026-08-07 22:56:11.026530,76049.70477818108,76053.20181969712,75963.51207351517,76047.05124133379,2419,1
2026-08-07 23:01:11.026530,75976.27867621154,76007.69670138467,75804.56631592214,75905.5061110893,1323,6
2026-08-07 23:06:11.026530,75938.6204106317,76105.56295004302,75963.19775118667,75971.7347101741,615,1
2026-08-07 23:11:11.026530,75992.39344152309,76073.89725239958,75846.01127944133,76013.05217287208,2107,3
2026-08-07 23:16:11.026530,76079.39762597148,76212.16948207204,76078.17977945371,76145.74307907089,727,5
2026-08-07 23:21:11.026530,76092.34196828242,76168.72160885176,75982.88002997544,76038.94085749393,900,5
2026-08-07 23:26:11.026530,76042.02871794644,76120.39310872399,75979.13610876043,76045.11657839894,334,2
2026-08-07 23:31:11.026530,75952.56693152174,75946.65105310449,75808.61526788386,75860.01728464453,2250,3
2026-08-07 23:36:11.026530,75908.70096684711,75964.01427179223,75939.6003987112,75957.3846490497,1602,9
2026-08-07 23:41:11.026530,75993.63239779808,76172.92649264843,75987.19580683511,76029.88014654646,420,1
2026-08-07 23:46:11.026530,76064.58267177544,76136.69851468153,76043.02100262979,76099.28519700441,2398,1
2026-08-07 23:51:11.026530,76100.15708626178,76122.29659256533,76090.50064205597,76101.02897551913,1890,2
2026-08-07 23:56:11.026530,76130.20934849064,76200.27335264364,76092.20111425135,76159.38972146215,1928,8
2026-08-08 00:01:11.026530,76270.27939895904,76385.6809468365,76204.04857970237,76381.16907645592,2243,6
2026-08-08 00:06:11.026530,76362.33928228507,76379.90498443207,76261.19828786667,76343.50948811423,1660,4
2026-08-08 00:11:11.026530,76353.80050408503,76434.44242835109,76240.18466478365,76364.09152005582,190,7
2026-08-08 00:16:11.026530,76290.27965468934,76239.36088810161,76207.64486568305,76216.46778932284,2181,6
2026-08-08 00:21:11.026530,76157.7170827474,76255.43042901033,76071.59796889167,76098.96637617199,1179,9
2026-08-08 00:26:11.026530,76106.42723866687,76153.58209790984,76087.0436418466,76113.88810116176,1677,6
2026-08-08 00:31:11.026530,76190.34815210984,76270.40854771891,76243.49150265251,76266.80820305792,1428,2
2026-08-08 00:36:11.026530,76249.98343542173,76333.83465896161,76210.8293357638,76233.15866778554,2118,3
2026-08-08 00:41:11.026530,76217.73792359253,76249.04691454956,76163.55729480408,76202.31717939953,1294,9
2026-08-08 00:46:11.026530,76175.18382991734,76190.20201437101,76087.60705151262,76148.05048043514,1160,7
2026-08-08 00:51:11.026530,76112.18025838028,76100.1443586751,75933.88630989945,76076.3100363254,1765,6
2026-08-08 00:56:11.026530,76097.27287954501,76121.84468438354,76098.9831614857,76118.23572276461,502,5
2026-08-08 01:01:11.026530,76016.56120932056,75991.17933390001,75909.63545419899,75914.8866958765,391,3
2026-08-08 01:06:11.026530,76003.2667217775,76145.95400217008,76017.13268754102,76091.6467476785,442,4
2026-08-08 01:11:11.026530,76046.86427022834,76049.29438977744,75966.29833835861,76002.08179277818,1425,1
2026-08-08 01:16:11.026530,76052.25445685505,76103.40525697591,76047.57448904595,76102.42712093193,1319,5
2026-08-08 01:21:11.026530,76016.30078495448,75982.66939964607,75914.40470550106,75930.17444897702,1759,7
2026-08-08 01:26:11.026530,75976.66883045054,76064.8735693459,75978.4477934078,76023.16321192407,1020,2
2026-08-08 01:31:11.026530,76069.92720496713,76175.31990347814,76092.6446040534,76116.6911980102,1656,8
2026-08-08 01:36:11.026530,76143.78177353987,76189.48916110338,76115.67344576817,76170.87234906956,2255,6
2026-08-08 01:41:11.026530,76103.52184041616,76044.3974258778,75961.22928298282,76036.17133176274,748,3
2026-08-08 01:46:11.026530,76054.01309871883,76089.51266781824,75998.02575392627,76071.85486567493,215,2
2026-08-08 01:51:11.026530,75991.70260404528,75949.24199903592,75901.88893727948,75911.55034241563,2131,8
2026-08-08 01:56:11.026530,75895.04416255013,75906.32586864322,75793.31381875991,75878.53798268462,304,4
2026-08-08 02:01:11.026530,75949.66267851675,76028.66997050912,75970.54781331708,76020.78737434887,351,7
2026-08-08 02:06:11.026530,76076.09710142302,76148.02178225045,76082.4718509974,76131.40682849716,2317,7
2026-08-08 02:11:11.026530,76133.20849409876,76135.35566560103,75933.65458194149,76135.01015970035,984,9
2026-08-08 02:16:11.026530,76069.03353187953,76143.03867646074,75975.08941825658,76003.0569040587,1555,8
2026-08-08 02:21:11.026530,76048.00346977782,76174.36917794154,76055.48911911619,76092.95003549694,1306,8
2026-08-08 02:26:11.026530,76095.03832030241,76102.40318736597,76051.42748309302,76097.12660510787,1002,7
2026-08-08 02:31:11.026530,75939.3033902109,75910.2722667802,75701.76681791834,75781.48017531392,2312,5
2026-08-08 02:36:11.026530,75835.65464334482,75920.32528719383,75834.39757643855,75889.82911137573,294,9
2026-08-08 02:41:11.026530,75888.93289719164,75979.44126267577,75717.35919646746,75888.03668300755,2117,7
2026-08-08 02:46:11.026530,75971.01265521973,76076.84856087006,75942.81976175896,76053.9886274319,259,3
2026-08-08 02:51:11.026530,75979.85180693875,75936.21613977166,75722.89298457638,75905.7149864456,475,6
2026-08-08 02:56:11.026530,75690.07202424444,75497.32516724481,75452.92379417855,75474.42906204329,1030,3
2026-08-08 03:01:11.026530,75494.14628092168,75558.9463479228,75417.78131159929,75513.86349980005,2169,6
2026-08-08 03:06:11.026530,75534.4396327293,75603.5923635432,75482.85085565488,75555.01576565857,227,8
2026-08-08 03:11:11.026530,75440.97893192881,75443.75346906908,75214.95771609708,75326.94209819904,1596,9
2026-08-08 03:16:11.026530,75261.41579385595,75218.9996026761,75179.56052545748,75195.88948951286,1948,2
2026-08-08 03:21:11.026530,75383.57127528492,75617.04432224874,75492.4603678113,75571.25306105697,2084,6
2026-08-08 03:26:11.026530,75551.22824227143,75551.66485410422,75483.11432995318,75531.2034234859,348,3
2026-08-08 03:31:11.026530,75581.68163057082,75766.55692629474,75569.63323979716,75632.15983765574,2363,7
2026-08-08 03:36:11.026530,75588.65147994476,75564.32993176937,75541.59028508188,75545.1431222338,324,4
2026-08-08 03:41:11.026530,75404.04176896243,75318.96755994276,75248.88709219485,75262.94041569105,1778,5
2026-08-08 03:46:11.026530,75252.16186635115,75297.04657954576,75087.34759544319,75241.38331701123,1896,6
2026-08-08 03:51:11.026530,75224.15366841701,75251.52598243851,75051.2754068267,75206.9240198228,1844,8
2026-08-08 03:56:11.026530,75180.6190429143,75202.56746003199,75151.48846671816,75154.31406600578,102,2
2026-08-08 04:01:11.026530,75147.3120835679,75244.15548816681,75114.70129851306,75140.31010113,1895,4
2026-08-08 04:06:11.026530,75158.93760040915,75268.84089573947,75100.71314904086,75177.5650996883,1473,4
2026-08-08 04:11:11.026530,75168.16116768177,75226.07437945745,75129.9561317637,75158.75723567525,1487,6
2026-08-08 04:16:11.026530,75074.10329592996,75037.35986790784,74941.63674432485,74989.44935618466,1677,4
2026-08-08 04:21:11.026530,75023.02713354229,75087.50843746391,75028.63183357405,75056.60491089991,1997,5
2026-08-08 04:26:11.026530,74925.90170961455,74811.93278396103,74719.91337020772,74795.1985083292,538,5
2026-08-08 04:31:11.026530,74658.1768891874,74623.37557113719,74423.6691735772,74521.15527004561,2404,8
2026-08-08 04:36:11.026530,74571.51060298632,74726.2326538501,74557.5131359103,74621.86593592702,466,4
2026-08-08 04:41:11.026530,74656.67970525542,74714.25159460116,74617.64060412227,74691.49347458381,970,6
2026-08-08 04:46:11.026530,74688.38226813794,74736.15657097423,74583.31265770255,74685.27106169205,1603,7
2026-08-08 04:51:11.026530,74592.3362454694,74568.95293346839,74465.79556065703,74499.40142924673,715,8
2026-08-08 04:56:11.026530,74452.71066287722,74461.6903192288,74287.00956619736,74406.0198965077,55,9
2026-08-08 05:01:11.026530,74389.17282662303,74388.76827403916,74341.9929488267,74372.32575673837,1524,8
2026-08-08 05:06:11.026530,74266.39932368834,74191.42854598135,74142.92776308136,74160.47289063831,2487,4
2026-08-08 05:11:11.026530,74111.92026710641,74128.45140122683,74062.83940709649,74063.3676435745,2431,4
2026-08-08 05:16:11.026530,74107.61709671674,74213.5045267758,74149.95704515306,74151.86654985897,1521,5
2026-08-08 05:21:11.026530,74247.98606994812,74369.80358521928,74302.40281208187,74344.10559003727,387,3
2026-08-08 05:26:11.026530,74316.79481740753,74395.02513324855,74158.55328976882,74289.48404477778,318,2
2026-08-08 05:31:11.026530,74340.84162787115,74472.1305186261,74368.39378200022,74392.19921096452,2162,2
2026-08-08 05:36:11.026530,74265.00906576739,74180.56324430791,74130.23332028685,74137.81892057025,1137,9
2026-08-08 05:41:11.026530,74182.5885611066,74239.35384894347,74196.23198366599,74227.35820164296,1343,8
2026-08-08 05:46:11.026530,74174.43078049822,74228.53008086645,73882.96235905496,74121.50335935349,706,6
2026-08-08 05:51:11.026530,74142.75349157321,74164.99409988063,74073.35577122253,74164.00362379292,1450,9
2026-08-08 05:56:11.026530,74148.21174725748,74158.706234776,74064.76354098396,74132.41987072203,1918,5
2026-08-08 06:01:11.026530,74221.3646785632,74314.32871158868,74199.51157406396,74310.30948640437,2426,1
2026-08-08 06:06:11.026530,74252.61580335576,74312.8509135727,74176.28382333572,74194.92212030716,1706,8
2026-08-08 06:11:11.026530,74237.5972767894,74294.52784926396,74260.57628226526,74280.27243327163,911,3
2026-08-08 06:16:11.026530,74262.33386805706,74308.11421268916,74207.08390672787,74244.3953028425,1386,9
2026-08-08 06:21:11.026530,74234.56108460127,74281.74819452096,74181.46090625075,74224.72686636004,2406,1
2026-08-08 06:26:11.026530,74213.18905298549,74249.34373364584,74190.2392292627,74201.65123961095,1717,3
2026-08-08 06:31:11.026530,74145.95979008057,74194.1865177257,74050.09093279447,74090.26834055019,1875,1
2026-08-08 06:36:11.026530,74090.06910721873,74112.42812491763,74065.05051627936,74089.86987388728,1262,1
2026-08-08 06:41:11.026530,74086.43349321715,74138.10076915455,73993.8476270632,74082.99711254702,1115,6
2026-08-08 06:46:11.026530,74099.82638499312,74165.46271599167,74062.46208450341,74116.65565743922,369,4
2026-08-08 06:51:11.026530,74123.03428779688,74243.02288295819,74058.87919578023,74129.41291815453,1730,4
2026-08-08 06:56:11.026530,74183.4329205633,74393.76414033223,74150.38784066345,74237.45292297205,494,5
2026-08-08 07:01:11.026530,74299.95088807619,74416.03417016809,74339.73451502199,74362.44885318034,1447,3
2026-08-08 07:06:11.026530,74292.94329390745,74302.29530731672,74210.7208617304,74223.43773463457,335,2
2026-08-08 07:11:11.026530,74282.26149241309,74448.56919720903,74279.08230830416,74341.0852501916,2268,8
2026-08-08 07:16:11.026530,74262.53758670096,74254.94851481897,74152.64923370504,74183.98992321032,2360,7
2026-08-08 07:21:11.026530,74224.0018742419,74332.25097042443,74222.01155646356,74264.01382527349,1877,4
2026-08-08 07:26:11.026530,74306.20227470723,74406.90985267927,74289.6401713176,74348.39072414099,2239,2
2026-08-08 07:31:11.026530,74221.45840801162,74133.07409620968,74066.77582771951,74094.52609188226,1513,9
2026-08-08 07:36:11.026530,74101.46801533861,74127.82716021493,74052.64347209143,74108.40993879498,642,8
2026-08-08 07:41:11.026530,74077.91602550825,74116.6511666329,73954.62856300743,74047.42211222152,465,4
2026-08-08 07:46:11.026530,73997.62994833905,74034.19571952213,73833.49302355922,73947.83778445655,2122,5
2026-08-08 07:51:11.026530,74038.59180879779,74196.42169062316,74095.16191546575,74129.34583313901,143,6
2026-08-08 07:56:11.026530,74086.5007827752,74111.20422228605,73955.69053858203,74043.65573241138,2402,4
2026-08-08 08:01:11.026530,73990.69769599923,74042.81166364426,73902.66690933789,73937.7396595871,2282,2
2026-08-08 08:06:11.026530,73943.51652978337,74000.94575757738,73750.9268406471,73949.29339997967,2380,5
2026-08-08 08:11:11.026530,73995.6909691075,74048.71486307037,74011.08458235429,74042.08853823534,1228,1
2026-08-08 08:16:11.026530,74033.39081956915,74062.5347912156,73998.70272105181,74024.69310090294,735,7
2026-08-08 08:21:11.026530,74103.2227384403,74184.14014448404,74166.36166118101,74181.75237597765,912,9
2026-08-08 08:26:11.026530,74217.96169092627,74296.23981469792,74242.25246783931,74254.17100587489,734,3
2026-08-08 08:31:11.026530,74109.628496917,73991.93176623223,73902.65988800224,73965.08598795912,1087,6
2026-08-08 08:36:11.026530,73930.59586912539,73917.5584791821,73884.67623001891,73896.10575029165,390,9
2026-08-08 08:41:11.026530,73859.4967110365,73943.32157289279,73737.13186792601,73822.88767178134,653,4
2026-08-08 08:46:11.026530,73855.48931855513,73942.97555935278,73863.0109487949,73888.09096532894,1856,6
2026-08-08 08:51:11.026530,73714.6896149168,73595.05960054415,73453.03441474427,73541.28826450466,783,3
2026-08-08 08:56:11.026530,73711.12641440044,73910.83768481493,73853.48870808794,73880.96456429623,1546,9
2026-08-08 09:01:11.026530,73917.03041654578,74027.09627463436,73909.04613716755,73953.09626879531,1181,7
2026-08-08 09:06:11.026530,73963.74624371604,74017.02227161945,73970.16676022207,73974.39621863677,1404,7
2026-08-08 09:11:11.026530,74053.88644031525,74254.62678035253,74026.85531710337,74133.37666199375,589,4
2026-08-08 09:16:11.026530,74290.82011797262,74492.38135545644,74436.29278306049,74448.26357395147,1782,6
2026-08-08 09:21:11.026530,74507.39799563642,74573.17738406276,74559.43314220301,74566.53241732136,1785,8
2026-08-08 09:26:11.026530,74631.00850180766,74833.04559956366,74552.0799818368,74695.48458629395,2481,6
2026-08-08 09:31:11.026530,74705.01851705521,74781.91630640395,74643.84988221504,74714.55244781647,2257,6
2026-08-08 09:36:11.026530,74705.78399257228,74724.17010915776,74650.70280620294,74697.01553732809,1469,4
2026-08-08 09:41:11.026530,74665.78911898256,74678.33316258283,74476.72686007325,74634.56270063705,2039,8
2026-08-08 09:46:11.026530,74579.85832525846,74581.2487930596,74485.73042997638,74525.15394987988,664,8
2026-08-08 09:51:11.026530,74479.8469194582,74440.53634235608,74274.84435654312,74434.53988903652,537,9
2026-08-08 09:56:11.026530,74344.91710752546,74282.8493770071,74188.51809781366,74255.2943260144,1262,6
2026-08-08 10:01:11.026530,74250.96665998615,74361.81488369146,74118.98161459163,74246.63899395792,1491,2
2026-08-08 10:06:11.026530,74134.97691541442,74067.29495733809,73987.17918630784,74023.3148368709,2440,4
2026-08-08 10:11:11.026530,74036.77656412458,74114.24115224076,73913.18292174091,74050.23829137826,1434,4
2026-08-08 10:16:11.026530,74048.55757074518,74048.31056097383,74009.54213022493,74046.87685011208,2206,8
2026-08-08 10:21:11.026530,74057.41090714256,74070.77834096689,74038.84460985364,74067.94496417303,898,5
2026-08-08 10:26:11.026530,74033.89541488505,74041.96890202866,73938.29807474511,73999.84586559708,350,4
2026-08-08 10:31:11.026530,74206.07695908345,74494.57476768954,74384.2724597077,74412.30805256983,1441,8
2026-08-08 10:36:11.026530,74504.25402691154,74619.21602260276,74513.01280619916,74596.20000125327,1389,3
2026-08-08 10:41:11.026530,74513.4834927328,74561.41953224006,74373.37571634229,74430.76698421234,754,2
2026-08-08 10:46:11.026530,74447.11417647483,74572.96800764723,74419.6208457696,74463.46136873732,318,4
2026-08-08 10:51:11.026530,74423.48066730794,74519.45054450934,74305.92529394901,74383.49996587858,1574,1
2026-08-08 10:56:11.026530,74316.38992417368,74270.10672118524,74234.0840588168,74249.27988246876,527,1
2026-08-08 11:01:11.026530,74160.57906185574,74074.70787072652,74045.97186792117,74071.87824124271,225,5
2026-08-08 11:06:11.026530,74101.4443470678,74218.01414105235,74051.22690174638,74131.01045289286,288,1
2026-08-08 11:11:11.026530,74086.31846371744,74103.30099996775,73936.73480706279,74041.626474542,2018,4
2026-08-08 11:16:11.026530,74106.91787013435,74212.49533911541,74132.80688147928,74172.20926572669,659,8
2026-08-08 11:21:11.026530,74239.3516134631,74390.41204240141,74216.36562093503,74306.4939611995,1837,8
2026-08-08 11:26:11.026530,74399.23426589424,74508.7822986502,74485.6136844142,74491.97457058897,541,2
2026-08-08 11:31:11.026530,74435.6157970696,74411.95244634995,74342.5212617959,74379.25702355024,2196,3
2026-08-08 11:36:11.026530,74411.83668520502,74593.21909454896,74431.9000504137,74444.41634685981,378,3
2026-08-08 11:41:11.026530,74487.56019201482,74624.55698427359,74526.23828317187,74530.70403716982,494,1
2026-08-08 11:46:11.026530,74499.65553588569,74476.86603191849,74449.07133164145,74468.60703460153,1739,3
2026-08-08 11:51:11.026530,74417.66110159582,74386.62120355004,74163.65650267858,74366.7151685901,1047,8
2026-08-08 11:56:11.026530,74475.3424875249,74670.18486238229,74497.85272091364,74583.9698064597,2392,6
2026-08-08 12:01:11.026530,74599.98987713625,74671.35814122457,74547.89683402087,74616.00994781278,491,5
2026-08-08 12:06:11.026530,74659.4894626165,74735.10568474529,74690.79709686604,74702.96897742023,844,9
2026-08-08 12:11:11.026530,74648.48541568744,74794.79255770888,74579.02724874346,74594.00185395463,1881,7
2026-08-08 12:16:11.026530,74512.9797487983,74485.00065389165,74380.81731171953,74431.95764364196,940,6
2026-08-08 12:21:11.026530,74394.5740164713,74446.88718215127,74336.50508972046,74357.19038930067,2128,5
2026-08-08 12:26:11.026530,74349.63503527691,74426.20495126976,74237.64438298646,74342.07968125315,1204,5
2026-08-08 12:31:11.026530,74271.68514723724,74256.41729337674,74085.33143426136,74201.29061322131,1801,9
2026-08-08 12:36:11.026530,74201.37517846689,74229.28042357569,74099.53129334068,74201.45974371246,1399,6
2026-08-08 12:41:11.026530,74089.6101028475,74051.08676855969,73877.23555482816,73977.76046198253,2383,4
2026-08-08 12:46:11.026530,73904.00113909674,73926.73642010626,73803.71300688681,73830.24181621097,340,4
2026-08-08 12:51:11.026530,73875.58813314361,73972.42206167197,73873.39897696862,73920.93445007627,417,4
2026-08-08 12:56:11.026530,73961.8657906394,74066.19706624724,73991.69870169113,74002.7971312025,535,6
2026-08-08 13:01:11.026530,73977.44586867484,74012.43194749548,73867.96854458148,73952.09460614716,217,1
2026-08-08 13:06:11.026530,73885.1555691397,73996.24873718942,73648.39679432755,73818.21653213224,1934,9
2026-08-08 13:11:11.026530,73750.75944557451,73738.4464683424,73623.51720692888,73683.30235901679,1840,2
2026-08-08 13:16:11.026530,73659.29374496834,73716.88587150698,73611.83011933984,73635.28513091987,127,2
2026-08-08 13:21:11.026530,73678.76050470729,73789.41845280027,73695.17931206206,73722.23587849471,1158,5
2026-08-08 13:26:11.026530,73784.61493559385,73872.20349903347,73832.46787094953,73846.993992693,941,4
2026-08-08 13:31:11.026530,73814.74591469992,73835.93013401203,73674.14428058671,73782.49783670685,710,3
2026-08-08 13:36:11.026530,73706.71680495623,73642.9751153314,73627.38046980032,73630.9357732056,1274,5
2026-08-08 13:41:11.026530,73649.42614428127,73839.25889261485,73597.41619670845,73667.91651535695,638,7
2026-08-08 13:46:11.026530,73614.09126522276,73578.09508462888,73431.58961232967,73560.26601508856,614,2
2026-08-08 13:51:11.026530,73526.70641581906,73520.89669387037,73452.42487412659,73493.14681654958,351,6
2026-08-08 13:56:11.026530,73581.64698804797,73680.76887514217,73650.4719867321,73670.14715954637,2390,4
2026-08-08 14:01:11.026530,73725.76615345804,74018.3097669777,73729.9166676923,73781.3851473697,343,2
2026-08-08 14:06:11.026530,73792.61467722736,73904.72574890255,73722.06251746204,73803.84420708504,158,1
2026-08-08 14:11:11.026530,73720.19194329967,73696.0334573641,73602.99683559907,73636.53967951429,2462,8
2026-08-08 14:16:11.026530,73651.28885889481,73689.24222498717,73655.32584574215,73666.03803827535,1567,5
2026-08-08 14:21:11.026530,73737.29711780997,73831.62033917199,73807.22784527605,73808.55619734457,2190,2
2026-08-08 14:26:11.026530,73784.34974451688,73773.70348147962,73732.18606117657,73760.14329168918,1758,8
2026-08-08 14:31:11.026530,73850.68438337243,73991.95397518603,73922.39011088671,73941.22547505566,477,3
2026-08-08 14:36:11.026530,74028.0952404065,74197.10971690898,74022.79294063337,74114.96500575735,687,7
2026-08-08 14:41:11.026530,74226.85147437389,74387.73117117611,74247.0128275673,74338.73794299044,2465,2
2026-08-08 14:46:11.026530,74359.90960768194,74419.21804994365,74341.83768376059,74381.08127237346,154,7
2026-08-08 14:51:11.026530,74421.16841913793,74491.61782131052,74447.41088315133,74461.25556590241,2306,4
2026-08-08 14:56:11.026530,74556.89475392862,74667.2109037721,74640.13677369036,74652.53394195483,1134,1
2026-08-08 15:01:11.026530,74683.35236487241,74861.8958951309,74643.8205121685,74714.17078778999,61,5
2026-08-08 15:06:11.026530,74681.2281013452,74688.04692442178,74644.31104917116,74648.28541490041,698,4
2026-08-08 15:11:11.026530,74618.90880619308,74667.5381340599,74550.84651541321,74589.53219748575,924,8
2026-08-08 15:16:11.026530,74606.29619155082,74643.07184523299,74565.36657553168,74623.06018561589,2483,1
2026-08-08 15:21:11.026530,74537.23020942751,74511.90554960055,74410.84548221008,74451.40023323911,933,2
2026-08-08 15:26:11.026530,74442.5465561175,74480.96998141425,74409.64200277225,74433.69287899588,604,5
2026-08-08 15:31:11.026530,74507.96928318596,74669.98528734437,74562.04504020479,74582.24568737602,1509,2
2026-08-08 15:36:11.026530,74436.19250259476,74320.79116201296,74279.49381408111,74290.13931781347,1393,1
2026-08-08 15:41:11.026530,74393.62330240084,74685.57577582978,74471.19523318924,74497.1072869882,1944,6
2026-08-08 15:46:11.026530,74573.1821077234,74673.4168421236,74611.27786216965,74649.25692845859,1038,4
2026-08-08 15:51:11.026530,74619.12661069044,74621.70442458306,74582.41931227212,74588.99629292228,1629,5
2026-08-08 15:56:11.026530,74626.23864445512,74706.7973280524,74631.66632249903,74663.48099598798,402,3
2026-08-08 16:01:11.026530,74664.43916131722,74741.5375169523,74663.98475051687,74665.39732664646,1556,6
2026-08-08 16:06:11.026530,74748.89115538911,74848.15778089347,74702.74156687215,74832.38498413177,2079,4
2026-08-08 16:11:11.026530,74899.3760788778,75101.19211686296,74963.82747132893,74966.36717362383,1896,6
2026-08-08 16:16:11.026530,74872.77149229452,74793.60844878775,74774.04438977232,74779.1758109652,2440,5
2026-08-08 16:21:11.026530,74819.46879739597,74910.27739429018,74840.14825583648,74859.76178382672,2433,2
2026-08-08 16:26:11.026530,74846.65874853633,74898.61136537061,74785.57037721614,74833.55571324594,2121,4
2026-08-08 16:31:11.026530,74839.88337399001,74854.07988981971,74749.57654573898,74846.2110347341,934,2
2026-08-08 16:36:11.026530,74797.93983859706,74812.5388136461,74699.24437154326,74749.66864246,1515,5
2026-08-08 16:41:11.026530,74868.20912800223,75034.90961548594,74964.5913978892,74986.74961354445,2201,3
2026-08-08 16:46:11.026530,75057.75840787048,75163.05401012655,75114.87261966777,75128.76720219653,623,6
2026-08-08 16:51:11.026530,75079.53050005814,75136.64832292555,75007.48632283446,75030.29379791977,1738,5
2026-08-08 16:56:11.026530,74941.02786879858,74871.27742920267,74851.27190227048,74851.7619396774,824,2
2026-08-08 17:01:11.026530,74826.53751317733,74827.58867930983,74765.01738198297,74801.31308667727,292,8
2026-08-08 17:06:11.026530,74831.32436591465,74956.67935749065,74783.06585221179,74861.33564515202,2439,6
2026-08-08 17:11:11.026530,74878.27200625172,74959.2011704633,74856.88971739246,74895.20836735141,914,9
2026-08-08 17:16:11.026530,74980.52263447925,75088.92559175714,75016.94129029824,75065.8369016071,2270,3
2026-08-08 17:21:11.026530,75119.9929797409,75269.80320574192,75160.8381517666,75174.14905787469,1489,4
2026-08-08 17:26:11.026530,75240.55726863054,75342.16986173233,75273.58212452402,75306.96547938639,2200,8
2026-08-08 17:31:11.026530,75329.87855733573,75443.18585583301,75305.03622089428,75352.79163528509,2257,7
2026-08-08 17:36:11.026530,75259.44221482548,75227.39824248919,75068.36210471424,75166.09279436589,763,8
2026-08-08 17:41:11.026530,75153.60762499666,75229.13042280276,74944.23975573319,75141.12245562742,625,9
2026-08-08 17:46:11.026530,75213.63445147139,75303.37498129392,75243.2338237127,75286.14644731536,2293,8
2026-08-08 17:51:11.026530,75283.4083418996,75318.60781624672,75229.9844740245,75280.67023648384,1038,8
2026-08-08 17:56:11.026530,75315.52485288934,75410.34732953872,75192.54900971371,75350.37946929484,1464,6
2026-08-08 18:01:11.026530,75329.52272244456,75313.21222299433,75244.42012504215,75308.66597559425,119,2
2026-08-08 18:06:11.026530,75239.68394555507,75177.08225883673,75146.31065894486,75170.70191551589,892,7
2026-08-08 18:11:11.026530,75163.10971556208,75172.29311687055,75150.06981542216,75155.51751560826,2344,4
2026-08-08 18:16:11.026530,75177.17927032657,75209.34188547476,75131.22103925515,75198.84102504488,2426,3
2026-08-08 18:21:11.026530,75155.24205001748,75122.48303319744,75040.11935428216,75111.64307499008,2255,4
2026-08-08 18:26:11.026530,75096.46306711301,75144.2634601609,75035.36542141043,75081.28305923594,967,4
2026-08-08 18:31:11.026530,75018.60376122987,75032.15078076895,74914.28045942621,74955.92446322381,792,3
2026-08-08 18:36:11.026530,75032.2562838028,75114.79504109095,75024.04972379711,75108.58810438176,104,9
2026-08-08 18:41:11.026530,75089.43953316804,75084.43416340993,74963.17072874993,75070.2909619543,1887,3
2026-08-08 18:46:11.026530,75169.32498623204,75329.11740574778,75188.16545708598,75268.35901050978,1426,2
2026-08-08 18:51:11.026530,75372.81609933678,75585.84469143534,75467.460917782,75477.27318816379,459,1
2026-08-08 18:56:11.026530,75472.52284431699,75574.37837612205,75450.2501440648,75467.77250047021,1088,1
2026-08-08 19:01:11.026530,75400.09310408522,75377.53856212906,75265.4594248491,75332.41370770024,196,5
2026-08-08 19:06:11.026530,75192.00722749559,75183.22859154327,74932.9754366412,75051.60074729094,1563,5
2026-08-08 19:11:11.026530,74953.05003303578,74916.19392439548,74776.6788850343,74854.4993187806,1729,9
2026-08-08 19:16:11.026530,74762.80642045826,74745.5068340152,74667.72329229563,74671.11352213593,1098,4
2026-08-08 19:21:11.026530,74764.61579642203,74868.1734781524,74784.77108106368,74858.11807070815,1764,5
2026-08-08 19:26:11.026530,74866.67099851984,75004.45555040435,74844.01535072163,74875.22392633154,2430,6
2026-08-08 19:31:11.026530,74902.23697288045,74946.787750898,74910.08586938979,74929.25001942935,1247,7
2026-08-08 19:36:11.026530,74780.5581308689,74746.06564105744,74574.37268627134,74631.86624230845,1848,9
2026-08-08 19:41:11.026530,74552.23183105288,74501.96811052298,74413.69436699378,74472.59741979731,2387,6
2026-08-08 19:46:11.026530,74532.84765880526,74612.82695808691,74528.84557599443,74593.09789781322,76,1
2026-08-08 19:51:11.026530,74613.1014236878,74681.73293995541,74609.31062056999,74633.10494956237,1174,8
2026-08-08 19:56:11.026530,74623.96465189272,74661.04402544312,74565.3016732928,74614.82435422306,2485,2
2026-08-08 20:01:11.026530,74653.52161007488,74826.74541450871,74602.75047790565,74692.21886592668,1140,9
2026-08-08 20:06:11.026530,74803.09327795217,74994.11156458792,74905.4908919119,74913.96768997765,299,7
2026-08-08 20:11:11.026530,74899.81625239596,74956.68424058211,74844.13566391871,74885.66481481427,191,7
2026-08-08 20:16:11.026530,74891.08938778116,74976.18451445532,74787.90147696108,74896.51396074807,316,5
2026-08-08 20:21:11.026530,74910.24779768867,74933.19209619121,74871.02526009812,74923.9816346293,264,8
2026-08-08 20:26:11.026530,75086.38562511516,75283.97675947436,75197.63288354175,75248.78961560102,538,1
2026-08-08 20:31:11.026530,75107.63095012499,74979.74419812074,74961.74219296477,74966.47228464896,545,3
2026-08-08 20:36:11.026530,75013.34817332854,75120.42775846348,74910.93746798605,75060.22406200813,529,9
2026-08-08 20:41:11.026530,75053.21994364438,75087.23431834816,74954.74337419613,75046.21582528063,50,1
2026-08-08 20:46:11.026530,75085.26726031463,75216.24725250034,74900.5622703689,75124.31869534864,1953,8
2026-08-08 20:51:11.026530,75080.64914448923,75055.187638919,74876.18597819285,75036.9795936298,890,6
2026-08-08 20:56:11.026530,75034.42328129732,75118.98068562134,74989.13508376274,75031.86696896485,2477,5
2026-08-08 21:01:11.026530,75080.68964621484,75129.85821768518,75086.7458331791,75129.51232346483,893,6
2026-08-08 21:06:11.026530,75341.34293017742,75623.29952916631,75501.14866071248,75553.17353689,1935,5
2026-08-08 21:11:11.026530,75608.9148814592,75783.58846326955,75652.57652577135,75664.6562260284,2399,9
2026-08-08 21:16:11.026530,75607.70405036438,75598.73113522821,75344.20031596148,75550.75187470035,699,2
2026-08-08 21:21:11.026530,75522.70397371033,75509.86817897785,75437.0133736149,75494.65607272033,1490,6
2026-08-08 21:26:11.026530,75464.61567117763,75611.46092184185,75414.23029870105,75434.57526963492,1943,4
2026-08-08 21:31:11.026530,75313.61576783353,75309.94860515582,75188.94969805986,75192.65626603214,1351,3
2026-08-08 21:36:11.026530,75171.07606596753,75285.23065146146,75147.80434087712,75149.49586590292,2436,5
2026-08-08 21:41:11.026530,75199.84562727716,75281.65901399359,75210.10851766581,75250.19538865138,1532,2
2026-08-08 21:46:11.026530,75164.74747103029,75079.34496074844,75076.95605477774,75079.2995534092,1775,3
2026-08-08 21:51:11.026530,75150.96607707237,75289.77401775298,75070.38350109577,75222.63260073552,1404,7
2026-08-08 21:56:11.026530,75256.42253192255,75350.78924156877,75111.62115688664,75290.21246310956,1343,1
2026-08-08 22:01:11.026530,75241.24471631864,75260.45960000464,75094.76274590405,75192.27696952772,1245,2
2026-08-08 22:06:11.026530,75183.45218604058,75229.51663580301,75070.30454746245,75174.62740255344,453,3
2026-08-08 22:11:11.026530,75283.67494852454,75439.29128467948,75364.61999222061,75392.72249449564,1541,7
2026-08-08 22:16:11.026530,75443.28405021896,75560.32171925157,75474.60094693616,75493.84560594228,2344,4
2026-08-08 22:21:11.026530,75495.19736929997,75592.85987405418,75408.5837598086,75496.54913265766,1596,8
2026-08-08 22:26:11.026530,75481.15739377326,75516.51057233011,75289.77870075346,75465.76565488888,1902,8
2026-08-08 22:31:11.026530,75471.72400887612,75623.51531253313,75437.00525660196,75477.68236286336,160,1
2026-08-08 22:36:11.026530,75443.68840468595,75491.71660963052,75266.3038657872,75409.69444650854,862,5
2026-08-08 22:41:11.026530,75267.86928344719,75229.1705807803,75102.91257422113,75126.04412038584,979,1
2026-08-08 22:46:11.026530,75265.13092239285,75430.85345788804,75365.73887936537,75404.21772439989,935,7
2026-08-08 22:51:11.026530,75415.51440270222,75451.08232109215,75420.31912609063,75426.81108100456,958,4
2026-08-08 22:56:11.026530,75454.60346539195,75519.34294681811,75433.08589144789,75482.39584977934,2389,8
2026-08-08 23:01:11.026530,75479.21689349864,75596.22904193873,75414.8189256392,75476.03793721796,2032,8
2026-08-08 23:06:11.026530,75426.88939680812,75411.00502384259,75327.2958691441,75377.74085639829,224,9
2026-08-08 23:11:11.026530,75365.88338885474,75410.79352241481,75317.02358608393,75354.02592131117,2206,6
2026-08-08 23:16:11.026530,75246.46453808784,75270.27063152281,75094.15717085253,75138.90315486451,1413,7
2026-08-08 23:21:11.026530,75293.9616523954,75539.88614849663,75434.60545635498,75449.0201499263,1087,7
2026-08-08 23:26:11.026530,75366.03759392153,75289.00819653709,75236.56943259157,75283.05503791675,2140,5
2026-08-08 23:31:11.026530,75213.95076173393,75198.03053057009,75135.20084191396,75144.84648555111,510,7
2026-08-08 23:36:11.026530,75115.83425165426,75102.63268363145,75046.18089722755,75086.82201775741,198,9
2026-08-08 23:41:11.026530,75174.72138527798,75307.56442418077,75085.68419609418,75262.62075279854,387,4
2026-08-08 23:46:11.026530,75264.35620580011,75352.10560879084,75234.05533295257,75266.0916588017,1052,2
2026-08-08 23:51:11.026530,75183.20054348663,75195.77650307873,75075.23574476465,75100.30942817155,2321,8
2026-08-08 23:56:11.026530,75185.93899726449,75398.57751090087,75266.51611447343,75271.56856635744,1183,7
2026-08-09 00:01:11.026530,75321.8760824019,75444.54894212243,75360.02919350755,75372.18359844634,403,6
2026-08-09 00:06:11.026530,75409.48048056659,75587.78432553123,75237.6834896506,75446.77736268684,1157,7
2026-08-09 00:11:11.026530,75496.16398796102,75589.60477238499,75509.66333972926,75545.5506132352,2163,3
2026-08-09 00:16:11.026530,75709.45570435032,75908.595680213,75726.72840820273,75873.36079546543,1964,6
2026-08-09 00:21:11.026530,76023.62779294445,76282.76314520121,76172.83342913768,76173.89479042347,1159,7
2026-08-09 00:26:11.026530,76127.60587670337,76084.03408864363,76056.06762611828,76081.31696298326,133,7
2026-08-09 00:31:11.026530,76193.4352548675,76323.75311656223,76304.16030720984,76305.55354675173,2027,5
2026-08-09 00:36:11.026530,76332.64028765637,76363.25869108911,76330.469440403,76359.72702856101,276,3
2026-08-09 00:41:11.026530,76394.80646961546,76673.13598820101,76375.50407004167,76429.88591066991,1062,2
2026-08-09 00:46:11.026530,76314.41894428035,76331.013434121,76180.11631504472,76198.95197789079,69,7
2026-08-09 00:51:11.026530,76188.03063794968,76217.50482016608,76142.1506192546,76177.10929800855,1516,4
2026-08-09 00:56:11.026530,76122.184013158,76094.35456330155,75929.51743946392,76067.25872830744,319,2
2026-08-09 01:01:11.026530,76124.75215974919,76187.3283294703,76099.45447001992,76182.24559119093,1581,8
2026-08-09 01:06:11.026530,76256.5173147308,76344.26157871001,76137.86111924285,76330.78903827067,353,2
2026-08-09 01:11:11.026530,76189.30279207914,76096.87204554277,75993.87491802493,76047.81654588762,1358,6
2026-08-09 01:16:11.026530,76047.06889843763,76096.96092981013,75908.65576156143,76046.32125098766,859,4
2026-08-09 01:21:11.026530,76123.9429325672,76309.13578821032,76136.49400020856,76201.56461414673,1102,9
2026-08-09 01:26:11.026530,76189.52582604687,76192.79520159792,76148.3985549418,76177.48703794701,2488,5
2026-08-09 01:31:11.026530,76228.26704550795,76325.31024538918,76218.70463249875,76279.04705306889,1982,4
2026-08-09 01:36:11.026530,76303.92586487325,76345.18198838933,76286.6987031623,76328.80467667761,2090,8
2026-08-09 01:41:11.026530,76353.04632589253,76407.87992138858,76370.03202431908,76377.28797510744,958,3
2026-08-09 01:46:11.026530,76359.4058640184,76423.25812922536,76266.4572860201,76341.52375292937,191,9
2026-08-09 01:51:11.026530,76258.78889243765,76255.51273401403,76117.61994687264,76176.05403194594,1729,8
2026-08-09 01:56:11.026530,76100.00145601298,76043.38474401258,75886.88270746691,76023.94888008,858,8
2026-08-09 02:01:11.026530,76073.27609864295,76178.38852069082,76008.77228961796,76122.6033172059,997,5
2026-08-09 02:06:11.026530,76124.6976926194,76280.93777657772,75967.31658192523,76126.7920680329,2342,1
2026-08-09 02:11:11.026530,76118.06429316773,76152.24561402466,76027.02942912387,76109.33651830255,815,9
2026-08-09 02:16:11.026530,76081.07232225609,76097.42508565019,76045.43833360593,76052.80812620964,969,2
2026-08-09 02:21:11.026530,76032.68455902768,76028.38913107447,75979.50452252233,76012.56099184572,988,1
2026-08-09 02:26:11.026530,76085.01068561876,76267.6358052385,76115.75727577029,76157.4603793918,2363,6
2026-08-09 02:31:11.026530,76135.25022966918,76183.0447912525,76101.87739541625,76113.04007994657,1312,1
2026-08-09 02:36:11.026530,76022.04491017635,76010.27736336632,75927.07281139662,75931.04974040613,2347,7
2026-08-09 02:41:11.026530,75982.66373762363,76036.976377178,75931.20229609992,76034.27773484113,1004,7
2026-08-09 02:46:11.026530,76021.02050542232,76039.18493655934,75846.15964158237,76007.76327600349,1364,1
2026-08-09 02:51:11.026530,76010.67116144343,76023.1421192122,75997.21101901567,76013.57904688339,592,5
2026-08-09 02:56:11.026530,76124.47866765792,76275.65715683023,76165.75413614525,76235.37828843246,1152,3
2026-08-09 03:01:11.026530,76234.72995004847,76270.34876050406,76189.15045426342,76234.08161166446,193,2
2026-08-09 03:06:11.026530,76254.69060843917,76281.48012870231,76260.2170764066,76275.29960521388,1249,5
2026-08-09 03:11:11.026530,76195.21608970786,76204.97856003587,76030.45206314059,76115.13257420185,2167,5
2026-08-09 03:16:11.026530,76100.84825435863,76166.31023538197,75989.68620611959,76086.56393451539,2277,2
2026-08-09 03:21:11.026530,76129.08761649924,76205.61748908964,75999.09041490959,76171.61129848308,642,6
2026-08-09 03:26:11.026530,76065.89222375047,75964.65333514256,75935.3476471235,75960.17314901786,616,7
2026-08-09 03:31:11.026530,75974.66612050554,76043.1043114465,75920.78527885396,75989.1590919932,740,1
2026-08-09 03:36:11.026530,75996.81288035514,76030.26325472526,75937.4359083647,76004.46666871708,1183,3
2026-08-09 03:41:11.026530,76008.05111035658,76098.71935232387,75914.90209450774,76011.63555199609,714,4
2026-08-09 03:46:11.026530,76083.41589751278,76229.1830180619,76065.0518694319,76155.19624302948,2032,2
2026-08-09 03:51:11.026530,76178.88746972976,76286.37975533023,76136.48928252528,76202.57869643004,455,5
2026-08-09 03:56:11.026530,76304.847329159,76496.72930091857,76270.58604672753,76407.11596188799,1035,4
2026-08-09 04:01:11.026530,76339.61415939404,76329.8770036644,76251.28164436703,76272.11235690009,1466,2
2026-08-09 04:06:11.026530,76282.20694227917,76372.73114431568,76091.11540631633,76292.30152765824,566,1
2026-08-09 04:11:11.026530,76298.86476421036,76435.33140803534,76205.70663390715,76305.42800076246,899,8
2026-08-09 04:16:11.026530,76232.82928524623,76192.70056860545,76135.02976836616,76160.23056972999,1951,2
2026-08-09 04:21:11.026530,76226.59842253209,76322.83852218205,76140.58170690261,76292.96627533417,957,4
2026-08-09 04:26:11.026530,76453.6874371391,76710.61023984296,76588.20507934918,76614.40859894402,365,5
2026-08-09 04:31:11.026530,76614.00212588129,76628.51735998782,76570.4863924011,76613.59565281858,1335,2
2026-08-09 04:36:11.026530,76649.20065872301,76796.049715798,76651.34247826778,76684.80566462746,1557,9
2026-08-09 04:41:11.026530,76691.40623536035,76777.47386845859,76549.0371742361,76698.00680609324,76,2
2026-08-09 04:46:11.026530,76649.54696051974,76698.87262824402,76530.53833399035,76601.08711494626,1568,6
2026-08-09 04:51:11.026530,76476.53110337481,76396.33402286707,76348.12254446789,76351.97509180335,104,7
2026-08-09 04:56:11.026530,76304.26996337011,76271.62807579032,76198.95034488454,76256.56483493686,1984,6
2026-08-09 05:01:11.026530,76161.9137101139,76163.00668762204,75940.5673621045,76067.26258529096,1905,4
2026-08-09 05:06:11.026530,76184.86845394198,76423.66668327426,76229.50095863867,76302.47432259299,298,1
2026-08-09 05:11:11.026530,76295.33317674082,76397.38361627102,76250.02267320723,76288.19203088868,2370,2
2026-08-09 05:16:11.026530,76265.21123406681,76353.07075887418,76218.87189729435,76242.23043724493,1851,6
2026-08-09 05:21:11.026530,76304.05490230187,76463.62586581551,76330.67978227214,76365.8793673588,2288,8
2026-08-09 05:26:11.026530,76289.62211800492,76287.30454143147,76156.94330061116,76213.36486865103,906,3
2026-08-09 05:31:11.026530,76161.56148593104,76166.78470458185,76027.09143660397,76109.75810321105,1519,7
2026-08-09 05:36:11.026530,76115.18245490099,76148.75978081329,76117.5118065116,76120.60680659093,1926,9
2026-08-09 05:41:11.026530,76191.91419576327,76368.43133776411,76167.5792446474,76263.2215849356,1575,4
2026-08-09 05:46:11.026530,76298.43457201635,76408.74304419417,76201.0771343271,76333.6475590971,1466,7
2026-08-09 05:51:11.026530,76351.47506535798,76375.40475107906,76303.69619927241,76369.30257161887,1844,7
2026-08-09 05:56:11.026530,76375.43597444282,76415.33505926418,76379.16271768436,76381.56937726677,158,9
2026-08-09 06:01:11.026530,76409.85724267262,76539.16915713558,76415.8735822837,76438.14510807848,1030,3
2026-08-09 06:06:11.026530,76452.78486930495,76672.02902392118,76466.46715376213,76467.4246305314,2323,1
2026-08-09 06:11:11.026530,76397.37016804297,76412.92626429207,76242.74360427447,76327.31570555453,402,8
2026-08-09 06:16:11.026530,76331.24457389943,76426.91473697411,76333.14146340247,76335.17344224431,1477,4
2026-08-09 06:21:11.026530,76262.2423726358,76222.45823263144,76079.47580421112,76189.31130302728,1780,2
2026-08-09 06:26:11.026530,76195.63358150443,76215.89130528495,76191.74453849033,76201.9558599816,2242,5
2026-08-09 06:31:11.026530,76169.76780168785,76191.48505140287,76003.04513340139,76137.57974339412,1827,4
2026-08-09 06:36:11.026530,76312.75104106181,76637.08314852182,76419.94844301531,76487.9223387295,1166,1
2026-08-09 06:41:11.026530,76485.94097460693,76593.40854119795,76407.70749524933,76483.95961048437,2370,7
2026-08-09 06:46:11.026530,76388.18296448048,76372.5226378405,76286.43846742532,76292.40631847658,583,4
2026-08-09 06:51:11.026530,76283.95694040836,76435.53176315715,76206.77368752888,76275.50756234014,1267,8
2026-08-09 06:56:11.026530,76311.94062536265,76542.93861649651,76343.21903788901,76348.37368838515,2278,9
2026-08-09 07:01:11.026530,76464.29557838159,76767.8781291172,76494.11094434075,76580.21746837802,1305,8
2026-08-09 07:06:11.026530,76540.37765738038,76516.10799198753,76446.58595120418,76500.53784638274,2029,1
2026-08-09 07:11:11.026530,76392.50477055041,76389.14370129531,76079.8099463998,76284.47169471807,2126,8
2026-08-09 07:16:11.026530,76341.35769959108,76477.71962518145,76299.85227091853,76398.24370446408,581,5
2026-08-09 07:21:11.026530,76304.19586738477,76219.03583921702,76193.35737912607,76210.14803030546,1994,1
2026-08-09 07:26:11.026530,76181.00575760394,76161.15550581068,76096.1719539223,76151.86348490242,189,9
2026-08-09 07:31:11.026530,76134.97229922726,76191.6123635861,76101.43876072246,76118.0811135521,2195,9
2026-08-09 07:36:11.026530,76114.0721771562,76137.54846654137,76017.3836676463,76110.06324076028,311,7
2026-08-09 07:41:11.026530,76158.06170134191,76303.65574696923,76098.5914263619,76206.06016192355,68,7
2026-08-09 07:46:11.026530,76159.96276184698,76140.56011480851,76030.92326102997,76113.86536177043,2109,1
2026-08-09 07:51:11.026530,76095.87961950243,76132.21692936524,76058.0878685214,76077.89387723446,1598,9
2026-08-09 07:56:11.026530,76077.67756423073,76119.38544039965,76054.95368898235,76077.46125122701,1538,1
2026-08-09 08:01:11.026530,76088.4665470833,76121.00631169618,75997.48224085046,76099.47184293959,2356,7
2026-08-09 08:06:11.026530,76106.93370592286,76191.1262468154,76044.822479482,76114.39556890613,2121,9
2026-08-09 08:11:11.026530,76145.03672580977,76205.43624240198,76055.30893471843,76175.67788271341,1081,9
2026-08-09 08:16:11.026530,76234.33680535381,76307.71748058354,76272.92230663476,76292.99572799423,277,5
2026-08-09 08:21:11.026530,76320.72844360453,76626.79905062017,76334.63887748099,76348.46115921483,425,6
2026-08-09 08:26:11.026530,76380.40550300169,76449.4573809428,76320.49908808206,76412.34984678855,1196,2
2026-08-09 08:31:11.026530,76304.45535396179,76259.42417755755,76111.71399747528,76196.56086113505,1163,2
2026-08-09 08:36:11.026530,76200.76751911039,76237.10417739411,76096.45094355004,76204.97417708574,2321,9
2026-08-09 08:41:11.026530,76238.63786335089,76310.70660472474,76180.21602558429,76272.30154961605,785,1
2026-08-09 08:46:11.026530,76323.13634382424,76459.87422752735,76309.29456942776,76373.97113803244,306,5
2026-08-09 08:51:11.026530,76327.1737555736,76363.03647128708,76188.59513537257,76280.37637311478,882,7
2026-08-09 08:56:11.026530,76235.9205181581,76236.59594093646,76142.78003307001,76191.46466320143,1856,6
2026-08-09 09:01:11.026530,76152.87871810357,76182.14468923215,75989.22575403439,76114.29277300571,750,6
2026-08-09 09:06:11.026530,76151.818292602,76331.38444996258,76145.51938113764,76189.34381219828,960,6
2026-08-09 09:11:11.026530,76261.06678668033,76346.01716853573,76287.67739419578,76332.78976116238,748,8
2026-08-09 09:16:11.026530,76305.57048967699,76301.42693648716,76130.90714608815,76278.35121819159,487,7
2026-08-09 09:21:11.026530,76341.4983018543,76427.79732580471,76380.20511963556,76404.64538551701,1773,5
2026-08-09 09:26:11.026530,76413.90154106898,76474.00276834948,76409.93037422677,76423.15769662095,2134,2
2026-08-09 09:31:11.026530,76415.37424063309,76436.15137769755,76377.12070558128,76407.59078464522,1734,6
2026-08-09 09:36:11.026530,76393.82111886947,76450.13903829131,76248.82272166228,76380.05145309372,2203,5
2026-08-09 09:41:11.026530,76432.17438377209,76642.30465340849,76454.67962566372,76484.29731445045,664,4
2026-08-09 09:46:11.026530,76507.48061320235,76677.56286440403,76496.90015347545,76530.66391195424,1992,5
2026-08-09 09:51:11.026530,76688.5072634877,76886.50655373579,76780.44638529085,76846.35061502118,1962,9
2026-08-09 09:56:11.026530,76788.22177494285,76733.60091557569,76724.00433301521,76730.09293486453,2329,2
2026-08-09 10:01:11.026530,76766.65624039367,76878.43915052127,76722.12620727664,76803.21954592281,1090,6
2026-08-09 10:06:11.026530,76767.42436411591,76851.9429592333,76646.36594459375,76731.62918230901,1232,9
2026-08-09 10:11:11.026530,76672.41062225711,76668.19090896429,76463.56577653816,76613.19206220521,1009,5
2026-08-09 10:16:11.026530,76613.20888467837,76623.24376493524,76601.6819978302,76613.22570715155,1889,6
2026-08-09 10:21:11.026530,76623.46392220526,76746.72191967138,76583.20480151211,76633.70213725898,1355,4
2026-08-09 10:26:11.026530,76836.26944325035,77042.70535516634,77010.37174851478,77038.83674924172,327,5
2026-08-09 10:31:11.026530,77026.84126428864,77052.27954171662,76955.18502678485,77014.84577933555,174,8
2026-08-09 10:36:11.026530,76937.35751064615,76908.80940365505,76805.06205226436,76859.86924195675,1393,1
2026-08-09 10:41:11.026530,76879.52807841825,76939.61969488005,76825.600349655,76899.18691487974,724,1
2026-08-09 10:46:11.026530,76756.63649304071,76752.86626402293,76612.23389280222,76614.0860712017,764,4
2026-08-09 10:51:11.026530,76608.51195127983,76685.29892217147,76549.0102135905,76602.93783135795,2060,3
2026-08-09 10:56:11.026530,76604.80873176147,76613.41891074562,76568.38044428904,76606.679632165,1555,5
2026-08-09 11:01:11.026530,76662.2705276934,76773.82941349201,76661.93086994177,76717.8614232218,1397,8
2026-08-09 11:06:11.026530,76785.91369115245,76901.90118492291,76754.57118004591,76853.96595908311,962,1
2026-08-09 11:11:11.026530,76819.91840116611,76827.88152082122,76778.68137162669,76785.87084324911,2039,5
2026-08-09 11:16:11.026530,76776.23138682003,76858.78166988166,76704.99172683182,76766.59193039096,2492,5
2026-08-09 11:21:11.026530,76714.4637892057,76753.78123570357,76535.73323703806,76662.33564802044,822,2
2026-08-09 11:26:11.026530,76585.34777067095,76518.86688467015,76416.02025584092,76508.35989332145,2283,5
2026-08-09 11:31:11.026530,76530.4699511971,76605.64850713946,76459.97130939418,76552.58000907274,1130,8
2026-08-09 11:36:11.026530,76465.69765668898,76410.41646743068,76362.92130634842,76378.81530430523,1802,7
2026-08-09 11:41:11.026530,76351.08732317458,76399.44748714285,76257.91588287421,76323.35934204393,1050,2
2026-08-09 11:46:11.026530,76255.82288962367,76210.46128605226,76170.71099563812,76188.28643720342,1787,6
2026-08-09 11:51:11.026530,76226.75921262486,76271.51474865938,76165.62422407563,76265.23198804629,123,1
2026-08-09 11:56:11.026530,76389.84564646968,76651.76507354958,76489.44188509432,76514.45930489307,1158,3
2026-08-09 12:01:11.026530,76425.6963106617,76407.86247758592,76315.7979202041,76336.93331643032,1087,6
2026-08-09 12:06:11.026530,76210.59785635473,76311.65630295545,76036.29676893586,76084.26239627914,1714,9
2026-08-09 12:11:11.026530,76076.47230272251,76291.71575995382,76058.16672303616,76068.6822091659,961,1
2026-08-09 12:16:11.026530,76070.51763985981,76195.74466866802,76009.79329731513,76072.35307055374,843,6
2026-08-09 12:21:11.026530,76088.0875828403,76125.27495755733,76049.86246319585,76103.82209512686,2146,2
2026-08-09 12:26:11.026530,76074.0247787568,76045.00162831812,75936.37134373232,76044.22746238673,408,9
2026-08-09 12:31:11.026530,76031.2584025593,76043.16325856488,75898.52065275017,76018.28934273188,2339,2
2026-08-09 12:36:11.026530,76044.2021160951,76118.51778773316,76051.10257107469,76070.11488945832,1907,3
2026-08-09 12:41:11.026530,76142.17489358695,76230.08964435237,76194.02513659415,76214.23489771558,1126,2
2026-08-09 12:46:11.026530,76081.12776105624,75959.8320587354,75902.2055273599,75948.02062439689,1850,4
2026-08-09 12:51:11.026530,75923.56978161994,75906.84657231503,75850.69962049792,75899.118938843,1625,4
2026-08-09 12:56:11.026530,75914.4861497483,75944.73393754962,75814.3106716682,75929.85336065361,1769,1
2026-08-09 13:01:11.026530,75867.93160023555,75913.54900512092,75738.54146714919,75806.00983981747,1718,8
2026-08-09 13:06:11.026530,75925.06424183826,76047.36841223952,76019.22133291129,76044.11864385905,2153,5
2026-08-09 13:11:11.026530,76001.41581704156,75972.12149313622,75906.59906206593,75958.71299022407,928,8
2026-08-09 13:16:11.026530,75956.64974797433,75965.15616301299,75893.09061098637,75954.58650572457,2352,6
2026-08-09 13:21:11.026530,75993.37503226478,76049.88644444721,76004.73287794695,76032.163558805,54,2
2026-08-09 13:26:11.026530,75992.48360758889,76046.14102367962,75846.26913826344,75952.80365637278,1654,7
2026-08-09 13:31:11.026530,75827.54305817824,75731.19655003422,75561.47252167924,75702.28245998369,1125,9
2026-08-09 13:36:11.026530,75673.84505714526,75663.97950807019,75523.99348965423,75645.40765430681,378,7
2026-08-09 13:41:11.026530,75716.31569824702,75893.40780692817,75750.25198965584,75787.22374218726,2195,5
2026-08-09 13:46:11.026530,75765.00901682729,75749.28743576414,75724.51980554976,75742.79429146732,1052,4
2026-08-09 13:51:11.026530,75685.8943377368,75646.51159655722,75612.89473878048,75628.99438400626,832,8
2026-08-09 13:56:11.026530,75692.81135573692,75764.51424454292,75694.60554536112,75756.62832746757,626,6
2026-08-09 14:01:11.026530,75734.83961113691,75814.23074033449,75569.3132222995,75713.05089480625,376,5
2026-08-09 14:06:11.026530,75679.060045928,75666.1244367283,75598.46968014624,75645.06919704974,2340,7
2026-08-09 14:11:11.026530,75656.00228223106,75771.81147589374,75575.60591168927,75666.93536741236,1577,3
2026-08-09 14:16:11.026530,75720.2177971615,75781.97738165787,75646.84845572071,75773.50022691065,2464,9
2026-08-09 14:21:11.026530,75937.03357882879,76171.20473273216,75953.68449027205,76100.56693074695,1515,4
2026-08-09 14:26:11.026530,76158.02910454076,76271.41233908774,76132.47635363264,76215.49127833458,2331,4
2026-08-09 14:31:11.026530,76295.89613417676,76401.43194436569,76355.93856990276,76376.30099001895,701,8
2026-08-09 14:36:11.026530,76342.3004540471,76359.43723627976,76179.69997100669,76308.29991807524,2430,6
2026-08-09 14:41:11.026530,76238.67258377877,76393.57306566963,76077.55701061008,76169.04524948228,544,1
2026-08-09 14:46:11.026530,76174.08022018065,76179.54344570417,76108.6146427448,76179.11519087903,1188,2
2026-08-09 14:51:11.026530,76187.22554375869,76233.15725916652,76148.03560857804,76195.33589663832,2466,9
2026-08-09 14:56:11.026530,76122.20824687101,76136.40923029512,75943.98204163858,76049.08059710372,1406,6
2026-08-09 15:01:11.026530,76037.84485919154,76072.03504166783,75907.60954920613,76026.60912127935,1203,7
2026-08-09 15:06:11.026530,76054.70265034372,76129.93703395437,76073.49701289136,76082.79617940809,2192,9
2026-08-09 15:11:11.026530,76108.24327825813,76137.63597960764,76096.63446309489,76133.69037710817,1174,3
2026-08-09 15:16:11.026530,76169.02206616368,76316.88568292222,76018.38692196966,76204.35375521921,1269,5
2026-08-09 15:21:11.026530,76225.07693352368,76271.84382305287,76186.41570688246,76245.80011182815,851,5
2026-08-09 15:26:11.026530,76211.78619996094,76290.17350280208,76156.68394776438,76177.77228809372,2092,7
2026-08-09 15:31:11.026530,76143.31663529125,76131.95262224262,75996.78081928106,76108.86098248878,257,2
2026-08-09 15:36:11.026530,76027.5832497838,76012.66038884126,75921.54055952784,75946.30551707881,522,4
2026-08-09 15:41:11.026530,76069.25596093209,76282.2753035274,76150.60010889689,76192.20640478535,1688,4
2026-08-09 15:46:11.026530,76193.89069574249,76297.32721839321,76188.9785421352,76195.57498669963,1081,8
2026-08-09 15:51:11.026530,76180.92023464551,76320.10228117144,76080.82623094338,76166.2654825914,185,3
2026-08-09 15:56:11.026530,76103.41071027495,76081.5523032307,75876.95008812199,76040.5559379585,310,2
2026-08-09 16:01:11.026530,76242.75828173244,76504.27906385853,76421.18064708817,76444.96062550637,1220,9
2026-08-09 16:06:11.026530,76371.9494284656,76363.49803630142,76184.97035551791,76298.9382314248,507,4
2026-08-09 16:11:11.026530,76270.26342558017,76299.90790882807,76199.44090686682,76241.58861973551,1978,9
2026-08-09 16:16:11.026530,76270.8959505181,76364.12219898491,76172.79741204833,76300.20328130068,1770,6
2026-08-09 16:21:11.026530,76342.2061228773,76540.0652178945,76267.49974992243,76384.20896445391,1486,1
2026-08-09 16:26:11.026530,76450.884734219,76518.50010148325,76512.14524568015,76517.56050398409,2329,3
2026-08-09 16:31:11.026530,76643.01332873541,76803.79876974605,76721.32859187169,76768.46615348673,2198,7
2026-08-09 16:36:11.026530,76804.22173344284,76921.33696528144,76816.13021207885,76839.97731339895,196,9
2026-08-09 16:41:11.026530,76767.78278375152,76872.45954059604,76474.87494409489,76695.5882541041,766,8
2026-08-09 16:46:11.026530,76678.6230620544,76689.5219689409,76506.46566549838,76661.65787000467,556,5
2026-08-09 16:51:11.026530,76683.66985051944,76731.21509698863,76695.29417504728,76705.6818310342,2201,8
2026-08-09 16:56:11.026530,76849.49807800773,77022.14754219985,76942.74466681888,76993.31432498126,2433,2
2026-08-09 17:01:11.026530,76897.34457168667,76854.86601803533,76791.66679295384,76801.37481839207,495,3
2026-08-09 17:06:11.026530,76885.35811130577,77029.97723660475,76949.0728304245,76969.34140421946,493,8
2026-08-09 17:11:11.026530,76982.57647439501,77039.36042374263,76892.41945632384,76995.81154457056,167,9
2026-08-09 17:16:11.026530,77054.6849711203,77227.30549245163,77106.89234921514,77113.55839767001,1590,8
2026-08-09 17:21:11.026530,77107.2513911674,77166.33703822283,76990.82907257932,77100.94438466478,978,4
2026-08-09 17:26:11.026530,77043.30141649354,77147.7040334227,76836.05181672453,76985.65844832233,616,6
2026-08-09 17:31:11.026530,77038.49031975577,77152.57182910528,77022.50194435279,77091.3221911892,1986,5
2026-08-09 17:36:11.026530,77137.52663263402,77260.9129921739,77069.13007433277,77183.73107407882,137,4
2026-08-09 17:41:11.026530,77252.08766405386,77418.74834496557,77273.63430764015,77320.44425402892,1702,9
2026-08-09 17:46:11.026530,77320.2916104865,77473.29974949671,77178.66554948171,77320.13896694408,525,3
2026-08-09 17:51:11.026530,77279.19337679079,77386.01508651781,77180.66172754495,77238.2477866375,1755,1
2026-08-09 17:56:11.026530,77130.81170865046,77125.68375976762,76986.6840610709,77023.37563066345,1558,7
2026-08-09 18:01:11.026530,77080.98872129792,77205.55978093254,77113.04467468584,77138.6018119324,344,8
2026-08-09 18:06:11.026530,77168.81344207498,77238.18876914085,77173.429267186,77199.02507221757,769,3
2026-08-09 18:11:11.026530,77132.75229072006,77091.49643998565,77015.10059782316,77066.47950922257,1454,3
2026-08-09 18:16:11.026530,77029.9121566215,77030.51224461071,76935.25628812122,76993.34480402044,1044,6
2026-08-09 18:21:11.026530,76961.784091813,76948.44458197606,76859.70068265892,76930.22337960557,1356,2
2026-08-09 18:26:11.026530,76828.44986805582,76729.60110237046,76721.33802314836,76726.67635650607,735,6
2026-08-09 18:31:11.026530,76671.01978759098,76675.17388908594,76502.83320332703,76615.36321867589,1253,5
2026-08-09 18:36:11.026530,76538.0256020627,76640.33945818263,76427.39518366814,76460.6879854495,1010,7
2026-08-09 18:41:11.026530,76433.07798099719,76487.3974224645,76370.6442355514,76405.46797654488,984,9
2026-08-09 18:46:11.026530,76355.46830429639,76350.7313379063,76287.60916830417,76305.4686320479,455,9
2026-08-09 18:51:11.026530,76194.65848089094,76104.15098448111,75930.41689631957,76083.848329734,1340,1
2026-08-09 18:56:11.026530,76223.36217246414,76456.04184381873,76233.895787718,76362.8760151943,1667,7
2026-08-09 19:01:11.026530,76449.82133951894,76577.3365830472,76353.48663980764,76536.76666384359,1137,3
2026-08-09 19:06:11.026530,76483.90730702932,76524.4059056411,76370.72079477157,76431.04795021504,168,4
2026-08-09 19:11:11.026530,76450.55654600734,76480.45626892938,76411.39283456732,76470.06514179966,2438,2
2026-08-09 19:16:11.026530,76499.57244685531,76617.77225910826,76441.81270797005,76529.07975191096,362,1
2026-08-09 19:21:11.026530,76611.97213196702,76765.17966983534,76613.61024580157,76694.86451202308,212,3
2026-08-09 19:26:11.026530,76639.16742657797,76691.7117992509,76504.81122569642,76583.47034113285,1578,9
2026-08-09 19:31:11.026530,76659.58531984016,76748.421600588,76697.36684466775,76735.70029854747,342,1
2026-08-09 19:36:11.026530,76698.64605239297,76733.3289327209,76630.37322953525,76661.59180623847,739,3
2026-08-09 19:41:11.026530,76570.2989072583,76553.90396440774,76414.46206868914,76479.00600827813,1450,5
2026-08-09 19:46:11.026530,76529.64742137311,76613.85537556672,76545.1225233623,76580.28883446808,1615,3
2026-08-09 19:51:11.026530,76670.12183965642,76765.74561719218,76728.5367804002,76759.95484484476,722,4
2026-08-09 19:56:11.026530,76939.92608850231,77186.31949181324,77052.45123024928,77119.89733215986,448,4
2026-08-09 20:01:11.026530,77037.48630165152,76986.70087738003,76843.29973862131,76955.07527114319,1097,1
2026-08-09 20:06:11.026530,77004.28313566357,77110.96958812611,76875.17863223155,77053.49100018396,1992,6
2026-08-09 20:11:11.026530,77025.8524987527,77010.07969045089,76962.18292119697,76998.21399732144,289,7
2026-08-09 20:16:11.026530,77053.30886362656,77241.95533127619,77030.88332426544,77108.4037299317,2408,7
2026-08-09 20:21:11.026530,77007.2593274982,76944.29175910506,76884.8884931978,76906.11492506473,2418,6
2026-08-09 20:26:11.026530,76819.57826000416,76808.75376442085,76661.99640352714,76733.04159494358,721,7
2026-08-09 20:31:11.026530,76680.26354858442,76638.53906672323,76460.62165414185,76627.48550222524,451,3
2026-08-09 20:36:11.026530,76633.6980153386,76695.83602075643,76613.79650951708,76639.91052845196,2156,5
2026-08-09 20:41:11.026530,76596.48238498348,76618.929961392,76498.99449063328,76553.05424151501,102,7
2026-08-09 20:46:11.026530,76599.25499303182,76683.40062812653,76533.64066174811,76645.45574454864,1137,5
2026-08-09 20:51:11.026530,76717.12525770144,76817.76815355972,76717.30269838103,76788.79477085425,1192,2
2026-08-09 20:56:11.026530,76831.02261689713,76901.65262599934,76863.99181727257,76873.25046294,335,6
2026-08-09 21:01:11.026530,76986.18209575923,77141.3810639789,76843.3726039101,77099.11372857845,2115,7
2026-08-09 21:06:11.026530,77128.74998394569,77250.08314229417,76976.95485605179,77158.38623931294,1078,2
2026-08-09 21:11:11.026530,77074.7442171701,77109.5891042306,76877.25980089307,76991.10219502726,1978,8
2026-08-09 21:16:11.026530,77086.46109450798,77263.04681680082,77148.96440759301,77181.81999398868,209,5
2026-08-09 21:21:11.026530,77140.57751234355,77118.45092050392,76964.67920312515,77099.3350306984,191,8
2026-08-09 21:26:11.026530,77163.3324821996,77287.74585642088,77183.37896786987,77227.3299337008,446,3
2026-08-09 21:31:11.026530,77337.64123832353,77730.48187615491,77424.74312790233,77447.95254294627,1091,2
2026-08-09 21:36:11.026530,77480.5733507748,77556.36723957321,77426.34341478095,77513.1941586033,583,7
2026-08-09 21:41:11.026530,77409.73278899389,77312.8113225218,77162.503289661,77306.27141938446,1605,5
2026-08-09 21:46:11.026530,77243.21077517941,77223.11684652964,77061.62885515345,77180.15013097436,1848,5
2026-08-09 21:51:11.026530,77272.91390292658,77405.79760174658,77285.01524589208,77365.67767487878,1683,8
2026-08-09 21:56:11.026530,77354.67703406894,77346.19407797855,77249.27241365102,77343.67639325911,335,9
2026-08-09 22:01:11.026530,77349.98940401529,77365.65792367588,77323.6125887002,77356.30241477146,1078,8
2026-08-09 22:06:11.026530,77409.9430049414,77501.79135167394,77408.81906761132,77463.58359511133,2226,2
2026-08-09 22:11:11.026530,77512.93534388431,77585.16831065906,77544.5359207449,77562.28709265731,1005,7
2026-08-09 22:16:11.026530,77582.52991280274,77715.43856015893,77543.28011368496,77602.77273294817,720,5
2026-08-09 22:21:11.026530,77588.97729390155,77691.17733705207,77572.0742140701,77575.18185485493,548,7
2026-08-09 22:26:11.026530,77554.13353935265,77554.1894736596,77471.98678693642,77533.08522385036,2373,3
2026-08-09 22:31:11.026530,77593.77199445595,77766.94594709807,77568.24417582262,77654.45876506156,1156,4
2026-08-09 22:36:11.026530,77693.94380113328,77778.63730975466,77693.20577877105,77733.42883720502,1905,7
2026-08-09 22:41:11.026530,77716.20925695854,77829.41714612831,77646.2298100631,77698.98967671205,1191,2
2026-08-09 22:46:11.026530,77775.51306345136,77967.20791833173,77836.26325702247,77852.03645019067,2126,2
2026-08-09 22:51:11.026530,77843.7748356262,77897.25078729208,77720.54523262048,77835.51322106173,1230,1
2026-08-09 22:56:11.026530,77776.67549173505,77837.22920979426,77695.97845217319,77717.83776240835,2128,1
2026-08-09 23:01:11.026530,77665.56312787849,77617.76328860481,77587.90921897981,77613.28849334862,2056,1
2026-08-09 23:06:11.026530,77545.75648928307,77530.78193234585,77422.9570904818,77478.22448521752,1359,6
2026-08-09 23:11:11.026530,77460.00829170586,77498.73021645693,77430.71640160713,77441.79209819422,1738,5
2026-08-09 23:16:11.026530,77528.65142994912,77640.00984097418,77608.40261313027,77615.51076170405,385,8
2026-08-09 23:21:11.026530,77560.08744463437,77615.95284099173,77293.6907314756,77504.66412756468,619,5
2026-08-09 23:26:11.026530,77518.58865079153,77581.86861070787,77531.1141792489,77532.51317401839,2410,1
2026-08-09 23:31:11.026530,77487.49136499935,77514.51884706563,77289.64678495906,77442.46955598031,648,8
2026-08-09 23:36:11.026530,77425.10479799917,77415.89015034265,77305.6681336643,77407.74004001802,1196,6
2026-08-09 23:41:11.026530,77303.45487540803,77218.06769544493,77087.83705620695,77199.16971079803,914,8
2026-08-09 23:46:11.026530,77184.62161339459,77224.17587553749,77083.18079989801,77170.07351599113,2468,2
2026-08-09 23:51:11.026530,77157.3938679884,77182.47812271008,77098.9857519038,77144.71421998566,854,8
2026-08-09 23:56:11.026530,77183.01699522143,77364.6359595249,77180.74676047973,77221.31977045721,363,6
2026-08-10 00:01:11.026530,77237.61326269241,77361.50987330482,77198.48347186316,77253.9067549276,77,1
2026-08-10 00:06:11.026530,77171.44501398448,77193.3643442022,77070.4681305187,77088.98327304138,1303,1
2026-08-10 00:11:11.026530,77165.0508903196,77304.92254227276,77082.5301031299,77241.11850759784,1079,5
2026-08-10 00:16:11.026530,77256.51362425322,77421.79007599299,77264.957498427,77271.9087409086,2046,7
2026-08-10 00:21:11.026530,77286.48142874302,77320.91315693807,77274.4845332553,77301.05411657745,1391,4
2026-08-10 00:26:11.026530,77301.18830231519,77322.57854481063,77273.89197172277,77301.32248805295,1298,5
2026-08-10 00:31:11.026530,77266.09056697249,77323.41041687629,77225.78018751396,77230.85864589203,2186,3
2026-08-10 00:36:11.026530,77246.77318854342,77402.98804475728,77246.8075496609,77262.68773119479,2137,2
2026-08-10 00:41:11.026530,77296.54590352041,77331.10234234876,77266.54713633734,77330.40407584603,730,2
2026-08-10 00:46:11.026530,77209.78657268942,77170.4136410653,76958.05038474564,77089.1690695328,424,5
2026-08-10 00:51:11.026530,77052.5779777753,77064.64171821451,76995.6652627464,77015.98688601782,2490,4
2026-08-10 00:56:11.026530,76999.08926110383,76986.90627046648,76856.7874161532,76982.19163618985,1091,2
2026-08-10 01:01:11.026530,77000.71443066602,77059.06813796544,76901.398237901,77019.23722514219,1600,5
2026-08-10 01:06:11.026530,77102.81509461446,77188.66156965987,77115.45775182416,77186.39296408671,2229,9
2026-08-10 01:11:11.026530,77133.58988269398,77199.80741242785,77036.0976227665,77080.78680130125,2387,8
2026-08-10 01:16:11.026530,77047.02744166713,77131.44998658518,76875.64494621995,77013.26808203301,1903,9
2026-08-10 01:21:11.026530,76978.52915989919,76960.67339897665,76784.41842387435,76943.79023776537,855,9
2026-08-10 01:26:11.026530,76889.09328124598,76847.72751886415,76823.68511913068,76834.3963247266,2306,8
2026-08-10 01:31:11.026530,76811.16341831785,76858.50332659585,76707.53454393058,76787.9305119091,2424,9
2026-08-10 01:36:11.026530,76842.00591291314,76958.9737392616,76873.63414027983,76896.08131391718,328,4
2026-08-10 01:41:11.026530,76823.98571620023,76802.05082943449,76495.19870597559,76751.8901184833,1455,8
2026-08-10 01:46:11.026530,76782.22162485443,76835.80470047877,76682.36316237155,76812.55313122555,837,2
2026-08-10 01:51:11.026530,76695.84423425,76693.3228186141,76540.21917839115,76579.13533727446,1001,9
2026-08-10 01:56:11.026530,76541.23180115677,76537.37506358398,76386.60664406471,76503.32826503908,1382,9
2026-08-10 02:01:11.026530,76481.41325317217,76502.86475806372,76449.19570836268,76459.49824130526,326,3
2026-08-10 02:06:11.026530,76575.69209380247,76889.72140739912,76592.27037162571,76691.88594629968,2395,6
2026-08-10 02:11:11.026530,76673.68958758586,76724.5663625012,76646.48995651404,76655.49322887204,482,7
2026-08-10 02:16:11.026530,76504.69355946127,76410.87975806258,76193.08474241302,76353.89389005049,1059,3
2026-08-10 02:21:11.026530,76217.54085369728,76090.91237913434,76030.43935841827,76081.18781734406,1145,5
2026-08-10 02:26:11.026530,76084.27886501455,76153.38554169978,75986.92447413996,76087.36991268504,366,1
2026-08-10 02:31:11.026530,76130.18504996819,76176.13739773103,76141.41435864838,76173.00018725135,1261,3
2026-08-10 02:36:11.026530,76199.51077869268,76243.35347026552,76214.89691350235,76226.02137013401,170,8
2026-08-10 02:41:11.026530,76238.2814840481,76263.64765003396,76237.08491693037,76250.54159796219,1415,3
2026-08-10 02:46:11.026530,76331.14982982606,76470.87828493273,76396.82846272417,76411.75806168992,353,8
2026-08-10 02:51:11.026530,76375.43145767873,76391.78676447323,76335.95791499774,76339.10485366752,985,9
2026-08-10 02:56:11.026530,76401.40403456934,76552.91253291187,76400.27150345087,76463.70321547115,545,6
2026-08-10 03:01:11.026530,76352.31950793054,76272.23063351346,76139.40709838411,76240.93580038994,2282,7
2026-08-10 03:06:11.026530,76179.6528595459,76165.31903193808,76051.4468822917,76118.36991870184,2429,6
2026-08-10 03:11:11.026530,75995.5356102181,75935.8476765258,75847.35414633108,75872.70130173437,762,8
2026-08-10 03:16:11.026530,75854.69637288759,75961.23738290062,75762.84554121691,75836.69144404081,399,7
2026-08-10 03:21:11.026530,75834.29241895575,75857.6587631686,75715.46090972141,75831.89339387069,2417,1
2026-08-10 03:26:11.026530,75840.43995486703,75974.33458690919,75687.5511269755,75848.98651586338,955,3
2026-08-10 03:31:11.026530,75853.96974373344,75911.56095429149,75840.41143307762,75858.95297160349,1877,3
2026-08-10 03:36:11.026530,75796.43623693669,75899.6786347238,75693.32202239733,75733.91950226988,551,3
2026-08-10 03:41:11.026530,75721.71189332468,75742.39049816373,75650.44449607105,75709.5042843795,1227,4
2026-08-10 03:46:11.026530,75608.36288632681,75527.48979460035,75460.0337683016,75507.22148827412,963,1
2026-08-10 03:51:11.026530,75600.73244602045,75697.05508906547,75632.09784652041,75694.24340376678,1565,2
2026-08-10 03:56:11.026530,75674.32112019138,75706.87356565161,75583.56519217158,75654.39883661598,576,5
2026-08-10 04:01:11.026530,75621.88161803916,75592.18675541673,75532.7498185057,75589.36439946234,1242,6
2026-08-10 04:06:11.026530,75698.37348643248,75849.24039402498,75710.73283293698,75807.38257340263,2076,9
2026-08-10 04:11:11.026530,75723.47933579049,75664.27525865161,75617.88533856049,75639.57609817834,760,2
2026-08-10 04:16:11.026530,75563.78350253266,75556.60668520271,75414.18153783545,75487.99090688697,2090,9
2026-08-10 04:21:11.026530,75414.34141325596,75355.68129744414,75222.27804296653,75340.69191962492,161,7
2026-08-10 04:26:11.026530,75336.8433939736,75382.62029023262,75262.19749011172,75332.99486832226,2149,9
2026-08-10 04:31:11.026530,75363.02465561134,75411.93421983953,75350.72793472219,75393.05444290041,1722,4
2026-08-10 04:36:11.026530,75444.03256556168,75522.8969396542,75479.64629946665,75495.01068822294,2352,7
2026-08-10 04:41:11.026530,75670.92983006683,75941.33602844772,75723.31554413777,75846.8489719107,1700,1
2026-08-10 04:46:11.026530,75694.36369934303,75572.06794843945,75481.3471267584,75541.87842677535,349,8
2026-08-10 04:51:11.026530,75584.04389057767,75897.46572342451,75564.45488919578,75626.20935437999,1007,7
2026-08-10 04:56:11.026530,75589.06356756674,75600.07757434189,75340.80659482031,75551.91778075352,1940,7
2026-08-10 05:01:11.026530,75512.81923741735,75480.39439076505,75312.63612446425,75473.72069408119,356,2
2026-08-10 05:06:11.026530,75432.39921346672,75436.9733742801,75374.70306075072,75391.07773285225,2196,9
2026-08-10 05:11:11.026530,75330.2190117831,75291.20135963675,75235.8456260808,75269.36029071394,170,8
2026-08-10 05:16:11.026530,75384.40225339336,75527.79330801756,75449.20777938969,75499.44421607278,2068,1
2026-08-10 05:21:11.026530,75557.47745460185,75793.52259259176,75546.13469112798,75615.51069313091,2327,1
2026-08-10 05:26:11.026530,75617.84549851561,75624.82215795307,75549.39442460326,75620.18030390033,1327,5
2026-08-10 05:31:11.026530,75712.99789492348,75943.31685108057,75793.21993481583,75805.81548594663,1477,2
2026-08-10 05:36:11.026530,75703.51919440017,75699.88006414913,75558.59608647657,75601.22290285373,1567,1
2026-08-10 05:41:11.026530,75511.54282268783,75437.10842672395,75322.53323765834,75421.86274252193,1235,8
2026-08-10 05:46:11.026530,75275.06368548787,75231.81880695988,75073.3854097749,75128.2646284538,1981,4
2026-08-10 05:51:11.026530,75081.75350884657,75065.32426587069,75006.72721879695,75035.24238923931,1505,2
2026-08-10 05:56:11.026530,75046.91433622228,75060.06414750661,74981.92563440974,75058.58628320524,1229,5
2026-08-10 06:01:11.026530,75066.28603632771,75075.56931156604,74990.63251299177,75073.9857894502,1396,6
2026-08-10 06:06:11.026530,75084.82861827873,75153.54912327844,75090.09558889858,75095.67144710725,678,8
2026-08-10 06:11:11.026530,75001.17368223234,74950.68374574736,74759.23432877219,74906.67591735744,1264,7
2026-08-10 06:16:11.026530,74961.61071947732,75051.17061813272,74928.4034709876,75016.54552159722,1249,7
2026-08-10 06:21:11.026530,75033.47793358099,75162.69997098144,75019.43690777838,75050.41034556477,2011,1
2026-08-10 06:26:11.026530,75100.70895174798,75199.14165609945,75070.59948862225,75151.00755793117,566,3
2026-08-10 06:31:11.026530,75023.95566382063,74928.32958424353,74852.85399712206,74896.90376971009,894,3
2026-08-10 06:36:11.026530,74918.65578444395,75007.22478973822,74900.49953544413,74940.40779917782,1597,7
2026-08-10 06:41:11.026530,74861.13073610212,74859.47581133404,74735.07605070918,74781.85367302642,1644,2
2026-08-10 06:46:11.026530,74755.8692121726,74864.91647678732,74663.47458655479,74729.88475131878,869,7
2026-08-10 06:51:11.026530,74766.58979132563,74850.2793212164,74785.87196128991,74803.29483133249,811,9
2026-08-10 06:56:11.026530,74810.1761889353,74886.18625594031,74781.85329580461,74817.05754653808,1412,1
2026-08-10 07:01:11.026530,74760.50975575054,74850.21336279511,74603.84051432398,74703.961964963,2416,2
2026-08-10 07:06:11.026530,74705.1307895287,74789.60729361195,74680.49539275213,74706.2996140944,160,6
2026-08-10 07:11:11.026530,74604.21263225791,74698.5547001285,74378.30646469476,74502.12565042143,1891,2
2026-08-10 07:16:11.026530,74580.07975354156,74707.17905196648,74584.558162252,74658.03385666168,856,2
2026-08-10 07:21:11.026530,74644.98922560559,74786.48279834987,74589.7530199889,74631.9445945495,1546,5
2026-08-10 07:26:11.026530,74707.899712729,74850.81826247771,74679.4117051579,74783.85483090853,1293,7
2026-08-10 07:31:11.026530,74749.1802943901,74774.36631860625,74693.21396898656,74714.50575787167,536,4
2026-08-10 07:36:11.026530,74680.06194241223,74676.39547766828,74613.80012727244,74645.61812695277,860,6
2026-08-10 07:41:11.026530,74595.05998202617,74591.87569357202,74522.08954428519,74544.50183709957,2093,3
2026-08-10 07:46:11.026530,74604.07739824284,74698.9320356373,74573.95854467293,74663.65295938612,566,4
2026-08-10 07:51:11.026530,74616.75722594153,74616.35799177372,74533.21423087442,74569.86149249694,884,4
2026-08-10 07:56:11.026530,74613.89382396189,74779.67775074109,74510.98560034652,74657.92615542683,673,4
2026-08-10 08:01:11.026530,74632.98327912799,74872.957295893,74520.49137380552,74608.04040282915,1097,1
2026-08-10 08:06:11.026530,74476.33904210987,74355.97090033969,74302.6320068073,74344.63768139058,1614,4
2026-08-10 08:11:11.026530,74307.2401389988,74295.97057903721,74187.54020840854,74269.842596607,1205,4
2026-08-10 08:16:11.026530,74191.85234357388,74122.93371775495,74099.47576612368,74113.86209054073,1394,6
2026-08-10 08:21:11.026530,74116.86474641369,74139.29769400948,74114.13072682795,74119.86740228665,546,9
2026-08-10 08:26:11.026530,74041.2824607594,73972.50106919585,73907.05079462467,73962.69751923216,2479,6
2026-08-10 08:31:11.026530,74025.12863906869,74190.53428558928,74036.56383314113,74087.55975890523,2313,6
2026-08-10 08:36:11.026530,74082.22818879408,74086.86087672497,74063.33286904726,74076.89661868292,592,7
2026-08-10 08:41:11.026530,74065.79886645009,74147.69362220938,74045.07563904388,74054.70111421724,965,7
2026-08-10 08:46:11.026530,74099.18306513468,74156.60866846984,74085.97431619013,74143.66501605211,1851,1
2026-08-10 08:51:11.026530,74208.78441285991,74311.15617756851,74205.0316148742,74273.90380966772,131,8
2026-08-10 08:56:11.026530,74273.30302208546,74386.91960202361,74136.69724960001,74272.7022345032,1043,1
2026-08-10 09:01:11.026530,74221.9284855751,74264.96705028194,74007.16674629091,74171.154736647,1229,9
2026-08-10 09:06:11.026530,74053.6633180446,73944.75788531076,73819.9559013316,73936.17189944218,215,4
2026-08-10 09:11:11.026530,73891.28702827165,73948.38660266383,73842.79842530105,73846.40215710113,2305,9
2026-08-10 09:16:11.026530,73806.14157349888,73863.54433453288,73686.00831197322,73765.88098989664,2121,8
2026-08-10 09:21:11.026530,73773.72695171126,73782.77799699536,73752.58061643169,73781.57291352587,856,9
2026-08-10 09:26:11.026530,73759.39846447739,73764.0074993297,73709.66714920457,73737.2240154289,381,6
2026-08-10 09:31:11.026530,73783.64422724237,73859.93554009832,73785.87014388072,73830.06443905584,1635,9
2026-08-10 09:36:11.026530,73790.0934603109,73788.36805246494,73685.68120041834,73750.12248156597,1584,4
2026-08-10 09:41:11.026530,73747.07399507024,73791.23814248937,73717.83625500157,73744.02550857453,1666,3
2026-08-10 09:46:11.026530,73823.42912403226,73904.69992981548,73820.24018546275,73902.83273948998,2338,3
2026-08-10 09:51:11.026530,73926.31489241365,74140.09822106783,73863.18495222082,73949.79704533733,230,8
2026-08-10 09:56:11.026530,73946.54089906966,74031.23531800033,73942.85905989255,73943.284752802,1366,2
2026-08-10 10:01:11.026530,73903.9863119515,73914.71013927755,73797.99932097293,73864.687871101,2066,6
2026-08-10 10:06:11.026530,73823.35357019381,73878.2386552041,73702.73171055551,73782.01926928661,1156,9
2026-08-10 10:11:11.026530,73726.3152203026,73735.36165156947,73633.94884756044,73670.61117131858,1639,9
2026-08-10 10:16:11.026530,73635.49395190648,73614.72185757953,73569.10659432613,73600.37673249438,2187,8
2026-08-10 10:21:11.026530,73651.20336498832,73720.06239095707,73630.65367921554,73702.02999748227,1788,8
2026-08-10 10:26:11.026530,73688.051415255,73777.34545181053,73620.81270101073,73674.07283302775,2290,1
2026-08-10 10:31:11.026530,73585.41747676952,73596.98109995674,73357.74139275674,73496.7621205113,537,7
2026-08-10 10:36:11.026530,73614.6450055343,73737.1069169478,73725.78545130098,73732.5278905573,661,1
2026-08-10 10:41:11.026530,73754.5044216457,73814.36691096191,73653.80573377493,73776.4809527341,1162,9
2026-08-10 10:46:11.026530,73683.91565161994,73644.11091490564,73496.3985112808,73591.35035050579,1447,3
2026-08-10 10:51:11.026530,73562.83268742426,73553.45955679966,73530.84897500419,73534.31502434275,1506,1
2026-08-10 10:56:11.026530,73542.38981284024,73584.94182458975,73539.35765057517,73550.46460133774,2243,8
2026-08-10 11:01:11.026530,73664.21184281152,73822.07222466932,73621.0164539479,73777.9590842853,1387,7
2026-08-10 11:06:11.026530,73705.1898845939,73665.84498854548,73549.83608718563,73632.42068490249,376,2
2026-08-10 11:11:11.026530,73697.89657983469,73810.51798659579,73760.22874066846,73763.37247476687,2250,7
2026-08-10 11:16:11.026530,73857.1368502625,74051.47640434651,73866.28844450002,73950.90122575812,451,5
2026-08-10 11:21:11.026530,73909.82297265838,74017.36114741929,73829.44158032484,73868.74471955866,537,7
2026-08-10 11:26:11.026530,73851.0380283404,73843.2719958437,73699.05141107489,73833.33133712213,2164,7
2026-08-10 11:31:11.026530,73765.26974108303,73784.71774828507,73606.76375331037,73697.20814504391,2186,2
2026-08-10 11:36:11.026530,73684.45225923104,73699.67636789144,73624.988089296,73671.69637341818,1208,2
2026-08-10 11:41:11.026530,73670.00704818798,73762.59899160596,73637.05731286548,73668.3177229578,2299,7
2026-08-10 11:46:11.026530,73712.8170393793,73841.87394785881,73755.39091069685,73757.31635580078,1252,3
2026-08-10 11:51:11.026530,73830.49454310993,73984.1604257434,73862.21339427818,73903.6727304191,2436,4
2026-08-10 11:56:11.026530,73854.68592455762,73813.19744032288,73713.23371419238,73805.69911869614,128,7
2026-08-10 12:01:11.026530,73675.98586032505,73599.36027381655,73414.71094754424,73546.27260195397,1670,2
2026-08-10 12:06:11.026530,73545.60184390232,73655.69642353953,73392.04344621769,73544.93108585065,1606,2
2026-08-10 12:11:11.026530,73565.10144271207,73588.45364027485,73581.52829062683,73585.2717995735,427,9
2026-08-10 12:16:11.026530,73602.52982007137,73741.67670333595,73427.12819657823,73619.78784056925,214,1
2026-08-10 12:21:11.026530,73598.88532179146,73602.60438686376,73546.27435910531,73577.98280301366,1613,3
2026-08-10 12:26:11.026530,73586.98079010205,73658.38350947306,73564.15097790716,73595.97877719045,798,4
2026-08-10 12:31:11.026530,73697.23136379008,73865.7488709867,73684.35900893065,73798.4839503897,1770,5
2026-08-10 12:36:11.026530,73824.58542524601,73873.31335616426,73814.07728185045,73850.68690010233,1895,3
2026-08-10 12:41:11.026530,73826.6170921538,73907.4688544877,73692.4284972824,73802.54728420527,204,9
2026-08-10 12:46:11.026530,73770.07531947806,73969.23924080249,73609.25166874978,73737.60335475084,1196,5
2026-08-10 12:51:11.026530,73727.07018049897,73813.88487571284,73552.46664877278,73716.53700624708,1113,7
2026-08-10 12:56:11.026530,73826.02579220556,74008.62814275933,73893.27177161297,73935.51457816405,2266,7
2026-08-10 13:01:11.026530,73924.05851970101,73978.03671350401,73897.77591067644,73912.60246123798,1403,9
2026-08-10 13:06:11.026530,73912.02484541084,73938.28920546526,73822.62154585357,73911.44722958367,1513,2
2026-08-10 13:11:11.026530,73880.11598831466,73871.91720147477,73773.14834747478,73848.78474704565,1566,3
2026-08-10 13:16:11.026530,73922.63972458555,74027.98093711503,73934.03539694435,73996.49470212546,2451,4
2026-08-10 13:21:11.026530,74127.98675513305,74307.28468530862,74220.07939683748,74259.47880814066,377,8
2026-08-10 13:26:11.026530,74290.35029102574,74397.48374089405,74297.18019251218,74321.22177391082,1576,1
2026-08-10 13:31:11.026530,74327.50212178065,74431.57823519107,74248.36034647742,74333.7824696505,2442,9
2026-08-10 13:36:11.026530,74336.98673199929,74372.0104736718,74325.85308712229,74340.1909943481,838,5
2026-08-10 13:41:11.026530,74181.74821148887,74073.68943881037,73911.20554481338,74023.30542862964,2474,4
2026-08-10 13:46:11.026530,74073.72264667647,74249.86278559355,74089.85635675532,74124.13986472329,1368,8
2026-08-10 13:51:11.026530,74133.83284658787,74221.3062297056,74133.07265335564,74143.52582845245,611,9
2026-08-10 13:56:11.026530,74172.8617756853,74313.99892062884,74184.97881457041,74202.19772291815,562,3
2026-08-10 14:01:11.026530,74155.45636035496,74233.3461257786,74077.56963171455,74108.71499779179,565,4
2026-08-10 14:06:11.026530,74083.82200545687,74073.8865720171,73899.26947793797,74058.92901312193,1589,1
2026-08-10 14:11:11.026530,74032.28313407695,74055.66555896406,73940.72471255585,74005.63725503195,1235,3
2026-08-10 14:16:11.026530,74074.4865582725,74253.02778926544,74126.44599070308,74143.33586151304,716,5
2026-08-10 14:21:11.026530,74118.811144601,74145.61369257543,74085.08187144913,74094.28642768897,1600,8
2026-08-10 14:26:11.026530,74234.17271328927,74463.27305510038,74293.03117569047,74374.05899888957,2462,1
2026-08-10 14:31:11.026530,74403.65499877732,74455.38952664673,74344.56915016913,74433.25099866505,1617,1
2026-08-10 14:36:11.026530,74348.6337849155,74337.30094024005,74261.44849853677,74264.01657116595,1498,3
2026-08-10 14:41:11.026530,74256.16831320932,74263.24251696067,74225.0120365379,74248.3200552527,1016,9
2026-08-10 14:46:11.026530,74205.54000148155,74266.5846409217,74136.4457000943,74162.75994771041,2030,9
2026-08-10 14:51:11.026530,74017.32022911741,73889.71360085637,73690.60534349045,73871.88051052441,1648,1
2026-08-10 14:56:11.026530,73979.11492662,74205.08734101392,73959.20910882117,74086.34934271558,2030,4
2026-08-10 15:01:11.026530,74134.00477152111,74297.98303464675,74133.18480089356,74181.66020032663,413,8
2026-08-10 15:06:11.026530,74218.01860918236,74330.36398730449,74209.33976540167,74254.37701803807,157,2
2026-08-10 15:11:11.026530,74266.17518718186,74378.49395062843,74181.76666711747,74277.97335632566,672,4
2026-08-10 15:16:11.026530,74186.440998845,74102.13010246467,74034.92516904764,74094.90864136434,370,7
2026-08-10 15:21:11.026530,74063.41277514186,74125.94424426273,74031.74753168914,74031.91690891939,559,7
2026-08-10 15:26:11.026530,74088.78765099072,74236.52761242098,74128.46623100711,74145.65839306205,1114,5
2026-08-10 15:31:11.026530,74076.31572033784,74041.35331348094,73906.57165810601,74006.97304761362,353,7
2026-08-10 15:36:11.026530,73839.46169449488,73712.41231313656,73668.40609778742,73671.95034137614,1018,6
2026-08-10 15:41:11.026530,73657.6316362757,73676.92660440564,73434.40014232113,73643.31293117529,1488,2
2026-08-10 15:46:11.026530,73634.65483605844,73786.1281842798,73613.03909446865,73625.99674094161,1467,9
2026-08-10 15:51:11.026530,73635.71717650845,73654.84925128907,73640.41216802086,73645.43761207529,2462,5
2026-08-10 15:56:11.026530,73694.49358101364,73832.43628653062,73724.28270674816,73743.549549952,1038,2
2026-08-10 16:01:11.026530,73786.6295168126,73843.35927653046,73704.99413056856,73829.70948367318,2249,6
2026-08-10 16:06:11.026530,73847.64654678907,73956.76165758385,73847.6488928871,73865.58360990496,308,5
2026-08-10 16:11:11.026530,73945.88720346286,74120.92567378616,73942.93015194497,74026.19079702074,2024,2
2026-08-10 16:16:11.026530,73925.86807362598,73953.5093282621,73760.76583950568,73825.54535023124,2320,7
2026-08-10 16:21:11.026530,73859.82543828717,73979.45345314823,73836.81055695166,73894.10552634309,1339,2
2026-08-10 16:26:11.026530,73936.53655599465,73979.29856693612,73818.04536748366,73978.96758564623,279,7
2026-08-10 16:31:11.026530,73897.26635362458,73830.29502812463,73811.4707597336,73815.56512160295,199,6
2026-08-10 16:36:11.026530,73716.59449410014,73637.33493442967,73552.65903036906,73617.62386659732,959,4
2026-08-10 16:41:11.026530,73568.969189395,73565.56380181933,73505.33371270135,73520.31451219265,1027,4
2026-08-10 16:46:11.026530,73477.30183789921,73487.90638119672,73359.81566982614,73434.28916360578,684,6
2026-08-10 16:51:11.026530,73484.85243043466,73614.33680885467,73486.09715797784,73535.41569726355,1943,9
2026-08-10 16:56:11.026530,73495.50140376622,73475.66500416519,73237.97038638781,73455.5871102689,2496,6
2026-08-10 17:01:11.026530,73399.75092739469,73377.17142456993,73287.25183422476,73343.9147445205,671,6
2026-08-10 17:06:11.026530,73304.29594893535,73266.39521442265,73244.71912277046,73264.67715335019,2240,1
2026-08-10 17:11:11.026530,73339.24620706803,73460.68547248316,73291.0063261806,73413.81526078588,997,5
2026-08-10 17:16:11.026530,73415.4112411225,73443.06856583981,73299.1691089478,73417.00722145913,1143,1
2026-08-10 17:21:11.026530,73405.8990061363,73437.38557482064,73240.21518445498,73394.79079081347,103,9
2026-08-10 17:26:11.026530,73388.25887260496,73418.85851117769,73381.4608554029,73381.72695439645,893,4
2026-08-10 17:31:11.026530,73467.89405040097,73650.65874326843,73436.1332127264,73554.0611464055,1915,2
2026-08-10 17:36:11.026530,73505.23496652159,73513.47467754298,73227.08563322599,73456.4087866377,348,9
2026-08-10 17:41:11.026530,73544.21741206772,73642.40973580688,73576.05836731334,73632.02603749775,494,6
2026-08-10 17:46:11.026530,73646.71462922075,73698.10407002855,73632.13810842401,73661.40322094374,147,3
2026-08-10 17:51:11.026530,73651.50611988053,73676.27403469472,73561.3441273272,73641.60901881734,2155,2
2026-08-10 17:56:11.026530,73808.47570755854,74012.43853056604,73798.07951277186,73975.34239629975,226,6
2026-08-10 18:01:11.026530,73905.86532045554,73880.67758218948,73778.27598616638,73836.38824461133,768,6
2026-08-10 18:06:11.026530,73813.63023474642,73877.2018427078,73723.28625878238,73790.87222488152,1358,9
2026-08-10 18:11:11.026530,73709.85126502457,73677.018110499,73612.67548629563,73628.83030516762,2088,5
2026-08-10 18:16:11.026530,73692.73779375265,73831.7440964303,73731.93670009312,73756.64528233767,372,9
2026-08-10 18:21:11.026530,73869.68576110667,74007.3020867901,73939.27535716946,73982.72623987566,1773,5
2026-08-10 18:26:11.026530,74094.82647745655,74284.48575613163,74134.82814438209,74206.92671503742,1443,2
2026-08-10 18:31:11.026530,74289.50346668871,74417.42175651169,74322.74730977013,74372.08021834,2039,1
2026-08-10 18:36:11.026530,74359.59833369352,74440.399136982,74214.39425718432,74347.11644904704,895,9
2026-08-10 18:41:11.026530,74323.42831868376,74486.95010315021,74216.3057949072,74299.74018832046,139,7
2026-08-10 18:46:11.026530,74188.89814015168,74181.73589414939,74050.72514548396,74078.0560919829,180,3
2026-08-10 18:51:11.026530,74214.78080244843,74352.51534250892,74314.06005891028,74351.50551291394,1102,6
2026-08-10 18:56:11.026530,74383.64521644736,74485.49658937505,74301.47935804397,74415.7849199808,2155,4
2026-08-10 19:01:11.026530,74383.59458726663,74482.83865301829,74333.74878840618,74351.40425455247,1130,9
2026-08-10 19:06:11.026530,74441.12446570725,74733.95935435225,74521.75130906633,74530.84467686203,1043,2
2026-08-10 19:11:11.026530,74466.39491690407,74449.3713213705,74386.36277105121,74401.94515694611,1467,4
2026-08-10 19:16:11.026530,74429.9278186969,74467.60022495751,74452.8287956534,74457.9104804477,239,1
2026-08-10 19:21:11.026530,74447.08838863071,74585.46694075955,74336.08563761138,74436.26629681373,2173,7
2026-08-10 19:26:11.026530,74479.82279425711,74562.51824681692,74498.36138567844,74523.3792917005,2468,4
2026-08-10 19:31:11.026530,74519.86074815193,74605.37818199255,74472.53009011816,74516.34220460335,948,5
2026-08-10 19:36:11.026530,74419.90633166922,74331.63030044614,74239.36029803613,74323.47045873509,1810,1
2026-08-10 19:41:11.026530,74329.26953433582,74378.76398143577,74236.28301975894,74335.06860993656,555,2
2026-08-10 19:46:11.026530,74406.05030319816,74563.72053954765,74369.383112111,74477.03199645979,2016,4
2026-08-10 19:51:11.026530,74475.81843048039,74539.30172991393,74351.31911240735,74474.60486450099,232,2
2026-08-10 19:56:11.026530,74527.34067095933,74598.26290937545,74550.70022692453,74580.07647741768,203,1
2026-08-10 20:01:11.026530,74510.70877582493,74544.36865335464,74418.56711965923,74441.34107423217,1342,1
2026-08-10 20:06:11.026530,74440.32610168002,74499.51143608084,74358.38408945488,74439.31112912788,2003,6
2026-08-10 20:11:11.026530,74398.23888546752,74410.43130149409,74311.63518318025,74357.16664180715,1096,2
2026-08-10 20:16:11.026530,74407.93388413536,74667.98057934972,74381.97160804493,74458.70112646355,655,3
2026-08-10 20:21:11.026530,74461.55616168256,74502.81963676319,74434.11032431351,74464.41119690158,1416,5
2026-08-10 20:26:11.026530,74511.43284554154,74632.31527342164,74439.6868475964,74558.4544941815,2436,3
2026-08-10 20:31:11.026530,74632.26125255592,74735.68771958012,74625.56648660943,74706.06801093035,2008,6
2026-08-10 20:36:11.026530,74753.34626063287,74803.17641791429,74754.81783614625,74800.62451033539,1114,7
2026-08-10 20:41:11.026530,74819.7638986501,74867.14591345843,74762.48484821444,74838.90328696482,1749,6
2026-08-10 20:46:11.026530,74772.47610717703,74778.90994758483,74576.14390770253,74706.04892738923,567,2
2026-08-10 20:51:11.026530,74706.60866668452,74724.71498034874,74611.21256680218,74707.16840597981,187,9
2026-08-10 20:56:11.026530,74672.08885296958,74710.18943780649,74529.52347560831,74637.00929995933,1172,2
2026-08-10 21:01:11.026530,74614.65045645539,74617.62310248536,74582.23949113293,74592.29161295146,2438,6
2026-08-10 21:06:11.026530,74567.9018896134,74650.22420337093,74522.7525028208,74543.51216627534,1389,9
2026-08-10 21:11:11.026530,74478.57185684904,74427.01144810356,74317.69683859956,74413.63154742273,2322,9
2026-08-10 21:16:11.026530,74283.51632192546,74231.17949088772,74073.65310367156,74153.40109642819,2358,2
2026-08-10 21:21:11.026530,74109.57797790944,74239.92092719075,74035.37159569708,74065.75485939071,1152,9
2026-08-10 21:26:11.026530,74079.38854152172,74239.05778975705,74047.62616428616,74093.02222365273,746,8
2026-08-10 21:31:11.026530,74003.96889940035,73973.88769050202,73780.14083613925,73914.91557514797,860,7
2026-08-10 21:36:11.026530,73916.69800335122,73968.53729322969,73870.10521954561,73918.48043155448,522,8
2026-08-10 21:41:11.026530,74045.85706820352,74374.16682723892,74163.1288720609,74173.23370485257,126,8
2026-08-10 21:46:11.026530,74242.33480481595,74456.44780519024,74285.21848871135,74311.43590477934,2359,1
2026-08-10 21:51:11.026530,74422.2645183419,74653.34798420388,74457.79456617498,74533.09313190443,1075,9
2026-08-10 21:56:11.026530,74560.08500655265,74613.71277331872,74571.96503767902,74587.07688120086,2114,6
2026-08-10 22:01:11.026530,74666.27976785928,74941.33616809285,74705.68922128926,74745.48265451769,393,1
2026-08-10 22:06:11.026530,74697.55907828151,74679.33263229436,74623.39951640932,74649.63550204532,989,1
2026-08-10 22:11:11.026530,74607.11644541411,74643.29617851232,74459.18477899446,74564.5973887829,895,7
2026-08-10 22:16:11.026530,74381.97318744317,74213.74892882085,74078.2705977412,74199.34898610345,1080,2
2026-08-10 22:21:11.026530,74279.3872921457,74363.39816848424,74269.25788372588,74359.42559818794,2343,6
2026-08-10 22:26:11.026530,74463.39814660576,74587.64712663229,74514.1236036329,74567.37069502358,1035,5
2026-08-10 22:31:11.026530,74531.0100350669,74511.51579753935,74448.88471403088,74494.64937511021,223,5
2026-08-10 22:36:11.026530,74478.37164047478,74511.02823310692,74387.75383641526,74462.09390583936,895,6
2026-08-10 22:41:11.026530,74412.35104973686,74392.09860318068,74195.53733314048,74362.60819363435,742,8
2026-08-10 22:46:11.026530,74388.9707657072,74417.8626464847,74351.42626708056,74415.33333778006,1058,5
2026-08-10 22:51:11.026530,74491.49634393075,74689.22595461924,74483.32699702465,74567.65935008143,2378,8
2026-08-10 22:56:11.026530,74451.62697228763,74573.77277614409,74331.09189541773,74335.59459449381,1382,5
2026-08-10 23:01:11.026530,74363.74087327508,74432.85314463258,74298.4495022491,74391.88715205634,286,6
2026-08-10 23:06:11.026530,74374.1113980553,74413.9735378455,74306.5569953602,74356.33564405427,2254,8
2026-08-10 23:11:11.026530,74364.66857344414,74465.1288196484,74316.20472672509,74373.00150283401,1324,2
2026-08-10 23:16:11.026530,74404.48163546348,74441.17683764754,74378.28145369848,74435.96176809297,1294,7
2026-08-10 23:21:11.026530,74424.09989179953,74428.94755685187,74334.63937054748,74412.2380155061,387,3
2026-08-10 23:26:11.026530,74406.04533667405,74479.07542544461,74391.244788735,74399.852657842,1284,9
2026-08-10 23:31:11.026530,74386.27808085401,74492.47774687532,74319.29171810471,74372.70350386603,386,7
2026-08-10 23:36:11.026530,74438.45382530948,74528.3866366976,74380.06167149062,74504.20414675293,1207,3
2026-08-10 23:41:11.026530,74533.03978320309,74583.3741319414,74547.19419557104,74561.87541965324,1917,8
2026-08-10 23:46:11.026530,74577.42669104812,74728.20457963248,74584.40348099695,74592.97796244301,544,2
2026-08-10 23:51:11.026530,74508.49605244325,74594.73905326835,74322.06609606463,74424.01414244348,596,8
2026-08-10 23:56:11.026530,74399.40863931087,74430.22825155276,74299.55441933955,74374.80313617826,210,7
2026-08-11 00:01:11.026530,74435.75128276451,74614.63536704631,74398.54714816989,74496.69942935075,2086,5
2026-08-11 00:06:11.026530,74499.97198334592,74591.1539597954,74445.2820488154,74503.24453734109,2484,4
2026-08-11 00:11:11.026530,74548.24023367227,74635.32447919295,74566.44041504164,74593.23593000346,1791,1
2026-08-11 00:16:11.026530,74712.765839923,74868.55084643398,74732.97379964506,74832.29574984254,1557,4
2026-08-11 00:21:11.026530,74903.06005488746,75045.22672961347,74961.68894874038,74973.82435993238,1575,6
2026-08-11 00:26:11.026530,74980.86075163147,75035.77788065946,74939.56464810907,74987.89714333056,1037,6
2026-08-11 00:31:11.026530,74954.1759923918,75045.71051985523,74802.5275742574,74920.45484145303,1425,2
2026-08-11 00:36:11.026530,74749.41393193006,74628.99071436572,74523.0961569115,74578.37302240709,1603,9
2026-08-11 00:41:11.026530,74567.81821399968,74565.43016974528,74457.38544357783,74557.26340559227,2331,1
2026-08-11 00:46:11.026530,74536.1390261069,74575.67018571337,74431.96336159194,74515.01464662154,2073,4
2026-08-11 00:51:11.026530,74541.94885614593,74636.75536121966,74542.59522005194,74568.88306567034,1967,4
2026-08-11 00:56:11.026530,74559.30109919122,74593.09397703246,74515.15051959017,74549.71913271208,1918,2
2026-08-11 01:01:11.026530,74528.97425012993,74516.08263933648,74414.80879583172,74508.22936754778,1651,8
2026-08-11 01:06:11.026530,74389.84108261089,74406.48221323949,74259.80354775854,74271.45279767398,1349,2
2026-08-11 01:11:11.026530,74209.41588908414,74276.57616862288,74140.77677657358,74147.3789804943,760,2
2026-08-11 01:16:11.026530,74179.94293013556,74213.12188244196,74157.43292271529,74212.50687977683,1526,2
2026-08-11 01:21:11.026530,74328.03610702904,74550.10671140328,74353.04638872443,74443.56533428124,1091,1
2026-08-11 01:26:11.026530,74437.77609664279,74601.20750256644,74302.7731595284,74431.98685900433,121,5
2026-08-11 01:31:11.026530,74454.69777224612,74643.22853677007,74406.69484514362,74477.40868548788,2475,4
2026-08-11 01:36:11.026530,74542.05380003665,74671.17322717863,74452.10812124409,74606.69891458542,2096,2
2026-08-11 01:41:11.026530,74553.0353103739,74500.71544661024,74498.56172148771,74499.37170616239,1428,1
2026-08-11 01:46:11.026530,74524.71999486425,74579.466623847,74413.31845434809,74550.06828356611,1867,1
2026-08-11 01:51:11.026530,74501.16266573968,74541.03965897972,74405.10126797062,74452.25704791326,2248,2
2026-08-11 01:56:11.026530,74510.99718388729,74646.8843414129,74509.24800540651,74569.73731986133,1153,1
2026-08-11 02:01:11.026530,74580.6456896085,74671.36004070565,74588.22006876314,74591.55405935567,769,9
2026-08-11 02:06:11.026530,74612.34155204677,74656.23989696728,74620.84684256715,74633.12904473789,2065,2
2026-08-11 02:11:11.026530,74581.34433657891,74686.67415712497,74405.2069002398,74529.55962841993,1981,3
2026-08-11 02:16:11.026530,74577.76140087796,74632.2446108246,74443.86558760515,74625.96317333599,2227,9
2026-08-11 02:21:11.026530,74766.99161815396,75003.71749525082,74892.14150092496,74908.02006297195,1244,5
2026-08-11 02:26:11.026530,74840.87879244427,74814.67871942639,74667.741776259,74773.73752191658,455,8
2026-08-11 02:31:11.026530,74751.62725400765,74819.41445700811,74701.74268491504,74729.51698609871,1995,7
2026-08-11 02:36:11.026530,74745.84497101116,74988.2508846214,74711.82156777119,74762.17295592361,1106,6
2026-08-11 02:41:11.026530,74815.87320613445,74894.19166989834,74741.51541865856,74869.5734563453,585,2
2026-08-11 02:46:11.026530,74832.63669421931,74901.28948968436,74769.14235758389,74795.69993209332,2294,4
2026-08-11 02:51:11.026530,74606.22088645156,74462.69229530227,74406.88404043994,74416.74184080979,1119,9
2026-08-11 02:56:11.026530,74508.63109428133,74742.52027616695,74534.5729812203,74600.52034775287,323,7
2026-08-11 03:01:11.026530,74652.36308411986,74823.9268827859,74541.05261428846,74704.20582048687,1816,3
2026-08-11 03:06:11.026530,74587.94920044672,74509.42449555577,74429.34264372151,74471.69258040658,182,6
2026-08-11 03:11:11.026530,74431.73674128621,74432.20663085405,74315.9689930875,74391.78090216585,313,8
2026-08-11 03:16:11.026530,74497.6691497708,74685.22548714522,74509.19426110284,74603.55739737574,416,8
2026-08-11 03:21:11.026530,74701.64184999897,74850.58725694535,74698.49917290306,74799.7263026222,2102,8
2026-08-11 03:26:11.026530,74863.71799798068,75027.45317495608,74843.75791266674,74927.70969333916,2366,8
2026-08-11 03:31:11.026530,74916.58449143099,74940.14921181514,74755.48800658736,74905.45928952281,900,6
2026-08-11 03:36:11.026530,74911.80347103014,75035.95870320917,74695.1178387598,74918.14765253747,1779,3
2026-08-11 03:41:11.026530,74910.06985817995,74950.83053385676,74786.91243247033,74901.99206382243,1494,9
2026-08-11 03:46:11.026530,74978.87656193839,75106.67325862392,75016.29325859777,75055.76106005436,1419,3
2026-08-11 03:51:11.026530,74997.39373774489,75073.47457950107,74929.42807678509,74939.02641543544,1998,4
2026-08-11 03:56:11.026530,74885.46686421716,74957.16126588365,74817.72703250269,74831.90731299888,2166,1
2026-08-11 04:01:11.026530,74900.75960176549,75011.19738715504,74816.52482495805,74969.6118905321,407,2
2026-08-11 04:06:11.026530,74967.36846879443,75025.82234945592,74907.87991086223,74965.12504705676,1761,6
2026-08-11 04:11:11.026530,75058.99532538097,75214.44273674929,75079.5569971185,75152.86560370517,1459,1
2026-08-11 04:16:11.026530,75108.2242107421,75114.03826480288,74924.23307475109,75063.58281777902,374,9
2026-08-11 04:21:11.026530,75060.63289555308,75148.99101437582,75043.31085386936,75057.68297332714,800,8
2026-08-11 04:26:11.026530,74996.17324923497,74942.64384731896,74934.57683890907,74934.66352514278,305,2
2026-08-11 04:31:11.026530,74935.90944054263,75099.17520022884,74814.14920172613,74937.15535594246,2308,2
2026-08-11 04:36:11.026530,74838.31702860676,74743.03553854102,74735.00741139565,74739.47870127106,960,8
2026-08-11 04:41:11.026530,74707.43891801525,74767.40286053359,74629.1116331332,74675.39913475944,633,8
2026-08-11 04:46:11.026530,74579.74108738326,74507.65349172488,74483.33572081033,74484.08304000707,626,1
2026-08-11 04:51:11.026530,74531.37549516693,74625.82875958162,74520.19846105712,74578.66795032678,2263,5
2026-08-11 04:56:11.026530,74627.54379087623,74811.213469968,74556.03984330017,74676.41963142566,2311,2
2026-08-11 05:01:11.026530,74561.05613912005,74475.52586756913,74372.61674305472,74445.69264681445,1921,1
2026-08-11 05:06:11.026530,74535.9181207646,74685.37982075532,74567.9981864435,74626.14359471475,1202,3
2026-08-11 05:11:11.026530,74795.00601934476,75032.39367851992,74934.00071437545,74963.86844397476,2100,3
2026-08-11 05:16:11.026530,74967.72221581242,75112.79480522854,74966.46624806743,74971.57598765008,944,9
2026-08-11 05:21:11.026530,74929.09098525012,74903.89519345466,74778.86667741487,74886.60598285016,1833,1
2026-08-11 05:26:11.026530,75078.19743368834,75351.3486668919,75237.4159950854,75269.78888452653,1143,2
2026-08-11 05:31:11.026530,75181.29515437417,75121.92708025931,74942.22487886621,75092.8014242218,2149,9
2026-08-11 05:36:11.026530,75094.91127734509,75202.49386385451,75094.39117777819,75097.02113046839,486,5
2026-08-11 05:41:11.026530,75109.91450167274,75239.1426944866,74993.46763538074,75122.80787287709,1071,9
2026-08-11 05:46:11.026530,75214.61726054086,75363.00701761029,75303.96486870722,75306.42664820465,2191,6
2026-08-11 05:51:11.026530,75331.56969447687,75399.78994807106,75257.9344702989,75356.7127407491,2183,3
2026-08-11 05:56:11.026530,75323.66294115176,75400.88341603258,75220.39004237847,75290.61314155444,567,8
2026-08-11 06:01:11.026530,75226.96618338421,75203.91981170463,75120.71258269696,75163.31922521399,791,9
2026-08-11 06:06:11.026530,75140.95429942112,75161.7513302259,75104.72376973132,75118.58937362826,2074,2
2026-08-11 06:11:11.026530,75051.32579481951,75067.48145578586,74957.24361074294,74984.06221601076,912,9
2026-08-11 06:16:11.026530,74988.03979068965,75190.10361488709,74974.82821666167,74992.01736536853,2091,4
2026-08-11 06:21:11.026530,74954.70667226653,74993.1592334032,74916.72648330985,74917.39597916455,92,8
2026-08-11 06:26:11.026530,74817.54200205588,74733.23042137439,74655.37244030817,74717.68802494723,1897,5
2026-08-11 06:31:11.026530,74802.93574818547,74950.68967479396,74775.94305949319,74888.1834714237,1783,6
2026-08-11 06:36:11.026530,74855.40389758295,74831.83620668929,74730.6078447553,74822.62432374219,453,4
2026-08-11 06:41:11.026530,74738.0714513033,74680.93003848815,74622.44531678845,74653.51857886442,1376,5
2026-08-11 06:46:11.026530,74642.96158445005,74789.81777397936,74618.94041521862,74632.40459003569,1255,1
2026-08-11 06:51:11.026530,74637.743756943,74741.87882893837,74620.08505356564,74643.08292385032,2266,3
2026-08-11 06:56:11.026530,74526.68574620852,74421.12163039771,74384.41000080529,74410.28856856671,2300,4
2026-08-11 07:01:11.026530,74433.24995267094,74457.68595037714,74361.82145264327,74456.21133677517,2199,1
2026-08-11 07:06:11.026530,74386.84994773626,74326.91224844211,74182.98078786164,74317.48855869735,1649,3
2026-08-11 07:11:11.026530,74432.85387645618,74556.96414667155,74500.8223364968,74548.21919421502,2443,4
2026-08-11 07:16:11.026530,74584.13626080641,74629.407434242,74588.16307049445,74620.05332739778,491,9
2026-08-11 07:21:11.026530,74593.95215932696,74638.16186442309,74509.22680142945,74567.85099125614,299,3
2026-08-11 07:26:11.026530,74518.6201979665,74518.3681605551,74440.84416606047,74469.38940467687,927,3
2026-08-11 07:31:11.026530,74463.09943692482,74490.49555696777,74285.74634869536,74456.80946917277,1936,4
2026-08-11 07:36:11.026530,74498.6413210854,74784.72057586667,74391.9097018537,74540.47317299803,1353,9
2026-08-11 07:41:11.026530,74539.508280253,74562.67736260193,74477.76192250369,74538.54338750796,1790,9
2026-08-11 07:46:11.026530,74524.72330488585,74644.13546113126,74358.2801254829,74510.90322226372,1162,1
2026-08-11 07:51:11.026530,74515.56292345736,74572.23966089016,74516.63324144788,74520.222624651,1994,8
2026-08-11 07:56:11.026530,74480.48929551564,74559.29968098964,74383.99757140582,74440.75596638027,1948,1
2026-08-11 08:01:11.026530,74418.51336480796,74470.69219791224,74302.36255052128,74396.27076323566,2072,2
2026-08-11 08:06:11.026530,74257.61612371821,74139.91663269952,74114.54037179891,74118.96148420076,297,5
2026-08-11 08:11:11.026530,74184.71535707943,74298.53186768082,74222.53820324787,74250.46922995812,2188,6
2026-08-11 08:16:11.026530,74271.184799913,74391.02555021802,74276.4656004532,74291.90036986787,617,2
2026-08-11 08:21:11.026530,74240.96289153607,74197.63954412543,74137.29429516809,74190.02541320428,1919,5
2026-08-11 08:26:11.026530,74317.76723501971,74584.4687262336,74363.70160548665,74445.50905683513,1912,3
2026-08-11 08:31:11.026530,74452.08428015959,74491.93169346465,74449.5245665322,74458.65950348403,1238,7
2026-08-11 08:36:11.026530,74390.0325446419,74340.8663630659,74240.25577347468,74321.40558579976,1403,1
2026-08-11 08:41:11.026530,74379.50070046926,74443.07913596721,74436.73615196362,74437.59581513876,2177,5
2026-08-11 08:46:11.026530,74465.01706458133,74558.24727809882,74463.92565590898,74492.43831402391,983,3
2026-08-11 08:51:11.026530,74519.64707442037,74686.75800072412,74478.17542199431,74546.85583481683,1030,2
2026-08-11 08:56:11.026530,74519.04681492463,74498.10376206829,74400.49562445647,74491.23779503244,919,3
2026-08-11 09:01:11.026530,74522.19775350184,74558.79767022296,74520.48885958389,74553.15771197123,218,4
2026-08-11 09:06:11.026530,74536.34362041377,74577.91202814438,74479.336095903,74519.52952885632,428,2
2026-08-11 09:11:11.026530,74557.5797855742,74610.75189940621,74555.95073776928,74595.63004229208,1282,2
2026-08-11 09:16:11.026530,74468.70198546679,74425.17299795602,74315.45365379188,74341.7739286415,1982,3
2026-08-11 09:21:11.026530,74313.49867547792,74285.81315256537,74246.75733289283,74285.22342231436,1975,2
2026-08-11 09:26:11.026530,74401.28483779123,74604.49188810498,74434.6086573026,74517.34625326809,243,6
2026-08-11 09:31:11.026530,74466.68205642057,74570.74983454501,74375.67231950736,74416.01785957305,313,2
2026-08-11 09:36:11.026530,74376.34147168417,74395.04109300683,74199.63201551506,74336.66508379526,1320,1
2026-08-11 09:41:11.026530,74307.44998152494,74324.68748448128,74256.74866774981,74278.23487925463,1703,8
2026-08-11 09:46:11.026530,74197.85448123986,74154.86325223594,73913.06390815502,74117.47408322511,1521,4
2026-08-11 09:51:11.026530,73971.19972536886,73928.80904850272,73718.372773614,73824.92536751261,2065,2
2026-08-11 09:56:11.026530,73810.34577553443,73848.76884446826,73725.85911084026,73795.76618355626,1813,4
2026-08-11 10:01:11.026530,73805.52869774692,73929.38036772028,73727.85979383104,73815.2912119376,570,2
2026-08-11 10:06:11.026530,73812.54135806373,73815.37389807319,73754.93926559114,73809.79150418987,968,5
2026-08-11 10:11:11.026530,73800.9065610067,73819.71578742187,73747.87558084539,73792.02161782353,1350,7
2026-08-11 10:16:11.026530,73795.6181789067,73866.34836346448,73741.08166840338,73799.21473998987,623,6
2026-08-11 10:21:11.026530,73867.95308493014,73943.06751467056,73865.81329230891,73936.6914298704,1587,2
2026-08-11 10:26:11.026530,73924.75985786799,73961.65018930777,73900.00307704814,73912.82828586559,1433,4
2026-08-11 10:31:11.026530,73875.39752231022,73984.37900760275,73727.56951796933,73837.96675875485,1430,8
2026-08-11 10:36:11.026530,73820.02753745104,73837.25285813195,73785.51640446414,73802.08831614722,1573,7
2026-08-11 10:41:11.026530,73841.3284866937,73971.24118424614,73872.75772295393,73880.56865724018,945,7
2026-08-11 10:46:11.026530,73975.31798221328,74088.59815050264,73971.47628913,74070.06730718639,1156,4
2026-08-11 10:51:11.026530,74028.9568577903,74040.26809523997,73958.51684651499,73987.8464083942,566,1
2026-08-11 10:56:11.026530,73995.17492070854,74091.34802596277,73980.14011309759,74002.50343302288,1073,7
2026-08-11 11:01:11.026530,74025.78614819118,74177.33483533123,74013.47746602536,74049.06886335948,945,6
2026-08-11 11:06:11.026530,73983.71756770967,73972.60253412205,73896.09932922904,73918.36627205985,514,8
2026-08-11 11:11:11.026530,73920.46379852013,74046.38961927906,73864.29330913784,73922.5613249804,1660,5
2026-08-11 11:16:11.026530,73825.91539657165,73849.12462967898,73714.99000571345,73729.26946816292,662,8
2026-08-11 11:21:11.026530,73612.80341635717,73621.41182090934,73480.32046091883,73496.33736455142,654,8
2026-08-11 11:26:11.026530,73521.33989556566,73547.83495782925,73514.74989598658,73546.3424265799,1704,9
2026-08-11 11:31:11.026530,73521.67684106209,73602.0208639524,73450.61559448049,73497.01125554426,670,1
2026-08-11 11:36:11.026530,73511.12924173204,73569.05424290737,73418.98048216902,73525.24722791983,2233,3
2026-08-11 11:41:11.026530,73524.79832378507,73672.54109932456,73362.06131437483,73524.34941965033,2427,6
2026-08-11 11:46:11.026530,73460.52986256537,73456.97687230697,73327.21090263448,73396.71030548039,2492,4
2026-08-11 11:51:11.026530,73394.45497668564,73529.27021785588,73343.01335928487,73392.1996478909,205,8
2026-08-11 11:56:11.026530,73311.57226023675,73348.87351960415,73171.62478778814,73230.94487258261,293,1
2026-08-11 12:01:11.026530,73323.46988599515,73416.03285661602,73395.25461047287,73415.99489940768,499,5
2026-08-11 12:06:11.026530,73327.24160658501,73241.1890126664,73120.66381708121,73238.48831376234,2375,4
2026-08-11 12:11:11.026530,73226.3176060594,73254.70842774161,73149.62291064957,73214.14689835644,803,1
2026-08-11 12:16:11.026530,73146.26393508003,73113.38575948111,73011.3629211706,73078.38097180362,455,6
2026-08-11 12:21:11.026530,73116.64869088097,73160.62461968412,73137.42432920182,73154.91640995833,1119,3
2026-08-11 12:26:11.026530,73133.83278703137,73157.13849714343,73049.2530296495,73112.74916410442,798,5
2026-08-11 12:31:11.026530,73079.36650832248,73158.16956752374,72919.67213971075,73045.98385254052,1344,6
2026-08-11 12:36:11.026530,73102.84918704932,73176.70473116158,73017.7277689936,73159.71452155811,1629,4
2026-08-11 12:41:11.026530,73162.38403642294,73249.86910865131,73005.27914576579,73165.05355128778,2335,6
2026-08-11 12:46:11.026530,73199.82200022506,73303.36785941332,73191.53813877818,73234.59044916234,2085,7
2026-08-11 12:51:11.026530,73170.69829875357,73170.73909609839,73039.01007543052,73106.80614834481,1240,2
2026-08-11 12:56:11.026530,73015.22063138653,73022.1787294099,72880.87094327481,72923.63511442825,1449,7
2026-08-11 13:01:11.026530,72931.40137263152,72961.55433261595,72887.32520041065,72939.1676308348,2298,7
2026-08-11 13:06:11.026530,72918.97186748614,73022.20939296807,72879.55829498495,72898.77610413746,2329,2
2026-08-11 13:11:11.026530,72940.62879084688,73033.36821538309,72923.50166113328,72982.48147755631,773,3
2026-08-11 13:16:11.026530,72977.96285670935,73028.92462111534,72940.32267291292,72973.4442358624,1491,3
2026-08-11 13:21:11.026530,72987.64528164046,73072.00442390198,72906.45027184747,73001.84632741853,1227,1
2026-08-11 13:26:11.026530,72896.07097505595,72823.37356296513,72781.27166945153,72790.29562269336,774,1
2026-08-11 13:31:11.026530,72914.95040797474,73049.11913001281,72921.06002608447,73039.60519325614,136,6
2026-08-11 13:36:11.026530,73029.54042370744,73071.70586065935,73003.69283633192,73019.47565415874,103,9
2026-08-11 13:41:11.026530,73066.07925900986,73155.80906656318,73014.09273423103,73112.68286386099,1801,9
2026-08-11 13:46:11.026530,73058.43826170872,73115.71632969101,72987.88732089003,73004.19365955646,1115,1
2026-08-11 13:51:11.026530,73025.16713778171,73103.17772261857,72992.54132107817,73046.14061600695,1303,7
2026-08-11 13:56:11.026530,72961.31872257392,72973.91500765097,72853.62623311639,72876.49682914092,791,6
2026-08-11 14:01:11.026530,72906.88886995029,73025.36657161059,72852.08234875427,72937.28091075967,1922,4
2026-08-11 14:06:11.026530,72914.64990482107,72956.72333641048,72766.89226308871,72892.01889888245,2264,3
2026-08-11 14:11:11.026530,72894.66289425992,73029.6320471773,72698.27938518561,72897.30688963739,1996,9
2026-08-11 14:16:11.026530,72943.8579485523,72990.58607474696,72924.64978591546,72990.4090074672,1536,5
2026-08-11 14:21:11.026530,72910.25979148493,72894.45178023366,72806.2708795919,72830.11057550267,122,8
2026-08-11 14:26:11.026530,72785.99916781358,72751.55225950995,72705.72383646714,72741.8877601245,774,4
2026-08-11 14:31:11.026530,72772.56808012968,72846.53551427367,72673.48513770748,72803.24840013486,319,4
2026-08-11 14:36:11.026530,72941.72074737088,73128.86951057162,73002.67987166316,73080.19309460692,268,6
2026-08-11 14:41:11.026530,73071.842875476,73097.67459253644,73053.2063556245,73063.49265634506,596,6
2026-08-11 14:46:11.026530,73103.11618670629,73269.42497804173,73136.0340418281,73142.73971706752,1151,3
2026-08-11 14:51:11.026530,73136.42992111441,73244.16239635966,73100.29562338449,73130.1201251613,2405,2
2026-08-11 14:56:11.026530,73258.91069850937,73389.2302422929,73352.5361028145,73387.70127185746,1838,9
2026-08-11 15:01:11.026530,73273.21200788357,73160.48537325986,73131.96991675434,73158.72274390969,2018,2
2026-08-11 15:06:11.026530,73165.6851129432,73199.79738376982,73157.3435879825,73172.64748197673,1977,9
2026-08-11 15:11:11.026530,73066.48271498716,73108.08035181093,72955.92581308661,72960.3179479976,470,8
2026-08-11 15:16:11.026530,72796.82278933619,72641.52612907703,72581.18095895863,72633.32763067479,1309,7
2026-08-11 15:21:11.026530,72653.50465979875,72720.6307711672,72497.92268044053,72673.6816889227,1907,5
2026-08-11 15:26:11.026530,72683.53379770322,72769.9738820091,72572.14204993611,72693.38590648375,634,3
2026-08-11 15:31:11.026530,72675.48206608203,72717.83843580844,72484.59211245665,72657.5782256803,1612,2
2026-08-11 15:36:11.026530,72651.3611086418,72686.44291101047,72560.47645677767,72645.14399160328,2135,8
2026-08-11 15:41:11.026530,72849.00918905881,73058.50928339436,73034.98361628139,73052.87438651433,1839,2
2026-08-11 15:46:11.026530,73036.63413433425,73028.97790518831,72967.35026725756,73020.39388215415,1942,8
2026-08-11 15:51:11.026530,73054.6646940342,73170.47441212794,72852.50096782121,73088.93550591424,254,5
2026-08-11 15:56:11.026530,73046.97525796144,73108.30065666474,73002.79753598181,73005.01501000865,791,9
2026-08-11 16:01:11.026530,73025.14872341603,73225.40463263443,72982.7712598113,73045.28243682341,1254,4
2026-08-11 16:06:11.026530,73030.3542798525,73032.25671255412,72937.00174573052,73015.42612288157,2137,8
2026-08-11 16:11:11.026530,72989.18894590955,72999.87202631732,72908.00220027832,72962.95176893752,217,7
2026-08-11 16:16:11.026530,73083.32052328916,73215.72769211976,73179.9052445412,73203.6892776408,691,8
2026-08-11 16:21:11.026530,73282.06195564536,73458.06127513715,73311.61766755288,73360.4346336499,1155,5
2026-08-11 16:26:11.026530,73370.19815132837,73414.62361027853,73348.8420619008,73379.96166900685,1873,2
2026-08-11 16:31:11.026530,73228.8328961668,73122.2052442181,72996.26832671555,73077.70412332674,151,7
2026-08-11 16:36:11.026530,73054.6985930785,73215.10878344465,72961.55398456643,73031.69306283027,138,3
2026-08-11 16:41:11.026530,73210.52587489638,73408.16817505274,73354.92975172753,73389.35868696249,2442,2
2026-08-11 16:46:11.026530,73374.86014497519,73441.80596263606,73349.93382350203,73360.36160298789,1996,3
2026-08-11 16:51:11.026530,73434.00823782588,73538.77886681391,73468.62867161665,73507.65487266387,657,4
2026-08-11 16:56:11.026530,73603.91019604879,73702.41970420396,73683.13079181366,73700.1655194337,2256,7
2026-08-11 17:01:11.026530,73715.42959072144,73764.24622054731,73674.60777848278,73730.69366200916,2260,1
2026-08-11 17:06:11.026530,73675.61087770089,73701.25416301501,73550.7011488036,73620.52809339263,335,6
2026-08-11 17:11:11.026530,73460.25415369167,73349.31804719435,73162.09899671416,73299.9802139907,914,6
2026-08-11 17:16:11.026530,73345.87616173772,73521.53548035822,73324.05686637668,73391.77210948475,104,8
2026-08-11 17:21:11.026530,73338.7276542749,73299.36112318924,73267.37013033494,73285.68319906507,625,2
2026-08-11 17:26:11.026530,73298.03651334211,73399.78375275659,73308.59432952666,73310.38982761916,2130,2
2026-08-11 17:31:11.026530,73228.75164403462,73152.37486716066,73094.17705391969,73147.11346045008,607,1
2026-08-11 17:36:11.026530,73130.38753290649,73289.30510171984,73041.64570410163,73113.66160536288,780,3
2026-08-11 17:41:11.026530,73116.61165221603,73146.1666555859,72963.2069056429,73119.56169906919,1042,7
2026-08-11 17:46:11.026530,73137.97302948826,73192.11805877132,73141.67590948554,73156.38435990733,850,8
2026-08-11 17:51:11.026530,73083.78733676554,73143.31772999784,73004.53984733843,73011.19031362375,245,7
2026-08-11 17:56:11.026530,73090.6558945351,73185.45166778717,73102.99427268247,73170.12147544646,497,9
2026-08-11 18:01:11.026530,73131.56612930018,73125.25680023787,72945.72055017944,73093.01078315389,1871,8
2026-08-11 18:06:11.026530,72983.75254402819,72942.28151460765,72872.2536724936,72874.49430490247,1664,8
2026-08-11 18:11:11.026530,72868.07309176886,72889.69933691311,72784.61097774396,72861.65187863524,141,2
2026-08-11 18:16:11.026530,72864.63479488587,72987.64527082081,72817.00340357129,72867.61771113653,657,1
2026-08-11 18:21:11.026530,72878.87972003006,72905.47583147448,72793.58522045478,72890.14172892361,1301,6
2026-08-11 18:26:11.026530,72980.33948311055,73094.63106947827,73055.87416828568,73070.53723729751,335,7
2026-08-11 18:31:11.026530,73055.72124843765,73064.50738708786,73036.11813908246,73040.90525957778,151,6
2026-08-11 18:36:11.026530,73033.77295209188,73075.8229647161,72954.97635505065,73026.64064460598,189,7
2026-08-11 18:41:11.026530,72954.9357459691,72889.79128406379,72718.23384066249,72883.2308473322,884,8
2026-08-11 18:46:11.026530,72937.82466415253,73018.69943482756,72954.68197787958,72992.41848097286,1728,2
2026-08-11 18:51:11.026530,73005.25851120766,73044.24043284386,72927.12148826028,73018.09854144246,2363,1
2026-08-11 18:56:11.026530,72991.23594636246,72970.7060249778,72956.99584873387,72964.37335128245,584,8
2026-08-11 19:01:11.026530,72840.23861061144,72719.28627406167,72644.80649443522,72716.10386994043,65,8
2026-08-11 19:06:11.026530,72811.48474708718,72966.80002268624,72905.4944364573,72906.8656242339,610,8
2026-08-11 19:11:11.026530,72827.12636384698,72756.86568620565,72709.23535947342,72747.38710346006,2433,7
2026-08-11 19:16:11.026530,72709.42186712741,72698.91744300726,72603.05597088663,72671.45663079475,959,2
2026-08-11 19:21:11.026530,72695.62865774834,72734.00082858048,72602.96152481425,72719.80068470191,1463,4
2026-08-11 19:26:11.026530,72642.29849070244,72620.80450924682,72520.77501467896,72564.79629670296,2267,9
2026-08-11 19:31:11.026530,72468.11238418033,72399.55953401906,72289.53891977391,72371.42847165771,962,8
2026-08-11 19:36:11.026530,72234.07173408782,72254.87005703499,72068.28196390661,72096.71499651793,168,4
2026-08-11 19:41:11.026530,72144.25063853723,72262.94522339426,72127.47244022592,72191.78628055651,2107,8
2026-08-11 19:46:11.026530,72157.10270038823,72144.12427863471,72054.4151245871,72122.41912021996,1541,6
2026-08-11 19:51:11.026530,72313.6552512274,72535.23379155244,72466.41135063778,72504.89138223484,2146,9
2026-08-11 19:56:11.026530,72440.78712956261,72396.00349519758,72271.43277390076,72376.68287689037,2304,1
2026-08-11 20:01:11.026530,72317.43278926582,72284.03223218008,72136.46225355947,72258.18270164127,563,6
2026-08-11 20:06:11.026530,72222.15441760814,72207.89597563675,72096.69973374502,72186.126133575,2057,4
2026-08-11 20:11:11.026530,72202.64762901116,72352.55714331756,72199.69053462008,72219.16912444733,1283,3
2026-08-11 20:16:11.026530,72189.34171701183,72240.34344246708,72125.92987861158,72159.51430957633,1212,5
2026-08-11 20:21:11.026530,72200.02566699253,72289.89099525996,72186.1547825253,72240.53702440871,86,8
2026-08-11 20:26:11.026530,72177.68979286685,72211.64240917808,72092.65809795634,72114.84256132497,2315,6
2026-08-11 20:31:11.026530,72026.00338959348,72113.45368102199,71848.52036900337,71937.164217862,1529,1
2026-08-11 20:36:11.026530,71821.64686434226,71781.79653762336,71671.15158559366,71706.12951082252,1585,6
2026-08-11 20:41:11.026530,71563.6309983388,71439.85052042587,71396.48694955722,71421.1324858551,2277,7
2026-08-11 20:46:11.026530,71388.56059229223,71554.83752065677,71316.31119590955,71355.98869872937,1590,6
2026-08-11 20:51:11.026530,71337.37804123665,71360.6113542277,71291.04048219763,71318.76738374392,179,3
2026-08-11 20:56:11.026530,71278.97281316292,71378.251139886,71207.47086372577,71239.17824258191,1821,9
2026-08-11 21:01:11.026530,71319.70280412099,71453.40825030227,71292.54275965749,71400.22736566004,408,4
2026-08-11 21:06:11.026530,71479.94370927903,71563.77254585632,71399.12794667525,71559.66005289802,1672,5
2026-08-11 21:11:11.026530,71538.81917233989,71537.57266150537,71456.3989893953,71517.97829178176,1631,5
2026-08-11 21:16:11.026530,71403.40954864793,71390.06588149213,71170.34596891573,71288.84080551409,1227,3
2026-08-11 21:21:11.026530,71253.21173744972,71227.9654413235,71123.10585669288,71217.58266938535,555,2
2026-08-11 21:26:11.026530,71179.8687843006,71197.29364548065,71093.20997463452,71142.15489921585,1582,8
2026-08-11 21:31:11.026530,71100.81536356808,71144.18293321133,70966.02657091107,71059.47582792031,867,7
2026-08-11 21:36:11.026530,71015.59196054157,70991.60595533939,70918.41609296124,70971.70809316283,843,5
2026-08-11 21:41:11.026530,70930.70188108769,70948.94437970794,70861.81449166879,70889.69566901255,888,1
2026-08-11 21:46:11.026530,70865.75102171343,70906.15372837336,70765.35943289394,70841.80637441431,672,1
2026-08-11 21:51:11.026530,70802.01656650257,70806.1232043949,70666.46850141003,70762.22675859084,146,8
2026-08-11 21:56:11.026530,70776.2043692535,70828.20757005939,70775.84838340938,70790.18197991615,2013,4
2026-08-11 22:01:11.026530,70813.85730655034,70892.19893059389,70745.4145206685,70837.53263318453,1355,4
2026-08-11 22:06:11.026530,70780.2303458763,70746.5338721437,70641.85194373189,70722.9280585681,1774,9
2026-08-11 22:11:11.026530,70804.63365191768,70896.59346700169,70877.48763592776,70886.33924526727,648,2
2026-08-11 22:16:11.026530,70824.5762591745,70809.56120932526,70688.99765545313,70762.81327308173,478,5
2026-08-11 22:21:11.026530,70660.63661150972,70596.3234694153,70525.9563180923,70558.45994993771,1616,6
2026-08-11 22:26:11.026530,70583.35471676417,70613.88387298764,70494.61573834335,70608.24948359063,1374,6
2026-08-11 22:31:11.026530,70557.04854818227,70691.63506352656,70494.53566529325,70505.8476127739,2464,3
2026-08-11 22:36:11.026530,70526.94661737669,70570.99785566654,70538.12916667607,70548.04562197947,1902,6
2026-08-11 22:41:11.026530,70396.4610341595,70291.24393603159,70091.77461423233,70244.8764463395,1817,5
2026-08-11 22:46:11.026530,70333.72268534488,70485.87744765534,70332.24428908367,70422.56892435026,1118,8
2026-08-11 22:51:11.026530,70465.90996807137,70546.69903496596,70418.53846229012,70509.25101179248,1566,4
2026-08-11 22:56:11.026530,70414.86494876005,70485.83586906653,70239.1514090957,70320.47888572761,1389,3
2026-08-11 23:01:11.026530,70227.71519201278,70165.19349143666,70070.24059273908,70134.95149829796,2149,6
2026-08-11 23:06:11.026530,70241.36985365128,70416.6882522105,70249.646876444,70347.7882090046,613,9
2026-08-11 23:11:11.026530,70301.83598897528,70284.4078337548,70234.59476337333,70255.88376894595,1026,8
2026-08-11 23:16:11.026530,70203.87910620388,70171.66283541993,70107.70935893437,70151.87444346181,1391,8
2026-08-11 23:21:11.026530,70009.79348124115,69927.45534470867,69785.11916041515,69867.71251902051,1483,3
2026-08-11 23:26:11.026530,69846.36046039916,69868.13617277422,69739.579627471,69825.0084017778,2420,1
2026-08-11 23:31:11.026530,69811.39883357038,69846.11729558565,69714.46892125296,69797.78926536295,1664,3
2026-08-11 23:36:11.026530,69843.46295752238,70014.3485781024,69885.77762060042,69889.13664968181,1634,3
2026-08-11 23:41:11.026530,69801.94216208506,69788.87957133642,69660.8240091017,69714.7476744883,1303,6
2026-08-11 23:46:11.026530,69620.18555078568,69584.99317183724,69511.25448066412,69525.62342708305,1417,3
2026-08-11 23:51:11.026530,69554.54882324199,69642.6381526187,69512.66549021387,69583.47421940095,1444,2
2026-08-11 23:56:11.026530,69647.27507988711,69745.67644228054,69633.95458172768,69711.07594037328,605,9
2026-08-12 00:01:11.026530,69613.33629666912,69667.08489369492,69483.33792523653,69515.59665296494,1320,6
2026-08-12 00:06:11.026530,69584.02296205182,69655.75225756929,69628.72545691776,69652.44927113868,268,5
2026-08-12 00:11:11.026530,69655.49932227278,69701.97753324252,69560.08836741364,69658.54937340687,583,3
2026-08-12 00:16:11.026530,69727.76285769613,69906.34722416486,69722.73007982485,69796.97634198538,1545,7
2026-08-12 00:21:11.026530,69793.26345725113,69851.73009891866,69730.51046513821,69789.55057251689,1423,7
2026-08-12 00:26:11.026530,69632.17862639957,69564.90748158355,69415.88677883732,69474.80668028227,93,4
2026-08-12 00:31:11.026530,69466.00043071288,69552.76649340044,69370.98051224202,69457.1941811435,114,2
2026-08-12 00:36:11.026530,69524.22451179705,69783.10007244266,69513.73511308194,69591.25484245061,295,2
2026-08-12 00:41:11.026530,69536.01742935926,69510.96905559227,69456.6297474253,69480.78001626792,1036,8
2026-08-12 00:46:11.026530,69457.22231720739,69658.15775997826,69375.07188770783,69433.66461814685,1658,4
2026-08-12 00:51:11.026530,69423.35385107333,69475.36148430445,69361.21480171217,69413.04308399982,1774,7
2026-08-12 00:56:11.026530,69233.0678031485,69089.70618900671,69009.06491772927,69053.09252229719,2255,3
2026-08-12 01:01:11.026530,69157.81208778292,69366.12490547581,69206.46228740118,69262.53165326864,1548,9
2026-08-12 01:06:11.026530,69207.08031477287,69181.25064181934,69131.15730082993,69151.62897627709,1098,9
2026-08-12 01:11:11.026530,69183.8106460199,69278.27237042155,69087.33841237027,69215.99231576273,209,7
2026-08-12 01:16:11.026530,69211.28380136214,69286.24872125816,69133.14645037077,69206.57528696154,1054,7
2026-08-12 01:21:11.026530,69285.68961270453,69366.13982375391,69332.55985601679,69364.80393844753,2172,1
2026-08-12 01:26:11.026530,69390.85676979978,69419.72599840569,69314.33611107088,69416.90960115203,2235,8
2026-08-12 01:31:11.026530,69402.92964121889,69479.0779630405,69321.41791844857,69388.94968128573,1991,2
2026-08-12 01:36:11.026530,69333.88724452563,69352.89875333974,69157.32566064548,69278.82480776554,528,8
2026-08-12 01:41:11.026530,69329.3010802014,69441.60202495888,69255.87020207776,69379.77735263725,1376,2
2026-08-12 01:46:11.026530,69263.68479503499,69151.0619374173,69107.65736840147,69147.59223743272,436,1
2026-08-12 01:51:11.026530,69188.50349013734,69235.2380848013,69215.3220010551,69229.41474284195,521,8
2026-08-12 01:56:11.026530,69161.69576257782,69209.19928516839,69063.28645952752,69093.97678231366,358,4
2026-08-12 02:01:11.026530,69172.62985351362,69280.08173424016,69201.05971612573,69251.28292471355,750,6
2026-08-12 02:06:11.026530,69262.03028535818,69475.34308996328,69135.00695618377,69272.77764600281,1971,1
2026-08-12 02:11:11.026530,69313.65269181327,69374.20038153928,69353.42309092401,69354.52773762374,1902,9
2026-08-12 02:16:11.026530,69360.33943576564,69474.77975191276,69269.84241766033,69366.15113390752,2067,7
2026-08-12 02:21:11.026530,69257.61488671627,69221.21831890885,69146.52664907167,69149.07863952503,1128,5
2026-08-12 02:26:11.026530,69096.24377537161,69103.96985607513,68885.64247971775,69043.40891121818,835,6
2026-08-12 02:31:11.026530,69085.90712952868,69177.92930999055,69090.37831641562,69128.40534783919,1528,3
2026-08-12 02:36:11.026530,69139.46698735902,69253.22831887142,69135.98240339075,69150.52862687886,2402,9
2026-08-12 02:41:11.026530,69224.79925658087,69314.29908894694,69231.21360524435,69299.06988628287,151,2
2026-08-12 02:46:11.026530,69324.92441506928,69456.44640025507,69329.78545087235,69350.7789438557,824,1
2026-08-12 02:51:11.026530,69291.18634165081,69258.26181968187,69209.7246612531,69231.59373944592,1281,1
2026-08-12 02:56:11.026530,69182.71908131798,69300.86686644447,69106.78580784333,69133.84442319005,1388,2
2026-08-12 03:01:11.026530,69140.94005718181,69247.31206423944,69130.71907215842,69148.03569117359,621,6
2026-08-12 03:06:11.026530,69005.0133685685,68883.15034767572,68790.59415110186,68861.99104596343,197,6
2026-08-12 03:11:11.026530,68966.550994989,69259.35278773904,69007.99869384813,69071.11094401457,1872,9
2026-08-12 03:16:11.026530,69099.27387604261,69149.90392435463,68997.42116527073,69127.43680807066,646,4
2026-08-12 03:21:11.026530,69204.55356503467,69329.7611213079,69209.0094101163,69281.6703219987,1027,8
2026-08-12 03:26:11.026530,69183.94505187486,69139.98892129761,68981.48546942597,69086.21978175103,1120,4
2026-08-12 03:31:11.026530,69164.38301560073,69248.33166005644,69170.5606004595,69242.54624945043,204,3
2026-08-12 03:36:11.026530,69382.58433037432,69589.39225062619,69496.05622323866,69522.6224112982,279,4
2026-08-12 03:41:11.026530,69440.76633216973,69549.62914654368,69266.6338976748,69358.91025304125,207,1
2026-08-12 03:46:11.026530,69407.79148831565,69585.11818877075,69413.2176746775,69456.67272359005,972,9
2026-08-12 03:51:11.026530,69457.4366824784,69497.39747400532,69388.52927782222,69458.20064136674,1224,5
2026-08-12 03:56:11.026530,69362.48113963654,69375.31597376414,69233.98980546575,69266.76163790634,2396,7
2026-08-12 04:01:11.026530,69298.19499033055,69360.03933565768,69275.67190831341,69329.62834275478,1296,3
2026-08-12 04:06:11.026530,69382.3757900866,69506.13741165552,69263.76490404354,69435.12323741843,815,5
2026-08-12 04:11:11.026530,69398.27179410381,69395.23094634028,69262.49404167305,69361.42035078921,516,4
2026-08-12 04:16:11.026530,69434.97451850816,69597.19995324807,69411.50856755185,69508.5286862271,535,7
2026-08-12 04:21:11.026530,69405.10910736711,69307.13998353033,69284.94881722178,69301.68952850712,1625,5
2026-08-12 04:26:11.026530,69209.27578485507,69179.41661514266,68977.85487230151,69116.86204120301,493,2
2026-08-12 04:31:11.026530,69126.05149640542,69142.75951571227,69083.0593672878,69135.24095160782,1927,3
2026-08-12 04:36:11.026530,69137.51189418792,69210.44500354424,69070.83163197491,69139.782836768,954,8
2026-08-12 04:41:11.026530,69095.91273248996,69139.65580342732,69039.6658319311,69052.04262821193,1851,3
2026-08-12 04:46:11.026530,69103.08457527774,69294.46095120905,69126.43644506563,69154.12652234355,975,7
2026-08-12 04:51:11.026530,69187.87670375282,69246.13263277907,69208.25006415334,69221.6268851621,2027,5
2026-08-12 04:56:11.026530,69275.8230937575,69333.13865579608,69324.8179330378,69330.0193023529,341,7
2026-08-12 05:01:11.026530,69323.0299609587,69317.23156279328,69214.24873881562,69316.0406195645,1283,9
2026-08-12 05:06:11.026530,69354.34656379903,69406.17961613994,69360.8351103042,69392.65250803356,1884,7
2026-08-12 05:11:11.026530,69365.5246742815,69384.10991248052,69304.1238874659,69338.39684052946,801,6
2026-08-12 05:16:11.026530,69467.49764739664,69599.25983056676,69509.020203977,69596.59845426383,1284,1
2026-08-12 05:21:11.026530,69546.43523171834,69523.89698194321,69467.09259203804,69496.27200917284,712,4
2026-08-12 05:26:11.026530,69628.89872511584,69792.23421985078,69666.45250606102,69761.52544105884,1469,8
2026-08-12 05:31:11.026530,69764.41362864774,69813.37872836493,69676.35818828102,69767.30181623664,1634,1
2026-08-12 05:36:11.026530,69681.73548922705,69655.3639605137,69585.9587717144,69596.16916221747,969,6
2026-08-12 05:41:11.026530,69682.66421703922,69817.87564019603,69758.65906191285,69769.15927186098,958,2
2026-08-12 05:46:11.026530,69777.76365504485,69850.1885649067,69738.63441963571,69786.36803822873,173,9
2026-08-12 05:51:11.026530,69840.5651222189,69896.19637745271,69848.19805284034,69894.76220620908,117,8
2026-08-12 05:56:11.026530,69972.53457004108,70089.74211782098,69986.24872137692,70050.30693387307,524,9
2026-08-12 06:01:11.026530,70072.32085337918,70141.14936268413,70019.7944762825,70094.33477288528,407,9
2026-08-12 06:06:11.026530,70057.69342837311,70076.0641401447,69961.77721318114,70021.05208386094,1816,2
2026-08-12 06:11:11.026530,70083.29598895773,70193.88691927027,70085.46735653096,70145.53989405453,1529,2
2026-08-12 06:16:11.026530,70146.28905338488,70163.1540886555,70103.92921708539,70147.03821271526,1419,9
2026-08-12 06:21:11.026530,70191.06710056224,70280.32954393013,70225.11947591178,70235.09598840922,2003,2
2026-08-12 06:26:11.026530,70099.91845131906,70004.68557595347,69951.48888851974,69964.7409142289,1956,4
2026-08-12 06:31:11.026530,69993.59812137627,70063.79076754572,69930.92549299082,70022.45532852365,882,2
2026-08-12 06:36:11.026530,69982.9340633402,70030.85053949678,69915.18233999147,69943.41279815676,1403,1
2026-08-12 06:41:11.026530,70048.34364456139,70226.47513765101,70125.24281735091,70153.27449096603,1058,7
2026-08-12 06:46:11.026530,70193.33934349447,70270.6683506411,70172.41814056963,70233.40419602294,492,5
2026-08-12 06:51:11.026530,70249.27153719509,70350.70763993468,70215.10708090964,70265.13887836724,650,3
2026-08-12 06:56:11.026530,70296.60919155041,70514.06027874241,70310.14254373201,70328.07950473357,1524,8
2026-08-12 07:01:11.026530,70265.64169908091,70309.62531688658,70142.2497196668,70203.20389342826,536,5
2026-08-12 07:06:11.026530,70306.62000722697,70482.2207877664,70349.36520310643,70410.03612102567,2102,1
2026-08-12 07:11:11.026530,70537.160408167,70697.19916672293,70561.4061890877,70664.28469530832,681,9
2026-08-12 07:16:11.026530,70689.98914068134,70805.36630167223,70708.11512708133,70715.69358605435,1804,5
2026-08-12 07:21:11.026530,70817.76764037984,70929.36232984571,70909.6924451939,70919.84169470532,1628,3
2026-08-12 07:26:11.026530,70884.24126570366,70854.66673445058,70710.08473263426,70848.640836702,1261,6
2026-08-12 07:31:11.026530,70798.55778883965,70848.23216563243,70714.7768373407,70748.47474097731,75,8
2026-08-12 07:36:11.026530,70751.78820809606,70809.6096913122,70735.56226465688,70755.10167521481,2259,2
2026-08-12 07:41:11.026530,70783.51749980394,70831.966063309,70779.14554167158,70811.93332439306,1713,3
2026-08-12 07:46:11.026530,70787.54078732505,70941.68050122273,70747.53423526301,70763.14825025704,1146,7
2026-08-12 07:51:11.026530,70798.1219087416,70965.80447543491,70781.31379339975,70833.09556722616,1306,2
2026-08-12 07:56:11.026530,70853.34194696264,70955.52568631753,70865.22088045333,70873.58832669911,1179,5
2026-08-12 08:01:11.026530,70810.67475127066,70772.73964453112,70746.71798984235,70747.76117584221,950,9
2026-08-12 08:06:11.026530,70781.5178499641,70823.0302452507,70796.02791124328,70815.274524086,58,7
2026-08-12 08:11:11.026530,70871.06247080673,70934.35738943225,70855.8413204028,70926.85041752749,99,3
2026-08-12 08:16:11.026530,70938.50720217335,71012.22061470314,70898.38629949256,70950.1639868192,1595,2
2026-08-12 08:21:11.026530,71024.55389075037,71227.27479007134,71061.56227205317,71098.94379468155,491,9
2026-08-12 08:26:11.026530,71021.8380138384,70964.00175615336,70893.48117589814,70944.73223299524,1851,9
2026-08-12 08:31:11.026530,70975.33362803428,71056.17060440061,70980.45997287035,71005.93502307331,1663,9
2026-08-12 08:36:11.026530,70931.93512164487,70883.10416143663,70748.79040437513,70857.93522021643,2133,3
2026-08-12 08:41:11.026530,70787.66622256144,70795.11097271298,70673.65544948602,70717.39722490645,2215,1
2026-08-12 08:46:11.026530,70677.97038899401,70673.85927102205,70552.2531382769,70638.54355308157,751,9
2026-08-12 08:51:11.026530,70579.40831568337,70602.17686069348,70474.54189958425,70520.27307828517,803,7
2026-08-12 08:56:11.026530,70486.21440738317,70536.65181471952,70423.79250157996,70452.15573648119,1878,2
2026-08-12 09:01:11.026530,70439.28399436611,70508.750585715,70357.462794306,70426.41225225103,1585,6
2026-08-12 09:06:11.026530,70480.21959282007,70584.3148518402,70478.77288709642,70534.02693338909,279,9
2026-08-12 09:11:11.026530,70514.35038851651,70507.49010279479,70392.27635120414,70494.67384364393,609,8
2026-08-12 09:16:11.026530,70394.91986450666,70313.34592680579,70248.59915649153,70295.16588536938,1223,6
2026-08-12 09:21:11.026530,70368.0714781389,70545.26560019987,70368.34959454626,70440.97707090841,1928,6
2026-08-12 09:26:11.026530,70388.65148595229,70457.48119474156,70240.96749434865,70336.32590099616,2305,8
2026-08-12 09:31:11.026530,70333.31223219977,70331.23104865121,70274.58718691797,70330.29856340337,1134,9
2026-08-12 09:36:11.026530,70359.27834229165,70409.84212577571,70320.6037738989,70388.25812117996,1190,8
2026-08-12 09:41:11.026530,70401.60974241653,70458.84148860954,70393.96202703619,70414.9613636531,288,1
2026-08-12 09:46:11.026530,70485.07718817556,70656.30056318782,70472.24000663085,70555.19301269803,2145,2
2026-08-12 09:51:11.026530,70586.32884002247,70663.5321311701,70608.23379325711,70617.46466734693,1521,6
2026-08-12 09:56:11.026530,70563.47101838651,70526.1698199499,70493.8169278953,70509.47736942608,1541,8
2026-08-12 10:01:11.026530,70648.70501298213,70839.41694066004,70760.36596554577,70787.93265653818,1366,4
2026-08-12 10:06:11.026530,70801.02377396883,70826.48858612376,70707.2777118405,70814.11489139948,2095,4
2026-08-12 10:11:11.026530,70805.43370599659,70823.26320971419,70734.24721617097,70796.7525205937,566,2
2026-08-12 10:16:11.026530,70858.93354871645,70946.92904586413,70883.64135225824,70921.11457683922,254,1
2026-08-12 10:21:11.026530,70937.7498939651,70992.4131039752,70803.72547413861,70954.38521109098,2187,9
2026-08-12 10:26:11.026530,70980.5987264335,71120.52677549975,70972.81090945326,71006.812241776,1181,7
2026-08-12 10:31:11.026530,71167.14910919737,71381.77850441655,71194.78562028197,71327.48597661876,1263,9
2026-08-12 10:36:11.026530,71310.54193002605,71355.93024959232,71061.7964232005,71293.59788343335,1834,2
2026-08-12 10:41:11.026530,71273.9273630153,71276.88275623195,71201.20568655485,71254.25684259724,1432,5
2026-08-12 10:46:11.026530,71262.44636998905,71386.33718045661,71258.36970346558,71270.63589738087,1807,2
2026-08-12 10:51:11.026530,71340.14717094123,71490.22566705362,71344.12018791477,71409.65844450158,1729,7
2026-08-12 10:56:11.026530,71313.67880369969,71252.68598746021,71156.08026565956,71217.6991628978,56,9
2026-08-12 11:01:11.026530,71092.64730377065,70968.43386831469,70836.5550306252,70967.5954446435,1935,3
2026-08-12 11:06:11.026530,70930.82464290892,70927.73066607161,70834.69785222241,70894.05384117433,2419,1
2026-08-12 11:11:11.026530,70790.66198220117,70815.2520618043,70658.9324938435,70687.27012322801,2365,4
2026-08-12 11:16:11.026530,70660.95964240824,70690.03512351948,70562.67616874355,70634.64916158849,345,4
2026-08-12 11:21:11.026530,70667.3151063434,70796.10454046115,70688.93786645247,70699.98105109832,1460,6
2026-08-12 11:26:11.026530,70644.05400358402,70595.3450085653,70521.56074041579,70588.12695606974,313,5
2026-08-12 11:31:11.026530,70498.30202185005,70469.85870028591,70379.04512837072,70408.47708763034,2187,5
2026-08-12 11:36:11.026530,70413.57527308425,70423.07430536179,70396.58920266585,70418.67345853818,902,9
2026-08-12 11:41:11.026530,70474.08645567893,70590.79889483348,70314.54244653671,70529.49945281968,1414,1
2026-08-12 11:46:11.026530,70422.77550173,70434.39055103273,70234.13728113602,70316.0515506403,1402,8
2026-08-12 11:51:11.026530,70368.70204815788,70481.46578701709,70333.87943917069,70421.35254567546,450,8
2026-08-12 11:56:11.026530,70473.89615217506,70566.08644337072,70415.21189141183,70526.43975867466,406,8
2026-08-12 12:01:11.026530,70587.75767602195,70743.37929767041,70595.11638879008,70649.07559336923,883,3
2026-08-12 12:06:11.026530,70727.34471803645,70960.08768388504,70799.90293303337,70805.61384270366,484,8
2026-08-12 12:11:11.026530,70946.92663341522,71133.3938909462,71011.37678920243,71088.23942412678,168,2
2026-08-12 12:16:11.026530,71066.17459685201,71144.67252558396,70921.31506408985,71044.10976957726,1072,8
2026-08-12 12:21:11.026530,71051.827022676,71060.10110933123,70951.31083399846,71059.54427577474,2445,8
2026-08-12 12:26:11.026530,71033.63159241667,71031.62324577496,70966.80220472901,71007.7189090586,1586,3
2026-08-12 12:31:11.026530,71008.55533021307,71060.14042683812,70872.58277816325,71009.39175136753,1468,4
2026-08-12 12:36:11.026530,71108.20265208575,71224.56197101182,71206.68655136651,71207.01355280398,1752,9
