time,open,high,low,close,tick_volume,spread,real_volume
2026-07-22 19:45:00,1.1408800000000001,1.14092,1.14076,1.14091,478,0,0
2026-07-22 19:50:00,1.14091,1.14095,1.14087,1.14092,374,0,0
2026-07-22 19:55:00,1.14092,1.14102,1.1408800000000001,1.14092,519,0,0
2026-07-22 20:00:00,1.14092,1.14107,1.14087,1.14106,668,0,0
2026-07-22 20:05:00,1.14106,1.14114,1.14102,1.14111,436,0,0
2026-07-22 20:10:00,1.14111,1.14127,1.14111,1.14113,481,0,0
2026-07-22 20:15:00,1.14113,1.14128,1.14107,1.14111,706,0,0
2026-07-22 20:20:00,1.14111,1.14127,1.14107,1.14115,818,0,0
2026-07-22 20:25:00,1.14115,1.14126,1.14111,1.14114,570,0,0
2026-07-22 20:30:00,1.14114,1.14117,1.14097,1.141,490,0,0
2026-07-22 20:35:00,1.141,1.14102,1.14083,1.14089,494,0,0
2026-07-22 20:40:00,1.14091,1.14103,1.1408,1.1409799999999999,585,0,0
2026-07-22 20:45:00,1.1409799999999999,1.14107,1.14093,1.14103,460,0,0
2026-07-22 20:50:00,1.14103,1.14114,1.1409799999999999,1.141,545,0,0
2026-07-22 20:55:00,1.14099,1.14105,1.1408800000000001,1.141,705,0,0
2026-07-22 21:00:00,1.141,1.14108,1.1408800000000001,1.14095,632,0,0
2026-07-22 21:05:00,1.14095,1.1409799999999999,1.14083,1.14084,438,0,0
2026-07-22 21:10:00,1.14084,1.14091,1.1408,1.1408800000000001,323,0,0
2026-07-22 21:15:00,1.1408800000000001,1.14096,1.14083,1.14095,453,0,0
2026-07-22 21:20:00,1.14095,1.14107,1.14089,1.14101,480,0,0
2026-07-22 21:25:00,1.14101,1.14108,1.14097,1.14103,479,0,0
2026-07-22 21:30:00,1.14103,1.14104,1.1409,1.14099,438,0,0
2026-07-22 21:35:00,1.14099,1.14112,1.14094,1.14108,554,0,0
2026-07-22 21:40:00,1.1411,1.14111,1.1409,1.14092,574,0,0
2026-07-22 21:45:00,1.14092,1.14101,1.1409,1.1409799999999999,621,0,0
2026-07-22 21:50:00,1.1409799999999999,1.1411,1.14092,1.14105,508,0,0
2026-07-22 21:55:00,1.14105,1.14113,1.14103,1.1411,529,0,0
2026-07-22 22:00:00,1.1411,1.1412200000000001,1.14103,1.14117,621,0,0
2026-07-22 22:05:00,1.14117,1.1412499999999999,1.14103,1.14103,401,0,0
2026-07-22 22:10:00,1.14103,1.14106,1.14096,1.14097,309,0,0
2026-07-22 22:15:00,1.14097,1.14111,1.14096,1.14111,365,0,0
2026-07-22 22:20:00,1.14111,1.14119,1.14107,1.14113,293,0,0
2026-07-22 22:25:00,1.14113,1.14116,1.14107,1.1411,366,0,0
2026-07-22 22:30:00,1.1411,1.14112,1.14102,1.14107,334,0,0
2026-07-22 22:35:00,1.14107,1.14113,1.14102,1.14108,327,0,0
2026-07-22 22:40:00,1.14108,1.14115,1.14106,1.14111,434,0,0
2026-07-22 22:45:00,1.14112,1.14123,1.14106,1.14109,377,0,0
2026-07-22 22:50:00,1.14109,1.14112,1.14099,1.14103,440,0,0
2026-07-22 22:55:00,1.14103,1.14117,1.14092,1.14114,1042,0,0
2026-07-22 23:00:00,1.14114,1.14128,1.14105,1.14109,1133,0,0
2026-07-22 23:05:00,1.14108,1.14127,1.14105,1.14121,461,0,0
2026-07-22 23:10:00,1.14121,1.1412499999999999,1.14115,1.14116,282,0,0
2026-07-22 23:15:00,1.14116,1.14121,1.14114,1.14118,244,0,0
2026-07-22 23:20:00,1.14119,1.14127,1.14115,1.14118,296,0,0
2026-07-22 23:25:00,1.14117,1.14124,1.14114,1.14115,254,0,0
2026-07-22 23:30:00,1.14115,1.14121,1.14107,1.1411,322,0,0
2026-07-22 23:35:00,1.14111,1.1412200000000001,1.14107,1.14118,322,0,0
2026-07-22 23:40:00,1.14118,1.14126,1.14117,1.1412200000000001,301,0,0
2026-07-22 23:45:00,1.1412200000000001,1.14126,1.14112,1.14114,317,0,0
2026-07-22 23:50:00,1.14114,1.14123,1.14113,1.14119,443,0,0
2026-07-22 23:55:00,1.14119,1.14126,1.14115,1.14117,430,0,0
2026-07-23 00:00:00,1.14108,1.14108,1.14036,1.14106,20,0,0
2026-07-23 00:05:00,1.14106,1.14106,1.14082,1.14099,72,0,0
2026-07-23 00:10:00,1.14102,1.14104,1.14099,1.14103,36,0,0
2026-07-23 00:15:00,1.14103,1.14105,1.14073,1.14073,68,0,0
2026-07-23 00:20:00,1.14073,1.14097,1.14073,1.14089,37,0,0
2026-07-23 00:25:00,1.14089,1.1409,1.14079,1.14086,39,0,0
2026-07-23 00:30:00,1.14086,1.1409799999999999,1.14082,1.14082,29,0,0
2026-07-23 00:35:00,1.14082,1.14086,1.14074,1.14079,29,0,0
2026-07-23 00:40:00,1.14079,1.14079,1.14072,1.14072,52,0,0
2026-07-23 00:45:00,1.14072,1.14083,1.14069,1.14078,30,0,0
2026-07-23 00:50:00,1.14078,1.1409,1.14077,1.14083,78,0,0
2026-07-23 00:55:00,1.14083,1.1408800000000001,1.14077,1.14087,107,0,0
2026-07-23 01:00:00,1.14087,1.14095,1.14074,1.14082,449,0,0
2026-07-23 01:05:00,1.14082,1.14093,1.1408,1.14081,297,0,0
2026-07-23 01:10:00,1.14081,1.14081,1.14071,1.14079,192,0,0
2026-07-23 01:15:00,1.1408,1.14084,1.14072,1.14075,219,0,0
2026-07-23 01:20:00,1.14075,1.14081,1.14074,1.14078,244,0,0
2026-07-23 01:25:00,1.14078,1.14082,1.14074,1.14079,327,0,0
2026-07-23 01:30:00,1.14079,1.14083,1.14075,1.14076,408,0,0
2026-07-23 01:35:00,1.14076,1.14079,1.14067,1.14068,247,0,0
2026-07-23 01:40:00,1.14068,1.14071,1.14059,1.1406399999999999,343,0,0
2026-07-23 01:45:00,1.1406399999999999,1.14069,1.1406,1.14068,281,0,0
2026-07-23 01:50:00,1.14068,1.14082,1.1406399999999999,1.14078,323,0,0
2026-07-23 01:55:00,1.14079,1.14084,1.14074,1.14081,370,0,0
2026-07-23 02:00:00,1.14081,1.14093,1.14081,1.14089,257,0,0
2026-07-23 02:05:00,1.14089,1.14091,1.14084,1.14085,165,0,0
2026-07-23 02:10:00,1.14085,1.14099,1.14082,1.14094,255,0,0
2026-07-23 02:15:00,1.14094,1.14104,1.1408800000000001,1.141,264,0,0
2026-07-23 02:20:00,1.141,1.14105,1.14096,1.14096,118,0,0
2026-07-23 02:25:00,1.14096,1.14103,1.14095,1.14101,155,0,0
2026-07-23 02:30:00,1.14101,1.14109,1.14099,1.14104,135,0,0
2026-07-23 02:35:00,1.14104,1.14107,1.14101,1.14103,95,0,0
2026-07-23 02:40:00,1.14103,1.14114,1.14097,1.14109,243,0,0
2026-07-23 02:45:00,1.14109,1.14115,1.141,1.14109,377,0,0
2026-07-23 02:50:00,1.14109,1.1411,1.14103,1.14106,314,0,0
2026-07-23 02:55:00,1.14106,1.14119,1.14105,1.14114,595,0,0
2026-07-23 03:00:00,1.14114,1.14138,1.14114,1.14133,1027,0,0
2026-07-23 03:05:00,1.14133,1.14134,1.14123,1.14126,549,0,0
2026-07-23 03:10:00,1.14126,1.14128,1.14111,1.14113,404,0,0
2026-07-23 03:15:00,1.14113,1.1412,1.14105,1.14112,481,0,0
2026-07-23 03:20:00,1.14112,1.14138,1.14109,1.14138,572,0,0
2026-07-23 03:25:00,1.14138,1.14142,1.14117,1.14119,542,0,0
2026-07-23 03:30:00,1.14119,1.14128,1.14118,1.1412499999999999,439,0,0
2026-07-23 03:35:00,1.1412499999999999,1.14134,1.14123,1.14129,412,0,0
2026-07-23 03:40:00,1.14129,1.1414,1.1412499999999999,1.14135,434,0,0
2026-07-23 03:45:00,1.14134,1.14145,1.14121,1.14126,568,0,0
2026-07-23 03:50:00,1.14126,1.14146,1.14117,1.14144,627,0,0
2026-07-23 03:55:00,1.14144,1.14177,1.14136,1.14174,604,0,0
2026-07-23 04:00:00,1.14174,1.14205,1.14174,1.14176,942,0,0
2026-07-23 04:05:00,1.14176,1.14189,1.1417,1.14185,547,0,0
2026-07-23 04:10:00,1.14185,1.14189,1.14171,1.14174,577,0,0
2026-07-23 04:15:00,1.14174,1.1418300000000001,1.14166,1.14175,756,0,0
2026-07-23 04:20:00,1.14175,1.14186,1.14167,1.14177,501,0,0
2026-07-23 04:25:00,1.14177,1.14189,1.14173,1.14175,318,0,0
2026-07-23 04:30:00,1.14175,1.14201,1.14173,1.14199,1161,0,0
2026-07-23 04:35:00,1.14199,1.14204,1.14173,1.14177,909,0,0
2026-07-23 04:40:00,1.14177,1.14202,1.14169,1.14175,841,0,0
2026-07-23 04:45:00,1.14175,1.14179,1.1416,1.14171,810,0,0
2026-07-23 04:50:00,1.14171,1.14181,1.14161,1.14174,828,0,0
2026-07-23 04:55:00,1.14174,1.14177,1.1416,1.14165,808,0,0
2026-07-23 05:00:00,1.14165,1.1418,1.14161,1.14179,692,0,0
2026-07-23 05:05:00,1.14178,1.14189,1.14169,1.14182,538,0,0
2026-07-23 05:10:00,1.14182,1.14188,1.14173,1.14182,417,0,0
2026-07-23 05:15:00,1.1418300000000001,1.14189,1.14178,1.14186,618,0,0
2026-07-23 05:20:00,1.14186,1.14206,1.14184,1.14203,441,0,0
2026-07-23 05:25:00,1.14203,1.14205,1.14195,1.14204,355,0,0
2026-07-23 05:30:00,1.14204,1.14241,1.14203,1.14233,727,0,0
2026-07-23 05:35:00,1.14233,1.14249,1.1423,1.14242,530,0,0
2026-07-23 05:40:00,1.14242,1.14262,1.1424,1.14255,421,0,0
2026-07-23 05:45:00,1.14255,1.14278,1.14254,1.14263,532,0,0
2026-07-23 05:50:00,1.14262,1.14269,1.14257,1.14266,464,0,0
2026-07-23 05:55:00,1.14266,1.14284,1.14263,1.14275,425,0,0
2026-07-23 06:00:00,1.14275,1.14294,1.14265,1.14265,641,0,0
2026-07-23 06:05:00,1.14265,1.1427,1.14256,1.14269,537,0,0
2026-07-23 06:10:00,1.14269,1.1427100000000001,1.14235,1.14235,568,0,0
2026-07-23 06:15:00,1.14235,1.1427,1.14232,1.1427,686,0,0
2026-07-23 06:20:00,1.1427,1.14283,1.14265,1.14283,521,0,0
2026-07-23 06:25:00,1.14283,1.1429,1.14274,1.14288,425,0,0
2026-07-23 06:30:00,1.14287,1.14297,1.14277,1.14294,492,0,0
2026-07-23 06:35:00,1.14294,1.14301,1.14289,1.14297,420,0,0
2026-07-23 06:40:00,1.14297,1.14302,1.14293,1.14298,579,0,0
2026-07-23 06:45:00,1.14298,1.14307,1.14286,1.14299,697,0,0
2026-07-23 06:50:00,1.14299,1.14301,1.14293,1.14298,665,0,0
2026-07-23 06:55:00,1.14297,1.1430500000000001,1.14289,1.14291,533,0,0
2026-07-23 07:00:00,1.14291,1.14297,1.14283,1.14292,658,0,0
2026-07-23 07:05:00,1.14292,1.14344,1.14286,1.14343,838,0,0
2026-07-23 07:10:00,1.14343,1.14357,1.14333,1.1434,738,0,0
2026-07-23 07:15:00,1.1434,1.14343,1.14307,1.14308,709,0,0
2026-07-23 07:20:00,1.14308,1.14328,1.14306,1.14325,348,0,0
2026-07-23 07:25:00,1.14325,1.14351,1.14323,1.14349,649,0,0
2026-07-23 07:30:00,1.14349,1.14358,1.14339,1.14349,611,0,0
2026-07-23 07:35:00,1.14347,1.14349,1.14335,1.14336,338,0,0
2026-07-23 07:40:00,1.14336,1.14338,1.14319,1.14319,277,0,0
2026-07-23 07:45:00,1.14319,1.14343,1.14318,1.14324,408,0,0
2026-07-23 07:50:00,1.14324,1.14329,1.14314,1.14317,567,0,0
2026-07-23 07:55:00,1.14317,1.14329,1.14297,1.14326,533,0,0
2026-07-23 08:00:00,1.14326,1.14351,1.14325,1.14338,616,0,0
2026-07-23 08:05:00,1.14338,1.14347,1.1433,1.1434,424,0,0
2026-07-23 08:10:00,1.1434,1.14347,1.14324,1.14324,446,0,0
2026-07-23 08:15:00,1.14324,1.14326,1.14299,1.14303,421,0,0
2026-07-23 08:20:00,1.14303,1.14311,1.14286,1.14295,486,0,0
2026-07-23 08:25:00,1.14295,1.14307,1.14292,1.14306,426,0,0
2026-07-23 08:30:00,1.14306,1.14307,1.14289,1.14297,531,0,0
2026-07-23 08:35:00,1.14297,1.14311,1.14289,1.14298,409,0,0
2026-07-23 08:40:00,1.14298,1.14302,1.1429,1.143,408,0,0
2026-07-23 08:45:00,1.143,1.14308,1.14298,1.14298,287,0,0
2026-07-23 08:50:00,1.14298,1.143,1.14293,1.14295,360,0,0
2026-07-23 08:55:00,1.14295,1.14318,1.14293,1.14299,498,0,0
2026-07-23 09:00:00,1.14299,1.14331,1.14292,1.14307,1080,0,0
2026-07-23 09:05:00,1.14308,1.14314,1.14283,1.14289,761,0,0
2026-07-23 09:10:00,1.14289,1.14318,1.14288,1.1431499999999999,613,0,0
2026-07-23 09:15:00,1.1431499999999999,1.14319,1.1429,1.14292,1048,0,0
2026-07-23 09:20:00,1.14292,1.14302,1.14287,1.14296,425,0,0
2026-07-23 09:25:00,1.14296,1.14296,1.14277,1.14286,540,0,0
2026-07-23 09:30:00,1.14286,1.14288,1.14265,1.1427100000000001,753,0,0
2026-07-23 09:35:00,1.1427100000000001,1.14276,1.14253,1.14256,475,0,0
2026-07-23 09:40:00,1.14256,1.14273,1.14245,1.14265,727,0,0
2026-07-23 09:45:00,1.14266,1.1428099999999999,1.1426,1.14276,654,0,0
2026-07-23 09:50:00,1.14276,1.14278,1.14255,1.14259,759,0,0
2026-07-23 09:55:00,1.14259,1.14261,1.14238,1.14254,833,0,0
2026-07-23 10:00:00,1.14254,1.14267,1.1421999999999999,1.1421999999999999,1470,0,0
2026-07-23 10:05:00,1.1421999999999999,1.14243,1.1421999999999999,1.14237,945,0,0
2026-07-23 10:10:00,1.14237,1.1427100000000001,1.14229,1.1427,1191,0,0
2026-07-23 10:15:00,1.14269,1.14277,1.14256,1.1427100000000001,923,0,0
2026-07-23 10:20:00,1.1427100000000001,1.14273,1.14238,1.1424,765,0,0
2026-07-23 10:25:00,1.1424,1.14261,1.14238,1.14256,764,0,0
2026-07-23 10:30:00,1.14256,1.14276,1.14248,1.14267,793,0,0
2026-07-23 10:35:00,1.14267,1.1427100000000001,1.14251,1.14255,694,0,0
2026-07-23 10:40:00,1.14255,1.14263,1.14222,1.14226,847,0,0
2026-07-23 10:45:00,1.14226,1.1424,1.14197,1.14237,1203,0,0
2026-07-23 10:50:00,1.14237,1.14257,1.14222,1.14226,1048,0,0
2026-07-23 10:55:00,1.14226,1.14257,1.14218,1.1424400000000001,1288,0,0
2026-07-23 11:00:00,1.14245,1.14253,1.14223,1.14225,1199,0,0
2026-07-23 11:05:00,1.14225,1.14242,1.14213,1.1423,991,0,0
2026-07-23 11:10:00,1.1423,1.14235,1.14193,1.14194,675,0,0
2026-07-23 11:15:00,1.14194,1.14196,1.14167,1.14172,888,0,0
2026-07-23 11:20:00,1.14173,1.14191,1.14167,1.14171,924,0,0
2026-07-23 11:25:00,1.14171,1.14177,1.14158,1.14172,821,0,0
2026-07-23 11:30:00,1.14172,1.14172,1.14123,1.14124,1015,0,0
2026-07-23 11:35:00,1.14124,1.14136,1.14096,1.14101,1059,0,0
2026-07-23 11:40:00,1.14103,1.14107,1.1407,1.14093,1315,0,0
2026-07-23 11:45:00,1.14093,1.14107,1.14085,1.14089,1011,0,0
2026-07-23 11:50:00,1.14089,1.14119,1.14085,1.14116,1050,0,0
2026-07-23 11:55:00,1.14117,1.14121,1.14104,1.14105,906,0,0
2026-07-23 12:00:00,1.14105,1.1415,1.141,1.1414900000000001,1095,0,0
2026-07-23 12:05:00,1.1414900000000001,1.14154,1.14127,1.14136,811,0,0
2026-07-23 12:10:00,1.14135,1.14142,1.14107,1.14107,704,0,0
2026-07-23 12:15:00,1.14106,1.14133,1.14106,1.1412200000000001,622,0,0
2026-07-23 12:20:00,1.1412200000000001,1.14128,1.14107,1.14116,624,0,0
2026-07-23 12:25:00,1.14116,1.14123,1.14097,1.14102,683,0,0
2026-07-23 12:30:00,1.14102,1.14115,1.14096,1.14109,904,0,0
2026-07-23 12:35:00,1.14109,1.1412499999999999,1.14105,1.14118,832,0,0
2026-07-23 12:40:00,1.14118,1.14146,1.14108,1.14143,877,0,0
2026-07-23 12:45:00,1.14142,1.1414900000000001,1.14117,1.1412499999999999,590,0,0
2026-07-23 12:50:00,1.1412499999999999,1.14139,1.14115,1.14136,512,0,0
2026-07-23 12:55:00,1.14137,1.14144,1.1412200000000001,1.14132,976,0,0
2026-07-23 13:00:00,1.14132,1.14135,1.14116,1.14119,787,0,0
2026-07-23 13:05:00,1.14119,1.14129,1.14096,1.14103,985,0,0
2026-07-23 13:10:00,1.14102,1.14108,1.14086,1.14102,805,0,0
2026-07-23 13:15:00,1.14102,1.14107,1.14075,1.14075,760,0,0
2026-07-23 13:20:00,1.14075,1.14084,1.14058,1.14069,1061,0,0
2026-07-23 13:25:00,1.1407,1.14083,1.14068,1.14078,680,0,0
2026-07-23 13:30:00,1.14078,1.14101,1.14065,1.14076,1132,0,0
2026-07-23 13:35:00,1.14077,1.14089,1.14065,1.14085,774,0,0
2026-07-23 13:40:00,1.14085,1.14087,1.14063,1.14068,680,0,0
2026-07-23 13:45:00,1.14068,1.14071,1.14036,1.14049,988,0,0
2026-07-23 13:50:00,1.14049,1.14079,1.14031,1.14076,987,0,0
2026-07-23 13:55:00,1.14076,1.14084,1.14039,1.14045,1180,0,0
2026-07-23 14:00:00,1.14045,1.14047,1.14024,1.14041,1105,0,0
2026-07-23 14:05:00,1.14041,1.1405,1.14025,1.14045,824,0,0
2026-07-23 14:10:00,1.14045,1.14068,1.14039,1.14059,862,0,0
2026-07-23 14:15:00,1.14059,1.14062,1.14023,1.14028,992,0,0
2026-07-23 14:20:00,1.14028,1.14028,1.13988,1.13996,968,0,0
2026-07-23 14:25:00,1.13996,1.14006,1.13971,1.1398,1157,0,0
2026-07-23 14:30:00,1.13978,1.13988,1.13907,1.13918,1336,0,0
2026-07-23 14:35:00,1.13917,1.13918,1.1386,1.13868,1794,0,0
2026-07-23 14:40:00,1.13868,1.13877,1.13833,1.13873,1609,0,0
2026-07-23 14:45:00,1.13874,1.13925,1.13873,1.13913,1491,0,0
2026-07-23 14:50:00,1.13913,1.13964,1.13911,1.13924,1225,0,0
2026-07-23 14:55:00,1.13924,1.13953,1.1391499999999999,1.13948,966,0,0
2026-07-23 15:00:00,1.13948,1.1395,1.139,1.13918,1159,0,0
2026-07-23 15:05:00,1.13918,1.13934,1.1390500000000001,1.13925,986,0,0
2026-07-23 15:10:00,1.13925,1.13952,1.13924,1.13946,833,0,0
2026-07-23 15:15:00,1.13946,1.13959,1.13858,1.13869,1208,0,0
2026-07-23 15:20:00,1.13868,1.13868,1.13809,1.13825,1411,0,0
2026-07-23 15:25:00,1.13825,1.13865,1.13811,1.13849,1056,0,0
2026-07-23 15:30:00,1.13849,1.13857,1.1381999999999999,1.13847,1104,0,0
2026-07-23 15:35:00,1.13847,1.1385399999999999,1.13798,1.13821,1583,0,0
2026-07-23 15:40:00,1.13821,1.13821,1.13769,1.1378300000000001,1737,0,0
2026-07-23 15:45:00,1.13784,1.13808,1.13757,1.138,1378,0,0
2026-07-23 15:50:00,1.138,1.13821,1.13776,1.13819,1369,0,0
2026-07-23 15:55:00,1.1381999999999999,1.13859,1.13815,1.13852,1223,0,0
2026-07-23 16:00:00,1.13851,1.13864,1.13795,1.13807,1530,0,0
2026-07-23 16:05:00,1.13807,1.13817,1.13738,1.13746,1984,0,0
2026-07-23 16:10:00,1.13746,1.13754,1.13681,1.13689,1865,0,0
2026-07-23 16:15:00,1.13689,1.13733,1.13683,1.1372200000000001,1570,0,0
2026-07-23 16:20:00,1.1372200000000001,1.13752,1.13719,1.13745,1462,0,0
2026-07-23 16:25:00,1.13745,1.13789,1.13734,1.13784,1226,0,0
2026-07-23 16:30:00,1.13784,1.13824,1.13774,1.13822,1726,0,0
2026-07-23 16:35:00,1.13822,1.13858,1.1381000000000001,1.13823,1997,0,0
2026-07-23 16:40:00,1.13823,1.13834,1.13784,1.13786,1731,0,0
2026-07-23 16:45:00,1.13786,1.13794,1.1375899999999999,1.13794,1699,0,0
2026-07-23 16:50:00,1.13795,1.13796,1.13762,1.13779,1588,0,0
2026-07-23 16:55:00,1.13778,1.13792,1.1372200000000001,1.13726,1674,0,0
2026-07-23 17:00:00,1.13726,1.13762,1.13693,1.13694,1680,0,0
2026-07-23 17:05:00,1.13694,1.13731,1.13676,1.137,1874,0,0
2026-07-23 17:10:00,1.137,1.13724,1.13684,1.13716,2088,0,0
2026-07-23 17:15:00,1.13716,1.13726,1.13647,1.13655,1855,0,0
2026-07-23 17:20:00,1.13655,1.13691,1.13639,1.13689,1661,0,0
2026-07-23 17:25:00,1.13689,1.13706,1.13677,1.13703,1705,0,0
2026-07-23 17:30:00,1.13703,1.13728,1.1368800000000001,1.13711,1476,0,0
2026-07-23 17:35:00,1.13711,1.13738,1.13695,1.13729,1455,0,0
2026-07-23 17:40:00,1.13728,1.13737,1.13674,1.13677,1380,0,0
2026-07-23 17:45:00,1.13677,1.1369799999999999,1.13659,1.1366,1360,0,0
2026-07-23 17:50:00,1.1366,1.13677,1.13644,1.13648,1422,0,0
2026-07-23 17:55:00,1.1365,1.13717,1.13646,1.13715,1944,0,0
2026-07-23 18:00:00,1.13715,1.13746,1.13704,1.13742,1978,0,0
2026-07-23 18:05:00,1.13742,1.13755,1.13704,1.13707,1326,0,0
2026-07-23 18:10:00,1.13707,1.13743,1.13702,1.13736,1363,0,0
2026-07-23 18:15:00,1.13736,1.13757,1.13717,1.13719,1430,0,0
2026-07-23 18:20:00,1.13719,1.13728,1.1368,1.13704,2001,0,0
2026-07-23 18:25:00,1.13705,1.13736,1.137,1.13713,1301,0,0
2026-07-23 18:30:00,1.13713,1.13713,1.13667,1.13683,1731,0,0
2026-07-23 18:35:00,1.13683,1.13743,1.13659,1.13736,1789,0,0
2026-07-23 18:40:00,1.13736,1.13763,1.13728,1.13733,1444,0,0
2026-07-23 18:45:00,1.13734,1.13737,1.13709,1.13729,1037,0,0
2026-07-23 18:50:00,1.13729,1.1374900000000001,1.13712,1.13746,1193,0,0
2026-07-23 18:55:00,1.13746,1.13756,1.13705,1.13726,1169,0,0
2026-07-23 19:00:00,1.13727,1.13761,1.13724,1.13743,1294,0,0
2026-07-23 19:05:00,1.13743,1.13751,1.13729,1.13734,891,0,0
2026-07-23 19:10:00,1.13734,1.13779,1.13734,1.13773,995,0,0
2026-07-23 19:15:00,1.13773,1.13786,1.13728,1.13738,963,0,0
2026-07-23 19:20:00,1.13738,1.13757,1.13736,1.1375,1047,0,0
2026-07-23 19:25:00,1.1375,1.13785,1.13747,1.13784,927,0,0
2026-07-23 19:30:00,1.13784,1.13797,1.13773,1.13778,1023,0,0
2026-07-23 19:35:00,1.13778,1.13785,1.1375899999999999,1.13769,1085,0,0
2026-07-23 19:40:00,1.13769,1.13796,1.13758,1.13785,1042,0,0
2026-07-23 19:45:00,1.13786,1.13794,1.13767,1.1379,952,0,0
2026-07-23 19:50:00,1.1379,1.13801,1.1378300000000001,1.13787,903,0,0
2026-07-23 19:55:00,1.13787,1.13804,1.13786,1.138,859,0,0
2026-07-23 20:00:00,1.138,1.13811,1.13782,1.1379299999999999,1352,0,0
2026-07-23 20:05:00,1.13794,1.13807,1.13769,1.13785,1057,0,0
2026-07-23 20:10:00,1.13784,1.13784,1.13767,1.13769,949,0,0
2026-07-23 20:15:00,1.13769,1.13785,1.13761,1.13777,1023,0,0
2026-07-23 20:20:00,1.13778,1.13786,1.13763,1.13768,820,0,0
2026-07-23 20:25:00,1.13768,1.13773,1.13755,1.1376,974,0,0
2026-07-23 20:30:00,1.1376,1.13763,1.13745,1.13754,917,0,0
2026-07-23 20:35:00,1.13754,1.13757,1.13742,1.13757,921,0,0
2026-07-23 20:40:00,1.13757,1.13758,1.13738,1.13739,821,0,0
2026-07-23 20:45:00,1.13739,1.13748,1.13731,1.13738,801,0,0
2026-07-23 20:50:00,1.13738,1.13752,1.13734,1.13744,612,0,0
2026-07-23 20:55:00,1.13744,1.13746,1.13713,1.13714,757,0,0
2026-07-23 21:00:00,1.13714,1.13731,1.13711,1.13724,996,0,0
2026-07-23 21:05:00,1.13724,1.13747,1.1372200000000001,1.1374,597,0,0
2026-07-23 21:10:00,1.1374,1.13752,1.13733,1.13742,772,0,0
2026-07-23 21:15:00,1.13742,1.13755,1.13727,1.13733,746,0,0
2026-07-23 21:20:00,1.13733,1.13737,1.13727,1.1373199999999999,742,0,0
2026-07-23 21:25:00,1.1373199999999999,1.13756,1.13729,1.13751,754,0,0
2026-07-23 21:30:00,1.13751,1.13764,1.13748,1.13757,674,0,0
2026-07-23 21:35:00,1.13757,1.1375899999999999,1.13744,1.1374900000000001,639,0,0
2026-07-23 21:40:00,1.1374900000000001,1.1374900000000001,1.13738,1.13746,548,0,0
2026-07-23 21:45:00,1.13746,1.13755,1.1374,1.13751,466,0,0
2026-07-23 21:50:00,1.13751,1.13753,1.13745,1.13747,560,0,0
2026-07-23 21:55:00,1.13748,1.13765,1.13743,1.13763,758,0,0
2026-07-23 22:00:00,1.13762,1.13782,1.13757,1.13764,735,0,0
2026-07-23 22:05:00,1.13764,1.13766,1.13753,1.13757,177,0,0
2026-07-23 22:10:00,1.13757,1.13764,1.1375,1.13752,328,0,0
2026-07-23 22:15:00,1.13752,1.1375899999999999,1.1374,1.1374,568,0,0
2026-07-23 22:20:00,1.1374,1.13748,1.13737,1.13745,774,0,0
2026-07-23 22:25:00,1.13745,1.13771,1.13744,1.13769,716,0,0
2026-07-23 22:30:00,1.13769,1.138,1.13769,1.13773,1136,0,0
2026-07-23 22:35:00,1.13773,1.13778,1.13768,1.13772,561,0,0
2026-07-23 22:40:00,1.13772,1.13775,1.13758,1.1376,496,0,0
2026-07-23 22:45:00,1.1375899999999999,1.13765,1.1375,1.13761,564,0,0
2026-07-23 22:50:00,1.13762,1.13781,1.13762,1.13778,907,0,0
2026-07-23 22:55:00,1.13779,1.13788,1.13771,1.13775,951,0,0
2026-07-23 23:00:00,1.13776,1.13796,1.13775,1.1379,877,0,0
2026-07-23 23:05:00,1.1379,1.13795,1.13784,1.1379,452,0,0
2026-07-23 23:10:00,1.1379,1.13791,1.13777,1.13781,416,0,0
2026-07-23 23:15:00,1.13781,1.13784,1.1377,1.13775,363,0,0
2026-07-23 23:20:00,1.13775,1.13781,1.13773,1.13779,186,0,0
2026-07-23 23:25:00,1.13778,1.1379299999999999,1.13777,1.13792,314,0,0
2026-07-23 23:30:00,1.13792,1.13801,1.13776,1.13776,383,0,0
2026-07-23 23:35:00,1.13776,1.13777,1.13768,1.13771,247,0,0
2026-07-23 23:40:00,1.13771,1.1378,1.13767,1.13777,209,0,0
2026-07-23 23:45:00,1.13777,1.1378300000000001,1.13772,1.13774,305,0,0
2026-07-23 23:50:00,1.13775,1.13775,1.13765,1.13771,268,0,0
2026-07-23 23:55:00,1.13771,1.1378,1.13767,1.13769,547,0,0
2026-07-24 00:00:00,1.1375,1.1375,1.1373,1.13737,63,0,0
2026-07-24 00:05:00,1.13737,1.13774,1.13734,1.13752,45,0,0
2026-07-24 00:10:00,1.13752,1.1377,1.13752,1.13764,48,2,0
2026-07-24 00:15:00,1.13764,1.1377,1.13758,1.13758,16,10,0
2026-07-24 00:20:00,1.13764,1.13776,1.13758,1.13776,28,0,0
2026-07-24 00:25:00,1.13776,1.1378,1.13746,1.13771,18,0,0
2026-07-24 00:30:00,1.13771,1.13779,1.13768,1.13776,23,0,0
2026-07-24 00:35:00,1.13776,1.13776,1.13763,1.13764,37,0,0
2026-07-24 00:40:00,1.13764,1.1379,1.13763,1.1378,71,0,0
2026-07-24 00:45:00,1.1378,1.13798,1.1378,1.13785,64,0,0
2026-07-24 00:50:00,1.13785,1.13787,1.13782,1.1378300000000001,34,0,0
2026-07-24 00:55:00,1.1378300000000001,1.13802,1.13746,1.13761,141,0,0
2026-07-24 01:00:00,1.13761,1.1379,1.13761,1.13781,221,0,0
2026-07-24 01:05:00,1.13782,1.13792,1.13779,1.1378300000000001,167,0,0
2026-07-24 01:10:00,1.13782,1.1378300000000001,1.13777,1.1378,703,0,0
2026-07-24 01:15:00,1.13779,1.1378300000000001,1.13778,1.13779,196,0,0
2026-07-24 01:20:00,1.13779,1.13796,1.13779,1.13795,327,0,0
2026-07-24 01:25:00,1.13795,1.13795,1.13776,1.13779,278,0,0
2026-07-24 01:30:00,1.13779,1.13781,1.1377,1.13779,407,0,0
2026-07-24 01:35:00,1.13779,1.13785,1.13777,1.1378,324,0,0
2026-07-24 01:40:00,1.13781,1.13788,1.13777,1.13784,293,0,0
2026-07-24 01:45:00,1.13784,1.13791,1.1378300000000001,1.13788,182,0,0
2026-07-24 01:50:00,1.13788,1.13799,1.13787,1.13794,215,0,0
2026-07-24 01:55:00,1.13794,1.13801,1.1379299999999999,1.13794,212,0,0
2026-07-24 02:00:00,1.13794,1.138,1.13788,1.13788,256,0,0
2026-07-24 02:05:00,1.13788,1.13792,1.13788,1.13789,248,0,0
2026-07-24 02:10:00,1.13789,1.13794,1.13787,1.13788,147,0,0
2026-07-24 02:15:00,1.13788,1.13792,1.13787,1.13791,151,0,0
2026-07-24 02:20:00,1.13791,1.13794,1.13788,1.1379,133,0,0
2026-07-24 02:25:00,1.1379,1.1379299999999999,1.13789,1.1379,131,0,0
2026-07-24 02:30:00,1.1379,1.138,1.13788,1.13794,173,0,0
2026-07-24 02:35:00,1.13794,1.13794,1.13786,1.13788,275,0,0
2026-07-24 02:40:00,1.13788,1.1379,1.13763,1.13773,564,0,0
2026-07-24 02:45:00,1.13773,1.13791,1.13771,1.13776,612,0,0
2026-07-24 02:50:00,1.13777,1.1378,1.13756,1.1375899999999999,602,0,0
2026-07-24 02:55:00,1.1375899999999999,1.13774,1.13758,1.13766,630,0,0
2026-07-24 03:00:00,1.13766,1.13789,1.13751,1.13769,1457,0,0
2026-07-24 03:05:00,1.13769,1.13805,1.13758,1.13797,987,0,0
2026-07-24 03:10:00,1.13798,1.13805,1.13785,1.13789,922,0,0
2026-07-24 03:15:00,1.13789,1.13795,1.13782,1.1379,791,0,0
2026-07-24 03:20:00,1.1379,1.13804,1.1378300000000001,1.13798,702,0,0
2026-07-24 03:25:00,1.13798,1.13801,1.13787,1.13797,609,0,0
2026-07-24 03:30:00,1.13797,1.13798,1.1378300000000001,1.13787,668,0,0
2026-07-24 03:35:00,1.13787,1.1379299999999999,1.1378,1.13782,374,0,0
2026-07-24 03:40:00,1.13782,1.1378300000000001,1.1377,1.13775,696,0,0
2026-07-24 03:45:00,1.13775,1.1378300000000001,1.13765,1.13778,612,0,0
2026-07-24 03:50:00,1.13779,1.13791,1.13773,1.1378300000000001,817,0,0
2026-07-24 03:55:00,1.1378300000000001,1.13842,1.1378,1.13842,1014,0,0
2026-07-24 04:00:00,1.13842,1.13864,1.13834,1.13845,1159,0,0
2026-07-24 04:05:00,1.13845,1.13845,1.13824,1.13833,725,0,0
2026-07-24 04:10:00,1.13833,1.13846,1.13829,1.13841,684,0,0
2026-07-24 04:15:00,1.13841,1.13856,1.13831,1.1385399999999999,574,0,0
2026-07-24 04:20:00,1.1385399999999999,1.13861,1.13845,1.13857,580,0,0
2026-07-24 04:25:00,1.13857,1.13857,1.13819,1.1381999999999999,778,0,0
2026-07-24 04:30:00,1.13819,1.13848,1.13817,1.1384400000000001,853,0,0
2026-07-24 04:35:00,1.13843,1.13861,1.1384,1.13848,687,0,0
2026-07-24 04:40:00,1.13848,1.13865,1.13846,1.13862,767,0,0
2026-07-24 04:45:00,1.13861,1.13873,1.13857,1.13871,582,0,0
2026-07-24 04:50:00,1.13871,1.13872,1.13853,1.13864,652,0,0
2026-07-24 04:55:00,1.13865,1.13867,1.13834,1.13841,782,0,0
2026-07-24 05:00:00,1.13841,1.1385,1.13832,1.13843,751,0,0
2026-07-24 05:05:00,1.13843,1.13845,1.13829,1.13834,540,0,0
2026-07-24 05:10:00,1.13834,1.1385,1.13831,1.13849,592,0,0
2026-07-24 05:15:00,1.13849,1.13852,1.13834,1.13842,378,0,0
2026-07-24 05:20:00,1.13842,1.13858,1.13838,1.13842,484,0,0
2026-07-24 05:25:00,1.13841,1.13851,1.13837,1.13846,415,0,0
2026-07-24 05:30:00,1.13845,1.13877,1.13842,1.13867,547,0,0
2026-07-24 05:35:00,1.13867,1.13867,1.13849,1.1385,358,0,0
2026-07-24 05:40:00,1.1385,1.13857,1.1384400000000001,1.13847,396,0,0
2026-07-24 05:45:00,1.13847,1.13853,1.13819,1.13821,611,0,0
2026-07-24 05:50:00,1.13821,1.13836,1.13817,1.13821,776,0,0
2026-07-24 05:55:00,1.13821,1.1383,1.13808,1.13808,668,0,0
2026-07-24 06:00:00,1.13808,1.13816,1.13801,1.13803,665,0,0
2026-07-24 06:05:00,1.13803,1.1381000000000001,1.13792,1.13795,575,0,0
2026-07-24 06:10:00,1.13795,1.13796,1.13777,1.13785,635,0,0
2026-07-24 06:15:00,1.13785,1.13796,1.13782,1.13784,566,0,0
2026-07-24 06:20:00,1.13784,1.13792,1.13778,1.1378,447,0,0
2026-07-24 06:25:00,1.1378,1.13796,1.13778,1.13791,640,0,0
2026-07-24 06:30:00,1.13791,1.13817,1.13788,1.13816,573,0,0
2026-07-24 06:35:00,1.13816,1.13825,1.13809,1.13812,458,0,0
2026-07-24 06:40:00,1.13813,1.13826,1.13812,1.13822,412,0,0
2026-07-24 06:45:00,1.13822,1.13823,1.13808,1.13812,431,0,0
2026-07-24 06:50:00,1.13812,1.13826,1.13809,1.13819,393,0,0
2026-07-24 06:55:00,1.13819,1.13826,1.13806,1.13825,506,0,0
2026-07-24 07:00:00,1.13825,1.13836,1.1381999999999999,1.1383,512,0,0
2026-07-24 07:05:00,1.1383,1.13836,1.13821,1.13833,599,0,0
2026-07-24 07:10:00,1.13833,1.13837,1.13822,1.13835,549,0,0
2026-07-24 07:15:00,1.13835,1.13841,1.13825,1.13829,333,0,0
2026-07-24 07:20:00,1.13829,1.13832,1.13812,1.13814,521,0,0
2026-07-24 07:25:00,1.13814,1.13815,1.13807,1.13807,768,0,0
2026-07-24 07:30:00,1.13808,1.13816,1.138,1.13806,533,0,0
2026-07-24 07:35:00,1.13806,1.13809,1.13798,1.13805,506,0,0
2026-07-24 07:40:00,1.13806,1.13806,1.13778,1.13778,573,0,0
2026-07-24 07:45:00,1.13778,1.13786,1.13769,1.13772,466,0,0
2026-07-24 07:50:00,1.13772,1.13781,1.13767,1.13772,582,0,0
2026-07-24 07:55:00,1.13773,1.13795,1.13772,1.13792,587,0,0
2026-07-24 08:00:00,1.13791,1.138,1.1378300000000001,1.13797,570,0,0
2026-07-24 08:05:00,1.13797,1.13809,1.13794,1.13805,456,0,0
2026-07-24 08:10:00,1.13804,1.13814,1.13797,1.13803,601,0,0
2026-07-24 08:15:00,1.13803,1.13816,1.13802,1.13812,429,0,0
2026-07-24 08:20:00,1.13812,1.13825,1.13811,1.13816,441,0,0
2026-07-24 08:25:00,1.13816,1.13825,1.13815,1.13818,436,0,0
2026-07-24 08:30:00,1.13818,1.13835,1.13812,1.13823,568,0,0
2026-07-24 08:35:00,1.13823,1.13826,1.13812,1.13818,474,0,0
2026-07-24 08:40:00,1.13818,1.13825,1.13804,1.1381000000000001,456,0,0
2026-07-24 08:45:00,1.1381000000000001,1.13815,1.13801,1.1381000000000001,495,0,0
2026-07-24 08:50:00,1.1381000000000001,1.1381000000000001,1.13779,1.13784,495,0,0
2026-07-24 08:55:00,1.13784,1.13792,1.13764,1.13778,620,0,0
2026-07-24 09:00:00,1.13778,1.13796,1.13773,1.13779,601,0,0
2026-07-24 09:05:00,1.13779,1.13795,1.13776,1.13789,1033,0,0
2026-07-24 09:10:00,1.13789,1.138,1.13776,1.138,827,0,0
2026-07-24 09:15:00,1.138,1.13837,1.13798,1.13834,729,0,0
2026-07-24 09:20:00,1.13834,1.13856,1.13832,1.13853,681,0,0
2026-07-24 09:25:00,1.13853,1.13866,1.13846,1.13856,789,0,0
2026-07-24 09:30:00,1.13856,1.13866,1.13836,1.13864,864,0,0
2026-07-24 09:35:00,1.13864,1.13866,1.13851,1.13857,968,0,0
2026-07-24 09:40:00,1.13858,1.13861,1.13834,1.13838,930,0,0
2026-07-24 09:45:00,1.13838,1.13857,1.13837,1.13845,794,0,0
2026-07-24 09:50:00,1.13845,1.13857,1.13832,1.13835,1013,0,0
2026-07-24 09:55:00,1.13835,1.13871,1.13831,1.13869,1209,0,0
2026-07-24 10:00:00,1.13869,1.13894,1.13864,1.13885,1438,0,0
2026-07-24 10:05:00,1.13885,1.13938,1.13882,1.13936,1020,0,0
2026-07-24 10:10:00,1.13936,1.1396,1.1393,1.13938,872,0,0
2026-07-24 10:15:00,1.13936,1.13958,1.13902,1.13924,1088,0,0
2026-07-24 10:20:00,1.13923,1.1396600000000001,1.13923,1.13964,945,0,0
2026-07-24 10:25:00,1.13964,1.13997,1.13963,1.13973,937,0,0
2026-07-24 10:30:00,1.13973,1.14011,1.1396,1.13971,1212,0,0
2026-07-24 10:35:00,1.13971,1.1397599999999999,1.13911,1.13917,935,0,0
2026-07-24 10:40:00,1.13917,1.13936,1.13897,1.13927,779,0,0
2026-07-24 10:45:00,1.13928,1.13929,1.13903,1.13914,764,0,0
2026-07-24 10:50:00,1.13914,1.13922,1.13899,1.13918,747,0,0
2026-07-24 10:55:00,1.13918,1.13928,1.13893,1.13899,753,0,0
2026-07-24 11:00:00,1.13899,1.13906,1.13871,1.13872,759,0,0
2026-07-24 11:05:00,1.13872,1.13879,1.13859,1.13877,917,0,0
2026-07-24 11:10:00,1.13877,1.13892,1.13872,1.13882,767,0,0
2026-07-24 11:15:00,1.13882,1.13885,1.13847,1.1386,766,0,0
2026-07-24 11:20:00,1.1386,1.13867,1.13836,1.1385,772,0,0
2026-07-24 11:25:00,1.1385,1.13882,1.13843,1.13876,936,0,0
2026-07-24 11:30:00,1.13876,1.13879,1.13856,1.13858,1051,0,0
2026-07-24 11:35:00,1.13857,1.13874,1.13847,1.13867,943,0,0
2026-07-24 11:40:00,1.13867,1.13876,1.13852,1.13858,969,0,0
2026-07-24 11:45:00,1.13858,1.13863,1.13815,1.13815,984,0,0
2026-07-24 11:50:00,1.13815,1.13841,1.13813,1.13836,1172,0,0
2026-07-24 11:55:00,1.13836,1.13839,1.13817,1.13835,1035,0,0
2026-07-24 12:00:00,1.13835,1.1385,1.13824,1.13828,1021,0,0
2026-07-24 12:05:00,1.13828,1.13867,1.13826,1.13867,561,0,0
2026-07-24 12:10:00,1.13867,1.13867,1.1384400000000001,1.13852,698,0,0
2026-07-24 12:15:00,1.13851,1.13871,1.13836,1.13869,839,0,0
2026-07-24 12:20:00,1.13869,1.1387,1.13833,1.13845,887,0,0
2026-07-24 12:25:00,1.13845,1.13878,1.1384400000000001,1.1387,868,0,0
2026-07-24 12:30:00,1.1387,1.13875,1.13857,1.13862,803,0,0
2026-07-24 12:35:00,1.13862,1.13869,1.13845,1.13849,767,0,0
2026-07-24 12:40:00,1.1385,1.1387,1.13835,1.13861,770,0,0
2026-07-24 12:45:00,1.13861,1.13872,1.13853,1.13858,707,0,0
2026-07-24 12:50:00,1.13858,1.13875,1.1385399999999999,1.13869,949,0,0
2026-07-24 12:55:00,1.1387,1.13893,1.13865,1.13891,823,0,0
2026-07-24 13:00:00,1.13891,1.13908,1.13873,1.13901,718,0,0
2026-07-24 13:05:00,1.13901,1.13902,1.13877,1.13892,652,0,0
2026-07-24 13:10:00,1.13892,1.13899,1.13876,1.1388,531,0,0
2026-07-24 13:15:00,1.1388,1.13899,1.13875,1.13895,585,0,0
2026-07-24 13:20:00,1.13894,1.13917,1.13887,1.13916,612,0,0
2026-07-24 13:25:00,1.1391499999999999,1.13931,1.13899,1.139,1039,0,0
2026-07-24 13:30:00,1.139,1.13919,1.13896,1.13909,612,0,0
2026-07-24 13:35:00,1.13909,1.13916,1.13895,1.13896,560,0,0
2026-07-24 13:40:00,1.13896,1.13896,1.13869,1.13871,527,0,0
2026-07-24 13:45:00,1.13871,1.1388099999999999,1.13861,1.13866,537,0,0
2026-07-24 13:50:00,1.13866,1.13868,1.13822,1.13824,712,0,0
2026-07-24 13:55:00,1.13825,1.1384400000000001,1.13809,1.1383,1025,0,0
2026-07-24 14:00:00,1.1383,1.13851,1.13815,1.13846,1210,0,0
2026-07-24 14:05:00,1.13846,1.13857,1.13835,1.13853,821,0,0
2026-07-24 14:10:00,1.13853,1.13883,1.13852,1.1388099999999999,724,0,0
2026-07-24 14:15:00,1.1388099999999999,1.13883,1.13856,1.13858,722,0,0
2026-07-24 14:20:00,1.13858,1.13864,1.13845,1.13845,596,0,0
2026-07-24 14:25:00,1.13846,1.1385399999999999,1.13821,1.13823,803,0,0
2026-07-24 14:30:00,1.13822,1.13829,1.13812,1.1381999999999999,694,0,0
2026-07-24 14:35:00,1.1381999999999999,1.13822,1.13795,1.13796,638,0,0
2026-07-24 14:40:00,1.13796,1.138,1.13782,1.13798,724,0,0
2026-07-24 14:45:00,1.13798,1.13812,1.1379,1.13799,903,0,0
2026-07-24 14:50:00,1.13799,1.13802,1.13756,1.13765,834,0,0
2026-07-24 14:55:00,1.13765,1.13765,1.13712,1.13747,1886,0,0
2026-07-24 15:00:00,1.13746,1.13768,1.13718,1.1373199999999999,1448,0,0
2026-07-24 15:05:00,1.1373199999999999,1.13778,1.13723,1.13772,988,0,0
2026-07-24 15:10:00,1.13772,1.13784,1.13758,1.13776,824,0,0
2026-07-24 15:15:00,1.13776,1.1378,1.13758,1.13768,712,0,0
2026-07-24 15:20:00,1.13768,1.13768,1.13747,1.13756,862,0,0
2026-07-24 15:25:00,1.13756,1.13758,1.13725,1.13743,733,0,0
2026-07-24 15:30:00,1.13743,1.13762,1.13702,1.13703,880,0,0
2026-07-24 15:35:00,1.13702,1.13729,1.13702,1.1372,899,0,0
2026-07-24 15:40:00,1.1372,1.13721,1.13674,1.13682,943,0,0
2026-07-24 15:45:00,1.13682,1.13717,1.13676,1.1368800000000001,1033,0,0
2026-07-24 15:50:00,1.1368800000000001,1.13705,1.13677,1.13697,735,0,0
2026-07-24 15:55:00,1.13697,1.13707,1.13674,1.13703,817,0,0
2026-07-24 16:00:00,1.13682,1.137,1.13679,1.13681,462,0,0
2026-07-24 16:05:00,1.13681,1.13686,1.13662,1.13668,967,0,0
2026-07-24 16:10:00,1.13668,1.13726,1.13648,1.13703,1258,0,0
2026-07-24 16:15:00,1.13703,1.13727,1.13692,1.13723,1171,0,0
2026-07-24 16:20:00,1.1372,1.13741,1.13702,1.13715,1371,0,0
2026-07-24 16:25:00,1.13715,1.13721,1.13692,1.13706,1341,0,0
2026-07-24 16:30:00,1.13706,1.13711,1.13676,1.13687,1442,0,0
2026-07-24 16:35:00,1.13687,1.13727,1.13681,1.13727,1650,0,0
2026-07-24 16:40:00,1.13727,1.13736,1.13716,1.13717,1259,0,0
2026-07-24 16:45:00,1.13718,1.1372,1.13696,1.13702,1156,0,0
2026-07-24 16:50:00,1.13702,1.13733,1.13687,1.13733,1562,0,0
2026-07-24 16:55:00,1.13733,1.13768,1.13718,1.13766,1283,0,0
2026-07-24 17:00:00,1.13766,1.13795,1.1376,1.1376,1240,0,0
2026-07-24 17:05:00,1.1376,1.13767,1.13704,1.13736,1275,0,0
2026-07-24 17:10:00,1.13736,1.13751,1.13712,1.1372,1531,0,0
2026-07-24 17:15:00,1.1372,1.1374900000000001,1.1372,1.1373,1210,0,0
2026-07-24 17:20:00,1.1373,1.13765,1.13726,1.13753,1586,0,0
2026-07-24 17:25:00,1.13753,1.13785,1.13752,1.13754,1377,0,0
2026-07-24 17:30:00,1.13754,1.1379,1.13747,1.13787,1065,0,0
2026-07-24 17:35:00,1.13788,1.13792,1.13763,1.13766,975,0,0
2026-07-24 17:40:00,1.13765,1.13776,1.13757,1.13762,885,0,0
2026-07-24 17:45:00,1.13762,1.13789,1.13758,1.13785,1140,0,0
2026-07-24 17:50:00,1.13785,1.1379,1.1374900000000001,1.1377,1468,0,0
2026-07-24 17:55:00,1.1377,1.13809,1.13768,1.13781,1834,0,0
2026-07-24 18:00:00,1.13781,1.13804,1.1377,1.13792,1589,0,0
2026-07-24 18:05:00,1.13792,1.13836,1.13787,1.13829,1027,0,0
2026-07-24 18:10:00,1.13829,1.13893,1.13828,1.13872,2192,0,0
2026-07-24 18:15:00,1.13872,1.13908,1.13852,1.1386,2107,0,0
2026-07-24 18:20:00,1.13858,1.13875,1.13851,1.13855,1204,0,0
2026-07-24 18:25:00,1.13855,1.1387,1.13843,1.13847,1428,0,0
2026-07-24 18:30:00,1.13847,1.13873,1.13837,1.13853,1248,0,0
2026-07-24 18:35:00,1.13852,1.13893,1.13845,1.13891,1114,0,0
2026-07-24 18:40:00,1.13891,1.13895,1.13839,1.13846,1244,0,0
2026-07-24 18:45:00,1.13846,1.13865,1.13843,1.1385399999999999,865,0,0
2026-07-24 18:50:00,1.1385399999999999,1.13867,1.13843,1.13847,875,0,0
2026-07-24 18:55:00,1.13847,1.13856,1.13825,1.13848,816,0,0
2026-07-24 19:00:00,1.13848,1.13848,1.13816,1.13827,715,0,0
2026-07-24 19:05:00,1.13827,1.13855,1.13817,1.1384400000000001,675,0,0
2026-07-24 19:10:00,1.1384400000000001,1.1386,1.13838,1.13852,710,0,0
2026-07-24 19:15:00,1.13852,1.13866,1.13847,1.13853,707,0,0
2026-07-24 19:20:00,1.13853,1.13856,1.13827,1.13834,509,0,0
2026-07-24 19:25:00,1.13834,1.13836,1.13818,1.13834,607,0,0
2026-07-24 19:30:00,1.13834,1.1384,1.13813,1.13834,1035,0,0
2026-07-24 19:35:00,1.13835,1.13839,1.13802,1.13806,748,0,0
2026-07-24 19:40:00,1.13806,1.13813,1.13794,1.13806,785,0,0
2026-07-24 19:45:00,1.13805,1.13807,1.13785,1.1379299999999999,1173,0,0
2026-07-24 19:50:00,1.1379299999999999,1.13796,1.13784,1.1379299999999999,696,0,0
2026-07-24 19:55:00,1.1379299999999999,1.13807,1.13777,1.13778,633,0,0
2026-07-24 20:00:00,1.13778,1.1378,1.13763,1.13765,723,0,0
2026-07-24 20:05:00,1.13765,1.13767,1.13703,1.13723,1186,0,0
2026-07-24 20:10:00,1.13723,1.13725,1.13703,1.13713,965,0,0
2026-07-24 20:15:00,1.13714,1.13726,1.1369799999999999,1.1369799999999999,739,0,0
2026-07-24 20:20:00,1.13699,1.13705,1.13686,1.13699,620,0,0
2026-07-24 20:25:00,1.13699,1.1372,1.13697,1.1372,648,0,0
2026-07-24 20:30:00,1.1372,1.13727,1.13709,1.13713,672,0,0
2026-07-24 20:35:00,1.13713,1.13715,1.13692,1.13696,617,0,0
2026-07-24 20:40:00,1.13696,1.137,1.13683,1.13692,560,0,0
2026-07-24 20:45:00,1.13692,1.13696,1.13682,1.13685,550,0,0
2026-07-24 20:50:00,1.13684,1.13689,1.13675,1.13687,354,0,0
2026-07-24 20:55:00,1.13687,1.13704,1.13687,1.13695,435,0,0
2026-07-24 21:00:00,1.13696,1.137,1.13678,1.1368800000000001,516,0,0
2026-07-24 21:05:00,1.1368800000000001,1.13704,1.13685,1.13704,512,0,0
2026-07-24 21:10:00,1.13704,1.13707,1.13695,1.13697,590,0,0
2026-07-24 21:15:00,1.13697,1.13713,1.13696,1.13697,528,0,0
2026-07-24 21:20:00,1.1369799999999999,1.137,1.13677,1.13693,821,0,0
2026-07-24 21:25:00,1.13693,1.13699,1.13687,1.13691,599,0,0
2026-07-24 21:30:00,1.13691,1.137,1.13676,1.13677,671,0,0
2026-07-24 21:35:00,1.13677,1.13693,1.13673,1.13686,744,0,0
2026-07-24 21:40:00,1.13686,1.13692,1.13677,1.1368800000000001,506,0,0
2026-07-24 21:45:00,1.1368800000000001,1.13708,1.13687,1.13697,520,0,0
2026-07-24 21:50:00,1.13697,1.137,1.13692,1.13693,585,0,0
2026-07-24 21:55:00,1.13693,1.13704,1.13692,1.13699,482,0,0
2026-07-24 22:00:00,1.1369799999999999,1.13713,1.13697,1.13703,842,0,0
2026-07-24 22:05:00,1.13703,1.13709,1.13697,1.13704,666,0,0
2026-07-24 22:10:00,1.13705,1.13714,1.13701,1.13703,617,0,0
2026-07-24 22:15:00,1.13704,1.13707,1.13697,1.13704,796,0,0
2026-07-24 22:20:00,1.13704,1.13707,1.13687,1.1369,590,0,0
2026-07-24 22:25:00,1.1369,1.13692,1.1368,1.13685,604,0,0
2026-07-24 22:30:00,1.13686,1.13702,1.13681,1.1369,789,0,0
2026-07-24 22:35:00,1.1369,1.13723,1.13689,1.13716,977,0,0
2026-07-24 22:40:00,1.13716,1.13723,1.1371,1.13714,523,0,0
2026-07-24 22:45:00,1.13714,1.13718,1.13702,1.1371,644,0,0
2026-07-24 22:50:00,1.1371,1.13714,1.13702,1.13707,419,0,0
2026-07-24 22:55:00,1.13707,1.13711,1.13699,1.13701,633,0,0
2026-07-24 23:00:00,1.13701,1.13707,1.1369799999999999,1.13705,616,0,0
2026-07-24 23:05:00,1.13705,1.13706,1.13696,1.1369799999999999,299,0,0
2026-07-24 23:10:00,1.1369799999999999,1.137,1.13696,1.1369799999999999,105,0,0
2026-07-24 23:15:00,1.13699,1.13699,1.13687,1.1368800000000001,125,0,0
2026-07-24 23:20:00,1.1368800000000001,1.13692,1.13685,1.1369,201,0,0
2026-07-24 23:25:00,1.1369,1.13693,1.1368,1.13683,280,0,0
2026-07-24 23:30:00,1.13683,1.13687,1.13674,1.13675,159,0,0
2026-07-24 23:35:00,1.13675,1.13681,1.13674,1.13675,244,0,0
2026-07-24 23:40:00,1.13675,1.13694,1.13673,1.13686,280,0,0
2026-07-24 23:45:00,1.13685,1.13708,1.13683,1.13702,418,0,0
2026-07-24 23:50:00,1.13702,1.13714,1.13697,1.137,1189,0,0
2026-07-24 23:55:00,1.13701,1.13735,1.13669,1.13705,509,0,0
2026-07-27 00:00:00,1.13885,1.13957,1.13885,1.13944,70,11,0
2026-07-27 00:05:00,1.13944,1.13949,1.13906,1.13912,103,0,0
2026-07-27 00:10:00,1.13912,1.13925,1.13901,1.13921,174,0,0
2026-07-27 00:15:00,1.13921,1.13955,1.13913,1.1393,142,0,0
2026-07-27 00:20:00,1.1393,1.1394199999999999,1.13909,1.13938,158,0,0
2026-07-27 00:25:00,1.13938,1.13943,1.13913,1.13916,55,0,0
2026-07-27 00:30:00,1.13916,1.13919,1.13901,1.1391499999999999,59,0,0
2026-07-27 00:35:00,1.1391499999999999,1.13935,1.13907,1.13921,57,0,0
2026-07-27 00:40:00,1.13921,1.13938,1.13921,1.13929,52,0,0
2026-07-27 00:45:00,1.13929,1.13964,1.13927,1.13953,82,0,0
2026-07-27 00:50:00,1.13953,1.13953,1.13908,1.13935,153,0,0
2026-07-27 00:55:00,1.13935,1.13936,1.13893,1.13898,120,0,0
2026-07-27 01:00:00,1.13898,1.1400000000000001,1.13893,1.13981,1077,0,0
2026-07-27 01:05:00,1.13981,1.1400000000000001,1.13956,1.13957,593,0,0
2026-07-27 01:10:00,1.13957,1.13968,1.1392,1.13933,1031,0,0
2026-07-27 01:15:00,1.13934,1.1394,1.13918,1.13933,739,0,0
2026-07-27 01:20:00,1.13933,1.13945,1.13912,1.13916,538,0,0
2026-07-27 01:25:00,1.13916,1.13923,1.1390500000000001,1.13917,600,0,0
2026-07-27 01:30:00,1.13917,1.1392,1.1390500000000001,1.13911,637,0,0
2026-07-27 01:35:00,1.13913,1.13919,1.13906,1.13911,489,0,0
2026-07-27 01:40:00,1.13911,1.13923,1.1390500000000001,1.13918,382,0,0
2026-07-27 01:45:00,1.13918,1.1392,1.13899,1.1390500000000001,470,0,0
2026-07-27 01:50:00,1.1390500000000001,1.13916,1.13903,1.1390500000000001,339,0,0
2026-07-27 01:55:00,1.1390500000000001,1.1390500000000001,1.1388,1.13893,399,0,0
2026-07-27 02:00:00,1.13894,1.1390500000000001,1.1389,1.13896,446,0,0
2026-07-27 02:05:00,1.13897,1.13913,1.13897,1.13907,348,0,0
2026-07-27 02:10:00,1.13907,1.13908,1.13889,1.13892,166,0,0
2026-07-27 02:15:00,1.13892,1.13901,1.13888,1.13891,288,0,0
2026-07-27 02:20:00,1.13891,1.13899,1.13885,1.13886,310,0,0
2026-07-27 02:25:00,1.13886,1.13896,1.13884,1.13893,306,0,0
2026-07-27 02:30:00,1.13893,1.13909,1.13891,1.13908,281,0,0
2026-07-27 02:35:00,1.13908,1.13919,1.13906,1.13912,194,0,0
2026-07-27 02:40:00,1.13912,1.13932,1.13911,1.13926,314,0,0
2026-07-27 02:45:00,1.13925,1.13933,1.13917,1.13926,599,0,0
2026-07-27 02:50:00,1.13926,1.13928,1.13914,1.13917,540,0,0
2026-07-27 02:55:00,1.13916,1.13954,1.13916,1.13946,562,0,0
2026-07-27 03:00:00,1.13946,1.13985,1.13946,1.13975,1515,0,0
2026-07-27 03:05:00,1.13975,1.13988,1.13964,1.13983,993,0,0
2026-07-27 03:10:00,1.13983,1.14039,1.1398,1.14036,1099,0,0
2026-07-27 03:15:00,1.14036,1.14045,1.14011,1.1404,1128,0,0
2026-07-27 03:20:00,1.14039,1.14079,1.14028,1.14072,1162,0,0
2026-07-27 03:25:00,1.14072,1.1412499999999999,1.14069,1.14109,1100,0,0
2026-07-27 03:30:00,1.14109,1.14131,1.1409799999999999,1.14114,1375,0,0
2026-07-27 03:35:00,1.14114,1.14115,1.14047,1.14054,910,0,0
2026-07-27 03:40:00,1.14054,1.14065,1.14042,1.14045,873,0,0
2026-07-27 03:45:00,1.14044,1.14055,1.14036,1.14042,882,0,0
2026-07-27 03:50:00,1.14042,1.14043,1.14005,1.14005,959,0,0
2026-07-27 03:55:00,1.14005,1.14024,1.14005,1.14017,729,0,0
2026-07-27 04:00:00,1.14017,1.1406100000000001,1.14016,1.14036,967,0,0
2026-07-27 04:05:00,1.14036,1.14074,1.14036,1.1406,942,0,0
2026-07-27 04:10:00,1.1406,1.14072,1.14052,1.14052,710,0,0
2026-07-27 04:15:00,1.14052,1.14069,1.14051,1.1406399999999999,709,0,0
2026-07-27 04:20:00,1.14063,1.14077,1.14048,1.14055,724,0,0
2026-07-27 04:25:00,1.14055,1.14063,1.14048,1.14062,777,0,0
2026-07-27 04:30:00,1.14062,1.14089,1.14062,1.14067,804,0,0
2026-07-27 04:35:00,1.14067,1.14067,1.14034,1.14046,621,0,0
2026-07-27 04:40:00,1.14045,1.14079,1.14044,1.14077,708,0,0
2026-07-27 04:45:00,1.14077,1.14102,1.14076,1.141,834,0,0
2026-07-27 04:50:00,1.141,1.14104,1.14077,1.14087,828,0,0
2026-07-27 04:55:00,1.14087,1.14145,1.14085,1.14143,767,0,0
2026-07-27 05:00:00,1.14143,1.14145,1.14117,1.1412,1178,0,0
2026-07-27 05:05:00,1.1412,1.14133,1.14109,1.14113,869,0,0
2026-07-27 05:10:00,1.14113,1.1412,1.14097,1.14102,779,0,0
2026-07-27 05:15:00,1.14103,1.14108,1.14075,1.14083,577,0,0
2026-07-27 05:20:00,1.14083,1.14094,1.14078,1.14093,344,0,0
2026-07-27 05:25:00,1.14093,1.14109,1.1409,1.14104,417,0,0
2026-07-27 05:30:00,1.14104,1.14104,1.1408,1.141,608,0,0
2026-07-27 05:35:00,1.141,1.14107,1.14077,1.14079,638,0,0
2026-07-27 05:40:00,1.14079,1.14093,1.14079,1.14086,565,0,0
2026-07-27 05:45:00,1.14086,1.14091,1.14072,1.14078,553,0,0
2026-07-27 05:50:00,1.14078,1.1408800000000001,1.14071,1.14084,448,0,0
2026-07-27 05:55:00,1.14084,1.14084,1.14055,1.14055,647,0,0
2026-07-27 06:00:00,1.14055,1.14072,1.14046,1.14051,701,0,0
2026-07-27 06:05:00,1.1405,1.14058,1.14041,1.14045,493,0,0
2026-07-27 06:10:00,1.14045,1.14048,1.1403,1.14036,437,0,0
2026-07-27 06:15:00,1.14036,1.14048,1.1403,1.14041,411,0,0
2026-07-27 06:20:00,1.14041,1.14043,1.1403,1.1403699999999999,442,0,0
2026-07-27 06:25:00,1.1403699999999999,1.14048,1.14035,1.14036,348,0,0
2026-07-27 06:30:00,1.14036,1.14038,1.14012,1.14022,705,0,0
2026-07-27 06:35:00,1.14022,1.14032,1.14019,1.14028,374,0,0
2026-07-27 06:40:00,1.14028,1.14042,1.14025,1.14033,380,0,0
2026-07-27 06:45:00,1.14033,1.14043,1.14033,1.1403699999999999,484,0,0
2026-07-27 06:50:00,1.1403699999999999,1.14049,1.14035,1.1403699999999999,443,0,0
2026-07-27 06:55:00,1.1403699999999999,1.14044,1.14031,1.14038,379,0,0
2026-07-27 07:00:00,1.14038,1.14049,1.14031,1.1404,522,0,0
2026-07-27 07:05:00,1.14041,1.14046,1.1403699999999999,1.14039,402,0,0
2026-07-27 07:10:00,1.14039,1.14046,1.14031,1.14045,483,0,0
2026-07-27 07:15:00,1.14045,1.14054,1.14038,1.14051,307,0,0
2026-07-27 07:20:00,1.1405,1.14052,1.14031,1.14031,356,0,0
2026-07-27 07:25:00,1.14031,1.14035,1.14025,1.14031,357,0,0
2026-07-27 07:30:00,1.14031,1.1403699999999999,1.14029,1.14036,391,0,0
2026-07-27 07:35:00,1.14035,1.14038,1.1403,1.1403699999999999,321,0,0
2026-07-27 07:40:00,1.1403699999999999,1.1405,1.1403,1.14034,386,0,0
2026-07-27 07:45:00,1.14034,1.14038,1.1403,1.14032,389,0,0
2026-07-27 07:50:00,1.14031,1.14033,1.1402,1.14026,367,0,0
2026-07-27 07:55:00,1.14025,1.14045,1.14024,1.14035,426,0,0
2026-07-27 08:00:00,1.14036,1.14039,1.14025,1.14032,600,0,0
2026-07-27 08:05:00,1.14032,1.14049,1.1402700000000001,1.14046,399,0,0
2026-07-27 08:10:00,1.14046,1.14072,1.14041,1.1407,488,0,0
2026-07-27 08:15:00,1.1407,1.14077,1.1406399999999999,1.14069,414,0,0
2026-07-27 08:20:00,1.14069,1.1407,1.14053,1.14054,330,0,0
2026-07-27 08:25:00,1.14053,1.1406399999999999,1.14045,1.14063,449,0,0
2026-07-27 08:30:00,1.14062,1.14069,1.14035,1.14043,556,0,0
2026-07-27 08:35:00,1.14043,1.14053,1.14036,1.14046,403,0,0
2026-07-27 08:40:00,1.14046,1.14053,1.1404,1.14047,486,0,0
2026-07-27 08:45:00,1.14048,1.14056,1.14036,1.14049,466,0,0
2026-07-27 08:50:00,1.14049,1.14072,1.14046,1.14068,357,0,0
2026-07-27 08:55:00,1.14069,1.14072,1.14057,1.14062,400,0,0
2026-07-27 09:00:00,1.14062,1.14113,1.14055,1.14106,1039,0,0
2026-07-27 09:05:00,1.14105,1.14108,1.14087,1.14103,872,0,0
2026-07-27 09:10:00,1.14102,1.14139,1.14102,1.1412,676,0,0
2026-07-27 09:15:00,1.1412,1.14128,1.14084,1.14085,789,0,0
2026-07-27 09:20:00,1.14085,1.1411,1.14074,1.14109,870,0,0
2026-07-27 09:25:00,1.14108,1.14135,1.14105,1.1413,657,0,0
2026-07-27 09:30:00,1.1413,1.14133,1.14096,1.14124,937,0,0
2026-07-27 09:35:00,1.14124,1.14151,1.14106,1.1414900000000001,879,0,0
2026-07-27 09:40:00,1.1414900000000001,1.14185,1.14137,1.14151,979,0,0
2026-07-27 09:45:00,1.14151,1.14154,1.14107,1.14107,839,0,0
2026-07-27 09:50:00,1.14107,1.14111,1.14087,1.14089,826,0,0
2026-07-27 09:55:00,1.14089,1.141,1.14071,1.14082,960,0,0
2026-07-27 10:00:00,1.14082,1.14099,1.14045,1.14065,1138,0,0
2026-07-27 10:05:00,1.14065,1.1408,1.14056,1.1406,956,0,0
2026-07-27 10:10:00,1.1406,1.141,1.14049,1.1409799999999999,943,0,0
2026-07-27 10:15:00,1.1409799999999999,1.14101,1.14057,1.14071,1084,0,0
2026-07-27 10:20:00,1.14071,1.1409799999999999,1.14057,1.14072,1211,0,0
2026-07-27 10:25:00,1.14072,1.1409,1.14063,1.14071,1035,0,0
2026-07-27 10:30:00,1.14071,1.14071,1.14034,1.14055,1271,0,0
2026-07-27 10:35:00,1.14055,1.14071,1.14026,1.14031,1077,0,0
2026-07-27 10:40:00,1.14031,1.1405,1.14012,1.14026,938,0,0
2026-07-27 10:45:00,1.14026,1.14032,1.14006,1.14008,1005,0,0
2026-07-27 10:50:00,1.14008,1.14025,1.13997,1.14022,1045,0,0
2026-07-27 10:55:00,1.14022,1.14026,1.13962,1.13962,920,0,0
2026-07-27 11:00:00,1.13962,1.13986,1.13959,1.1396600000000001,1154,0,0
2026-07-27 11:05:00,1.1396600000000001,1.13996,1.13956,1.13958,1150,0,0
2026-07-27 11:10:00,1.13958,1.13977,1.13953,1.13965,889,0,0
2026-07-27 11:15:00,1.13964,1.13974,1.13952,1.13967,846,0,0
2026-07-27 11:20:00,1.13968,1.13974,1.13947,1.1396600000000001,1022,0,0
2026-07-27 11:25:00,1.1396600000000001,1.1397,1.13948,1.13955,1136,0,0
2026-07-27 11:30:00,1.13955,1.1397,1.13954,1.13958,885,0,0
2026-07-27 11:35:00,1.13958,1.13996,1.13958,1.13984,797,0,0
2026-07-27 11:40:00,1.13985,1.14016,1.13982,1.13989,821,0,0
2026-07-27 11:45:00,1.1399,1.14001,1.1397599999999999,1.13977,689,0,0
2026-07-27 11:50:00,1.13977,1.1402,1.13965,1.14018,857,0,0
2026-07-27 11:55:00,1.14018,1.14034,1.14017,1.14022,804,0,0
2026-07-27 12:00:00,1.14021,1.14035,1.14011,1.14031,742,0,0
2026-07-27 12:05:00,1.14031,1.14033,1.14006,1.14009,600,0,0
2026-07-27 12:10:00,1.14008,1.1401,1.1397599999999999,1.13979,615,0,0
2026-07-27 12:15:00,1.13979,1.1399,1.1396600000000001,1.13978,738,0,0
2026-07-27 12:20:00,1.13978,1.13991,1.13972,1.13981,496,0,0
2026-07-27 12:25:00,1.13981,1.13996,1.13952,1.13953,712,0,0
2026-07-27 12:30:00,1.13953,1.13982,1.13946,1.13971,871,0,0
2026-07-27 12:35:00,1.13972,1.13985,1.13964,1.13984,623,0,0
2026-07-27 12:40:00,1.13983,1.13985,1.13968,1.13973,597,0,0
2026-07-27 12:45:00,1.13973,1.13988,1.1396600000000001,1.13971,630,0,0
2026-07-27 12:50:00,1.13971,1.13979,1.13957,1.13972,807,0,0
2026-07-27 12:55:00,1.13973,1.13982,1.1396,1.13963,477,0,0
2026-07-27 13:00:00,1.13963,1.14015,1.13956,1.1401,647,0,0
2026-07-27 13:05:00,1.14009,1.14013,1.13978,1.13978,655,0,0
2026-07-27 13:10:00,1.13978,1.13985,1.13934,1.13952,1214,0,0
2026-07-27 13:15:00,1.13952,1.13989,1.13952,1.1397599999999999,998,0,0
2026-07-27 13:20:00,1.1397599999999999,1.14001,1.13964,1.13989,865,0,0
2026-07-27 13:25:00,1.13987,1.13994,1.13971,1.13974,735,0,0
2026-07-27 13:30:00,1.13974,1.13995,1.13974,1.13983,804,0,0
2026-07-27 13:35:00,1.13983,1.13989,1.13967,1.13972,780,0,0
2026-07-27 13:40:00,1.13972,1.14016,1.13971,1.14006,637,0,0
2026-07-27 13:45:00,1.14005,1.14006,1.13981,1.13992,637,0,0
2026-07-27 13:50:00,1.13992,1.13995,1.13971,1.13993,663,0,0
2026-07-27 13:55:00,1.13994,1.14001,1.13944,1.13952,1061,0,0
2026-07-27 14:00:00,1.13952,1.13961,1.13935,1.13939,1288,0,0
2026-07-27 14:05:00,1.13939,1.1394,1.13914,1.13926,949,0,0
2026-07-27 14:10:00,1.13926,1.13931,1.13916,1.13917,492,0,0
2026-07-27 14:15:00,1.13917,1.13945,1.13913,1.13933,678,0,0
2026-07-27 14:20:00,1.13933,1.13939,1.13917,1.13917,434,0,0
2026-07-27 14:25:00,1.13917,1.13944,1.13912,1.13912,847,0,0
2026-07-27 14:30:00,1.13912,1.13952,1.13908,1.1393,1195,0,0
2026-07-27 14:35:00,1.13931,1.13953,1.13922,1.13927,805,0,0
2026-07-27 14:40:00,1.13927,1.13954,1.13916,1.13916,821,0,0
2026-07-27 14:45:00,1.13916,1.13925,1.13886,1.13895,754,0,0
2026-07-27 14:50:00,1.13895,1.13899,1.13876,1.1388099999999999,846,0,0
2026-07-27 14:55:00,1.1388099999999999,1.13882,1.13851,1.13865,960,0,0
2026-07-27 15:00:00,1.13865,1.139,1.13865,1.13893,897,0,0
2026-07-27 15:05:00,1.13893,1.1390500000000001,1.13886,1.13893,965,0,0
2026-07-27 15:10:00,1.13893,1.13893,1.13835,1.13843,1444,0,0
2026-07-27 15:15:00,1.13843,1.13864,1.13841,1.1385399999999999,1109,0,0
2026-07-27 15:20:00,1.13853,1.13859,1.13836,1.13836,1024,0,0
2026-07-27 15:25:00,1.13836,1.1385,1.13832,1.13833,570,0,0
2026-07-27 15:30:00,1.13833,1.13839,1.1381000000000001,1.13834,713,0,0
2026-07-27 15:35:00,1.13834,1.13835,1.13775,1.1378300000000001,764,0,0
2026-07-27 15:40:00,1.13782,1.13811,1.13763,1.13805,911,0,0
2026-07-27 15:45:00,1.13805,1.1383,1.13798,1.13807,1016,0,0
2026-07-27 15:50:00,1.13806,1.1384400000000001,1.13802,1.13832,1043,0,0
2026-07-27 15:55:00,1.13833,1.13856,1.13831,1.13834,1186,0,0
2026-07-27 16:00:00,1.13834,1.13837,1.13792,1.13799,1974,0,0
2026-07-27 16:05:00,1.138,1.13856,1.13791,1.13855,1253,0,0
2026-07-27 16:10:00,1.13855,1.13867,1.13837,1.13837,996,0,0
2026-07-27 16:15:00,1.13838,1.1384,1.13812,1.13816,994,0,0
2026-07-27 16:20:00,1.13814,1.13824,1.13796,1.13797,1123,0,0
2026-07-27 16:25:00,1.13797,1.13805,1.13774,1.1379299999999999,1254,0,0
2026-07-27 16:30:00,1.13795,1.13837,1.13786,1.13799,1801,0,0
2026-07-27 16:35:00,1.13799,1.13816,1.13788,1.13803,1500,0,0
2026-07-27 16:40:00,1.13803,1.13817,1.13789,1.13804,1383,0,0
2026-07-27 16:45:00,1.13804,1.13814,1.13785,1.13799,1488,0,0
2026-07-27 16:50:00,1.13799,1.13807,1.13761,1.13762,1320,0,0
2026-07-27 16:55:00,1.13762,1.13765,1.13724,1.13742,1317,0,0
2026-07-27 17:00:00,1.13743,1.1376,1.1371,1.13748,1698,0,0
2026-07-27 17:05:00,1.13748,1.1377,1.13745,1.13748,1497,0,0
2026-07-27 17:10:00,1.13748,1.13763,1.1374,1.1376,1321,0,0
2026-07-27 17:15:00,1.13761,1.13764,1.13726,1.13737,1188,0,0
2026-07-27 17:20:00,1.13737,1.13745,1.13727,1.13742,1248,0,0
2026-07-27 17:25:00,1.13742,1.13744,1.13704,1.13704,1445,0,0
2026-07-27 17:30:00,1.13704,1.13725,1.13697,1.13707,1295,0,0
2026-07-27 17:35:00,1.13706,1.13736,1.1369799999999999,1.13734,1309,0,0
2026-07-27 17:40:00,1.13734,1.13745,1.13701,1.13712,1172,0,0
2026-07-27 17:45:00,1.13712,1.1375,1.13712,1.13735,1232,0,0
2026-07-27 17:50:00,1.13735,1.13745,1.13692,1.13697,1132,0,0
2026-07-27 17:55:00,1.13697,1.1373,1.13689,1.13725,1330,0,0
2026-07-27 18:00:00,1.13725,1.13735,1.13706,1.13731,1493,0,0
2026-07-27 18:05:00,1.1373,1.13734,1.13703,1.13704,1170,0,0
2026-07-27 18:10:00,1.13704,1.13714,1.13683,1.13714,1120,0,0
2026-07-27 18:15:00,1.13714,1.13738,1.1371,1.13733,975,0,0
2026-07-27 18:20:00,1.13733,1.13758,1.13731,1.1375,1207,0,0
2026-07-27 18:25:00,1.1375,1.13768,1.13738,1.13763,1139,0,0
2026-07-27 18:30:00,1.13762,1.13765,1.13736,1.1374,1032,0,0
2026-07-27 18:35:00,1.13741,1.13763,1.13738,1.13755,906,0,0
2026-07-27 18:40:00,1.13755,1.13761,1.13743,1.13754,831,0,0
2026-07-27 18:45:00,1.13754,1.13754,1.13735,1.13742,700,0,0
2026-07-27 18:50:00,1.13741,1.13779,1.13741,1.13763,836,0,0
2026-07-27 18:55:00,1.13762,1.1378300000000001,1.13751,1.13751,955,0,0
2026-07-27 19:00:00,1.13751,1.13772,1.13736,1.13762,1182,0,0
2026-07-27 19:05:00,1.13762,1.1377,1.13751,1.13764,707,0,0
2026-07-27 19:10:00,1.13764,1.13776,1.13756,1.13764,647,0,0
2026-07-27 19:15:00,1.13764,1.13807,1.13761,1.13802,770,0,0
2026-07-27 19:20:00,1.13802,1.13823,1.13802,1.13816,840,0,0
2026-07-27 19:25:00,1.13816,1.13839,1.1381000000000001,1.13825,2086,0,0
2026-07-27 19:30:00,1.13825,1.13848,1.13817,1.13846,974,0,0
2026-07-27 19:35:00,1.13846,1.13853,1.13835,1.1384,957,0,0
2026-07-27 19:40:00,1.1384,1.13849,1.13824,1.13827,726,0,0
2026-07-27 19:45:00,1.13827,1.13828,1.13802,1.13802,522,0,0
2026-07-27 19:50:00,1.13802,1.13811,1.13796,1.13801,541,0,0
2026-07-27 19:55:00,1.13801,1.13803,1.13787,1.13798,732,0,0
2026-07-27 20:00:00,1.13798,1.13798,1.13725,1.13735,1109,0,0
2026-07-27 20:05:00,1.13735,1.1376,1.13725,1.13743,1242,0,0
2026-07-27 20:10:00,1.13743,1.13757,1.13734,1.13735,1082,0,0
2026-07-27 20:15:00,1.13735,1.13737,1.13712,1.13716,580,0,0
2026-07-27 20:20:00,1.13718,1.13724,1.13705,1.13706,736,0,0
2026-07-27 20:25:00,1.13706,1.13712,1.13695,1.13701,833,0,0
2026-07-27 20:30:00,1.13701,1.1373,1.13693,1.13717,875,0,0
2026-07-27 20:35:00,1.13717,1.1372,1.13695,1.13695,773,0,0
2026-07-27 20:40:00,1.13695,1.13701,1.13686,1.13694,533,0,0
2026-07-27 20:45:00,1.13694,1.13703,1.13687,1.13701,708,0,0
2026-07-27 20:50:00,1.137,1.13724,1.1369799999999999,1.1372200000000001,602,0,0
2026-07-27 20:55:00,1.1372200000000001,1.13729,1.13715,1.1372200000000001,582,0,0
2026-07-27 21:00:00,1.1372200000000001,1.1373,1.13712,1.13727,746,0,0
2026-07-27 21:05:00,1.13727,1.13739,1.13724,1.13731,649,0,0
2026-07-27 21:10:00,1.13731,1.13735,1.1372200000000001,1.13728,554,0,0
2026-07-27 21:15:00,1.13728,1.1373,1.13712,1.13716,688,0,0
2026-07-27 21:20:00,1.13717,1.13718,1.13696,1.13703,698,0,0
2026-07-27 21:25:00,1.13703,1.13705,1.13691,1.13704,515,0,0
2026-07-27 21:30:00,1.13704,1.13716,1.13694,1.13697,558,0,0
2026-07-27 21:35:00,1.13697,1.13705,1.13689,1.13689,512,0,0
2026-07-27 21:40:00,1.13689,1.13727,1.13681,1.1369799999999999,1268,0,0
2026-07-27 21:45:00,1.13697,1.13705,1.13682,1.13684,860,0,0
2026-07-27 21:50:00,1.13684,1.13694,1.13679,1.1369,698,0,0
2026-07-27 21:55:00,1.1369,1.137,1.13673,1.13684,1052,0,0
2026-07-27 22:00:00,1.13684,1.13701,1.13678,1.1368,826,0,0
2026-07-27 22:05:00,1.1368,1.1369,1.13677,1.13685,790,0,0
2026-07-27 22:10:00,1.13685,1.13695,1.13672,1.13675,671,0,0
2026-07-27 22:15:00,1.13676,1.13684,1.13672,1.13681,623,0,0
2026-07-27 22:20:00,1.13681,1.13695,1.13681,1.13692,580,0,0
2026-07-27 22:25:00,1.13692,1.13706,1.13689,1.13706,446,0,0
2026-07-27 22:30:00,1.13706,1.13721,1.13702,1.13713,651,0,0
2026-07-27 22:35:00,1.13714,1.13729,1.13709,1.13729,574,0,0
2026-07-27 22:40:00,1.13728,1.13735,1.13714,1.13724,677,0,0
2026-07-27 22:45:00,1.13724,1.13729,1.13702,1.13705,673,0,0
2026-07-27 22:50:00,1.13705,1.13712,1.13702,1.13707,686,0,0
2026-07-27 22:55:00,1.13707,1.13711,1.1369799999999999,1.1369799999999999,683,0,0
2026-07-27 23:00:00,1.1369799999999999,1.13715,1.13697,1.13707,582,0,0
2026-07-27 23:05:00,1.13706,1.13714,1.13702,1.13712,279,0,0
2026-07-27 23:10:00,1.13712,1.13721,1.1371,1.13721,279,0,0
2026-07-27 23:15:00,1.1372,1.13721,1.13708,1.13708,260,0,0
2026-07-27 23:20:00,1.13708,1.13711,1.13701,1.13708,238,0,0
2026-07-27 23:25:00,1.13708,1.13715,1.13704,1.13705,337,0,0
2026-07-27 23:30:00,1.13705,1.13706,1.13679,1.1368,317,0,0
2026-07-27 23:35:00,1.1368,1.13685,1.13677,1.13683,281,0,0
2026-07-27 23:40:00,1.13683,1.13686,1.13669,1.13673,307,0,0
2026-07-27 23:45:00,1.13673,1.13676,1.13669,1.13675,394,0,0
2026-07-27 23:50:00,1.13675,1.13682,1.13674,1.13681,257,0,0
2026-07-27 23:55:00,1.13681,1.13682,1.13672,1.13673,292,0,0
2026-07-28 00:00:00,1.13675,1.13747,1.13665,1.13687,96,0,0
2026-07-28 00:05:00,1.13687,1.13753,1.13687,1.13709,107,0,0
2026-07-28 00:10:00,1.13709,1.13739,1.13701,1.1373199999999999,111,0,0
2026-07-28 00:15:00,1.1373199999999999,1.13737,1.13713,1.13717,103,0,0
2026-07-28 00:20:00,1.13717,1.13737,1.13717,1.13734,30,3,0
2026-07-28 00:25:00,1.13734,1.13734,1.1372,1.13723,24,4,0
2026-07-28 00:30:00,1.13723,1.13723,1.137,1.13703,335,4,0
2026-07-28 00:35:00,1.13703,1.1371,1.13692,1.137,364,0,0
2026-07-28 00:40:00,1.137,1.13726,1.13693,1.13721,311,0,0
2026-07-28 00:45:00,1.13721,1.13728,1.13716,1.13728,109,0,0
2026-07-28 00:50:00,1.13728,1.13728,1.13714,1.13719,45,3,0
2026-07-28 00:55:00,1.13719,1.1373199999999999,1.13716,1.13724,313,4,0
2026-07-28 01:00:00,1.13724,1.13726,1.13689,1.13702,384,0,0
2026-07-28 01:05:00,1.13702,1.13718,1.13702,1.13704,319,0,0
2026-07-28 01:10:00,1.13704,1.13704,1.1368800000000001,1.13701,458,0,0
2026-07-28 01:15:00,1.137,1.13713,1.13697,1.13709,365,0,0
2026-07-28 01:20:00,1.13709,1.13711,1.13691,1.13692,420,0,0
2026-07-28 01:25:00,1.13692,1.13696,1.13691,1.13693,304,0,0
2026-07-28 01:30:00,1.13692,1.1369799999999999,1.13691,1.13696,257,0,0
2026-07-28 01:35:00,1.13697,1.13706,1.13694,1.13701,310,0,0
2026-07-28 01:40:00,1.137,1.13701,1.13692,1.13692,412,0,0
2026-07-28 01:45:00,1.13692,1.13696,1.1369,1.13693,300,0,0
2026-07-28 01:50:00,1.13692,1.13696,1.1369,1.13692,335,0,0
2026-07-28 01:55:00,1.13693,1.13694,1.1368800000000001,1.13691,223,0,0
2026-07-28 02:00:00,1.13692,1.13695,1.13682,1.13694,353,0,0
2026-07-28 02:05:00,1.13694,1.13705,1.13694,1.13702,382,0,0
2026-07-28 02:10:00,1.13704,1.13705,1.13695,1.13699,316,0,0
2026-07-28 02:15:00,1.137,1.13706,1.13697,1.13704,290,0,0
2026-07-28 02:20:00,1.13704,1.13704,1.13696,1.1369799999999999,174,0,0
2026-07-28 02:25:00,1.1369799999999999,1.13706,1.13697,1.13704,230,0,0
2026-07-28 02:30:00,1.13704,1.13704,1.13693,1.1369799999999999,168,0,0
2026-07-28 02:35:00,1.1369799999999999,1.13699,1.13687,1.1369,149,0,0
2026-07-28 02:40:00,1.13689,1.137,1.13689,1.13697,346,0,0
2026-07-28 02:45:00,1.13697,1.13703,1.13677,1.13683,579,0,0
2026-07-28 02:50:00,1.13683,1.13691,1.13678,1.13678,603,0,0
2026-07-28 02:55:00,1.13678,1.13695,1.13678,1.13692,395,0,0
2026-07-28 03:00:00,1.13692,1.13695,1.13673,1.13674,1127,0,0
2026-07-28 03:05:00,1.13673,1.1369,1.13666,1.13689,737,0,0
2026-07-28 03:10:00,1.13689,1.13691,1.13682,1.13683,534,0,0
2026-07-28 03:15:00,1.13683,1.13706,1.13679,1.13705,643,0,0
2026-07-28 03:20:00,1.13705,1.13715,1.13703,1.13712,617,0,0
2026-07-28 03:25:00,1.13712,1.1373,1.13709,1.13723,807,0,0
2026-07-28 03:30:00,1.13723,1.13734,1.1372,1.13723,535,0,0
2026-07-28 03:35:00,1.13723,1.13738,1.13718,1.1373199999999999,620,0,0
2026-07-28 03:40:00,1.1373199999999999,1.13733,1.13716,1.13723,481,0,0
2026-07-28 03:45:00,1.13723,1.13731,1.13718,1.13727,605,0,0
2026-07-28 03:50:00,1.13727,1.13728,1.13701,1.13706,594,0,0
2026-07-28 03:55:00,1.13706,1.13746,1.13703,1.13744,623,0,0
2026-07-28 04:00:00,1.13743,1.13774,1.13742,1.13754,957,0,0
2026-07-28 04:05:00,1.13754,1.13773,1.13753,1.13772,692,0,0
2026-07-28 04:10:00,1.13772,1.13773,1.13748,1.13752,642,0,0
2026-07-28 04:15:00,1.13752,1.13755,1.13737,1.13746,744,0,0
2026-07-28 04:20:00,1.13746,1.1375899999999999,1.13746,1.13754,622,0,0
2026-07-28 04:25:00,1.13754,1.13758,1.13743,1.13752,664,0,0
2026-07-28 04:30:00,1.13752,1.1375899999999999,1.13745,1.1375,511,0,0
2026-07-28 04:35:00,1.13751,1.13757,1.13743,1.13746,497,0,0
2026-07-28 04:40:00,1.13746,1.1375,1.13729,1.13734,675,0,0
2026-07-28 04:45:00,1.13734,1.1374,1.13723,1.13725,592,0,0
2026-07-28 04:50:00,1.13725,1.13728,1.13705,1.13721,629,0,0
2026-07-28 04:55:00,1.1372,1.13735,1.1372,1.13731,577,0,0
2026-07-28 05:00:00,1.13731,1.13736,1.13719,1.13726,543,0,0
2026-07-28 05:05:00,1.13726,1.1374900000000001,1.13726,1.13744,402,0,0
2026-07-28 05:10:00,1.13744,1.13748,1.13735,1.13741,520,0,0
2026-07-28 05:15:00,1.13741,1.13744,1.13734,1.13742,432,0,0
2026-07-28 05:20:00,1.13742,1.13755,1.13737,1.13744,557,0,0
2026-07-28 05:25:00,1.13744,1.13746,1.13717,1.13718,479,0,0
2026-07-28 05:30:00,1.13717,1.13729,1.13711,1.13719,575,0,0
2026-07-28 05:35:00,1.13719,1.13725,1.13715,1.13721,478,0,0
2026-07-28 05:40:00,1.1372,1.13734,1.13718,1.13731,453,0,0
2026-07-28 05:45:00,1.13731,1.13748,1.13725,1.13747,564,0,0
2026-07-28 05:50:00,1.13747,1.13788,1.13745,1.1378300000000001,864,0,0
2026-07-28 05:55:00,1.1378300000000001,1.13788,1.1377,1.13771,613,0,0
2026-07-28 06:00:00,1.13771,1.13779,1.13765,1.13773,626,0,0
2026-07-28 06:05:00,1.13773,1.13776,1.1376,1.13761,703,0,0
2026-07-28 06:10:00,1.13762,1.13763,1.1374900000000001,1.13756,758,0,0
2026-07-28 06:15:00,1.13756,1.13775,1.13753,1.13768,807,0,0
2026-07-28 06:20:00,1.13768,1.1378,1.13766,1.13779,527,0,0
2026-07-28 06:25:00,1.13779,1.13781,1.13774,1.13778,512,0,0
2026-07-28 06:30:00,1.13778,1.13803,1.13777,1.13798,712,0,0
2026-07-28 06:35:00,1.13798,1.13798,1.13764,1.13771,792,0,0
2026-07-28 06:40:00,1.13771,1.13773,1.13756,1.13762,712,0,0
2026-07-28 06:45:00,1.13764,1.13764,1.13751,1.13754,581,0,0
2026-07-28 06:50:00,1.13755,1.13756,1.13742,1.13751,557,0,0
2026-07-28 06:55:00,1.13751,1.13752,1.13738,1.13747,508,0,0
2026-07-28 07:00:00,1.13747,1.13748,1.13711,1.13719,965,0,0
2026-07-28 07:05:00,1.13719,1.13726,1.13711,1.13717,454,0,0
2026-07-28 07:10:00,1.13717,1.13724,1.13706,1.13707,644,0,0
2026-07-28 07:15:00,1.13707,1.1372,1.13701,1.13717,428,0,0
2026-07-28 07:20:00,1.13717,1.1372,1.13703,1.13708,403,0,0
2026-07-28 07:25:00,1.13708,1.1371,1.13696,1.13708,535,0,0
2026-07-28 07:30:00,1.13708,1.13713,1.13699,1.13709,377,0,0
2026-07-28 07:35:00,1.13708,1.13713,1.137,1.13703,429,0,0
2026-07-28 07:40:00,1.13703,1.1371,1.137,1.1371,342,0,0
2026-07-28 07:45:00,1.1371,1.13716,1.13703,1.13705,461,0,0
2026-07-28 07:50:00,1.13705,1.1371,1.13682,1.13683,458,0,0
2026-07-28 07:55:00,1.13683,1.1369,1.1368,1.13686,420,0,0
2026-07-28 08:00:00,1.13686,1.1369,1.13672,1.1368,615,0,0
2026-07-28 08:05:00,1.1368,1.13682,1.13635,1.13641,913,0,0
2026-07-28 08:10:00,1.13641,1.13641,1.13618,1.13622,592,0,0
2026-07-28 08:15:00,1.13622,1.13635,1.13617,1.1362700000000001,471,0,0
2026-07-28 08:20:00,1.13626,1.13635,1.13619,1.13625,399,0,0
2026-07-28 08:25:00,1.13625,1.13653,1.13622,1.13651,543,0,0
2026-07-28 08:30:00,1.13651,1.13663,1.13648,1.13648,506,0,0
2026-07-28 08:35:00,1.13648,1.13654,1.13631,1.13641,426,0,0
2026-07-28 08:40:00,1.13641,1.13664,1.13631,1.13654,522,0,0
2026-07-28 08:45:00,1.13654,1.13659,1.1364,1.13642,308,0,0
2026-07-28 08:50:00,1.13642,1.13654,1.13641,1.13649,310,0,0
2026-07-28 08:55:00,1.13649,1.13664,1.13647,1.13659,309,0,0
2026-07-28 09:00:00,1.13659,1.1368,1.13653,1.13668,691,0,0
2026-07-28 09:05:00,1.13668,1.1367,1.13648,1.13658,627,0,0
2026-07-28 09:10:00,1.13658,1.13679,1.13655,1.13667,682,0,0
2026-07-28 09:15:00,1.13667,1.13682,1.13667,1.13674,667,0,0
2026-07-28 09:20:00,1.13674,1.13689,1.13667,1.13689,479,0,0
2026-07-28 09:25:00,1.13689,1.13712,1.13684,1.13707,660,0,0
2026-07-28 09:30:00,1.13707,1.13731,1.13702,1.13707,924,0,0
2026-07-28 09:35:00,1.13707,1.13714,1.13697,1.13706,773,0,0
2026-07-28 09:40:00,1.13706,1.13716,1.1368800000000001,1.1369799999999999,752,0,0
2026-07-28 09:45:00,1.13699,1.13699,1.1368,1.13681,508,0,0
2026-07-28 09:50:00,1.13682,1.13716,1.13682,1.13713,555,0,0
2026-07-28 09:55:00,1.13714,1.13716,1.13673,1.1368800000000001,1013,0,0
2026-07-28 10:00:00,1.1368800000000001,1.13695,1.13669,1.1368,962,0,0
2026-07-28 10:05:00,1.1368,1.13726,1.13669,1.1372,773,0,0
2026-07-28 10:10:00,1.1372,1.13736,1.13709,1.1373,996,0,0
2026-07-28 10:15:00,1.1373,1.13736,1.13717,1.13719,623,0,0
2026-07-28 10:20:00,1.1372,1.13729,1.13699,1.137,912,0,0
2026-07-28 10:25:00,1.13701,1.13716,1.13693,1.1369799999999999,759,0,0
2026-07-28 10:30:00,1.1369799999999999,1.13711,1.13696,1.13705,645,0,0
2026-07-28 10:35:00,1.13705,1.1372200000000001,1.13696,1.13707,540,0,0
2026-07-28 10:40:00,1.13707,1.13713,1.13684,1.13691,499,0,0
2026-07-28 10:45:00,1.13691,1.13693,1.1366100000000001,1.13665,613,0,0
2026-07-28 10:50:00,1.13665,1.13665,1.13632,1.13649,1072,0,0
2026-07-28 10:55:00,1.1365,1.13665,1.13645,1.13648,775,0,0
2026-07-28 11:00:00,1.13648,1.13684,1.13646,1.13679,1077,0,0
2026-07-28 11:05:00,1.13678,1.13705,1.13673,1.13694,866,0,0
2026-07-28 11:10:00,1.13694,1.13696,1.13665,1.13681,854,0,0
2026-07-28 11:15:00,1.13681,1.13708,1.1368,1.13694,870,0,0
2026-07-28 11:20:00,1.13694,1.13724,1.13692,1.13715,714,0,0
2026-07-28 11:25:00,1.13715,1.13715,1.13681,1.13701,773,0,0
2026-07-28 11:30:00,1.137,1.13706,1.13682,1.13695,950,0,0
2026-07-28 11:35:00,1.13695,1.13716,1.13694,1.137,764,0,0
2026-07-28 11:40:00,1.137,1.13715,1.13693,1.13713,803,0,0
2026-07-28 11:45:00,1.13713,1.13726,1.137,1.1372200000000001,773,0,0
2026-07-28 11:50:00,1.1372200000000001,1.13727,1.13705,1.1371,708,0,0
2026-07-28 11:55:00,1.1371,1.13727,1.13709,1.13727,566,0,0
2026-07-28 12:00:00,1.13725,1.1373199999999999,1.13711,1.13714,701,0,0
2026-07-28 12:05:00,1.13714,1.13718,1.13677,1.13686,527,0,0
2026-07-28 12:10:00,1.13686,1.13686,1.13664,1.13668,504,0,0
2026-07-28 12:15:00,1.13668,1.13681,1.13668,1.13674,473,0,0
2026-07-28 12:20:00,1.13674,1.13682,1.13662,1.13668,386,0,0
2026-07-28 12:25:00,1.13668,1.13673,1.13657,1.13659,528,0,0
2026-07-28 12:30:00,1.13659,1.13659,1.13634,1.13644,544,0,0
2026-07-28 12:35:00,1.13644,1.1365,1.13636,1.13644,538,0,0
2026-07-28 12:40:00,1.13643,1.13652,1.13623,1.13626,665,0,0
2026-07-28 12:45:00,1.13626,1.1362700000000001,1.13603,1.13612,587,0,0
2026-07-28 12:50:00,1.13612,1.13615,1.13582,1.13593,580,0,0
2026-07-28 12:55:00,1.13593,1.13597,1.13559,1.13565,851,0,0
2026-07-28 13:00:00,1.13565,1.13569,1.13552,1.13559,718,0,0
2026-07-28 13:05:00,1.1356,1.13561,1.13542,1.13543,869,0,0
2026-07-28 13:10:00,1.13542,1.13574,1.13533,1.13569,719,0,0
2026-07-28 13:15:00,1.13569,1.13571,1.13547,1.13554,514,0,0
2026-07-28 13:20:00,1.13554,1.1357599999999999,1.13547,1.1357,580,0,0
2026-07-28 13:25:00,1.13571,1.13577,1.13563,1.13564,513,0,0
2026-07-28 13:30:00,1.13564,1.13602,1.13561,1.13599,674,0,0
2026-07-28 13:35:00,1.13599,1.13612,1.13578,1.13607,908,0,0
2026-07-28 13:40:00,1.13607,1.13612,1.13573,1.13575,598,0,0
2026-07-28 13:45:00,1.13575,1.13599,1.13573,1.1359,667,0,0
2026-07-28 13:50:00,1.13589,1.13622,1.13585,1.13619,640,0,0
2026-07-28 13:55:00,1.1362,1.13632,1.13603,1.13607,845,0,0
2026-07-28 14:00:00,1.13607,1.13613,1.1359,1.13597,835,0,0
2026-07-28 14:05:00,1.13597,1.13603,1.13572,1.1357599999999999,736,0,0
2026-07-28 14:10:00,1.1357599999999999,1.13591,1.13567,1.13583,687,0,0
2026-07-28 14:15:00,1.13583,1.13625,1.13582,1.13618,1258,0,0
2026-07-28 14:20:00,1.13619,1.13645,1.13617,1.13644,758,0,0
2026-07-28 14:25:00,1.13644,1.1366100000000001,1.13635,1.13653,764,0,0
2026-07-28 14:30:00,1.13655,1.13656,1.13633,1.1364,585,0,0
2026-07-28 14:35:00,1.1364,1.13667,1.1364,1.1366100000000001,933,0,0
2026-07-28 14:40:00,1.13662,1.13666,1.13632,1.13635,586,0,0
2026-07-28 14:45:00,1.13635,1.13642,1.13617,1.13618,496,0,0
2026-07-28 14:50:00,1.13618,1.13649,1.1360999999999999,1.13643,741,0,0
2026-07-28 14:55:00,1.13643,1.13679,1.13638,1.13654,1103,0,0
2026-07-28 15:00:00,1.13654,1.1366100000000001,1.13617,1.13636,962,0,0
2026-07-28 15:05:00,1.1363699999999999,1.13675,1.13636,1.13667,764,0,0
2026-07-28 15:10:00,1.13667,1.13669,1.13638,1.13652,613,0,0
2026-07-28 15:15:00,1.13652,1.13662,1.13642,1.13652,668,0,0
2026-07-28 15:20:00,1.13652,1.1366,1.13636,1.1363699999999999,704,0,0
2026-07-28 15:25:00,1.1363699999999999,1.1364,1.13623,1.13628,709,0,0
2026-07-28 15:30:00,1.13628,1.13634,1.13608,1.13626,679,0,0
2026-07-28 15:35:00,1.13626,1.13641,1.13615,1.1362700000000001,906,0,0
2026-07-28 15:40:00,1.13628,1.13653,1.13618,1.13646,713,0,0
2026-07-28 15:45:00,1.13647,1.13675,1.13645,1.13675,819,0,0
2026-07-28 15:50:00,1.13675,1.13686,1.13648,1.13655,796,0,0
2026-07-28 15:55:00,1.13655,1.13675,1.13654,1.13659,812,0,0
2026-07-28 16:00:00,1.13658,1.13691,1.13658,1.13678,845,0,0
2026-07-28 16:05:00,1.13678,1.13699,1.13674,1.13696,752,0,0
2026-07-28 16:10:00,1.13695,1.13707,1.13668,1.1367,753,0,0
2026-07-28 16:15:00,1.1367099999999999,1.13686,1.13663,1.13685,716,0,0
2026-07-28 16:20:00,1.13685,1.13708,1.13678,1.13684,749,0,0
2026-07-28 16:25:00,1.13684,1.13687,1.13669,1.13673,786,0,0
2026-07-28 16:30:00,1.13673,1.13705,1.1367099999999999,1.13693,1364,0,0
2026-07-28 16:35:00,1.13693,1.13706,1.13673,1.13686,1032,0,0
2026-07-28 16:40:00,1.13685,1.13709,1.13683,1.13693,1268,0,0
2026-07-28 16:45:00,1.13693,1.13742,1.13681,1.1373,1395,0,0
2026-07-28 16:50:00,1.1373,1.13741,1.13715,1.13728,1439,0,0
2026-07-28 16:55:00,1.13728,1.13728,1.13702,1.13724,821,0,0
2026-07-28 17:00:00,1.13724,1.13744,1.13711,1.13742,1261,0,0
2026-07-28 17:05:00,1.13742,1.13757,1.13717,1.13745,1253,0,0
2026-07-28 17:10:00,1.13745,1.1376,1.1373199999999999,1.13741,1056,0,0
2026-07-28 17:15:00,1.13741,1.13741,1.13714,1.1372200000000001,1060,0,0
2026-07-28 17:20:00,1.1372200000000001,1.1375,1.13721,1.13743,1070,0,0
2026-07-28 17:25:00,1.13743,1.1378300000000001,1.13743,1.1378,1255,0,0
2026-07-28 17:30:00,1.1378,1.13791,1.13768,1.1377,825,0,0
2026-07-28 17:35:00,1.13769,1.13778,1.13758,1.1377,930,0,0
2026-07-28 17:40:00,1.1377,1.13799,1.1377,1.13791,949,0,0
2026-07-28 17:45:00,1.13791,1.13791,1.13762,1.13776,960,0,0
2026-07-28 17:50:00,1.13776,1.13834,1.13772,1.1383,1583,0,0
2026-07-28 17:55:00,1.1383,1.13866,1.13827,1.13857,2079,0,0
2026-07-28 18:00:00,1.13857,1.13872,1.13841,1.13845,1398,0,0
2026-07-28 18:05:00,1.13845,1.13883,1.1384,1.13873,1069,0,0
2026-07-28 18:10:00,1.13873,1.13959,1.13869,1.13945,2368,0,0
2026-07-28 18:15:00,1.13944,1.1396,1.13926,1.13959,1579,0,0
2026-07-28 18:20:00,1.13958,1.13993,1.13948,1.13951,1756,0,0
2026-07-28 18:25:00,1.13951,1.13983,1.13941,1.1396,1334,0,0
2026-07-28 18:30:00,1.13959,1.13984,1.13941,1.13969,1374,0,0
2026-07-28 18:35:00,1.1397,1.13985,1.13951,1.13958,1230,0,0
2026-07-28 18:40:00,1.13958,1.14023,1.13958,1.14015,1250,0,0
2026-07-28 18:45:00,1.14015,1.14016,1.13988,1.13993,907,0,0
2026-07-28 18:50:00,1.13993,1.14002,1.13964,1.13994,1007,0,0
2026-07-28 18:55:00,1.13994,1.14006,1.13985,1.14005,928,0,0
2026-07-28 19:00:00,1.14004,1.14024,1.13999,1.14008,1029,0,0
2026-07-28 19:05:00,1.14008,1.1402,1.13987,1.14018,940,0,0
2026-07-28 19:10:00,1.14018,1.14033,1.1400000000000001,1.14023,951,0,0
2026-07-28 19:15:00,1.14023,1.14041,1.14022,1.14034,601,0,0
2026-07-28 19:20:00,1.14034,1.14042,1.14018,1.14034,619,0,0
2026-07-28 19:25:00,1.14033,1.14053,1.14033,1.14049,492,0,0
2026-07-28 19:30:00,1.14049,1.14051,1.14023,1.14041,626,0,0
2026-07-28 19:35:00,1.14041,1.14045,1.1402,1.14022,465,0,0
2026-07-28 19:40:00,1.14022,1.14022,1.14002,1.14005,578,0,0
2026-07-28 19:45:00,1.14005,1.1401,1.13973,1.13973,797,0,0
2026-07-28 19:50:00,1.13973,1.13989,1.13972,1.1398,611,0,0
2026-07-28 19:55:00,1.1398,1.13984,1.13958,1.13959,655,0,0
2026-07-28 20:00:00,1.13959,1.13974,1.13955,1.13968,619,0,0
2026-07-28 20:05:00,1.13968,1.13975,1.13951,1.13952,609,0,0
2026-07-28 20:10:00,1.13952,1.13952,1.13936,1.13943,708,0,0
2026-07-28 20:15:00,1.13943,1.13953,1.13937,1.13943,636,0,0
2026-07-28 20:20:00,1.13943,1.13981,1.13932,1.13932,883,0,0
2026-07-28 20:25:00,1.13932,1.13944,1.13929,1.13932,523,0,0
2026-07-28 20:30:00,1.13932,1.13943,1.13924,1.1394,587,0,0
2026-07-28 20:35:00,1.1394,1.1394199999999999,1.13923,1.13935,329,0,0
2026-07-28 20:40:00,1.13935,1.13935,1.13916,1.1392,389,0,0
2026-07-28 20:45:00,1.13921,1.13925,1.13906,1.13914,532,0,0
2026-07-28 20:50:00,1.13914,1.13914,1.13902,1.13908,320,0,0
2026-07-28 20:55:00,1.13908,1.13912,1.13883,1.13892,661,0,0
2026-07-28 21:00:00,1.13891,1.13909,1.13887,1.1389,867,0,0
2026-07-28 21:05:00,1.13891,1.13899,1.13885,1.13897,469,0,0
2026-07-28 21:10:00,1.13897,1.13902,1.13878,1.13893,435,0,0
2026-07-28 21:15:00,1.13893,1.13916,1.13892,1.1391,522,0,0
2026-07-28 21:20:00,1.1391,1.1391,1.13888,1.13888,465,0,0
2026-07-28 21:25:00,1.13888,1.13889,1.13872,1.13879,396,0,0
2026-07-28 21:30:00,1.13879,1.13887,1.13876,1.13877,412,0,0
2026-07-28 21:35:00,1.13877,1.13892,1.13876,1.13884,283,0,0
2026-07-28 21:40:00,1.13884,1.13889,1.1388,1.13883,234,0,0
2026-07-28 21:45:00,1.13883,1.13885,1.13861,1.13868,420,0,0
2026-07-28 21:50:00,1.13868,1.13879,1.13866,1.13869,363,0,0
2026-07-28 21:55:00,1.13869,1.13878,1.13863,1.13867,496,0,0
2026-07-28 22:00:00,1.13869,1.13885,1.13862,1.13883,542,0,0
2026-07-28 22:05:00,1.13883,1.13904,1.13883,1.13894,558,0,0
2026-07-28 22:10:00,1.13894,1.13897,1.13877,1.13882,471,0,0
2026-07-28 22:15:00,1.13882,1.13901,1.13879,1.13899,521,0,0
2026-07-28 22:20:00,1.13899,1.13909,1.13896,1.13898,373,0,0
2026-07-28 22:25:00,1.13898,1.13906,1.13888,1.1389,392,0,0
2026-07-28 22:30:00,1.1389,1.13907,1.13888,1.13902,517,0,0
2026-07-28 22:35:00,1.13902,1.13903,1.13888,1.13895,558,0,0
2026-07-28 22:40:00,1.13895,1.13902,1.13891,1.139,687,0,0
2026-07-28 22:45:00,1.139,1.13921,1.139,1.1391499999999999,547,0,0
2026-07-28 22:50:00,1.1391499999999999,1.13917,1.13899,1.13913,408,0,0
2026-07-28 22:55:00,1.13913,1.13913,1.13872,1.13873,586,0,0
2026-07-28 23:00:00,1.13873,1.13885,1.1387,1.13876,623,0,0
2026-07-28 23:05:00,1.13877,1.13878,1.13867,1.13876,456,0,0
2026-07-28 23:10:00,1.13876,1.13887,1.13876,1.13884,352,0,0
2026-07-28 23:15:00,1.13884,1.13892,1.13877,1.13879,356,0,0
2026-07-28 23:20:00,1.13878,1.1388099999999999,1.1387,1.13877,203,0,0
2026-07-28 23:25:00,1.13877,1.13877,1.1385399999999999,1.13864,382,0,0
2026-07-28 23:30:00,1.13864,1.13868,1.13855,1.13868,325,0,0
2026-07-28 23:35:00,1.13868,1.13874,1.13856,1.13861,411,0,0
2026-07-28 23:40:00,1.13861,1.13875,1.13855,1.13873,379,0,0
2026-07-28 23:45:00,1.13873,1.13873,1.13864,1.13868,225,0,0
2026-07-28 23:50:00,1.13868,1.13879,1.13864,1.13867,601,0,0
2026-07-28 23:55:00,1.13867,1.13869,1.13856,1.13862,382,0,0
2026-07-29 00:00:00,1.13862,1.13919,1.13862,1.1391499999999999,45,0,0
2026-07-29 00:05:00,1.1391499999999999,1.13923,1.13912,1.13914,39,0,0
2026-07-29 00:10:00,1.13914,1.13914,1.13898,1.13903,43,0,0
2026-07-29 00:15:00,1.13903,1.13917,1.13895,1.13914,63,0,0
2026-07-29 00:20:00,1.1391,1.13927,1.139,1.13911,103,0,0
2026-07-29 00:25:00,1.13911,1.13925,1.13907,1.13908,40,0,0
2026-07-29 00:30:00,1.13908,1.13925,1.139,1.13922,38,0,0
2026-07-29 00:35:00,1.13922,1.13931,1.13901,1.13929,44,0,0
2026-07-29 00:40:00,1.13929,1.13936,1.13913,1.13935,54,0,0
2026-07-29 00:45:00,1.13935,1.13938,1.13908,1.13926,59,0,0
2026-07-29 00:50:00,1.13926,1.13927,1.13914,1.13921,27,0,0
2026-07-29 00:55:00,1.13921,1.13922,1.13903,1.1390500000000001,57,0,0
2026-07-29 01:00:00,1.1390500000000001,1.13907,1.13887,1.139,285,0,0
2026-07-29 01:05:00,1.139,1.13908,1.13894,1.13902,307,0,0
2026-07-29 01:10:00,1.13902,1.13911,1.13877,1.13879,510,0,0
2026-07-29 01:15:00,1.13879,1.13887,1.13862,1.13866,528,0,0
2026-07-29 01:20:00,1.13865,1.13865,1.1384,1.13845,588,0,0
2026-07-29 01:25:00,1.13845,1.1386,1.13842,1.1385,589,0,0
2026-07-29 01:30:00,1.13848,1.13867,1.13848,1.13864,573,0,0
2026-07-29 01:35:00,1.13864,1.13866,1.13846,1.13847,467,0,0
2026-07-29 01:40:00,1.13847,1.13858,1.13845,1.13852,477,0,0
2026-07-29 01:45:00,1.13851,1.13855,1.13843,1.13848,373,0,0
2026-07-29 01:50:00,1.13848,1.13855,1.13842,1.1385,613,0,0
2026-07-29 01:55:00,1.13851,1.13856,1.13848,1.13851,513,0,0
2026-07-29 02:00:00,1.13851,1.1385399999999999,1.13831,1.1384400000000001,681,0,0
2026-07-29 02:05:00,1.13843,1.1384400000000001,1.13822,1.13824,485,0,0
2026-07-29 02:10:00,1.13824,1.13846,1.13822,1.13843,373,0,0
2026-07-29 02:15:00,1.13843,1.13849,1.13839,1.1384400000000001,351,0,0
2026-07-29 02:20:00,1.1384400000000001,1.13855,1.13837,1.13852,421,0,0
2026-07-29 02:25:00,1.13852,1.1385399999999999,1.13843,1.13853,252,0,0
2026-07-29 02:30:00,1.13853,1.1385399999999999,1.13845,1.13847,257,0,0
2026-07-29 02:35:00,1.13847,1.1385399999999999,1.13845,1.13846,313,0,0
2026-07-29 02:40:00,1.13848,1.13866,1.13846,1.1386,341,0,0
2026-07-29 02:45:00,1.13862,1.13864,1.13841,1.13856,787,0,0
2026-07-29 02:50:00,1.13857,1.13864,1.13852,1.1385399999999999,591,0,0
2026-07-29 02:55:00,1.1385399999999999,1.13865,1.13851,1.13859,445,0,0
2026-07-29 03:00:00,1.13859,1.13865,1.13833,1.13853,934,0,0
2026-07-29 03:05:00,1.13853,1.1386,1.13838,1.13839,572,0,0
2026-07-29 03:10:00,1.13839,1.13843,1.13828,1.13838,473,0,0
2026-07-29 03:15:00,1.13837,1.1387,1.13835,1.13867,457,0,0
2026-07-29 03:20:00,1.13867,1.13899,1.13864,1.13882,565,0,0
2026-07-29 03:25:00,1.13882,1.13903,1.1388,1.13894,536,0,0
2026-07-29 03:30:00,1.13894,1.13901,1.13886,1.13891,383,0,0
2026-07-29 03:35:00,1.13891,1.13895,1.1388099999999999,1.13888,390,0,0
2026-07-29 03:40:00,1.13888,1.13891,1.1388,1.1389,306,0,0
2026-07-29 03:45:00,1.1389,1.13901,1.13875,1.13875,515,0,0
2026-07-29 03:50:00,1.13875,1.13891,1.1387,1.13887,712,0,0
2026-07-29 03:55:00,1.13887,1.13916,1.13877,1.13911,899,0,0
2026-07-29 04:00:00,1.1391,1.13918,1.139,1.13904,807,0,0
2026-07-29 04:05:00,1.13904,1.13914,1.13888,1.13893,631,0,0
2026-07-29 04:10:00,1.13893,1.139,1.1388099999999999,1.13885,617,0,0
2026-07-29 04:15:00,1.13885,1.1391499999999999,1.13878,1.13914,686,0,0
2026-07-29 04:20:00,1.13914,1.13926,1.13913,1.13918,451,0,0
2026-07-29 04:25:00,1.13918,1.1392,1.139,1.13901,539,0,0
2026-07-29 04:30:00,1.13901,1.1390500000000001,1.13863,1.13904,1660,0,0
2026-07-29 04:35:00,1.13904,1.13909,1.13858,1.13871,1066,0,0
2026-07-29 04:40:00,1.13871,1.13872,1.1385399999999999,1.13862,875,0,0
2026-07-29 04:45:00,1.13861,1.13885,1.13856,1.13882,865,0,0
2026-07-29 04:50:00,1.13883,1.13903,1.1388,1.13898,834,0,0
2026-07-29 04:55:00,1.13898,1.13918,1.13897,1.13916,826,0,0
2026-07-29 05:00:00,1.13916,1.13919,1.13903,1.1391,917,0,0
2026-07-29 05:05:00,1.1391,1.13929,1.13908,1.13926,756,0,0
2026-07-29 05:10:00,1.13926,1.1395,1.13925,1.13935,660,0,0
2026-07-29 05:15:00,1.13935,1.13945,1.13926,1.1393,589,0,0
2026-07-29 05:20:00,1.1393,1.13958,1.1393,1.13953,762,0,0
2026-07-29 05:25:00,1.13953,1.13959,1.13932,1.13939,551,0,0
2026-07-29 05:30:00,1.13939,1.13949,1.13936,1.13945,648,0,0
2026-07-29 05:35:00,1.13945,1.13961,1.13943,1.13956,483,0,0
2026-07-29 05:40:00,1.13956,1.13957,1.1394199999999999,1.13948,567,0,0
2026-07-29 05:45:00,1.13948,1.13948,1.1393,1.13933,355,0,0
2026-07-29 05:50:00,1.13932,1.13937,1.13924,1.13925,345,0,0
2026-07-29 05:55:00,1.13925,1.13958,1.13925,1.13948,480,0,0
2026-07-29 06:00:00,1.13948,1.1396,1.13944,1.13953,533,0,0
2026-07-29 06:05:00,1.13953,1.13964,1.1395,1.13956,502,0,0
2026-07-29 06:10:00,1.13956,1.1396600000000001,1.1395,1.13955,381,0,0
2026-07-29 06:15:00,1.13956,1.13979,1.13956,1.13974,353,0,0
2026-07-29 06:20:00,1.13974,1.13991,1.13972,1.13991,448,0,0
2026-07-29 06:25:00,1.13991,1.13995,1.13983,1.13989,542,0,0
2026-07-29 06:30:00,1.1399,1.13999,1.13986,1.13993,481,0,0
2026-07-29 06:35:00,1.13993,1.14004,1.13988,1.13998,396,0,0
2026-07-29 06:40:00,1.13998,1.1400000000000001,1.1399,1.13994,416,0,0
2026-07-29 06:45:00,1.13994,1.14005,1.13993,1.14001,458,0,0
2026-07-29 06:50:00,1.14001,1.14009,1.13986,1.13992,451,0,0
2026-07-29 06:55:00,1.13993,1.13993,1.13963,1.13972,480,0,0
2026-07-29 07:00:00,1.13972,1.13986,1.13963,1.13983,665,0,0
2026-07-29 07:05:00,1.13983,1.13995,1.13978,1.1399,556,0,0
2026-07-29 07:10:00,1.13991,1.14001,1.13984,1.13996,477,0,0
2026-07-29 07:15:00,1.13996,1.14017,1.13996,1.14009,609,0,0
2026-07-29 07:20:00,1.1401,1.14026,1.14006,1.14011,608,0,0
2026-07-29 07:25:00,1.14011,1.14021,1.13986,1.13992,481,0,0
2026-07-29 07:30:00,1.13992,1.14011,1.13983,1.14008,553,0,0
2026-07-29 07:35:00,1.14008,1.14021,1.14005,1.14017,552,0,0
2026-07-29 07:40:00,1.14017,1.1403699999999999,1.14017,1.1402700000000001,793,0,0
2026-07-29 07:45:00,1.1402700000000001,1.14038,1.13992,1.13993,784,0,0
2026-07-29 07:50:00,1.13993,1.14005,1.1399,1.1399,584,0,0
2026-07-29 07:55:00,1.1399,1.14017,1.1399,1.1401,517,0,0
2026-07-29 08:00:00,1.1401,1.14028,1.14005,1.1402700000000001,580,0,0
2026-07-29 08:05:00,1.1402700000000001,1.14031,1.14022,1.14023,418,0,0
2026-07-29 08:10:00,1.14023,1.14029,1.14019,1.14024,363,0,0
2026-07-29 08:15:00,1.14024,1.14028,1.14016,1.14018,453,0,0
2026-07-29 08:20:00,1.14018,1.14021,1.14009,1.14019,445,0,0
2026-07-29 08:25:00,1.14019,1.1402,1.13994,1.13997,545,0,0
2026-07-29 08:30:00,1.13997,1.13997,1.1397599999999999,1.13984,627,0,0
2026-07-29 08:35:00,1.13984,1.13989,1.1398,1.13984,402,0,0
2026-07-29 08:40:00,1.13984,1.14002,1.13982,1.13998,455,0,0
2026-07-29 08:45:00,1.13998,1.1400299999999999,1.13992,1.14001,481,0,0
2026-07-29 08:50:00,1.14001,1.14017,1.13993,1.14008,445,0,0
2026-07-29 08:55:00,1.14008,1.14017,1.1397599999999999,1.13983,592,0,0
2026-07-29 09:00:00,1.13983,1.14009,1.13981,1.13993,862,0,0
2026-07-29 09:05:00,1.13993,1.13996,1.13962,1.1396600000000001,746,0,0
2026-07-29 09:10:00,1.1396600000000001,1.13977,1.13951,1.1397599999999999,755,0,0
2026-07-29 09:15:00,1.1397599999999999,1.1399,1.13951,1.13952,569,0,0
2026-07-29 09:20:00,1.13951,1.13952,1.1394,1.13944,682,0,0
2026-07-29 09:25:00,1.13944,1.13947,1.1393,1.13937,653,0,0
2026-07-29 09:30:00,1.13938,1.1395,1.13928,1.13946,763,0,0
2026-07-29 09:35:00,1.13946,1.1395,1.13931,1.1394,738,0,0
2026-07-29 09:40:00,1.1394199999999999,1.13951,1.13933,1.13943,633,0,0
2026-07-29 09:45:00,1.13943,1.13943,1.13901,1.13904,811,0,0
2026-07-29 09:50:00,1.13904,1.13928,1.13903,1.13922,774,0,0
2026-07-29 09:55:00,1.13922,1.13927,1.13899,1.13921,943,0,0
2026-07-29 10:00:00,1.13921,1.1395,1.13902,1.13941,1064,0,0
2026-07-29 10:05:00,1.13939,1.13965,1.13936,1.13961,732,0,0
2026-07-29 10:10:00,1.1396,1.13968,1.13928,1.13938,801,0,0
2026-07-29 10:15:00,1.13939,1.13963,1.13935,1.13955,734,0,0
2026-07-29 10:20:00,1.13955,1.13971,1.13945,1.13968,830,0,0
2026-07-29 10:25:00,1.13968,1.13973,1.13959,1.13969,468,0,0
2026-07-29 10:30:00,1.13968,1.13977,1.13958,1.13975,644,0,0
2026-07-29 10:35:00,1.13975,1.14011,1.13973,1.14005,710,0,0
2026-07-29 10:40:00,1.14005,1.14007,1.1397599999999999,1.1397599999999999,635,0,0
2026-07-29 10:45:00,1.1397599999999999,1.14002,1.13967,1.14001,493,0,0
2026-07-29 10:50:00,1.14001,1.14012,1.13996,1.1400000000000001,517,0,0
2026-07-29 10:55:00,1.13999,1.14002,1.1396600000000001,1.13978,883,0,0
2026-07-29 11:00:00,1.13978,1.1399,1.13973,1.13985,894,0,0
2026-07-29 11:05:00,1.13984,1.13998,1.13965,1.13965,944,0,0
2026-07-29 11:10:00,1.13965,1.13984,1.13953,1.13959,781,0,0
2026-07-29 11:15:00,1.13959,1.1398,1.13953,1.13979,831,0,0
2026-07-29 11:20:00,1.13978,1.13979,1.13951,1.13957,809,0,0
2026-07-29 11:25:00,1.13957,1.13961,1.1394199999999999,1.13958,651,0,0
2026-07-29 11:30:00,1.13959,1.13959,1.13932,1.13934,510,0,0
2026-07-29 11:35:00,1.13934,1.13955,1.13932,1.1395,608,0,0
2026-07-29 11:40:00,1.13949,1.1398,1.13949,1.13978,739,0,0
2026-07-29 11:45:00,1.13978,1.14001,1.13972,1.13998,622,0,0
2026-07-29 11:50:00,1.13998,1.14006,1.13977,1.1398,426,0,0
2026-07-29 11:55:00,1.1398,1.13986,1.13954,1.13964,583,0,0
2026-07-29 12:00:00,1.13965,1.13967,1.13945,1.13964,797,0,0
2026-07-29 12:05:00,1.13963,1.13971,1.13953,1.1397,642,0,0
2026-07-29 12:10:00,1.13969,1.13971,1.13957,1.1396,528,0,0
2026-07-29 12:15:00,1.1396,1.13965,1.1394199999999999,1.13949,533,0,0
2026-07-29 12:20:00,1.13949,1.13957,1.13937,1.13953,712,0,0
2026-07-29 12:25:00,1.13953,1.13958,1.1394199999999999,1.13954,532,0,0
2026-07-29 12:30:00,1.13953,1.13964,1.13941,1.13961,603,0,0
2026-07-29 12:35:00,1.13961,1.13961,1.13924,1.13924,590,0,0
2026-07-29 12:40:00,1.13924,1.13951,1.13918,1.13946,703,0,0
2026-07-29 12:45:00,1.13946,1.13964,1.13938,1.13959,821,0,0
2026-07-29 12:50:00,1.13961,1.13962,1.13943,1.13949,629,0,0
2026-07-29 12:55:00,1.13949,1.13958,1.13917,1.1392,710,0,0
2026-07-29 13:00:00,1.1392,1.13928,1.13904,1.13925,973,0,0
2026-07-29 13:05:00,1.13924,1.1393,1.13907,1.13919,985,0,0
2026-07-29 13:10:00,1.13919,1.13921,1.1390500000000001,1.13911,549,0,0
2026-07-29 13:15:00,1.13911,1.13916,1.13876,1.13884,644,0,0
2026-07-29 13:20:00,1.13883,1.13895,1.13874,1.13874,682,0,0
2026-07-29 13:25:00,1.13874,1.13906,1.13869,1.13903,834,0,0
2026-07-29 13:30:00,1.13903,1.13922,1.13893,1.13895,638,0,0
2026-07-29 13:35:00,1.13894,1.1390500000000001,1.13887,1.13891,748,0,0
2026-07-29 13:40:00,1.13891,1.13893,1.13872,1.13882,676,0,0
2026-07-29 13:45:00,1.13882,1.13883,1.1385399999999999,1.13856,597,0,0
2026-07-29 13:50:00,1.13856,1.13858,1.13836,1.13837,519,0,0
2026-07-29 13:55:00,1.13837,1.13855,1.13833,1.1385399999999999,530,0,0
2026-07-29 14:00:00,1.1385399999999999,1.1388,1.1385399999999999,1.13876,695,0,0
2026-07-29 14:05:00,1.13876,1.13877,1.13855,1.13861,643,0,0
2026-07-29 14:10:00,1.13861,1.1388099999999999,1.13857,1.13869,608,0,0
2026-07-29 14:15:00,1.13869,1.13886,1.13864,1.13874,603,0,0
2026-07-29 14:20:00,1.13873,1.13876,1.13851,1.13859,699,0,0
2026-07-29 14:25:00,1.13859,1.13874,1.13856,1.13871,617,0,0
2026-07-29 14:30:00,1.13872,1.1388099999999999,1.13853,1.13865,689,0,0
2026-07-29 14:35:00,1.13865,1.13869,1.13849,1.13856,548,0,0
2026-07-29 14:40:00,1.13855,1.13856,1.13815,1.1381999999999999,400,0,0
2026-07-29 14:45:00,1.1381999999999999,1.13846,1.13818,1.13838,808,0,0
2026-07-29 14:50:00,1.13837,1.13847,1.13826,1.13827,462,0,0
2026-07-29 14:55:00,1.13827,1.13835,1.13802,1.1381999999999999,856,0,0
2026-07-29 15:00:00,1.1381999999999999,1.1383,1.13802,1.13823,1287,0,0
2026-07-29 15:05:00,1.13823,1.13826,1.13791,1.13797,874,0,0
2026-07-29 15:10:00,1.13798,1.13805,1.13778,1.13788,824,0,0
2026-07-29 15:15:00,1.13789,1.13792,1.13746,1.13762,1713,0,0
2026-07-29 15:20:00,1.13764,1.13799,1.13762,1.13794,1088,0,0
2026-07-29 15:25:00,1.1379299999999999,1.13797,1.13766,1.13768,1015,0,0
2026-07-29 15:30:00,1.13768,1.13786,1.13746,1.1378300000000001,908,0,0
2026-07-29 15:35:00,1.13782,1.13801,1.13773,1.13798,1168,0,0
2026-07-29 15:40:00,1.13797,1.13805,1.13784,1.13792,857,0,0
2026-07-29 15:45:00,1.13792,1.13804,1.13787,1.1379299999999999,713,0,0
2026-07-29 15:50:00,1.13794,1.13802,1.13788,1.13794,780,0,0
2026-07-29 15:55:00,1.13794,1.13798,1.13766,1.13784,759,0,0
2026-07-29 16:00:00,1.13784,1.13798,1.1377,1.13789,1040,0,0
2026-07-29 16:05:00,1.13789,1.13794,1.13765,1.13791,711,0,0
2026-07-29 16:10:00,1.13791,1.13803,1.13784,1.13803,700,0,0
2026-07-29 16:15:00,1.13802,1.13831,1.13796,1.13808,948,0,0
2026-07-29 16:20:00,1.13808,1.13857,1.13807,1.1385,935,0,0
2026-07-29 16:25:00,1.1385,1.13872,1.13843,1.13855,930,0,0
2026-07-29 16:30:00,1.13855,1.13872,1.13833,1.13845,1344,0,0
2026-07-29 16:35:00,1.13845,1.13869,1.13833,1.13863,1011,0,0
2026-07-29 16:40:00,1.13863,1.13878,1.1384400000000001,1.13874,1282,0,0
2026-07-29 16:45:00,1.13874,1.13912,1.13869,1.13909,1308,0,0
2026-07-29 16:50:00,1.13909,1.13923,1.13887,1.13921,1302,0,0
2026-07-29 16:55:00,1.13921,1.13924,1.13893,1.13918,1017,0,0
2026-07-29 17:00:00,1.13918,1.13935,1.13916,1.13924,1231,0,0
2026-07-29 17:05:00,1.13923,1.1393,1.13893,1.13894,1350,0,0
2026-07-29 17:10:00,1.13894,1.13897,1.13879,1.13884,1126,0,0
2026-07-29 17:15:00,1.13884,1.1391,1.13864,1.1391,1048,0,0
2026-07-29 17:20:00,1.1391,1.13924,1.13885,1.13924,1178,0,0
2026-07-29 17:25:00,1.13924,1.13947,1.13918,1.13943,1149,0,0
2026-07-29 17:30:00,1.13943,1.13965,1.13941,1.13951,935,0,0
2026-07-29 17:35:00,1.13951,1.13971,1.13935,1.13964,1105,0,0
2026-07-29 17:40:00,1.13964,1.1397,1.13896,1.13925,1041,0,0
2026-07-29 17:45:00,1.13924,1.1393,1.13867,1.1387,1437,0,0
2026-07-29 17:50:00,1.1387,1.13882,1.13828,1.13864,1612,0,0
2026-07-29 17:55:00,1.13864,1.13876,1.13806,1.13809,2173,0,0
2026-07-29 18:00:00,1.13809,1.13841,1.13792,1.13841,1690,0,0
2026-07-29 18:05:00,1.13841,1.13852,1.13822,1.1385,1065,0,0
2026-07-29 18:10:00,1.1385,1.13856,1.13836,1.13847,981,0,0
2026-07-29 18:15:00,1.13848,1.13856,1.13806,1.13807,1124,0,0
2026-07-29 18:20:00,1.13807,1.13816,1.13785,1.13802,1052,0,0
2026-07-29 18:25:00,1.13802,1.13807,1.13785,1.13797,1046,0,0
2026-07-29 18:30:00,1.13797,1.13805,1.13784,1.1379299999999999,1089,0,0
2026-07-29 18:35:00,1.1379299999999999,1.13816,1.13791,1.13791,967,0,0
2026-07-29 18:40:00,1.13791,1.13817,1.13778,1.13816,1044,0,0
2026-07-29 18:45:00,1.13815,1.13829,1.13809,1.13823,949,0,0
2026-07-29 18:50:00,1.13823,1.1383,1.13813,1.13829,783,0,0
2026-07-29 18:55:00,1.13829,1.13834,1.13817,1.13829,882,0,0
2026-07-29 19:00:00,1.13829,1.13837,1.13806,1.13808,962,0,0
2026-07-29 19:05:00,1.13808,1.13815,1.13781,1.13807,680,0,0
2026-07-29 19:10:00,1.13807,1.13807,1.13779,1.1378,740,0,0
2026-07-29 19:15:00,1.1378,1.13791,1.13767,1.1378300000000001,806,0,0
2026-07-29 19:20:00,1.1378300000000001,1.13815,1.1378300000000001,1.13803,896,0,0
2026-07-29 19:25:00,1.13803,1.13828,1.13802,1.13823,718,0,0
2026-07-29 19:30:00,1.13823,1.13826,1.1379299999999999,1.13801,797,0,0
2026-07-29 19:35:00,1.13801,1.13814,1.13797,1.13809,687,0,0
2026-07-29 19:40:00,1.13809,1.13826,1.13809,1.13824,606,0,0
2026-07-29 19:45:00,1.13824,1.13836,1.13819,1.13829,599,0,0
2026-07-29 19:50:00,1.13829,1.13851,1.13829,1.13842,728,0,0
2026-07-29 19:55:00,1.13842,1.1386,1.13839,1.13851,623,0,0
2026-07-29 20:00:00,1.1385,1.13867,1.13845,1.1386,812,0,0
2026-07-29 20:05:00,1.1386,1.1390500000000001,1.13848,1.13895,520,0,0
2026-07-29 20:10:00,1.13895,1.139,1.13882,1.13898,744,0,0
2026-07-29 20:15:00,1.13897,1.1391499999999999,1.13888,1.13906,699,0,0
2026-07-29 20:20:00,1.13906,1.13933,1.13903,1.13919,757,0,0
2026-07-29 20:25:00,1.13919,1.13928,1.13893,1.13912,955,0,0
2026-07-29 20:30:00,1.13912,1.13939,1.13901,1.13936,1003,0,0
2026-07-29 20:35:00,1.13936,1.1394,1.13912,1.1392,658,0,0
2026-07-29 20:40:00,1.1392,1.1397,1.13917,1.13959,1005,0,0
2026-07-29 20:45:00,1.13958,1.13983,1.13954,1.13981,1009,0,0
2026-07-29 20:50:00,1.13981,1.13999,1.1396600000000001,1.13968,999,0,0
2026-07-29 20:55:00,1.13968,1.13973,1.1395,1.13958,768,0,0
2026-07-29 21:00:00,1.13953,1.14306,1.13912,1.14153,5292,0,0
2026-07-29 21:05:00,1.14153,1.14241,1.14146,1.14188,3635,0,0
2026-07-29 21:10:00,1.14188,1.14284,1.1416,1.14278,3223,0,0
2026-07-29 21:15:00,1.14278,1.14298,1.14232,1.14247,2715,0,0
2026-07-29 21:20:00,1.14247,1.14248,1.14184,1.14185,2494,0,0
2026-07-29 21:25:00,1.14187,1.14225,1.14151,1.14224,1457,0,0
2026-07-29 21:30:00,1.14224,1.14278,1.14069,1.14156,4530,0,0
2026-07-29 21:35:00,1.14156,1.14277,1.14102,1.14255,2981,0,0
2026-07-29 21:40:00,1.14256,1.14369,1.14242,1.14356,4237,0,0
2026-07-29 21:45:00,1.14356,1.1449,1.14337,1.14477,3975,0,0
2026-07-29 21:50:00,1.14477,1.14507,1.14422,1.14492,3242,0,0
2026-07-29 21:55:00,1.14492,1.1452499999999999,1.14446,1.14519,2753,0,0
2026-07-29 22:00:00,1.14518,1.14557,1.1446399999999999,1.14484,3356,0,0
2026-07-29 22:05:00,1.14484,1.14504,1.14422,1.14436,3392,0,0
2026-07-29 22:10:00,1.14435,1.14526,1.14399,1.14516,3208,0,0
2026-07-29 22:15:00,1.14517,1.14668,1.14502,1.14648,2848,0,0
2026-07-29 22:20:00,1.14648,1.14652,1.14513,1.14548,3844,0,0
2026-07-29 22:25:00,1.14548,1.14556,1.14494,1.1452499999999999,2787,0,0
2026-07-29 22:30:00,1.14526,1.14533,1.14458,1.14485,2957,0,0
2026-07-29 22:35:00,1.14485,1.14544,1.1447,1.1452,2960,0,0
2026-07-29 22:40:00,1.14521,1.14588,1.14499,1.14577,2491,0,0
2026-07-29 22:45:00,1.14577,1.14584,1.14547,1.14574,2175,0,0
2026-07-29 22:50:00,1.14574,1.14578,1.14508,1.14517,2489,0,0
2026-07-29 22:55:00,1.14517,1.14528,1.14478,1.14479,1761,0,0
2026-07-29 23:00:00,1.14479,1.1451500000000001,1.14468,1.14493,1607,0,0
2026-07-29 23:05:00,1.14493,1.1451,1.14477,1.1449,1221,0,0
2026-07-29 23:10:00,1.1449,1.14528,1.1447,1.1451500000000001,1296,0,0
2026-07-29 23:15:00,1.1451500000000001,1.14518,1.14487,1.14513,1215,0,0
2026-07-29 23:20:00,1.14513,1.14528,1.14502,1.14522,835,0,0
2026-07-29 23:25:00,1.14522,1.14562,1.14514,1.14555,1022,0,0
2026-07-29 23:30:00,1.14555,1.14631,1.14553,1.14631,907,0,0
2026-07-29 23:35:00,1.14631,1.14651,1.14617,1.14627,918,0,0
2026-07-29 23:40:00,1.14627,1.14661,1.14623,1.14659,727,0,0
2026-07-29 23:45:00,1.14659,1.1471,1.14653,1.14668,978,0,0
2026-07-29 23:50:00,1.14668,1.14684,1.14645,1.14661,913,0,0
2026-07-29 23:55:00,1.14661,1.14698,1.14659,1.1468,976,0,0
2026-07-30 00:00:00,1.14653,1.14682,1.14571,1.14606,509,0,0
2026-07-30 00:05:00,1.14606,1.14641,1.14583,1.1459,165,0,0
2026-07-30 00:10:00,1.14595,1.1461000000000001,1.14592,1.14598,103,0,0
2026-07-30 00:15:00,1.14598,1.14615,1.14598,1.14609,72,0,0
2026-07-30 00:20:00,1.14609,1.1463700000000001,1.14609,1.14625,117,0,0
2026-07-30 00:25:00,1.14625,1.14645,1.14609,1.14644,403,0,0
2026-07-30 00:30:00,1.14644,1.14649,1.14642,1.14644,101,0,0
2026-07-30 00:35:00,1.14644,1.14648,1.14643,1.14643,43,0,0
2026-07-30 00:40:00,1.1463700000000001,1.14645,1.1463700000000001,1.14644,27,0,0
2026-07-30 00:45:00,1.14645,1.14645,1.14611,1.14619,426,0,0
2026-07-30 00:50:00,1.14619,1.14633,1.14611,1.14611,40,0,0
2026-07-30 00:55:00,1.14611,1.14624,1.1461000000000001,1.14614,87,0,0
2026-07-30 01:00:00,1.14614,1.14694,1.14611,1.14683,816,0,0
2026-07-30 01:05:00,1.14683,1.14689,1.14657,1.14677,531,0,0
2026-07-30 01:10:00,1.14677,1.14686,1.14668,1.14682,433,0,0
2026-07-30 01:15:00,1.14684,1.14694,1.14677,1.14687,429,0,0
2026-07-30 01:20:00,1.14687,1.14693,1.14676,1.14683,505,0,0
2026-07-30 01:25:00,1.14683,1.14684,1.14672,1.14679,639,0,0
2026-07-30 01:30:00,1.14679,1.14687,1.14676,1.14685,423,0,0
2026-07-30 01:35:00,1.14685,1.14692,1.14679,1.14683,324,0,0
2026-07-30 01:40:00,1.14683,1.14697,1.14683,1.14695,340,0,0
2026-07-30 01:45:00,1.14695,1.14704,1.14694,1.14701,403,0,0
2026-07-30 01:50:00,1.14701,1.14705,1.14695,1.14703,546,0,0
2026-07-30 01:55:00,1.14703,1.14716,1.14699,1.14715,459,0,0
2026-07-30 02:00:00,1.14715,1.14733,1.14713,1.14731,446,0,0
2026-07-30 02:05:00,1.14731,1.14751,1.14721,1.14744,388,0,0
2026-07-30 02:10:00,1.14744,1.14744,1.14701,1.14704,621,0,0
2026-07-30 02:15:00,1.14704,1.14705,1.14691,1.14698,363,0,0
2026-07-30 02:20:00,1.14698,1.147,1.14678,1.14678,346,0,0
2026-07-30 02:25:00,1.14678,1.14679,1.14668,1.1467,255,0,0
2026-07-30 02:30:00,1.1467,1.14676,1.14654,1.14675,329,0,0
2026-07-30 02:35:00,1.14675,1.14675,1.14663,1.14664,279,0,0
2026-07-30 02:40:00,1.14665,1.14672,1.14646,1.14648,361,0,0
2026-07-30 02:45:00,1.14648,1.14678,1.14643,1.14675,544,0,0
2026-07-30 02:50:00,1.14675,1.14696,1.1467100000000001,1.14678,651,0,0
2026-07-30 02:55:00,1.14677,1.1468,1.14666,1.14668,415,0,0
2026-07-30 03:00:00,1.14668,1.1468099999999999,1.14645,1.14652,1218,0,0
2026-07-30 03:05:00,1.14652,1.14675,1.14635,1.14663,994,0,0
2026-07-30 03:10:00,1.14663,1.14676,1.14651,1.14669,862,0,0
2026-07-30 03:15:00,1.14669,1.14677,1.1463,1.14633,1414,0,0
2026-07-30 03:20:00,1.14632,1.14635,1.1461000000000001,1.1461999999999999,943,0,0
2026-07-30 03:25:00,1.14619,1.1461999999999999,1.14562,1.14569,1356,0,0
2026-07-30 03:30:00,1.14569,1.14585,1.14566,1.14572,987,0,0
2026-07-30 03:35:00,1.14571,1.14581,1.1455899999999999,1.14561,879,0,0
2026-07-30 03:40:00,1.14561,1.14581,1.14558,1.14574,628,0,0
2026-07-30 03:45:00,1.14574,1.14584,1.14572,1.14574,734,0,0
2026-07-30 03:50:00,1.14574,1.14581,1.1456,1.14572,772,0,0
2026-07-30 03:55:00,1.14572,1.14582,1.14568,1.1458,672,0,0
2026-07-30 04:00:00,1.1458,1.14609,1.14574,1.14593,1016,0,0
2026-07-30 04:05:00,1.14593,1.14613,1.14587,1.1459,760,0,0
2026-07-30 04:10:00,1.14589,1.146,1.14578,1.14594,716,0,0
2026-07-30 04:15:00,1.14593,1.14596,1.14569,1.14574,901,0,0
2026-07-30 04:20:00,1.14574,1.1458,1.14535,1.14545,717,0,0
2026-07-30 04:25:00,1.14545,1.14554,1.14534,1.14553,612,0,0
2026-07-30 04:30:00,1.14553,1.14593,1.1454,1.14579,757,0,0
2026-07-30 04:35:00,1.14579,1.1459,1.1457,1.14578,444,0,0
2026-07-30 04:40:00,1.14579,1.14589,1.1456,1.14562,504,0,0
2026-07-30 04:45:00,1.1456,1.14585,1.14556,1.14565,440,0,0
2026-07-30 04:50:00,1.14565,1.14568,1.14534,1.1454,512,0,0
2026-07-30 04:55:00,1.14539,1.14542,1.14524,1.14534,566,0,0
2026-07-30 05:00:00,1.14534,1.14551,1.14532,1.14546,605,0,0
2026-07-30 05:05:00,1.14546,1.14546,1.14529,1.14537,495,0,0
2026-07-30 05:10:00,1.14537,1.14543,1.14516,1.14522,590,0,0
2026-07-30 05:15:00,1.14523,1.14526,1.14513,1.14519,465,0,0
2026-07-30 05:20:00,1.14519,1.14532,1.14516,1.14527,353,0,0
2026-07-30 05:25:00,1.14527,1.1453,1.14522,1.1452499999999999,400,0,0
2026-07-30 05:30:00,1.1452499999999999,1.14545,1.14522,1.1454,630,0,0
2026-07-30 05:35:00,1.1454,1.14551,1.14537,1.1454900000000001,429,0,0
2026-07-30 05:40:00,1.1454900000000001,1.1454900000000001,1.14538,1.1454,479,0,0
2026-07-30 05:45:00,1.1454,1.14551,1.1454,1.14546,437,0,0
2026-07-30 05:50:00,1.14547,1.14554,1.14539,1.14544,489,0,0
2026-07-30 05:55:00,1.14544,1.14546,1.14527,1.14529,377,0,0
2026-07-30 06:00:00,1.14529,1.14544,1.14526,1.14541,427,0,0
2026-07-30 06:05:00,1.1454,1.14541,1.14523,1.14527,467,0,0
2026-07-30 06:10:00,1.14527,1.14528,1.14512,1.14519,569,0,0
2026-07-30 06:15:00,1.14518,1.14522,1.14502,1.14505,687,0,0
2026-07-30 06:20:00,1.14505,1.14511,1.14477,1.14502,648,0,0
2026-07-30 06:25:00,1.14503,1.14511,1.14495,1.14502,628,0,0
2026-07-30 06:30:00,1.14502,1.14521,1.14492,1.14519,668,0,0
2026-07-30 06:35:00,1.1452,1.14528,1.1451500000000001,1.1451500000000001,552,0,0
2026-07-30 06:40:00,1.1451500000000001,1.1452499999999999,1.14513,1.1452,444,0,0
2026-07-30 06:45:00,1.1452,1.1452499999999999,1.1451,1.14517,534,0,0
2026-07-30 06:50:00,1.14517,1.1452,1.14507,1.14512,372,0,0
2026-07-30 06:55:00,1.14512,1.14513,1.14494,1.14499,334,0,0
2026-07-30 07:00:00,1.14499,1.14514,1.1449,1.14508,626,0,0
2026-07-30 07:05:00,1.14508,1.1451500000000001,1.14504,1.14511,402,0,0
2026-07-30 07:10:00,1.14511,1.1453,1.14511,1.14529,486,0,0
2026-07-30 07:15:00,1.14529,1.14536,1.14524,1.14528,367,0,0
2026-07-30 07:20:00,1.1452499999999999,1.14535,1.1452499999999999,1.1453,454,0,0
2026-07-30 07:25:00,1.14529,1.14532,1.14523,1.1453,421,0,0
2026-07-30 07:30:00,1.1453,1.14535,1.1452499999999999,1.14534,459,0,0
2026-07-30 07:35:00,1.14534,1.14535,1.14523,1.14526,448,0,0
2026-07-30 07:40:00,1.14526,1.14541,1.14524,1.14528,438,0,0
2026-07-30 07:45:00,1.14528,1.14535,1.1451500000000001,1.14518,474,0,0
2026-07-30 07:50:00,1.14518,1.14521,1.14506,1.14509,542,0,0
2026-07-30 07:55:00,1.14509,1.14512,1.1449799999999999,1.1451,493,0,0
2026-07-30 08:00:00,1.14509,1.14529,1.14502,1.14522,605,0,0
2026-07-30 08:05:00,1.14522,1.14539,1.14517,1.14537,488,0,0
2026-07-30 08:10:00,1.14535,1.14551,1.14535,1.1455,444,0,0
2026-07-30 08:15:00,1.1455,1.14552,1.14542,1.14547,431,0,0
2026-07-30 08:20:00,1.14547,1.14563,1.14543,1.14555,441,0,0
2026-07-30 08:25:00,1.14555,1.14568,1.14548,1.14556,448,0,0
2026-07-30 08:30:00,1.14556,1.14562,1.14538,1.14543,391,0,0
2026-07-30 08:35:00,1.14542,1.14545,1.1452499999999999,1.14529,426,0,0
2026-07-30 08:40:00,1.14529,1.14538,1.14514,1.1452499999999999,513,0,0
2026-07-30 08:45:00,1.1452499999999999,1.14555,1.1452,1.14532,747,0,0
2026-07-30 08:50:00,1.14532,1.14534,1.14516,1.14524,623,0,0
2026-07-30 08:55:00,1.14524,1.14524,1.14489,1.14501,631,0,0
2026-07-30 09:00:00,1.14501,1.1451500000000001,1.14472,1.14487,1272,0,0
2026-07-30 09:05:00,1.14487,1.1449799999999999,1.14467,1.14469,993,0,0
2026-07-30 09:10:00,1.14469,1.14491,1.1443699999999999,1.14448,881,0,0
2026-07-30 09:15:00,1.14448,1.14465,1.14446,1.14453,799,0,0
2026-07-30 09:20:00,1.14453,1.14459,1.1443699999999999,1.14451,716,0,0
2026-07-30 09:25:00,1.14451,1.14457,1.1443699999999999,1.14449,673,0,0
2026-07-30 09:30:00,1.14449,1.14463,1.14432,1.14452,948,0,0
2026-07-30 09:35:00,1.14452,1.14486,1.14442,1.1448,1023,0,0
2026-07-30 09:40:00,1.1448,1.14484,1.14453,1.14459,820,0,0
2026-07-30 09:45:00,1.14459,1.14492,1.14457,1.14485,867,0,0
2026-07-30 09:50:00,1.14487,1.14512,1.14485,1.14497,877,0,0
2026-07-30 09:55:00,1.14497,1.14511,1.14463,1.14468,858,0,0
2026-07-30 10:00:00,1.1447,1.14512,1.14443,1.14499,1899,0,0
2026-07-30 10:05:00,1.14499,1.14502,1.14457,1.14466,1602,0,0
2026-07-30 10:10:00,1.14466,1.14476,1.14424,1.1442700000000001,1227,0,0
2026-07-30 10:15:00,1.14429,1.14451,1.14416,1.14416,1098,0,0
2026-07-30 10:20:00,1.14416,1.14435,1.14412,1.14421,929,0,0
2026-07-30 10:25:00,1.14421,1.14423,1.14364,1.14373,998,0,0
2026-07-30 10:30:00,1.14373,1.14379,1.14343,1.1435,1083,0,0
2026-07-30 10:35:00,1.1435,1.14383,1.14348,1.14381,1018,0,0
2026-07-30 10:40:00,1.14382,1.1439,1.14367,1.14371,1200,0,0
2026-07-30 10:45:00,1.14371,1.14379,1.14362,1.14368,830,0,0
2026-07-30 10:50:00,1.14368,1.14385,1.14364,1.14367,926,0,0
2026-07-30 10:55:00,1.14367,1.14389,1.14362,1.1437599999999999,825,0,0
2026-07-30 11:00:00,1.1437599999999999,1.14435,1.1437,1.14418,1263,0,0
2026-07-30 11:05:00,1.14418,1.14451,1.14418,1.14439,1218,0,0
2026-07-30 11:10:00,1.14439,1.14474,1.14438,1.14458,998,0,0
2026-07-30 11:15:00,1.14458,1.14492,1.14457,1.14478,935,0,0
2026-07-30 11:20:00,1.14479,1.14516,1.14478,1.14503,747,0,0
2026-07-30 11:25:00,1.14503,1.14548,1.14497,1.14544,1301,0,0
2026-07-30 11:30:00,1.14544,1.14557,1.1451,1.14511,1052,0,0
2026-07-30 11:35:00,1.14511,1.14514,1.14462,1.14462,700,0,0
2026-07-30 11:40:00,1.14462,1.14518,1.1445400000000001,1.14513,1098,0,0
2026-07-30 11:45:00,1.14513,1.14543,1.14508,1.14509,1179,0,0
2026-07-30 11:50:00,1.14509,1.14517,1.14487,1.14502,1123,0,0
2026-07-30 11:55:00,1.14502,1.14516,1.14467,1.14485,853,0,0
2026-07-30 12:00:00,1.14485,1.14547,1.14481,1.14536,921,0,0
2026-07-30 12:05:00,1.14536,1.14577,1.14524,1.14574,930,0,0
2026-07-30 12:10:00,1.14574,1.14585,1.14557,1.14574,1268,0,0
2026-07-30 12:15:00,1.14574,1.14598,1.14564,1.14595,1258,0,0
2026-07-30 12:20:00,1.14595,1.14619,1.14593,1.14612,942,0,0
2026-07-30 12:25:00,1.14611,1.14641,1.14603,1.14615,865,0,0
2026-07-30 12:30:00,1.14615,1.14621,1.14596,1.14617,959,0,0
2026-07-30 12:35:00,1.14617,1.14641,1.14614,1.14621,773,0,0
2026-07-30 12:40:00,1.14621,1.14633,1.1461999999999999,1.14628,709,0,0
2026-07-30 12:45:00,1.14628,1.14675,1.14609,1.14673,1186,0,0
2026-07-30 12:50:00,1.14673,1.14677,1.14624,1.14636,951,0,0
2026-07-30 12:55:00,1.14636,1.14662,1.14635,1.14649,1035,0,0
2026-07-30 13:00:00,1.14649,1.1466,1.14618,1.1461999999999999,1274,0,0
2026-07-30 13:05:00,1.1461999999999999,1.14661,1.14613,1.14657,1272,0,0
2026-07-30 13:10:00,1.14657,1.1473,1.14657,1.14721,1662,0,0
2026-07-30 13:15:00,1.14721,1.14798,1.14715,1.14733,2364,0,0
2026-07-30 13:20:00,1.14733,1.14736,1.14688,1.14698,1364,0,0
2026-07-30 13:25:00,1.14698,1.14746,1.14693,1.14722,1449,0,0
2026-07-30 13:30:00,1.14723,1.1476,1.14719,1.1474,1362,0,0
2026-07-30 13:35:00,1.1474,1.14751,1.1473,1.14744,1068,0,0
2026-07-30 13:40:00,1.14744,1.14843,1.1474,1.14807,2002,0,0
2026-07-30 13:45:00,1.14807,1.14838,1.1480299999999999,1.1482,1365,0,0
2026-07-30 13:50:00,1.1482,1.14825,1.14764,1.14768,1557,0,0
2026-07-30 13:55:00,1.14768,1.14778,1.14728,1.14729,1279,0,0
2026-07-30 14:00:00,1.14729,1.14782,1.14728,1.14765,1266,0,0
2026-07-30 14:05:00,1.14765,1.1477,1.14737,1.14755,1243,0,0
2026-07-30 14:10:00,1.14754,1.14759,1.14719,1.14721,815,0,0
2026-07-30 14:15:00,1.14721,1.14731,1.14701,1.14702,899,0,0
2026-07-30 14:20:00,1.14702,1.14706,1.14654,1.14674,995,0,0
2026-07-30 14:25:00,1.14674,1.14685,1.14666,1.14678,955,0,0
2026-07-30 14:30:00,1.14678,1.1468099999999999,1.14658,1.1466,943,0,0
2026-07-30 14:35:00,1.1466,1.14675,1.14657,1.14669,760,0,0
2026-07-30 14:40:00,1.14669,1.1467100000000001,1.1465,1.14653,752,0,0
2026-07-30 14:45:00,1.14653,1.14693,1.14653,1.14686,809,0,0
2026-07-30 14:50:00,1.14686,1.14729,1.14686,1.14727,948,0,0
2026-07-30 14:55:00,1.14727,1.1476,1.14707,1.1476,756,0,0
2026-07-30 15:00:00,1.14759,1.14783,1.14754,1.14776,964,0,0
2026-07-30 15:05:00,1.14776,1.14792,1.14756,1.14757,1242,0,0
2026-07-30 15:10:00,1.14757,1.14813,1.14755,1.14807,1274,0,0
2026-07-30 15:15:00,1.14807,1.14807,1.1474199999999999,1.1476,1179,0,0
2026-07-30 15:20:00,1.1476,1.1478,1.14747,1.14759,1089,0,0
2026-07-30 15:25:00,1.1476,1.14786,1.14754,1.14762,880,0,0
2026-07-30 15:30:00,1.14759,1.14829,1.14725,1.14758,1548,0,0
2026-07-30 15:35:00,1.14758,1.14835,1.14749,1.14825,1788,0,0
2026-07-30 15:40:00,1.14825,1.14828,1.14757,1.14808,2331,0,0
2026-07-30 15:45:00,1.14809,1.14816,1.14749,1.14762,2153,0,0
2026-07-30 15:50:00,1.14762,1.1476899999999999,1.14706,1.14721,1839,0,0
2026-07-30 15:55:00,1.14721,1.1476,1.14694,1.14726,1839,0,0
2026-07-30 16:00:00,1.14726,1.14752,1.14695,1.1471,1865,0,0
2026-07-30 16:05:00,1.1471,1.14763,1.14709,1.14724,1885,0,0
2026-07-30 16:10:00,1.14724,1.14752,1.1470799999999999,1.14724,1806,0,0
2026-07-30 16:15:00,1.14724,1.14753,1.14714,1.14743,1733,0,0
2026-07-30 16:20:00,1.14743,1.14799,1.14733,1.14799,1347,0,0
2026-07-30 16:25:00,1.14799,1.14811,1.14783,1.14801,1618,0,0
2026-07-30 16:30:00,1.14801,1.1482999999999999,1.1479,1.14805,1902,0,0
2026-07-30 16:35:00,1.14806,1.14941,1.14794,1.14922,4396,0,0
2026-07-30 16:40:00,1.14922,1.1503700000000001,1.14874,1.15012,4711,0,0
2026-07-30 16:45:00,1.15011,1.15092,1.14981,1.15029,3748,0,0
2026-07-30 16:50:00,1.15029,1.15149,1.1499,1.15145,3774,0,0
2026-07-30 16:55:00,1.15145,1.1524,1.15123,1.15237,3259,0,0
2026-07-30 17:00:00,1.15237,1.15372,1.1522000000000001,1.15346,3740,0,0
2026-07-30 17:05:00,1.15346,1.15367,1.15175,1.1522999999999999,4436,0,0
2026-07-30 17:10:00,1.1522999999999999,1.15309,1.15227,1.1528,4423,0,0
2026-07-30 17:15:00,1.1528,1.15311,1.15265,1.1529,2642,0,0
2026-07-30 17:20:00,1.1529,1.15301,1.1520299999999999,1.15215,1985,0,0
2026-07-30 17:25:00,1.15214,1.15244,1.15189,1.15215,4236,0,0
2026-07-30 17:30:00,1.15215,1.15231,1.15157,1.15201,2570,0,0
2026-07-30 17:35:00,1.15201,1.15204,1.1517,1.15179,1200,0,0
2026-07-30 17:40:00,1.15178,1.15194,1.15097,1.15123,1839,0,0
2026-07-30 17:45:00,1.15123,1.1515,1.15097,1.1512,2361,0,0
2026-07-30 17:50:00,1.1512,1.15125,1.15073,1.1509,2322,0,0
2026-07-30 17:55:00,1.1509,1.151,1.15026,1.15029,2587,0,0
2026-07-30 18:00:00,1.15029,1.1505,1.15004,1.15006,2548,0,0
2026-07-30 18:05:00,1.15006,1.15072,1.14998,1.15029,2496,0,0
2026-07-30 18:10:00,1.15029,1.15073,1.1498599999999999,1.15068,2184,0,0
2026-07-30 18:15:00,1.15068,1.15117,1.15067,1.15109,1998,0,0
2026-07-30 18:20:00,1.1511,1.1515,1.15109,1.15125,1541,0,0
2026-07-30 18:25:00,1.15128,1.15162,1.15114,1.15156,1550,0,0
2026-07-30 18:30:00,1.15156,1.15197,1.15133,1.15194,1793,0,0
2026-07-30 18:35:00,1.15194,1.15215,1.15181,1.15211,1587,0,0
2026-07-30 18:40:00,1.1521,1.15228,1.15196,1.15217,1357,0,0
2026-07-30 18:45:00,1.15217,1.15244,1.15209,1.1524,1332,0,0
2026-07-30 18:50:00,1.1524,1.15251,1.15204,1.15211,1413,0,0
2026-07-30 18:55:00,1.15211,1.15237,1.15205,1.15211,1210,0,0
2026-07-30 19:00:00,1.15211,1.15284,1.15211,1.15272,1752,0,0
2026-07-30 19:05:00,1.15272,1.15282,1.15241,1.15279,1310,0,0
2026-07-30 19:10:00,1.15279,1.15282,1.15233,1.15244,1366,0,0
2026-07-30 19:15:00,1.15244,1.15289,1.15235,1.15283,1007,0,0
2026-07-30 19:20:00,1.15283,1.15302,1.1527,1.15279,1275,0,0
2026-07-30 19:25:00,1.15279,1.15303,1.15263,1.15297,1159,0,0
2026-07-30 19:30:00,1.15297,1.15307,1.15283,1.15283,1184,0,0
2026-07-30 19:35:00,1.15284,1.153,1.15268,1.15288,1236,0,0
2026-07-30 19:40:00,1.15288,1.15292,1.15252,1.15253,1113,0,0
2026-07-30 19:45:00,1.1525400000000001,1.15259,1.15242,1.15244,834,0,0
2026-07-30 19:50:00,1.15244,1.15251,1.15226,1.15239,932,0,0
2026-07-30 19:55:00,1.15239,1.15288,1.15239,1.15288,847,0,0
2026-07-30 20:00:00,1.15288,1.15306,1.1524,1.15245,1236,0,0
2026-07-30 20:05:00,1.15245,1.15261,1.15239,1.15259,940,0,0
2026-07-30 20:10:00,1.15259,1.15266,1.15207,1.15209,882,0,0
2026-07-30 20:15:00,1.15209,1.15211,1.15188,1.15202,826,0,0
2026-07-30 20:20:00,1.15202,1.1520299999999999,1.15186,1.15199,709,0,0
2026-07-30 20:25:00,1.15199,1.15202,1.15188,1.15191,872,0,0
2026-07-30 20:30:00,1.1519,1.15202,1.1516,1.1516,896,0,0
2026-07-30 20:35:00,1.1516,1.15253,1.15137,1.15252,3268,0,0
2026-07-30 20:40:00,1.15252,1.15302,1.15226,1.15295,2430,0,0
2026-07-30 20:45:00,1.15296,1.15297,1.15256,1.15256,1608,0,0
2026-07-30 20:50:00,1.15256,1.15309,1.15256,1.15269,1627,0,0
2026-07-30 20:55:00,1.15269,1.15298,1.15256,1.15295,1065,0,0
2026-07-30 21:00:00,1.15296,1.15322,1.15294,1.1532,1252,0,0
2026-07-30 21:05:00,1.15319,1.15345,1.15294,1.15334,1032,0,0
2026-07-30 21:10:00,1.15334,1.15356,1.15329,1.1535199999999999,849,0,0
2026-07-30 21:15:00,1.1535199999999999,1.15353,1.15305,1.15307,969,0,0
2026-07-30 21:20:00,1.15307,1.1531500000000001,1.15279,1.15279,897,0,0
2026-07-30 21:25:00,1.15279,1.15305,1.15273,1.15303,638,0,0
2026-07-30 21:30:00,1.15303,1.15338,1.15301,1.15326,882,0,0
2026-07-30 21:35:00,1.1532499999999999,1.15332,1.15293,1.15296,674,0,0
2026-07-30 21:40:00,1.15297,1.15317,1.1529099999999999,1.1531500000000001,662,0,0
2026-07-30 21:45:00,1.1531500000000001,1.15333,1.15314,1.1533,632,0,0
2026-07-30 21:50:00,1.1533,1.15339,1.15317,1.15328,957,0,0
2026-07-30 21:55:00,1.15328,1.15357,1.15324,1.15355,908,0,0
2026-07-30 22:00:00,1.15354,1.15358,1.15333,1.15337,915,0,0
2026-07-30 22:05:00,1.15337,1.15354,1.15318,1.15323,725,0,0
2026-07-30 22:10:00,1.15323,1.15329,1.15285,1.15293,891,0,0
2026-07-30 22:15:00,1.15293,1.15332,1.1528,1.15329,817,0,0
2026-07-30 22:20:00,1.15329,1.15344,1.15324,1.15334,726,0,0
2026-07-30 22:25:00,1.15334,1.1534200000000001,1.15314,1.1532,538,0,0
2026-07-30 22:30:00,1.1532,1.15328,1.15306,1.1531,716,0,0
2026-07-30 22:35:00,1.1531,1.15316,1.15298,1.15307,715,0,0
2026-07-30 22:40:00,1.15305,1.15314,1.15301,1.15312,516,0,0
2026-07-30 22:45:00,1.15313,1.15326,1.1531,1.15322,662,0,0
2026-07-30 22:50:00,1.15322,1.15323,1.15288,1.1529,526,0,0
2026-07-30 22:55:00,1.1529,1.15321,1.15285,1.15311,1128,0,0
2026-07-30 23:00:00,1.15311,1.15328,1.15293,1.1532499999999999,1013,0,0
2026-07-30 23:05:00,1.1532499999999999,1.15329,1.15301,1.1531500000000001,599,0,0
2026-07-30 23:10:00,1.15316,1.15318,1.15305,1.15307,372,0,0
2026-07-30 23:15:00,1.15307,1.15312,1.15294,1.15302,481,0,0
2026-07-30 23:20:00,1.15302,1.15302,1.15279,1.15284,394,0,0
2026-07-30 23:25:00,1.15284,1.15292,1.15274,1.15276,401,0,0
2026-07-30 23:30:00,1.15276,1.15301,1.1527,1.15277,795,0,0
2026-07-30 23:35:00,1.15278,1.1528,1.15263,1.15276,439,0,0
2026-07-30 23:40:00,1.15276,1.1528100000000001,1.15268,1.15269,607,0,0
2026-07-30 23:45:00,1.15269,1.1528,1.15267,1.15274,539,0,0
2026-07-30 23:50:00,1.15274,1.15287,1.1527,1.15287,321,0,0
2026-07-30 23:55:00,1.15287,1.15296,1.15271,1.15283,397,0,0
2026-07-31 00:00:00,1.15283,1.15292,1.15245,1.15245,98,0,0
2026-07-31 00:05:00,1.15245,1.15293,1.1524,1.1524,57,0,0
2026-07-31 00:10:00,1.1526,1.15272,1.15259,1.15259,34,0,0
2026-07-31 00:15:00,1.15259,1.1526,1.15252,1.1525400000000001,27,0,0
2026-07-31 00:20:00,1.1525400000000001,1.15255,1.15253,1.15255,19,0,0
2026-07-31 00:25:00,1.15255,1.15255,1.15242,1.15245,18,0,0
2026-07-31 00:30:00,1.15245,1.15247,1.15242,1.15245,33,0,0
2026-07-31 00:35:00,1.15245,1.15247,1.15244,1.15247,14,0,0
2026-07-31 00:40:00,1.15247,1.15248,1.15241,1.15244,43,1,0
2026-07-31 00:45:00,1.15244,1.15252,1.15244,1.15251,42,0,0
2026-07-31 00:50:00,1.15251,1.15253,1.15249,1.15251,28,0,0
2026-07-31 00:55:00,1.15251,1.15255,1.15248,1.15252,45,0,0
2026-07-31 01:00:00,1.15252,1.15297,1.15252,1.15297,481,0,0
2026-07-31 01:05:00,1.15297,1.15297,1.15266,1.15268,267,0,0
2026-07-31 01:10:00,1.15268,1.15274,1.15252,1.15268,368,0,0
2026-07-31 01:15:00,1.15268,1.15284,1.15267,1.15273,582,0,0
2026-07-31 01:20:00,1.15274,1.15274,1.15259,1.15261,549,0,0
2026-07-31 01:25:00,1.15261,1.15272,1.15255,1.15271,630,0,0
2026-07-31 01:30:00,1.15271,1.15274,1.15261,1.15273,384,0,0
2026-07-31 01:35:00,1.15273,1.1531500000000001,1.1527,1.15302,755,0,0
2026-07-31 01:40:00,1.15302,1.15309,1.1529,1.15302,586,0,0
2026-07-31 01:45:00,1.15302,1.15309,1.15292,1.15301,446,0,0
2026-07-31 01:50:00,1.15301,1.15301,1.15287,1.1529099999999999,453,0,0
2026-07-31 01:55:00,1.15289,1.15292,1.1528100000000001,1.15288,411,0,0
2026-07-31 02:00:00,1.15288,1.1531,1.15263,1.15271,758,0,0
2026-07-31 02:05:00,1.15271,1.1528,1.15266,1.15269,266,0,0
2026-07-31 02:10:00,1.15269,1.1527,1.15246,1.15256,472,0,0
2026-07-31 02:15:00,1.15255,1.1526,1.15235,1.1526,514,0,0
2026-07-31 02:20:00,1.1526,1.15269,1.1525400000000001,1.15263,587,0,0
2026-07-31 02:25:00,1.15261,1.15274,1.1524,1.15242,486,0,0
2026-07-31 02:30:00,1.15242,1.15252,1.15239,1.15243,423,0,0
2026-07-31 02:35:00,1.15243,1.15243,1.15221,1.15236,518,0,0
2026-07-31 02:40:00,1.15236,1.15249,1.15234,1.15245,336,0,0
2026-07-31 02:45:00,1.15245,1.1526399999999999,1.15245,1.15246,506,0,0
2026-07-31 02:50:00,1.15246,1.1525,1.15231,1.15233,549,0,0
2026-07-31 02:55:00,1.15233,1.15244,1.15228,1.15232,662,0,0
2026-07-31 03:00:00,1.15232,1.15249,1.15223,1.15241,1337,0,0
2026-07-31 03:05:00,1.15241,1.15245,1.15207,1.15215,1042,0,0
2026-07-31 03:10:00,1.15214,1.15242,1.15211,1.15226,1116,0,0
2026-07-31 03:15:00,1.15226,1.1524,1.15217,1.15233,1088,0,0
2026-07-31 03:20:00,1.15232,1.15266,1.15217,1.15252,1027,0,0
2026-07-31 03:25:00,1.15253,1.15253,1.15227,1.1522999999999999,579,0,0
2026-07-31 03:30:00,1.1522999999999999,1.15235,1.15191,1.15191,713,0,0
2026-07-31 03:35:00,1.15191,1.15196,1.15172,1.15173,1032,0,0
2026-07-31 03:40:00,1.15172,1.15176,1.15153,1.15174,918,0,0
2026-07-31 03:45:00,1.15174,1.15183,1.1515900000000001,1.15178,1039,0,0
2026-07-31 03:50:00,1.15178,1.15204,1.15177,1.15187,1060,0,0
2026-07-31 03:55:00,1.15187,1.15199,1.15177,1.15178,1226,0,0
2026-07-31 04:00:00,1.15177,1.15201,1.15176,1.15189,1311,0,0
2026-07-31 04:05:00,1.15189,1.1519300000000001,1.15163,1.15181,1067,0,0
2026-07-31 04:10:00,1.15181,1.15201,1.15152,1.15166,1176,0,0
2026-07-31 04:15:00,1.15166,1.15171,1.15153,1.15158,1073,0,0
2026-07-31 04:20:00,1.15158,1.15182,1.15153,1.15176,963,0,0
2026-07-31 04:25:00,1.15177,1.15192,1.15172,1.15173,714,0,0
2026-07-31 04:30:00,1.15172,1.15216,1.15166,1.15201,972,0,0
2026-07-31 04:35:00,1.15199,1.15201,1.15144,1.15147,987,0,0
2026-07-31 04:40:00,1.15147,1.15158,1.1514199999999999,1.15145,907,0,0
2026-07-31 04:45:00,1.15145,1.15151,1.15109,1.15117,977,0,0
2026-07-31 04:50:00,1.15117,1.15123,1.15102,1.15112,882,0,0
2026-07-31 04:55:00,1.15111,1.15122,1.151,1.15102,763,0,0
2026-07-31 05:00:00,1.15102,1.15131,1.15101,1.15126,887,0,0
2026-07-31 05:05:00,1.15127,1.15164,1.15124,1.1514199999999999,986,0,0
2026-07-31 05:10:00,1.1514199999999999,1.15165,1.15134,1.15151,604,0,0
2026-07-31 05:15:00,1.15152,1.15153,1.15137,1.1514199999999999,732,0,0
2026-07-31 05:20:00,1.1514199999999999,1.15156,1.15134,1.15135,743,0,0
2026-07-31 05:25:00,1.15135,1.15141,1.15127,1.15134,600,0,0
2026-07-31 05:30:00,1.15134,1.1515,1.1513200000000001,1.15138,491,0,0
2026-07-31 05:35:00,1.15138,1.15138,1.15122,1.1513,509,0,0
2026-07-31 05:40:00,1.1513,1.15133,1.15118,1.15126,475,0,0
2026-07-31 05:45:00,1.15126,1.1513,1.15113,1.1512,700,0,0
2026-07-31 05:50:00,1.15119,1.1513,1.15104,1.15114,700,0,0
2026-07-31 05:55:00,1.15113,1.15123,1.15107,1.15122,839,0,0
2026-07-31 06:00:00,1.15122,1.15123,1.15102,1.15107,836,0,0
2026-07-31 06:05:00,1.15106,1.15129,1.15105,1.15124,476,0,0
2026-07-31 06:10:00,1.15124,1.15136,1.15088,1.15106,1642,0,0
2026-07-31 06:15:00,1.15105,1.15113,1.15083,1.15089,674,0,0
2026-07-31 06:20:00,1.15089,1.151,1.15082,1.1509800000000001,443,0,0
2026-07-31 06:25:00,1.1509800000000001,1.1510799999999999,1.15082,1.15088,659,0,0
2026-07-31 06:30:00,1.15088,1.15104,1.15082,1.1509,680,0,0
2026-07-31 06:35:00,1.1509,1.15093,1.15073,1.15074,607,0,0
2026-07-31 06:40:00,1.15074,1.15082,1.15063,1.15077,468,0,0
2026-07-31 06:45:00,1.15077,1.15112,1.15077,1.15104,765,0,0
2026-07-31 06:50:00,1.15104,1.15125,1.15101,1.15119,721,0,0
2026-07-31 06:55:00,1.15119,1.15138,1.15118,1.15134,532,0,0
2026-07-31 07:00:00,1.15133,1.1514,1.15121,1.15135,587,0,0
2026-07-31 07:05:00,1.15135,1.15143,1.15126,1.15136,508,0,0
2026-07-31 07:10:00,1.15136,1.15143,1.15123,1.15133,616,0,0
2026-07-31 07:15:00,1.15133,1.15133,1.15118,1.15128,458,0,0
2026-07-31 07:20:00,1.15128,1.1514,1.15121,1.15137,387,0,0
2026-07-31 07:25:00,1.15137,1.1514199999999999,1.15109,1.15112,541,0,0
2026-07-31 07:30:00,1.15112,1.15113,1.15085,1.15096,555,0,0
2026-07-31 07:35:00,1.15094,1.15106,1.15073,1.1508,654,0,0
2026-07-31 07:40:00,1.1508,1.15083,1.15058,1.15063,769,0,0
2026-07-31 07:45:00,1.15063,1.15065,1.15043,1.1504699999999999,623,0,0
2026-07-31 07:50:00,1.1504699999999999,1.15079,1.1504699999999999,1.15076,762,0,0
2026-07-31 07:55:00,1.15076,1.15085,1.15061,1.15085,590,0,0
2026-07-31 08:00:00,1.15085,1.15087,1.15064,1.15073,676,0,0
2026-07-31 08:05:00,1.15073,1.15077,1.15063,1.15072,551,0,0
2026-07-31 08:10:00,1.15072,1.15094,1.15058,1.1506,653,0,0
2026-07-31 08:15:00,1.15061,1.15076,1.15057,1.15066,863,0,0
2026-07-31 08:20:00,1.15066,1.1507,1.15048,1.15058,676,0,0
2026-07-31 08:25:00,1.15058,1.15063,1.1505,1.15052,597,0,0
2026-07-31 08:30:00,1.15053,1.15096,1.15049,1.15082,721,0,0
2026-07-31 08:35:00,1.15082,1.15091,1.1507100000000001,1.15082,587,0,0
2026-07-31 08:40:00,1.15082,1.15097,1.15065,1.15074,592,0,0
2026-07-31 08:45:00,1.15073,1.15073,1.15046,1.15049,525,0,0
2026-07-31 08:50:00,1.15049,1.1507,1.15048,1.15062,562,0,0
2026-07-31 08:55:00,1.15061,1.15072,1.15053,1.15063,737,0,0
2026-07-31 09:00:00,1.15062,1.15112,1.15053,1.15109,1214,0,0
2026-07-31 09:05:00,1.15109,1.15158,1.15109,1.15151,1022,0,0
2026-07-31 09:10:00,1.15151,1.15171,1.15127,1.15167,872,0,0
2026-07-31 09:15:00,1.15167,1.15179,1.15149,1.15167,851,0,0
2026-07-31 09:20:00,1.15166,1.15178,1.1514,1.15178,826,0,0
2026-07-31 09:25:00,1.15178,1.15217,1.15171,1.15204,1036,0,0
2026-07-31 09:30:00,1.15204,1.15205,1.15144,1.15148,1194,0,0
2026-07-31 09:35:00,1.15149,1.1516,1.15107,1.15128,1507,0,0
2026-07-31 09:40:00,1.15128,1.15137,1.15112,1.15129,1093,0,0
2026-07-31 09:45:00,1.1513,1.15191,1.1513,1.15187,1170,0,0
2026-07-31 09:50:00,1.15188,1.15223,1.15175,1.15189,2160,0,0
2026-07-31 09:55:00,1.15189,1.15194,1.15164,1.15171,1510,0,0
2026-07-31 10:00:00,1.15171,1.15175,1.15148,1.15165,1586,0,0
2026-07-31 10:05:00,1.15164,1.15172,1.15138,1.15157,1073,0,0
2026-07-31 10:10:00,1.15157,1.15178,1.15144,1.15171,1124,0,0
2026-07-31 10:15:00,1.15171,1.15174,1.15133,1.15156,1548,0,0
2026-07-31 10:20:00,1.15155,1.1515900000000001,1.15122,1.15139,1517,0,0
2026-07-31 10:25:00,1.1514,1.15163,1.15133,1.1514,1348,0,0
2026-07-31 10:30:00,1.1514,1.15145,1.15118,1.15128,1215,0,0
2026-07-31 10:35:00,1.15128,1.15161,1.15115,1.1515900000000001,1063,0,0
2026-07-31 10:40:00,1.1515900000000001,1.15194,1.15156,1.15186,958,0,0
2026-07-31 10:45:00,1.15187,1.15243,1.15178,1.15234,1624,0,0
2026-07-31 10:50:00,1.15234,1.1525,1.1515900000000001,1.1515900000000001,1005,0,0
2026-07-31 10:55:00,1.1515900000000001,1.15164,1.1512,1.15143,1048,0,0
2026-07-31 11:00:00,1.15143,1.1516,1.15123,1.15147,1382,0,0
2026-07-31 11:05:00,1.15147,1.15147,1.1508099999999999,1.15095,1132,0,0
2026-07-31 11:10:00,1.15094,1.1510799999999999,1.15084,1.15105,1158,0,0
2026-07-31 11:15:00,1.15106,1.15121,1.15096,1.15121,1169,0,0
2026-07-31 11:20:00,1.15119,1.1513200000000001,1.15099,1.15101,1216,0,0
2026-07-31 11:25:00,1.151,1.15112,1.15074,1.15075,1320,0,0
2026-07-31 11:30:00,1.15075,1.15079,1.15051,1.15055,1173,0,0
2026-07-31 11:35:00,1.15055,1.15078,1.15044,1.15062,1150,0,0
2026-07-31 11:40:00,1.15062,1.15103,1.1506,1.15093,1179,0,0
2026-07-31 11:45:00,1.15093,1.15151,1.1509,1.15148,1270,0,0
2026-07-31 11:50:00,1.15148,1.15163,1.1513,1.15136,1324,0,0
2026-07-31 11:55:00,1.15136,1.1526399999999999,1.15128,1.15216,3061,0,0
2026-07-31 12:00:00,1.15216,1.1525,1.15176,1.15185,3071,0,0
2026-07-31 12:05:00,1.15185,1.15223,1.1516,1.15174,3122,0,0
2026-07-31 12:10:00,1.15174,1.15187,1.15148,1.15166,1984,0,0
2026-07-31 12:15:00,1.15167,1.15176,1.15138,1.15157,1439,0,0
2026-07-31 12:20:00,1.15158,1.15187,1.15143,1.15145,1227,0,0
2026-07-31 12:25:00,1.15145,1.15148,1.1509,1.15092,1230,0,0
2026-07-31 12:30:00,1.15091,1.15125,1.15079,1.15084,1462,0,0
2026-07-31 12:35:00,1.15084,1.15091,1.15053,1.15069,1311,0,0
2026-07-31 12:40:00,1.15069,1.15075,1.15031,1.15035,928,0,0
2026-07-31 12:45:00,1.15035,1.15092,1.15034,1.15088,1024,0,0
2026-07-31 12:50:00,1.15088,1.15094,1.15074,1.15075,805,0,0
2026-07-31 12:55:00,1.15075,1.15083,1.15043,1.15055,1130,0,0
2026-07-31 13:00:00,1.15054,1.15075,1.15035,1.1507,1070,0,0
2026-07-31 13:05:00,1.1507,1.15082,1.15062,1.1507,1153,0,0
2026-07-31 13:10:00,1.1507,1.15083,1.1506,1.15069,969,0,0
2026-07-31 13:15:00,1.15069,1.1507100000000001,1.1503,1.15035,917,0,0
2026-07-31 13:20:00,1.15035,1.15043,1.15022,1.15024,740,0,0
2026-07-31 13:25:00,1.15023,1.1503700000000001,1.15014,1.15019,1049,0,0
2026-07-31 13:30:00,1.15019,1.15036,1.1501000000000001,1.15034,807,0,0
2026-07-31 13:35:00,1.15034,1.15045,1.15012,1.15019,751,0,0
2026-07-31 13:40:00,1.15019,1.1504,1.15015,1.15029,709,0,0
2026-07-31 13:45:00,1.15029,1.15042,1.15025,1.1504,770,0,0
2026-07-31 13:50:00,1.15039,1.15042,1.15018,1.1502,666,0,0
2026-07-31 13:55:00,1.1502,1.15032,1.15013,1.15019,896,0,0
2026-07-31 14:00:00,1.15018,1.15019,1.14971,1.15003,1136,0,0
2026-07-31 14:05:00,1.15003,1.15022,1.14987,1.15008,931,0,0
2026-07-31 14:10:00,1.15008,1.15013,1.14984,1.14984,719,0,0
2026-07-31 14:15:00,1.14984,1.1498599999999999,1.1494,1.14943,940,0,0
2026-07-31 14:20:00,1.14943,1.14957,1.14923,1.14941,1199,0,0
2026-07-31 14:25:00,1.14941,1.14962,1.14928,1.1493,1014,0,0
2026-07-31 14:30:00,1.1493,1.14937,1.14903,1.1491500000000001,1043,0,0
2026-07-31 14:35:00,1.14916,1.14935,1.14898,1.14913,939,0,0
2026-07-31 14:40:00,1.14913,1.14922,1.14893,1.14905,897,0,0
2026-07-31 14:45:00,1.14905,1.1491,1.14862,1.14879,1030,0,0
2026-07-31 14:50:00,1.14879,1.14896,1.14871,1.14882,992,0,0
2026-07-31 14:55:00,1.14882,1.14886,1.14846,1.14852,1018,0,0
2026-07-31 15:00:00,1.14852,1.14855,1.14813,1.14838,1336,0,0
2026-07-31 15:05:00,1.14838,1.14868,1.14838,1.14851,1169,0,0
2026-07-31 15:10:00,1.14851,1.14869,1.14837,1.14869,1007,0,0
2026-07-31 15:15:00,1.14869,1.14881,1.14855,1.14866,1104,0,0
2026-07-31 15:20:00,1.14867,1.14878,1.14859,1.1486,1062,0,0
2026-07-31 15:25:00,1.14862,1.14879,1.14838,1.14842,718,0,0
2026-07-31 15:30:00,1.14842,1.14872,1.14818,1.14867,1126,0,0
2026-07-31 15:35:00,1.14867,1.14871,1.14845,1.14856,1068,0,0
2026-07-31 15:40:00,1.14856,1.14863,1.14844,1.14853,919,0,0
2026-07-31 15:45:00,1.14853,1.14882,1.14838,1.14873,1096,0,0
2026-07-31 15:50:00,1.14873,1.14899,1.1486,1.14897,1087,0,0
2026-07-31 15:55:00,1.14897,1.14909,1.14879,1.14884,1097,0,0
2026-07-31 16:00:00,1.14884,1.1492,1.14879,1.14902,1337,0,0
2026-07-31 16:05:00,1.14903,1.14909,1.14884,1.14902,1154,0,0
2026-07-31 16:10:00,1.14902,1.14914,1.14866,1.14878,1262,0,0
2026-07-31 16:15:00,1.14878,1.1492,1.1484,1.14917,1312,0,0
2026-07-31 16:20:00,1.14917,1.1503700000000001,1.1491500000000001,1.15033,3535,0,0
2026-07-31 16:25:00,1.15033,1.15038,1.1498599999999999,1.15005,2750,0,0
2026-07-31 16:30:00,1.15004,1.15015,1.14895,1.14897,2682,0,0
2026-07-31 16:35:00,1.14897,1.14914,1.14584,1.1458599999999999,4351,0,0
2026-07-31 16:40:00,1.1458599999999999,1.14719,1.14552,1.14709,3347,0,0
2026-07-31 16:45:00,1.14711,1.14738,1.1465,1.14657,3526,0,0
2026-07-31 16:50:00,1.14657,1.14734,1.14656,1.14721,2970,0,0
2026-07-31 16:55:00,1.14721,1.14751,1.14665,1.14666,2026,0,0
2026-07-31 17:00:00,1.14666,1.14704,1.14624,1.14667,3375,0,0
2026-07-31 17:05:00,1.14667,1.14679,1.14631,1.14653,2921,0,0
2026-07-31 17:10:00,1.14653,1.14749,1.14648,1.14748,2371,0,0
2026-07-31 17:15:00,1.14748,1.14781,1.14725,1.14739,2622,0,0
2026-07-31 17:20:00,1.14739,1.14778,1.14721,1.14763,2142,0,0
2026-07-31 17:25:00,1.14763,1.14804,1.14756,1.14799,2121,0,0
2026-07-31 17:30:00,1.14799,1.14835,1.14796,1.14832,1969,0,0
2026-07-31 17:35:00,1.14832,1.14884,1.14826,1.14882,1849,0,0
2026-07-31 17:40:00,1.14883,1.14924,1.1488,1.14924,1677,0,0
2026-07-31 17:45:00,1.14924,1.14972,1.14916,1.14943,2136,0,0
2026-07-31 17:50:00,1.14943,1.15046,1.14894,1.15006,3173,0,0
2026-07-31 17:55:00,1.15005,1.15065,1.14978,1.15046,3188,0,0
2026-07-31 18:00:00,1.15046,1.15068,1.14975,1.14987,2326,0,0
2026-07-31 18:05:00,1.14987,1.15077,1.14985,1.14999,2223,0,0
2026-07-31 18:10:00,1.15,1.15039,1.14972,1.15038,2106,0,0
2026-07-31 18:15:00,1.15038,1.15076,1.14999,1.15008,2022,0,0
2026-07-31 18:20:00,1.15008,1.15054,1.1499,1.15032,1894,0,0
2026-07-31 18:25:00,1.15032,1.1508099999999999,1.15025,1.15039,1526,0,0
2026-07-31 18:30:00,1.15039,1.15048,1.15014,1.15025,1954,0,0
2026-07-31 18:35:00,1.15026,1.15101,1.15021,1.15083,1727,0,0
2026-07-31 18:40:00,1.15083,1.15103,1.1507100000000001,1.15089,1444,0,0
2026-07-31 18:45:00,1.15089,1.15133,1.15087,1.1513,1329,0,0
2026-07-31 18:50:00,1.1513,1.15172,1.15127,1.15161,1502,0,0
2026-07-31 18:55:00,1.15161,1.15188,1.15145,1.15182,1192,0,0
2026-07-31 19:00:00,1.15182,1.15187,1.15129,1.1515,1205,0,0
2026-07-31 19:05:00,1.1515,1.15153,1.15134,1.15146,1024,0,0
2026-07-31 19:10:00,1.15146,1.1519300000000001,1.15127,1.1516899999999999,1419,0,0
2026-07-31 19:15:00,1.1516899999999999,1.15183,1.15149,1.1516,1195,0,0
2026-07-31 19:20:00,1.1516,1.15178,1.15128,1.15135,1387,0,0
2026-07-31 19:25:00,1.15135,1.15157,1.15124,1.15135,1395,0,0
2026-07-31 19:30:00,1.15135,1.15165,1.15128,1.15163,1229,0,0
2026-07-31 19:35:00,1.15163,1.15176,1.15153,1.15157,1041,0,0
2026-07-31 19:40:00,1.15155,1.15171,1.15138,1.1514,905,0,0
2026-07-31 19:45:00,1.1514,1.15162,1.15138,1.1515900000000001,914,0,0
2026-07-31 19:50:00,1.1515900000000001,1.15182,1.15155,1.15165,972,0,0
2026-07-31 19:55:00,1.15165,1.15179,1.15152,1.15172,990,0,0
2026-07-31 20:00:00,1.15172,1.15199,1.1516899999999999,1.15185,1388,0,0
2026-07-31 20:05:00,1.15186,1.15195,1.15174,1.15178,967,0,0
2026-07-31 20:10:00,1.15179,1.15234,1.15176,1.15227,760,0,0
2026-07-31 20:15:00,1.15227,1.15233,1.15206,1.15207,842,0,0
2026-07-31 20:20:00,1.15207,1.15267,1.152,1.15241,960,0,0
2026-07-31 20:25:00,1.15241,1.1528,1.15214,1.15272,2453,0,0
2026-07-31 20:30:00,1.15272,1.15331,1.15272,1.15317,2425,0,0
2026-07-31 20:35:00,1.15317,1.15336,1.15301,1.15334,1799,0,0
2026-07-31 20:40:00,1.15334,1.1536,1.1532,1.15358,1526,0,0
2026-07-31 20:45:00,1.15358,1.15361,1.15275,1.15326,2916,0,0
2026-07-31 20:50:00,1.15326,1.15371,1.15317,1.15363,2055,0,0
2026-07-31 20:55:00,1.15363,1.1537600000000001,1.15331,1.15335,1587,0,0
2026-07-31 21:00:00,1.15334,1.15365,1.1532,1.15336,1898,0,0
2026-07-31 21:05:00,1.15336,1.1534200000000001,1.15314,1.15329,1838,0,0
2026-07-31 21:10:00,1.15329,1.15329,1.15278,1.1528,1187,0,0
2026-07-31 21:15:00,1.1528,1.15302,1.15263,1.15294,1157,0,0
2026-07-31 21:20:00,1.15294,1.15307,1.1528,1.15301,915,0,0
2026-07-31 21:25:00,1.15301,1.15307,1.15279,1.15295,992,0,0
2026-07-31 21:30:00,1.15295,1.15298,1.15274,1.1528100000000001,1060,0,0
2026-07-31 21:35:00,1.1528100000000001,1.15304,1.15272,1.15288,755,0,0
2026-07-31 21:40:00,1.15288,1.15305,1.15272,1.15274,646,0,0
2026-07-31 21:45:00,1.15274,1.15274,1.15244,1.15256,914,0,0
2026-07-31 21:50:00,1.1525400000000001,1.15279,1.15251,1.15273,712,0,0
2026-07-31 21:55:00,1.15273,1.15312,1.15272,1.15308,1221,0,0
2026-07-31 22:00:00,1.15308,1.15344,1.15308,1.1534,1014,0,0
2026-07-31 22:05:00,1.1534,1.15343,1.15318,1.15332,700,0,0
2026-07-31 22:10:00,1.15332,1.1534,1.1532,1.15327,745,0,0
2026-07-31 22:15:00,1.15327,1.15327,1.15301,1.1531,690,0,0
2026-07-31 22:20:00,1.1531,1.15316,1.15299,1.15307,686,0,0
2026-07-31 22:25:00,1.15307,1.1531500000000001,1.15299,1.15311,703,0,0
2026-07-31 22:30:00,1.1531,1.15311,1.15277,1.15285,922,0,0
2026-07-31 22:35:00,1.15286,1.1529099999999999,1.1527,1.15289,826,0,0
2026-07-31 22:40:00,1.15289,1.1534200000000001,1.15289,1.15341,952,0,0
2026-07-31 22:45:00,1.15339,1.1535199999999999,1.15322,1.15336,1141,0,0
2026-07-31 22:50:00,1.15336,1.1535199999999999,1.15327,1.15341,1132,0,0
2026-07-31 22:55:00,1.15341,1.15363,1.15308,1.15312,1549,0,0
2026-07-31 23:00:00,1.15312,1.15314,1.15285,1.15288,1496,0,0
2026-07-31 23:05:00,1.15288,1.15295,1.15245,1.15257,1369,0,0
2026-07-31 23:10:00,1.15257,1.15308,1.15238,1.15305,1286,0,0
2026-07-31 23:15:00,1.15306,1.15351,1.15296,1.15347,1734,0,0
2026-07-31 23:20:00,1.15347,1.15385,1.1534,1.15375,1519,0,0
2026-07-31 23:25:00,1.15375,1.1538,1.15329,1.15364,1672,0,0
2026-07-31 23:30:00,1.15364,1.1539,1.15334,1.15336,1449,0,0
2026-07-31 23:35:00,1.15336,1.15389,1.15333,1.15369,1851,0,0
2026-07-31 23:40:00,1.15368,1.1540300000000001,1.15357,1.15401,1707,0,0
2026-07-31 23:45:00,1.15401,1.15443,1.15394,1.15428,1751,0,0
2026-07-31 23:50:00,1.15428,1.15472,1.15329,1.15398,2685,0,0
2026-07-31 23:55:00,1.15398,1.1541299999999999,1.15251,1.15267,2002,0,0
2026-08-03 00:00:00,1.15446,1.15492,1.15428,1.15468,59,0,0
2026-08-03 00:05:00,1.15469,1.15482,1.15468,1.15482,49,0,0
2026-08-03 00:10:00,1.15488,1.15493,1.15473,1.15473,72,0,0
2026-08-03 00:15:00,1.15473,1.15486,1.15465,1.15465,53,0,0
2026-08-03 00:20:00,1.15465,1.15473,1.15461,1.15468,109,0,0
2026-08-03 00:25:00,1.15468,1.1547399999999999,1.15466,1.15472,17,0,0
2026-08-03 00:30:00,1.15472,1.15476,1.1546,1.15468,104,0,0
2026-08-03 00:35:00,1.15468,1.15475,1.15464,1.15472,120,0,0
2026-08-03 00:40:00,1.15472,1.15493,1.15472,1.15489,98,0,0
2026-08-03 00:45:00,1.15489,1.15505,1.15479,1.15479,100,0,0
2026-08-03 00:50:00,1.15479,1.15502,1.15467,1.15467,112,0,0
2026-08-03 00:55:00,1.15467,1.1549800000000001,1.15466,1.1549800000000001,142,0,0
2026-08-03 01:00:00,1.1549800000000001,1.1553499999999999,1.15486,1.15526,1254,0,0
2026-08-03 01:05:00,1.15526,1.15543,1.15506,1.15536,589,0,0
2026-08-03 01:10:00,1.15536,1.15587,1.15529,1.1558,1048,0,0
2026-08-03 01:15:00,1.1558,1.1559,1.15489,1.155,1544,0,0
2026-08-03 01:20:00,1.155,1.15518,1.15484,1.15487,1578,0,0
2026-08-03 01:25:00,1.15488,1.15513,1.15479,1.15505,1226,0,0
2026-08-03 01:30:00,1.15505,1.15514,1.15487,1.15492,1159,0,0
2026-08-03 01:35:00,1.15492,1.15516,1.15489,1.15505,1240,0,0
2026-08-03 01:40:00,1.15505,1.15516,1.15476,1.15487,1013,0,0
2026-08-03 01:45:00,1.15489,1.15516,1.15479,1.15514,898,0,0
2026-08-03 01:50:00,1.15513,1.15521,1.15504,1.15505,749,0,0
2026-08-03 01:55:00,1.15505,1.15506,1.1548,1.15483,747,0,0
2026-08-03 02:00:00,1.15483,1.15511,1.15451,1.15476,1141,0,0
2026-08-03 02:05:00,1.15476,1.15476,1.1544,1.1544699999999999,613,0,0
2026-08-03 02:10:00,1.1544699999999999,1.15462,1.15433,1.15452,752,0,0
2026-08-03 02:15:00,1.15452,1.15459,1.15436,1.15442,634,0,0
2026-08-03 02:20:00,1.15442,1.15446,1.15429,1.15438,666,0,0
2026-08-03 02:25:00,1.15438,1.15452,1.15433,1.15446,778,0,0
2026-08-03 02:30:00,1.15446,1.15458,1.1543,1.1544,816,0,0
2026-08-03 02:35:00,1.1544,1.15462,1.15435,1.1543700000000001,670,0,0
2026-08-03 02:40:00,1.15436,1.15448,1.15425,1.15444,688,0,0
2026-08-03 02:45:00,1.15444,1.15446,1.15422,1.15435,925,0,0
2026-08-03 02:50:00,1.15436,1.15444,1.15425,1.15433,698,0,0
2026-08-03 02:55:00,1.15433,1.15448,1.15426,1.15439,1001,0,0
2026-08-03 03:00:00,1.15439,1.15442,1.1535,1.15385,1570,0,0
2026-08-03 03:05:00,1.15385,1.154,1.15372,1.15375,1131,0,0
2026-08-03 03:10:00,1.15375,1.15385,1.15356,1.15368,952,0,0
2026-08-03 03:15:00,1.15368,1.15398,1.1536,1.15384,1080,0,0
2026-08-03 03:20:00,1.15384,1.15397,1.15357,1.15395,901,0,0
2026-08-03 03:25:00,1.15395,1.15484,1.1538,1.15473,2420,0,0
2026-08-03 03:30:00,1.15473,1.15518,1.15462,1.15513,3130,0,0
2026-08-03 03:35:00,1.15513,1.15533,1.15478,1.15507,2792,0,0
2026-08-03 03:40:00,1.15507,1.15555,1.15492,1.15539,2862,0,0
2026-08-03 03:45:00,1.15539,1.15562,1.15463,1.15471,2971,0,0
2026-08-03 03:50:00,1.15471,1.15496,1.15445,1.1544699999999999,3181,0,0
2026-08-03 03:55:00,1.1544699999999999,1.15451,1.15409,1.15425,2456,0,0
2026-08-03 04:00:00,1.15425,1.15461,1.1538599999999999,1.15419,3141,0,0
2026-08-03 04:05:00,1.15419,1.15428,1.15378,1.15388,2179,0,0
2026-08-03 04:10:00,1.15387,1.15394,1.15361,1.15363,1707,0,0
2026-08-03 04:15:00,1.15363,1.15382,1.15338,1.15343,1466,0,0
2026-08-03 04:20:00,1.15343,1.15353,1.15328,1.1534,1236,0,0
2026-08-03 04:25:00,1.1534,1.15355,1.1532,1.15321,1430,0,0
2026-08-03 04:30:00,1.15321,1.1534,1.15304,1.15319,1474,0,0
2026-08-03 04:35:00,1.15319,1.15326,1.15309,1.15312,1180,0,0
2026-08-03 04:40:00,1.15312,1.15336,1.15308,1.15324,1073,0,0
2026-08-03 04:45:00,1.15324,1.15334,1.15309,1.15319,1007,0,0
2026-08-03 04:50:00,1.15318,1.15324,1.15302,1.15305,950,0,0
2026-08-03 04:55:00,1.15305,1.1532499999999999,1.15299,1.15324,1027,0,0
2026-08-03 05:00:00,1.15324,1.15338,1.1531500000000001,1.15328,872,0,0
2026-08-03 05:05:00,1.15328,1.15343,1.15313,1.15318,982,0,0
2026-08-03 05:10:00,1.15318,1.15324,1.15294,1.153,841,0,0
2026-08-03 05:15:00,1.153,1.15326,1.15283,1.1532499999999999,848,0,0
2026-08-03 05:20:00,1.1532499999999999,1.1532499999999999,1.15303,1.15314,750,0,0
2026-08-03 05:25:00,1.15314,1.15335,1.15311,1.15329,786,0,0
2026-08-03 05:30:00,1.15328,1.15337,1.15319,1.15327,877,0,0
2026-08-03 05:35:00,1.15327,1.15356,1.15323,1.1535,946,0,0
2026-08-03 05:40:00,1.1535,1.15354,1.15318,1.15319,956,0,0
2026-08-03 05:45:00,1.15319,1.1533,1.15314,1.15328,713,0,0
2026-08-03 05:50:00,1.15329,1.15333,1.15314,1.1531500000000001,799,0,0
2026-08-03 05:55:00,1.1531500000000001,1.15322,1.15307,1.15311,868,0,0
2026-08-03 06:00:00,1.15311,1.15313,1.1529,1.15296,1002,0,0
2026-08-03 06:05:00,1.15294,1.15305,1.1529,1.1529099999999999,643,0,0
2026-08-03 06:10:00,1.1529099999999999,1.1529099999999999,1.15272,1.1528,647,0,0
2026-08-03 06:15:00,1.1528,1.15287,1.15271,1.15287,696,0,0
2026-08-03 06:20:00,1.15287,1.15293,1.15275,1.15293,693,0,0
2026-08-03 06:25:00,1.15293,1.15297,1.15285,1.15293,863,0,0
2026-08-03 06:30:00,1.15293,1.15294,1.15273,1.15276,666,0,0
2026-08-03 06:35:00,1.15277,1.15294,1.1527,1.15275,896,0,0
2026-08-03 06:40:00,1.15274,1.15283,1.15269,1.15275,665,0,0
2026-08-03 06:45:00,1.15275,1.15286,1.1527,1.15278,602,0,0
2026-08-03 06:50:00,1.15278,1.1529,1.15274,1.15279,564,0,0
2026-08-03 06:55:00,1.15279,1.15304,1.15278,1.15299,566,0,0
2026-08-03 07:00:00,1.15299,1.15318,1.15299,1.15306,687,0,0
2026-08-03 07:05:00,1.15304,1.15309,1.15293,1.15294,662,0,0
2026-08-03 07:10:00,1.15294,1.15317,1.15289,1.15314,650,0,0
2026-08-03 07:15:00,1.15313,1.15326,1.1531,1.15323,578,0,0
2026-08-03 07:20:00,1.15324,1.15332,1.15313,1.15316,656,0,0
2026-08-03 07:25:00,1.15316,1.15332,1.15314,1.15327,496,0,0
2026-08-03 07:30:00,1.15327,1.15333,1.15317,1.15332,451,0,0
2026-08-03 07:35:00,1.15332,1.1535,1.15329,1.15345,700,0,0
2026-08-03 07:40:00,1.15345,1.15361,1.15338,1.1536,642,0,0
2026-08-03 07:45:00,1.1536,1.15362,1.15339,1.15347,566,0,0
2026-08-03 07:50:00,1.15346,1.15347,1.15328,1.15335,483,0,0
2026-08-03 07:55:00,1.15335,1.15345,1.15329,1.15343,561,0,0
2026-08-03 08:00:00,1.15343,1.15357,1.15338,1.1534,587,0,0
2026-08-03 08:05:00,1.1534,1.1535,1.15317,1.15321,618,0,0
2026-08-03 08:10:00,1.15321,1.15336,1.15317,1.15334,672,0,0
2026-08-03 08:15:00,1.15334,1.15341,1.15327,1.15335,721,0,0
2026-08-03 08:20:00,1.15335,1.15345,1.15324,1.1533,565,0,0
2026-08-03 08:25:00,1.1533,1.15338,1.15322,1.15335,685,0,0
2026-08-03 08:30:00,1.15335,1.15357,1.15333,1.15356,682,0,0
2026-08-03 08:35:00,1.15356,1.15357,1.15343,1.15343,509,0,0
2026-08-03 08:40:00,1.15343,1.15362,1.15332,1.1536,488,0,0
2026-08-03 08:45:00,1.15359,1.15371,1.1535199999999999,1.15355,607,0,0
2026-08-03 08:50:00,1.15354,1.15361,1.15349,1.1536,657,0,0
2026-08-03 08:55:00,1.1536,1.15377,1.15359,1.15371,537,0,0
2026-08-03 09:00:00,1.15371,1.15385,1.15361,1.15372,876,0,0
2026-08-03 09:05:00,1.15372,1.15389,1.15347,1.1535,1013,0,0
2026-08-03 09:10:00,1.1535,1.15365,1.15328,1.15328,899,0,0
2026-08-03 09:15:00,1.15328,1.15359,1.1532,1.15346,929,0,0
2026-08-03 09:20:00,1.15345,1.15359,1.15313,1.15332,1010,0,0
2026-08-03 09:25:00,1.15332,1.1534,1.15312,1.15338,1102,0,0
2026-08-03 09:30:00,1.1534,1.15347,1.15297,1.15304,1045,0,0
2026-08-03 09:35:00,1.15304,1.15306,1.1525400000000001,1.15258,1112,0,0
2026-08-03 09:40:00,1.15258,1.15265,1.15239,1.1525400000000001,1193,0,0
2026-08-03 09:45:00,1.1525400000000001,1.1526,1.15236,1.15248,1036,0,0
2026-08-03 09:50:00,1.15248,1.1528,1.15246,1.15271,1045,0,0
2026-08-03 09:55:00,1.1527,1.15285,1.15258,1.15271,1315,0,0
2026-08-03 10:00:00,1.15269,1.15303,1.1525,1.1526,1463,0,0
2026-08-03 10:05:00,1.15259,1.1527,1.15222,1.15258,1291,0,0
2026-08-03 10:10:00,1.15258,1.153,1.15257,1.15295,1143,0,0
2026-08-03 10:15:00,1.15295,1.15307,1.15208,1.15245,1926,0,0
2026-08-03 10:20:00,1.15245,1.15269,1.15241,1.1525400000000001,1441,0,0
2026-08-03 10:25:00,1.1525400000000001,1.15296,1.15252,1.15288,1141,0,0
2026-08-03 10:30:00,1.15288,1.15323,1.15288,1.15318,1064,0,0
2026-08-03 10:35:00,1.1532,1.15323,1.15262,1.15269,913,0,0
2026-08-03 10:40:00,1.15269,1.15273,1.15234,1.15263,878,0,0
2026-08-03 10:45:00,1.15263,1.15272,1.15249,1.15253,994,0,0
2026-08-03 10:50:00,1.15253,1.15271,1.15233,1.15266,1172,0,0
2026-08-03 10:55:00,1.15266,1.15275,1.15241,1.15261,1065,0,0
2026-08-03 11:00:00,1.1526,1.15267,1.15237,1.15244,1079,0,0
2026-08-03 11:05:00,1.15244,1.15262,1.15235,1.15239,1165,0,0
2026-08-03 11:10:00,1.15238,1.15276,1.15231,1.1527,767,0,0
2026-08-03 11:15:00,1.15273,1.15275,1.15228,1.15234,935,0,0
2026-08-03 11:20:00,1.15234,1.1527,1.15218,1.15266,1049,0,0
2026-08-03 11:25:00,1.15266,1.1527,1.15236,1.15245,872,0,0
2026-08-03 11:30:00,1.15245,1.15255,1.15233,1.15244,897,0,0
2026-08-03 11:35:00,1.15244,1.15278,1.15233,1.15249,1355,0,0
2026-08-03 11:40:00,1.1525,1.15258,1.15241,1.1525,909,0,0
2026-08-03 11:45:00,1.15249,1.15257,1.15237,1.15245,879,0,0
2026-08-03 11:50:00,1.15245,1.15249,1.1521,1.1522999999999999,1081,0,0
2026-08-03 11:55:00,1.15229,1.15242,1.15218,1.15227,1157,0,0
2026-08-03 12:00:00,1.15227,1.15251,1.15217,1.1522000000000001,1077,0,0
2026-08-03 12:05:00,1.1522000000000001,1.15245,1.15199,1.15227,722,0,0
2026-08-03 12:10:00,1.15228,1.15266,1.15224,1.15247,1074,0,0
2026-08-03 12:15:00,1.15245,1.15247,1.15209,1.15216,1003,0,0
2026-08-03 12:20:00,1.15217,1.15237,1.15215,1.15226,942,0,0
2026-08-03 12:25:00,1.15227,1.15242,1.15212,1.1524,951,0,0
2026-08-03 12:30:00,1.1524,1.15259,1.15236,1.15245,956,0,0
2026-08-03 12:35:00,1.15245,1.15263,1.15233,1.15258,943,0,0
2026-08-03 12:40:00,1.15258,1.15289,1.15258,1.15286,1114,0,0
2026-08-03 12:45:00,1.15286,1.15304,1.15269,1.15289,936,0,0
2026-08-03 12:50:00,1.15289,1.15299,1.15274,1.15278,1115,0,0
2026-08-03 12:55:00,1.15279,1.15285,1.15219,1.15221,1196,0,0
2026-08-03 13:00:00,1.15221,1.15248,1.15213,1.15244,1246,0,0
2026-08-03 13:05:00,1.15244,1.15246,1.15221,1.15229,894,0,0
2026-08-03 13:10:00,1.15229,1.1524,1.1521,1.1522999999999999,813,0,0
2026-08-03 13:15:00,1.1522999999999999,1.15245,1.1516899999999999,1.15192,1332,0,0
2026-08-03 13:20:00,1.15192,1.15223,1.15184,1.15222,956,0,0
2026-08-03 13:25:00,1.15222,1.1524,1.15209,1.1522999999999999,772,0,0
2026-08-03 13:30:00,1.1522999999999999,1.15235,1.1520299999999999,1.15229,900,0,0
2026-08-03 13:35:00,1.15229,1.15238,1.15217,1.15227,831,0,0
2026-08-03 13:40:00,1.15227,1.15228,1.15206,1.1521,774,0,0
2026-08-03 13:45:00,1.1521,1.15217,1.15199,1.15215,654,0,0
2026-08-03 13:50:00,1.15214,1.15247,1.15208,1.15227,1032,0,0
2026-08-03 13:55:00,1.15227,1.15243,1.1522000000000001,1.15223,958,0,0
2026-08-03 14:00:00,1.15222,1.15263,1.15219,1.15253,1234,0,0
2026-08-03 14:05:00,1.1525400000000001,1.15269,1.15249,1.15258,677,0,0
2026-08-03 14:10:00,1.15258,1.15268,1.15252,1.15255,668,0,0
2026-08-03 14:15:00,1.15255,1.15258,1.15238,1.15247,741,0,0
2026-08-03 14:20:00,1.15247,1.15252,1.15207,1.15208,889,0,0
2026-08-03 14:25:00,1.15208,1.15232,1.15207,1.15219,843,0,0
2026-08-03 14:30:00,1.1522000000000001,1.15261,1.15213,1.15253,862,0,0
2026-08-03 14:35:00,1.15253,1.15255,1.15233,1.15242,621,0,0
2026-08-03 14:40:00,1.15242,1.1526,1.15239,1.15257,685,0,0
2026-08-03 14:45:00,1.15257,1.15283,1.15257,1.1528100000000001,619,0,0
2026-08-03 14:50:00,1.1528100000000001,1.15296,1.1527,1.15285,1144,0,0
2026-08-03 14:55:00,1.15284,1.15326,1.15282,1.15324,1048,0,0
2026-08-03 15:00:00,1.15324,1.15344,1.15314,1.15334,1249,0,0
2026-08-03 15:05:00,1.15334,1.1535199999999999,1.15322,1.15343,1162,0,0
2026-08-03 15:10:00,1.15343,1.1535199999999999,1.15306,1.15314,1360,0,0
2026-08-03 15:15:00,1.15314,1.15333,1.15297,1.15305,1145,0,0
2026-08-03 15:20:00,1.15305,1.15318,1.1529,1.15306,1120,0,0
2026-08-03 15:25:00,1.15306,1.15316,1.15293,1.15298,937,0,0
2026-08-03 15:30:00,1.15298,1.15333,1.15293,1.15329,1081,0,0
2026-08-03 15:35:00,1.15329,1.1533,1.15261,1.1528,1171,0,0
2026-08-03 15:40:00,1.1528,1.15285,1.15239,1.15245,1132,0,0
2026-08-03 15:45:00,1.15245,1.1525400000000001,1.15233,1.15239,1186,0,0
2026-08-03 15:50:00,1.15239,1.15272,1.15226,1.15266,1235,0,0
2026-08-03 15:55:00,1.15265,1.1529099999999999,1.1525400000000001,1.1528,1242,0,0
2026-08-03 16:00:00,1.1528,1.15313,1.1528,1.15312,1734,0,0
2026-08-03 16:05:00,1.15312,1.15322,1.15283,1.15312,1365,0,0
2026-08-03 16:10:00,1.15311,1.15337,1.15289,1.15294,1238,0,0
2026-08-03 16:15:00,1.15295,1.15301,1.15263,1.15276,1308,0,0
2026-08-03 16:20:00,1.15276,1.15306,1.15249,1.15261,1749,0,0
2026-08-03 16:25:00,1.15261,1.15317,1.15248,1.15316,1515,0,0
2026-08-03 16:30:00,1.15316,1.15353,1.15297,1.15302,2073,0,0
2026-08-03 16:35:00,1.15302,1.15316,1.1525400000000001,1.15267,1939,0,0
2026-08-03 16:40:00,1.15267,1.15295,1.15255,1.15274,1192,0,0
2026-08-03 16:45:00,1.15274,1.15307,1.15256,1.15268,1532,0,0
2026-08-03 16:50:00,1.15268,1.15287,1.15245,1.1525400000000001,1680,0,0
2026-08-03 16:55:00,1.15253,1.15272,1.15216,1.15271,1602,0,0
2026-08-03 17:00:00,1.15271,1.15276,1.15201,1.15215,1734,0,0
2026-08-03 17:05:00,1.15215,1.15248,1.15187,1.15187,1852,0,0
2026-08-03 17:10:00,1.15187,1.1521,1.15163,1.15163,1544,0,0
2026-08-03 17:15:00,1.15163,1.15232,1.15161,1.15164,1880,0,0
2026-08-03 17:20:00,1.15164,1.15209,1.15163,1.15189,1513,0,0
2026-08-03 17:25:00,1.15189,1.15196,1.15145,1.15151,1493,0,0
2026-08-03 17:30:00,1.15151,1.15177,1.15144,1.15171,1556,0,0
2026-08-03 17:35:00,1.1517,1.1518,1.15145,1.15152,1397,0,0
2026-08-03 17:40:00,1.15152,1.15154,1.15101,1.15136,1612,0,0
2026-08-03 17:45:00,1.15137,1.15146,1.15113,1.15136,1624,0,0
2026-08-03 17:50:00,1.15135,1.15163,1.15112,1.15135,1850,0,0
2026-08-03 17:55:00,1.15135,1.1516,1.1512,1.15141,1999,0,0
2026-08-03 18:00:00,1.1514199999999999,1.15143,1.15077,1.15079,1863,0,0
2026-08-03 18:05:00,1.15079,1.15113,1.15052,1.1506,1825,0,0
2026-08-03 18:10:00,1.1506,1.15067,1.15023,1.15034,1478,0,0
2026-08-03 18:15:00,1.15034,1.15052,1.15028,1.15051,1139,0,0
2026-08-03 18:20:00,1.15052,1.15073,1.1504,1.15065,1192,0,0
2026-08-03 18:25:00,1.15065,1.15067,1.15028,1.15041,1574,0,0
2026-08-03 18:30:00,1.15041,1.15057,1.15004,1.15048,1681,0,0
2026-08-03 18:35:00,1.15048,1.15059,1.15008,1.15041,1385,0,0
2026-08-03 18:40:00,1.15041,1.15052,1.15028,1.15033,1162,0,0
2026-08-03 18:45:00,1.15033,1.15059,1.15032,1.15048,1329,0,0
2026-08-03 18:50:00,1.1504699999999999,1.1508,1.15043,1.15078,1179,0,0
2026-08-03 18:55:00,1.15078,1.1509800000000001,1.1507,1.15095,988,0,0
2026-08-03 19:00:00,1.15095,1.15105,1.15083,1.15091,1078,0,0
2026-08-03 19:05:00,1.15091,1.151,1.15058,1.15089,866,0,0
2026-08-03 19:10:00,1.15089,1.15105,1.15072,1.15082,1167,0,0
2026-08-03 19:15:00,1.15084,1.1509,1.15046,1.15054,1287,0,0
2026-08-03 19:20:00,1.15055,1.15078,1.15055,1.1507100000000001,778,0,0
2026-08-03 19:25:00,1.15072,1.15089,1.15056,1.15056,1077,0,0
2026-08-03 19:30:00,1.15056,1.15072,1.15043,1.15065,1081,0,0
2026-08-03 19:35:00,1.15065,1.15074,1.15058,1.15074,702,0,0
2026-08-03 19:40:00,1.15074,1.15083,1.15065,1.15073,748,0,0
2026-08-03 19:45:00,1.15073,1.15076,1.15051,1.15059,692,0,0
2026-08-03 19:50:00,1.15058,1.1508,1.15053,1.15075,830,0,0
2026-08-03 19:55:00,1.15075,1.15086,1.15061,1.15069,793,0,0
2026-08-03 20:00:00,1.15069,1.1507,1.15039,1.15045,965,0,0
2026-08-03 20:05:00,1.15045,1.15057,1.15035,1.15038,646,0,0
2026-08-03 20:10:00,1.15038,1.15042,1.15031,1.15038,608,0,0
2026-08-03 20:15:00,1.15038,1.15038,1.15019,1.15029,716,0,0
2026-08-03 20:20:00,1.15029,1.15039,1.15026,1.1503,802,0,0
2026-08-03 20:25:00,1.1503,1.15039,1.15028,1.15035,652,0,0
2026-08-03 20:30:00,1.15035,1.15049,1.15031,1.15044,639,0,0
2026-08-03 20:35:00,1.15044,1.1504699999999999,1.15028,1.15033,382,0,0
2026-08-03 20:40:00,1.15035,1.15044,1.15031,1.15038,514,0,0
2026-08-03 20:45:00,1.1504,1.15061,1.15038,1.15049,618,0,0
2026-08-03 20:50:00,1.1505,1.15051,1.15027,1.15031,612,0,0
2026-08-03 20:55:00,1.1503,1.15036,1.15013,1.15021,647,0,0
2026-08-03 21:00:00,1.15021,1.15031,1.15014,1.15027,989,0,0
2026-08-03 21:05:00,1.15027,1.15057,1.15024,1.15057,795,0,0
2026-08-03 21:10:00,1.15057,1.15066,1.15045,1.15052,852,0,0
2026-08-03 21:15:00,1.15052,1.1509800000000001,1.15051,1.15094,691,0,0
2026-08-03 21:20:00,1.15094,1.15103,1.15088,1.15089,875,0,0
2026-08-03 21:25:00,1.15089,1.15103,1.15086,1.15096,750,0,0
2026-08-03 21:30:00,1.15096,1.15107,1.15093,1.15095,748,0,0
2026-08-03 21:35:00,1.15095,1.15102,1.15084,1.1509,710,0,0
2026-08-03 21:40:00,1.1509,1.15123,1.15088,1.15118,775,0,0
2026-08-03 21:45:00,1.15118,1.15131,1.15112,1.15129,679,0,0
2026-08-03 21:50:00,1.15129,1.15146,1.15124,1.1514,876,0,0
2026-08-03 21:55:00,1.1514,1.15148,1.15126,1.15138,1044,0,0
2026-08-03 22:00:00,1.15136,1.15148,1.15128,1.15145,1001,0,0
2026-08-03 22:05:00,1.15145,1.15148,1.15126,1.15134,616,0,0
2026-08-03 22:10:00,1.15134,1.1514199999999999,1.15128,1.15136,593,0,0
2026-08-03 22:15:00,1.15136,1.1514,1.15122,1.15126,494,0,0
2026-08-03 22:20:00,1.15125,1.15133,1.15122,1.15131,557,0,0
2026-08-03 22:25:00,1.1513,1.15135,1.15123,1.15124,496,0,0
2026-08-03 22:30:00,1.15124,1.15126,1.1510799999999999,1.15124,551,0,0
2026-08-03 22:35:00,1.15124,1.15131,1.15118,1.15121,406,0,0
2026-08-03 22:40:00,1.15121,1.15131,1.15118,1.15126,589,0,0
2026-08-03 22:45:00,1.15127,1.1513,1.15114,1.1513,599,0,0
2026-08-03 22:50:00,1.1513,1.1513,1.15116,1.15117,547,0,0
2026-08-03 22:55:00,1.15117,1.1512,1.15094,1.15103,878,0,0
2026-08-03 23:00:00,1.15103,1.1511,1.15091,1.15105,738,0,0
2026-08-03 23:05:00,1.15105,1.15106,1.15091,1.15096,509,0,0
2026-08-03 23:10:00,1.15096,1.15102,1.15068,1.15075,611,0,0
2026-08-03 23:15:00,1.15075,1.15077,1.15063,1.15075,352,0,0
2026-08-03 23:20:00,1.15075,1.15093,1.15067,1.15091,334,0,0
2026-08-03 23:25:00,1.15091,1.15091,1.15062,1.15073,488,0,0
2026-08-03 23:30:00,1.15073,1.15094,1.1507100000000001,1.15092,374,0,0
2026-08-03 23:35:00,1.15092,1.15099,1.15084,1.15089,400,0,0
2026-08-03 23:40:00,1.15089,1.15097,1.15084,1.15092,283,0,0
2026-08-03 23:45:00,1.15092,1.1509800000000001,1.15088,1.15093,305,0,0
2026-08-03 23:50:00,1.15093,1.15095,1.15078,1.15083,323,0,0
2026-08-03 23:55:00,1.15083,1.15093,1.1508099999999999,1.15084,475,0,0
2026-08-04 00:00:00,1.15075,1.15148,1.15075,1.1513200000000001,102,0,0
2026-08-04 00:05:00,1.1513200000000001,1.15134,1.1512,1.15127,84,0,0
2026-08-04 00:10:00,1.15107,1.15113,1.15072,1.15072,112,0,0
2026-08-04 00:15:00,1.15072,1.151,1.15065,1.15094,132,0,0
2026-08-04 00:20:00,1.15094,1.15111,1.15085,1.15099,52,0,0
2026-08-04 00:25:00,1.15099,1.15107,1.15091,1.15104,23,0,0
2026-08-04 00:30:00,1.15104,1.1510799999999999,1.15093,1.151,128,0,0
2026-08-04 00:35:00,1.15101,1.15105,1.15082,1.15091,131,0,0
2026-08-04 00:40:00,1.15091,1.1511,1.15085,1.15094,169,0,0
2026-08-04 00:45:00,1.15094,1.15101,1.15091,1.15092,111,0,0
2026-08-04 00:50:00,1.15092,1.15122,1.15084,1.15091,110,0,0
2026-08-04 00:55:00,1.15091,1.15126,1.15091,1.15117,153,0,0
2026-08-04 01:00:00,1.15117,1.15123,1.15068,1.15075,350,0,0
2026-08-04 01:05:00,1.15075,1.1508,1.15072,1.1508,294,0,0
2026-08-04 01:10:00,1.15079,1.15085,1.15067,1.15073,395,0,0
2026-08-04 01:15:00,1.15074,1.15085,1.15069,1.15078,390,0,0
2026-08-04 01:20:00,1.15078,1.1508099999999999,1.15075,1.15078,394,0,0
2026-08-04 01:25:00,1.15078,1.1508,1.15068,1.1507100000000001,287,0,0
2026-08-04 01:30:00,1.1507100000000001,1.15083,1.15066,1.15076,400,0,0
2026-08-04 01:35:00,1.15076,1.1508099999999999,1.1507100000000001,1.15074,395,0,0
2026-08-04 01:40:00,1.15073,1.15086,1.1507100000000001,1.15082,365,0,0
2026-08-04 01:45:00,1.15082,1.15088,1.15076,1.15086,371,0,0
2026-08-04 01:50:00,1.15085,1.15097,1.15083,1.15092,369,0,0
2026-08-04 01:55:00,1.15092,1.15092,1.15084,1.15089,246,0,0
2026-08-04 02:00:00,1.15089,1.15096,1.15082,1.15084,307,0,0
2026-08-04 02:05:00,1.15084,1.15095,1.15082,1.1509,332,0,0
2026-08-04 02:10:00,1.1509,1.15101,1.15088,1.15099,258,0,0
2026-08-04 02:15:00,1.15099,1.15105,1.15095,1.15097,244,0,0
2026-08-04 02:20:00,1.15097,1.151,1.15092,1.15092,251,0,0
2026-08-04 02:25:00,1.15093,1.15101,1.15091,1.15093,196,0,0
2026-08-04 02:30:00,1.15093,1.15096,1.15089,1.15094,252,0,0
2026-08-04 02:35:00,1.15094,1.15095,1.15076,1.15086,291,0,0
2026-08-04 02:40:00,1.15085,1.15086,1.15073,1.15078,512,0,0
2026-08-04 02:45:00,1.15079,1.15082,1.15064,1.15077,905,0,0
2026-08-04 02:50:00,1.15075,1.15082,1.15063,1.15066,659,0,0
2026-08-04 02:55:00,1.15066,1.15075,1.15064,1.15069,636,0,0
2026-08-04 03:00:00,1.1507,1.15115,1.1507,1.15103,1541,0,0
2026-08-04 03:05:00,1.15103,1.1513,1.15092,1.1513,758,0,0
2026-08-04 03:10:00,1.1513,1.15139,1.15091,1.1509800000000001,933,0,0
2026-08-04 03:15:00,1.15099,1.15114,1.15094,1.15111,715,0,0
2026-08-04 03:20:00,1.15111,1.15125,1.15106,1.1512,993,0,0
2026-08-04 03:25:00,1.1512,1.15127,1.15113,1.15117,720,0,0
2026-08-04 03:30:00,1.15118,1.15141,1.15109,1.15136,709,0,0
2026-08-04 03:35:00,1.15135,1.15152,1.15127,1.15144,637,0,0
2026-08-04 03:40:00,1.15144,1.15147,1.15121,1.15126,702,0,0
2026-08-04 03:45:00,1.15126,1.15128,1.15094,1.1509800000000001,807,0,0
2026-08-04 03:50:00,1.1509800000000001,1.1511,1.15083,1.1509800000000001,1048,0,0
2026-08-04 03:55:00,1.1509800000000001,1.151,1.15048,1.15057,1061,0,0
2026-08-04 04:00:00,1.15057,1.15057,1.15022,1.15042,1171,0,0
2026-08-04 04:05:00,1.15042,1.15051,1.15032,1.15039,943,0,0
2026-08-04 04:10:00,1.15039,1.1506,1.1503700000000001,1.1505,769,0,0
2026-08-04 04:15:00,1.1505,1.15087,1.15048,1.15084,811,0,0
2026-08-04 04:20:00,1.15084,1.15093,1.15074,1.15088,603,0,0
2026-08-04 04:25:00,1.15088,1.15095,1.15078,1.15083,778,0,0
2026-08-04 04:30:00,1.15083,1.15124,1.15082,1.15119,1041,0,0
2026-08-04 04:35:00,1.15119,1.15124,1.15107,1.15122,749,0,0
2026-08-04 04:40:00,1.15121,1.15146,1.15117,1.15143,836,0,0
2026-08-04 04:45:00,1.15143,1.15147,1.15129,1.15129,711,0,0
2026-08-04 04:50:00,1.15129,1.15139,1.1512,1.15134,739,0,0
2026-08-04 04:55:00,1.15135,1.1514199999999999,1.15122,1.15123,675,0,0
2026-08-04 05:00:00,1.15123,1.15139,1.15097,1.1509800000000001,975,0,0
2026-08-04 05:05:00,1.1509800000000001,1.15126,1.15094,1.15118,711,0,0
2026-08-04 05:10:00,1.15118,1.15137,1.15107,1.15123,697,0,0
2026-08-04 05:15:00,1.15123,1.15131,1.15119,1.1512,503,0,0
2026-08-04 05:20:00,1.1512,1.15125,1.15092,1.15092,581,0,0
2026-08-04 05:25:00,1.15092,1.15103,1.15078,1.15095,797,0,0
2026-08-04 05:30:00,1.15093,1.15102,1.15087,1.15099,604,0,0
2026-08-04 05:35:00,1.151,1.15121,1.15094,1.15114,540,0,0
2026-08-04 05:40:00,1.15114,1.15118,1.15103,1.15113,587,0,0
2026-08-04 05:45:00,1.15113,1.15127,1.15111,1.15117,604,0,0
2026-08-04 05:50:00,1.15117,1.15122,1.15105,1.15107,562,0,0
2026-08-04 05:55:00,1.15107,1.1510799999999999,1.15077,1.1508099999999999,693,0,0
2026-08-04 06:00:00,1.1508099999999999,1.15114,1.15079,1.15089,696,0,0
2026-08-04 06:05:00,1.15089,1.15092,1.15076,1.15089,594,0,0
2026-08-04 06:10:00,1.15089,1.15101,1.15088,1.15093,520,0,0
2026-08-04 06:15:00,1.15093,1.15113,1.15092,1.15107,522,0,0
2026-08-04 06:20:00,1.15107,1.15122,1.15105,1.15119,659,0,0
2026-08-04 06:25:00,1.15119,1.15127,1.15115,1.15122,634,0,0
2026-08-04 06:30:00,1.15122,1.15129,1.15112,1.15123,643,0,0
2026-08-04 06:35:00,1.15122,1.1514199999999999,1.15092,1.15092,961,0,0
2026-08-04 06:40:00,1.15092,1.15094,1.15075,1.15084,831,0,0
2026-08-04 06:45:00,1.15084,1.15093,1.15079,1.15088,491,0,0
2026-08-04 06:50:00,1.15088,1.15101,1.15086,1.15097,552,0,0
2026-08-04 06:55:00,1.15097,1.15099,1.15076,1.1508,486,0,0
2026-08-04 07:00:00,1.1508,1.15088,1.1507100000000001,1.15076,584,0,0
2026-08-04 07:05:00,1.15076,1.15078,1.15061,1.1507100000000001,519,0,0
2026-08-04 07:10:00,1.1507100000000001,1.15075,1.15058,1.1507,385,0,0
2026-08-04 07:15:00,1.15068,1.15082,1.15066,1.15076,447,0,0
2026-08-04 07:20:00,1.15076,1.15084,1.15072,1.15082,505,0,0
2026-08-04 07:25:00,1.15082,1.15089,1.15076,1.1508099999999999,408,0,0
2026-08-04 07:30:00,1.1508099999999999,1.15095,1.1508099999999999,1.15088,377,0,0
2026-08-04 07:35:00,1.15088,1.15095,1.15083,1.15093,409,0,0
2026-08-04 07:40:00,1.15092,1.15101,1.15087,1.15091,374,0,0
2026-08-04 07:45:00,1.1509,1.15105,1.1509,1.15095,549,0,0
2026-08-04 07:50:00,1.15095,1.15104,1.15085,1.15103,567,0,0
2026-08-04 07:55:00,1.15102,1.15112,1.151,1.15104,482,0,0
2026-08-04 08:00:00,1.15104,1.15106,1.15089,1.1509800000000001,519,0,0
2026-08-04 08:05:00,1.15097,1.15105,1.15086,1.15088,400,0,0
2026-08-04 08:10:00,1.15088,1.15093,1.15069,1.15072,458,0,0
2026-08-04 08:15:00,1.15072,1.1508,1.1507,1.15078,531,0,0
2026-08-04 08:20:00,1.15078,1.15088,1.15069,1.15087,572,0,0
2026-08-04 08:25:00,1.15087,1.151,1.15084,1.15093,607,0,0
2026-08-04 08:30:00,1.15093,1.15105,1.15078,1.15082,603,0,0
2026-08-04 08:35:00,1.15082,1.15085,1.15061,1.15065,640,0,0
2026-08-04 08:40:00,1.15065,1.15068,1.15053,1.15054,564,0,0
2026-08-04 08:45:00,1.15054,1.15057,1.15038,1.15052,614,0,0
2026-08-04 08:50:00,1.15052,1.15057,1.15044,1.15045,509,0,0
2026-08-04 08:55:00,1.15045,1.15075,1.15045,1.15074,929,0,0
2026-08-04 09:00:00,1.15074,1.15077,1.15048,1.15051,1272,0,0
2026-08-04 09:05:00,1.15051,1.15067,1.1504699999999999,1.15065,861,0,0
2026-08-04 09:10:00,1.15065,1.15078,1.15042,1.15076,1112,0,0
2026-08-04 09:15:00,1.15077,1.15086,1.15059,1.15068,1220,0,0
2026-08-04 09:20:00,1.15067,1.151,1.15066,1.15094,832,0,0
2026-08-04 09:25:00,1.15094,1.15105,1.15059,1.15061,956,0,0
2026-08-04 09:30:00,1.1506,1.15082,1.15055,1.15076,995,0,0
2026-08-04 09:35:00,1.15076,1.15083,1.15053,1.15053,932,0,0
2026-08-04 09:40:00,1.15053,1.1506,1.1503700000000001,1.15046,937,0,0
2026-08-04 09:45:00,1.15045,1.15072,1.15038,1.15065,1031,0,0
2026-08-04 09:50:00,1.15065,1.15067,1.1504,1.15042,780,0,0
2026-08-04 09:55:00,1.15042,1.15077,1.15038,1.15075,985,0,0
2026-08-04 10:00:00,1.15075,1.15101,1.15063,1.15097,1256,0,0
2026-08-04 10:05:00,1.1509800000000001,1.15107,1.15062,1.15092,1116,0,0
2026-08-04 10:10:00,1.15092,1.151,1.15085,1.15092,660,0,0
2026-08-04 10:15:00,1.15092,1.15131,1.15086,1.15127,899,0,0
2026-08-04 10:20:00,1.15127,1.15172,1.15123,1.15167,999,0,0
2026-08-04 10:25:00,1.15167,1.15172,1.15125,1.15126,1127,0,0
2026-08-04 10:30:00,1.15126,1.1514199999999999,1.15106,1.15141,1122,0,0
2026-08-04 10:35:00,1.15141,1.1515,1.151,1.15118,1059,0,0
2026-08-04 10:40:00,1.15118,1.1513200000000001,1.1509800000000001,1.151,718,0,0
2026-08-04 10:45:00,1.15099,1.15107,1.15087,1.15093,867,0,0
2026-08-04 10:50:00,1.15093,1.1513200000000001,1.15089,1.15124,907,0,0
2026-08-04 10:55:00,1.15124,1.15129,1.15103,1.1510799999999999,880,0,0
2026-08-04 11:00:00,1.1510799999999999,1.15138,1.15105,1.15125,1024,0,0
2026-08-04 11:05:00,1.15125,1.15145,1.1511,1.15123,1141,0,0
2026-08-04 11:10:00,1.15123,1.15124,1.15088,1.15096,847,0,0
2026-08-04 11:15:00,1.15096,1.15106,1.15087,1.15097,662,0,0
2026-08-04 11:20:00,1.15097,1.15113,1.15087,1.15096,853,0,0
2026-08-04 11:25:00,1.15095,1.15124,1.15078,1.15119,1002,0,0
2026-08-04 11:30:00,1.1512,1.1512,1.15063,1.15078,1124,0,0
2026-08-04 11:35:00,1.15078,1.1509,1.15063,1.15087,813,0,0
2026-08-04 11:40:00,1.15087,1.1511,1.15083,1.15095,815,0,0
2026-08-04 11:45:00,1.15095,1.1509800000000001,1.15064,1.15089,855,0,0
2026-08-04 11:50:00,1.15089,1.15096,1.15074,1.15079,671,0,0
2026-08-04 11:55:00,1.15079,1.15086,1.15063,1.15079,904,0,0
2026-08-04 12:00:00,1.15078,1.15083,1.15057,1.15062,854,0,0
2026-08-04 12:05:00,1.15062,1.15067,1.15034,1.15051,933,0,0
2026-08-04 12:10:00,1.15052,1.15077,1.1504,1.1507,808,0,0
2026-08-04 12:15:00,1.1507,1.1508099999999999,1.15068,1.15072,950,0,0
2026-08-04 12:20:00,1.15072,1.15093,1.1507,1.15087,1002,0,0
2026-08-04 12:25:00,1.15087,1.15113,1.1508,1.15106,830,0,0
2026-08-04 12:30:00,1.15104,1.15113,1.15083,1.1510799999999999,995,0,0
2026-08-04 12:35:00,1.1510799999999999,1.15113,1.15079,1.1508099999999999,881,0,0
2026-08-04 12:40:00,1.15082,1.15092,1.15074,1.1508099999999999,606,0,0
2026-08-04 12:45:00,1.1508099999999999,1.15092,1.15066,1.15083,730,0,0
2026-08-04 12:50:00,1.15084,1.15085,1.15055,1.15065,708,0,0
2026-08-04 12:55:00,1.15066,1.15082,1.15061,1.1508099999999999,853,0,0
2026-08-04 13:00:00,1.1508,1.151,1.15076,1.15087,1128,0,0
2026-08-04 13:05:00,1.15088,1.15101,1.1508,1.15091,858,0,0
2026-08-04 13:10:00,1.15091,1.15112,1.15088,1.15101,791,0,0
2026-08-04 13:15:00,1.15101,1.15102,1.15079,1.15082,851,0,0
2026-08-04 13:20:00,1.15082,1.15101,1.1508,1.15092,747,0,0
2026-08-04 13:25:00,1.15093,1.15107,1.15085,1.15097,811,0,0
2026-08-04 13:30:00,1.15096,1.15111,1.15091,1.15095,924,0,0
2026-08-04 13:35:00,1.15095,1.1510799999999999,1.15086,1.15101,725,0,0
2026-08-04 13:40:00,1.15101,1.15176,1.15095,1.15143,1158,0,0
2026-08-04 13:45:00,1.15143,1.1519,1.15139,1.15156,2205,0,0
2026-08-04 13:50:00,1.15157,1.15157,1.15136,1.1514,1050,0,0
2026-08-04 13:55:00,1.1514,1.15155,1.15127,1.15141,1082,0,0
2026-08-04 14:00:00,1.15141,1.15145,1.15115,1.15124,1015,0,0
2026-08-04 14:05:00,1.15125,1.15148,1.1512,1.15145,966,0,0
2026-08-04 14:10:00,1.15145,1.15165,1.15138,1.15164,798,0,0
2026-08-04 14:15:00,1.15164,1.1518,1.15158,1.15172,880,0,0
2026-08-04 14:20:00,1.15172,1.15199,1.15172,1.15184,871,0,0
2026-08-04 14:25:00,1.15184,1.15201,1.15179,1.15199,1041,0,0
2026-08-04 14:30:00,1.15201,1.15211,1.15183,1.15185,1515,0,0
2026-08-04 14:35:00,1.15185,1.15224,1.15182,1.1522000000000001,1105,0,0
2026-08-04 14:40:00,1.15219,1.15236,1.15174,1.15229,2067,0,0
2026-08-04 14:45:00,1.15229,1.15229,1.15178,1.15185,1572,0,0
2026-08-04 14:50:00,1.15185,1.15195,1.15152,1.1515900000000001,1302,0,0
2026-08-04 14:55:00,1.1515900000000001,1.15197,1.15149,1.15162,1899,0,0
2026-08-04 15:00:00,1.15163,1.15184,1.15156,1.15168,1691,0,0
2026-08-04 15:05:00,1.15168,1.15187,1.1514199999999999,1.15145,1432,0,0
2026-08-04 15:10:00,1.15146,1.1515900000000001,1.15137,1.1514199999999999,1135,0,0
2026-08-04 15:15:00,1.15143,1.15153,1.15134,1.15144,1139,0,0
2026-08-04 15:20:00,1.15144,1.15171,1.15137,1.15171,881,0,0
2026-08-04 15:25:00,1.15171,1.1518,1.1514199999999999,1.15143,801,0,0
2026-08-04 15:30:00,1.15143,1.15202,1.15143,1.15197,848,0,0
2026-08-04 15:35:00,1.15197,1.15222,1.15195,1.15212,1208,0,0
2026-08-04 15:40:00,1.15213,1.15234,1.15209,1.15217,986,0,0
2026-08-04 15:45:00,1.15217,1.15219,1.15186,1.1519300000000001,917,0,0
2026-08-04 15:50:00,1.15194,1.15195,1.15157,1.15158,822,0,0
2026-08-04 15:55:00,1.15158,1.1517,1.15145,1.15148,781,0,0
2026-08-04 16:00:00,1.15148,1.15153,1.15109,1.15113,1147,0,0
2026-08-04 16:05:00,1.15113,1.1513200000000001,1.15109,1.15124,883,0,0
2026-08-04 16:10:00,1.15126,1.15146,1.15122,1.15128,737,0,0
2026-08-04 16:15:00,1.15128,1.15136,1.15097,1.1509800000000001,1014,0,0
2026-08-04 16:20:00,1.1509800000000001,1.15196,1.15093,1.15164,2912,0,0
2026-08-04 16:25:00,1.15164,1.15192,1.15151,1.15155,1623,0,0
2026-08-04 16:30:00,1.15155,1.15195,1.15148,1.15195,1976,0,0
2026-08-04 16:35:00,1.15195,1.1525,1.15188,1.1525,1757,0,0
2026-08-04 16:40:00,1.1525,1.15252,1.15214,1.15233,1754,0,0
2026-08-04 16:45:00,1.15233,1.15262,1.15212,1.15238,1425,0,0
2026-08-04 16:50:00,1.15238,1.15248,1.15228,1.15238,1411,0,0
2026-08-04 16:55:00,1.15238,1.15249,1.15215,1.15237,1283,0,0
2026-08-04 17:00:00,1.15237,1.15261,1.15221,1.15255,1370,0,0
2026-08-04 17:05:00,1.15255,1.15287,1.15238,1.1528100000000001,1389,0,0
2026-08-04 17:10:00,1.15282,1.15305,1.15278,1.15297,1247,0,0
2026-08-04 17:15:00,1.15297,1.15309,1.15273,1.15275,1404,0,0
2026-08-04 17:20:00,1.15275,1.15293,1.15263,1.15283,1313,0,0
2026-08-04 17:25:00,1.15283,1.15289,1.1526399999999999,1.15269,1090,0,0
2026-08-04 17:30:00,1.1527,1.15286,1.15257,1.15268,1074,0,0
2026-08-04 17:35:00,1.15268,1.15287,1.15233,1.1526399999999999,1476,0,0
2026-08-04 17:40:00,1.1526399999999999,1.15286,1.15232,1.15233,1088,0,0
2026-08-04 17:45:00,1.15233,1.15234,1.15189,1.15212,1173,0,0
2026-08-04 17:50:00,1.15212,1.15246,1.15201,1.15221,1639,0,0
2026-08-04 17:55:00,1.15222,1.15235,1.15196,1.15232,1593,0,0
2026-08-04 18:00:00,1.15232,1.15255,1.15216,1.15248,1645,0,0
2026-08-04 18:05:00,1.15248,1.1525400000000001,1.15213,1.15219,1261,0,0
2026-08-04 18:10:00,1.15219,1.15224,1.15184,1.15184,1246,0,0
2026-08-04 18:15:00,1.15184,1.15185,1.1514,1.1514199999999999,1308,0,0
2026-08-04 18:20:00,1.1514199999999999,1.15173,1.1514199999999999,1.15171,988,0,0
2026-08-04 18:25:00,1.15171,1.15181,1.15163,1.15178,795,0,0
2026-08-04 18:30:00,1.15178,1.1519,1.15158,1.15172,1110,0,0
2026-08-04 18:35:00,1.15172,1.15227,1.15134,1.15208,1816,0,0
2026-08-04 18:40:00,1.15208,1.15215,1.15198,1.15212,1090,0,0
2026-08-04 18:45:00,1.15212,1.15227,1.15202,1.15218,919,0,0
2026-08-04 18:50:00,1.15218,1.1525,1.15212,1.15248,784,0,0
2026-08-04 18:55:00,1.15248,1.15267,1.15239,1.15262,882,0,0
2026-08-04 19:00:00,1.15262,1.15267,1.15233,1.15233,858,0,0
2026-08-04 19:05:00,1.15234,1.15236,1.15208,1.15222,633,0,0
2026-08-04 19:10:00,1.15222,1.15255,1.15216,1.15217,618,0,0
2026-08-04 19:15:00,1.15217,1.15219,1.15195,1.15209,655,0,0
2026-08-04 19:20:00,1.15209,1.15224,1.15206,1.15207,611,0,0
2026-08-04 19:25:00,1.15207,1.15215,1.1519300000000001,1.15195,510,0,0
2026-08-04 19:30:00,1.15194,1.15199,1.15174,1.15178,495,0,0
2026-08-04 19:35:00,1.15177,1.15179,1.15166,1.1517,528,0,0
2026-08-04 19:40:00,1.1517,1.15188,1.1517,1.15187,495,0,0
2026-08-04 19:45:00,1.15188,1.15196,1.15168,1.1518,587,0,0
2026-08-04 19:50:00,1.1518,1.15188,1.15164,1.15171,590,0,0
2026-08-04 19:55:00,1.15171,1.15191,1.15165,1.15186,728,0,0
2026-08-04 20:00:00,1.15186,1.15223,1.15186,1.15219,922,0,0
2026-08-04 20:05:00,1.15219,1.15226,1.15211,1.15212,678,0,0
2026-08-04 20:10:00,1.15211,1.15225,1.15204,1.15222,810,0,0
2026-08-04 20:15:00,1.15222,1.15225,1.15197,1.15211,874,0,0
2026-08-04 20:20:00,1.15211,1.15226,1.15197,1.15208,619,0,0
2026-08-04 20:25:00,1.15208,1.15226,1.15207,1.15209,581,0,0
2026-08-04 20:30:00,1.15208,1.15216,1.15204,1.15213,578,0,0
2026-08-04 20:35:00,1.15213,1.15229,1.15212,1.15227,483,0,0
2026-08-04 20:40:00,1.15227,1.15259,1.15227,1.15255,712,0,0
2026-08-04 20:45:00,1.15256,1.15263,1.15247,1.1526,485,0,0
2026-08-04 20:50:00,1.15259,1.15261,1.15242,1.15247,590,0,0
2026-08-04 20:55:00,1.15247,1.15266,1.15241,1.15241,923,0,0
2026-08-04 21:00:00,1.15241,1.15252,1.15238,1.15249,810,0,0
2026-08-04 21:05:00,1.1525,1.15268,1.1525,1.15252,809,0,0
2026-08-04 21:10:00,1.15252,1.15252,1.15232,1.15244,977,0,0
2026-08-04 21:15:00,1.15242,1.15245,1.15227,1.15236,556,0,0
2026-08-04 21:20:00,1.15236,1.15257,1.15232,1.15253,682,0,0
2026-08-04 21:25:00,1.15253,1.15257,1.15243,1.15248,343,0,0
2026-08-04 21:30:00,1.15248,1.15258,1.15242,1.1525,661,0,0
2026-08-04 21:35:00,1.1525,1.15261,1.15249,1.15259,496,0,0
2026-08-04 21:40:00,1.15259,1.15274,1.15249,1.15272,654,0,0
2026-08-04 21:45:00,1.15274,1.1528,1.15269,1.15275,498,0,0
2026-08-04 21:50:00,1.15274,1.15327,1.15273,1.15312,1153,0,0
2026-08-04 21:55:00,1.15312,1.15339,1.1531,1.15329,948,0,0
2026-08-04 22:00:00,1.15329,1.15335,1.15311,1.15312,1209,0,0
2026-08-04 22:05:00,1.15312,1.15336,1.15312,1.15328,746,0,0
2026-08-04 22:10:00,1.15328,1.15333,1.15307,1.15309,568,0,0
2026-08-04 22:15:00,1.15309,1.15316,1.15302,1.15304,716,0,0
2026-08-04 22:20:00,1.15304,1.1531,1.15297,1.15303,698,0,0
2026-08-04 22:25:00,1.15303,1.1532499999999999,1.15299,1.15323,541,0,0
2026-08-04 22:30:00,1.15323,1.15329,1.15305,1.15309,604,0,0
2026-08-04 22:35:00,1.15309,1.15322,1.15302,1.15318,607,0,0
2026-08-04 22:40:00,1.15318,1.15321,1.1531,1.15314,429,0,0
2026-08-04 22:45:00,1.15313,1.15316,1.15304,1.15313,550,0,0
2026-08-04 22:50:00,1.15314,1.15316,1.15295,1.15303,521,0,0
2026-08-04 22:55:00,1.15303,1.15317,1.15297,1.15308,802,0,0
2026-08-04 23:00:00,1.15307,1.15318,1.15305,1.15316,1065,0,0
2026-08-04 23:05:00,1.1531500000000001,1.15323,1.15309,1.1531500000000001,710,0,0
2026-08-04 23:10:00,1.1531500000000001,1.15322,1.15309,1.1531500000000001,678,0,0
2026-08-04 23:15:00,1.1531500000000001,1.15333,1.15313,1.1532,582,0,0
2026-08-04 23:20:00,1.1532,1.1534,1.15319,1.15333,432,0,0
2026-08-04 23:25:00,1.15333,1.15337,1.15322,1.15324,333,0,0
2026-08-04 23:30:00,1.15324,1.15329,1.15319,1.15324,298,0,0
2026-08-04 23:35:00,1.15324,1.15327,1.1531,1.15312,281,0,0
2026-08-04 23:40:00,1.15312,1.15317,1.15306,1.15309,328,0,0
2026-08-04 23:45:00,1.15309,1.15322,1.15305,1.15318,293,0,0
2026-08-04 23:50:00,1.15318,1.15323,1.15309,1.1532,411,0,0
2026-08-04 23:55:00,1.1532,1.15339,1.15313,1.1532,482,0,0
2026-08-05 00:00:00,1.1532,1.1532,1.15269,1.1528,90,0,0
2026-08-05 00:05:00,1.1528,1.15284,1.1528,1.15284,27,0,0
2026-08-05 00:10:00,1.15284,1.15288,1.15283,1.15283,35,0,0
2026-08-05 00:15:00,1.15283,1.15304,1.15283,1.15297,45,0,0
2026-08-05 00:20:00,1.15297,1.153,1.15287,1.15288,56,0,0
2026-08-05 00:25:00,1.15287,1.15299,1.15287,1.15295,45,0,0
2026-08-05 00:30:00,1.15294,1.1531500000000001,1.15293,1.15312,47,0,0
2026-08-05 00:35:00,1.15309,1.15317,1.15292,1.15292,150,0,0
2026-08-05 00:40:00,1.15292,1.15295,1.1529099999999999,1.15293,32,0,0
2026-08-05 00:45:00,1.15293,1.15297,1.1529099999999999,1.15296,29,0,0
2026-08-05 00:50:00,1.15296,1.153,1.1529,1.1529,56,0,0
2026-08-05 00:55:00,1.1529,1.15302,1.1529,1.15294,52,0,0
2026-08-05 01:00:00,1.15294,1.15313,1.15292,1.15304,256,0,0
2026-08-05 01:05:00,1.15303,1.15311,1.15298,1.15305,393,0,0
2026-08-05 01:10:00,1.15305,1.15314,1.15304,1.15312,539,0,0
2026-08-05 01:15:00,1.15314,1.15314,1.15305,1.15306,250,0,0
2026-08-05 01:20:00,1.15306,1.15309,1.15301,1.15307,267,0,0
2026-08-05 01:25:00,1.15307,1.1531,1.15302,1.15309,342,0,0
2026-08-05 01:30:00,1.15309,1.15321,1.15308,1.15321,355,0,0
2026-08-05 01:35:00,1.15321,1.15326,1.15317,1.15322,250,0,0
2026-08-05 01:40:00,1.15322,1.15327,1.15321,1.15322,242,0,0
2026-08-05 01:45:00,1.15323,1.15329,1.15307,1.15318,489,0,0
2026-08-05 01:50:00,1.15319,1.15327,1.15316,1.15322,325,0,0
2026-08-05 01:55:00,1.15323,1.1533,1.15319,1.15328,277,0,0
2026-08-05 02:00:00,1.15328,1.15329,1.15301,1.15316,494,0,0
2026-08-05 02:05:00,1.15316,1.15333,1.15314,1.15328,326,0,0
2026-08-05 02:10:00,1.15328,1.15329,1.1531500000000001,1.15321,272,0,0
2026-08-05 02:15:00,1.15321,1.15321,1.15308,1.15309,194,0,0
2026-08-05 02:20:00,1.15309,1.15314,1.15306,1.15308,148,0,0
2026-08-05 02:25:00,1.15309,1.15314,1.15302,1.15303,234,0,0
2026-08-05 02:30:00,1.15302,1.15312,1.15302,1.15307,203,0,0
2026-08-05 02:35:00,1.15307,1.15309,1.153,1.15308,203,0,0
2026-08-05 02:40:00,1.15308,1.15309,1.15298,1.15302,232,0,0
2026-08-05 02:45:00,1.15302,1.1531500000000001,1.15302,1.15313,237,0,0
2026-08-05 02:50:00,1.15313,1.15319,1.15306,1.15308,269,0,0
2026-08-05 02:55:00,1.15308,1.15327,1.15306,1.15322,436,0,0
2026-08-05 03:00:00,1.15322,1.15343,1.15313,1.15334,908,0,0
2026-08-05 03:05:00,1.15334,1.15348,1.15333,1.15336,641,0,0
2026-08-05 03:10:00,1.15336,1.15337,1.15319,1.15329,676,0,0
2026-08-05 03:15:00,1.15329,1.15343,1.15323,1.15329,927,0,0
2026-08-05 03:20:00,1.15329,1.15355,1.15327,1.15344,712,0,0
2026-08-05 03:25:00,1.15344,1.1535,1.1534,1.15345,700,0,0
2026-08-05 03:30:00,1.15345,1.15356,1.15339,1.15339,775,0,0
2026-08-05 03:35:00,1.15339,1.15345,1.15328,1.15344,487,0,0
2026-08-05 03:40:00,1.15344,1.15354,1.15323,1.15324,658,0,0
2026-08-05 03:45:00,1.15323,1.15328,1.15297,1.15298,822,0,0
2026-08-05 03:50:00,1.15298,1.15333,1.15296,1.15329,965,0,0
2026-08-05 03:55:00,1.15329,1.15334,1.15309,1.1531500000000001,941,0,0
2026-08-05 04:00:00,1.1531500000000001,1.15317,1.15288,1.15293,1136,0,0
2026-08-05 04:05:00,1.15293,1.15317,1.15292,1.1531500000000001,598,0,0
2026-08-05 04:10:00,1.1531500000000001,1.15317,1.15289,1.15301,636,0,0
2026-08-05 04:15:00,1.15303,1.15319,1.15301,1.1531500000000001,846,0,0
2026-08-05 04:20:00,1.1531500000000001,1.1531500000000001,1.15277,1.15277,840,0,0
2026-08-05 04:25:00,1.15278,1.15285,1.15268,1.15285,890,0,0
2026-08-05 04:30:00,1.15285,1.1529,1.15272,1.15284,923,0,0
2026-08-05 04:35:00,1.15283,1.15287,1.1527,1.15277,774,0,0
2026-08-05 04:40:00,1.15277,1.15282,1.15271,1.15282,539,0,0
2026-08-05 04:45:00,1.15282,1.15288,1.1527,1.15276,691,0,0
2026-08-05 04:50:00,1.15276,1.15289,1.15269,1.15276,682,0,0
2026-08-05 04:55:00,1.15276,1.15282,1.15268,1.15271,542,0,0
2026-08-05 05:00:00,1.15271,1.15311,1.15267,1.1529,1570,0,0
2026-08-05 05:05:00,1.1529099999999999,1.1531500000000001,1.15286,1.15299,1064,0,0
2026-08-05 05:10:00,1.15299,1.15303,1.15282,1.15298,1031,0,0
2026-08-05 05:15:00,1.15298,1.1531,1.1529099999999999,1.15309,750,0,0
2026-08-05 05:20:00,1.15309,1.15336,1.15306,1.15328,1071,0,0
2026-08-05 05:25:00,1.15328,1.15353,1.15327,1.15336,1049,0,0
2026-08-05 05:30:00,1.15336,1.15349,1.1533,1.15344,923,0,0
2026-08-05 05:35:00,1.15343,1.15378,1.15338,1.15364,1099,0,0
2026-08-05 05:40:00,1.15364,1.15407,1.15363,1.15405,1158,0,0
2026-08-05 05:45:00,1.15405,1.15407,1.15374,1.1537600000000001,820,0,0
2026-08-05 05:50:00,1.1537600000000001,1.15381,1.15363,1.15373,725,0,0
2026-08-05 05:55:00,1.15373,1.15379,1.15347,1.15348,774,0,0
2026-08-05 06:00:00,1.15348,1.15375,1.15346,1.15371,735,0,0
2026-08-05 06:05:00,1.15371,1.1540300000000001,1.15369,1.15402,657,0,0
2026-08-05 06:10:00,1.15402,1.15406,1.15393,1.15396,599,0,0
2026-08-05 06:15:00,1.15395,1.15404,1.15391,1.15392,600,0,0
2026-08-05 06:20:00,1.15391,1.15395,1.15385,1.15389,521,0,0
2026-08-05 06:25:00,1.15389,1.1539,1.15372,1.15377,481,0,0
2026-08-05 06:30:00,1.15377,1.15378,1.15362,1.1537,706,0,0
2026-08-05 06:35:00,1.1537,1.1537,1.15358,1.15361,484,0,0
2026-08-05 06:40:00,1.1536,1.15363,1.1535199999999999,1.15355,430,0,0
2026-08-05 06:45:00,1.15358,1.15369,1.15354,1.15365,518,0,0
2026-08-05 06:50:00,1.15365,1.1537600000000001,1.15365,1.1537,589,0,0
2026-08-05 06:55:00,1.1537,1.15378,1.1536,1.15372,605,0,0
2026-08-05 07:00:00,1.15372,1.15391,1.15372,1.15385,716,0,0
2026-08-05 07:05:00,1.15385,1.15395,1.15382,1.15388,665,0,0
2026-08-05 07:10:00,1.15389,1.15392,1.15382,1.15387,773,0,0
2026-08-05 07:15:00,1.15387,1.154,1.15381,1.15395,680,0,0
2026-08-05 07:20:00,1.15395,1.15404,1.15393,1.154,581,0,0
2026-08-05 07:25:00,1.154,1.1540300000000001,1.15391,1.15394,514,0,0
2026-08-05 07:30:00,1.15394,1.15401,1.15385,1.1538599999999999,569,0,0
2026-08-05 07:35:00,1.1538599999999999,1.15394,1.15373,1.15381,635,0,0
2026-08-05 07:40:00,1.15381,1.1539,1.15368,1.15371,894,0,0
2026-08-05 07:45:00,1.15371,1.15382,1.15365,1.15366,674,0,0
2026-08-05 07:50:00,1.15366,1.15372,1.15351,1.15353,561,0,0
2026-08-05 07:55:00,1.15353,1.15366,1.15346,1.15362,770,0,0
2026-08-05 08:00:00,1.15362,1.15363,1.15317,1.15322,942,0,0
2026-08-05 08:05:00,1.15322,1.15335,1.15321,1.15326,585,0,0
2026-08-05 08:10:00,1.15326,1.1534,1.15322,1.1534,447,0,0
2026-08-05 08:15:00,1.1534,1.15344,1.15331,1.1534200000000001,420,0,0
2026-08-05 08:20:00,1.1534200000000001,1.15345,1.15332,1.15341,418,0,0
2026-08-05 08:25:00,1.15341,1.15357,1.15339,1.15345,670,0,0
2026-08-05 08:30:00,1.15345,1.1537,1.15344,1.1535,630,0,0
2026-08-05 08:35:00,1.1535,1.15368,1.15347,1.15363,544,0,0
2026-08-05 08:40:00,1.15363,1.15367,1.15358,1.15359,595,0,0
2026-08-05 08:45:00,1.15359,1.15382,1.15357,1.15364,689,0,0
2026-08-05 08:50:00,1.15364,1.15371,1.15343,1.15355,594,0,0
2026-08-05 08:55:00,1.15354,1.15372,1.15354,1.15356,652,0,0
2026-08-05 09:00:00,1.15356,1.15372,1.15349,1.1537,1206,0,0
2026-08-05 09:05:00,1.1537,1.1537600000000001,1.15359,1.15367,783,0,0
2026-08-05 09:10:00,1.15366,1.1537600000000001,1.15362,1.15363,784,0,0
2026-08-05 09:15:00,1.15363,1.15364,1.15323,1.15341,1434,0,0
2026-08-05 09:20:00,1.15341,1.15357,1.15332,1.15344,1007,0,0
2026-08-05 09:25:00,1.15344,1.15354,1.15336,1.15354,771,0,0
2026-08-05 09:30:00,1.15354,1.15354,1.1532499999999999,1.15351,1301,0,0
2026-08-05 09:35:00,1.1535199999999999,1.15402,1.15348,1.15399,1543,0,0
2026-08-05 09:40:00,1.15399,1.15425,1.15395,1.15421,1048,0,0
2026-08-05 09:45:00,1.15421,1.1546,1.1542,1.15444,716,0,0
2026-08-05 09:50:00,1.15444,1.15458,1.15434,1.15434,949,0,0
2026-08-05 09:55:00,1.15435,1.15456,1.15434,1.15448,1065,0,0
2026-08-05 10:00:00,1.15448,1.15469,1.15425,1.15428,1699,0,0
2026-08-05 10:05:00,1.15428,1.15438,1.154,1.15418,1930,0,0
2026-08-05 10:10:00,1.15418,1.15422,1.15377,1.15384,989,0,0
2026-08-05 10:15:00,1.15384,1.15401,1.15382,1.1539,1575,0,0
2026-08-05 10:20:00,1.1539,1.15419,1.1538,1.15381,1051,0,0
2026-08-05 10:25:00,1.15381,1.15384,1.15339,1.15341,1006,0,0
2026-08-05 10:30:00,1.15341,1.1537600000000001,1.15341,1.15364,933,0,0
2026-08-05 10:35:00,1.15364,1.15372,1.15354,1.15365,1045,0,0
2026-08-05 10:40:00,1.15365,1.1538,1.15354,1.15359,1154,0,0
2026-08-05 10:45:00,1.15359,1.15366,1.15347,1.15363,1124,0,0
2026-08-05 10:50:00,1.15363,1.15377,1.15353,1.15358,656,0,0
2026-08-05 10:55:00,1.15358,1.15399,1.15357,1.15381,1177,0,0
2026-08-05 11:00:00,1.15381,1.15404,1.15377,1.15395,1049,0,0
2026-08-05 11:05:00,1.15395,1.15396,1.15361,1.15371,901,0,0
2026-08-05 11:10:00,1.15371,1.15396,1.15358,1.15365,934,0,0
2026-08-05 11:15:00,1.15364,1.15414,1.15364,1.15407,1053,0,0
2026-08-05 11:20:00,1.15407,1.15426,1.15405,1.15417,1093,0,0
2026-08-05 11:25:00,1.15416,1.15435,1.15406,1.15433,921,0,0
2026-08-05 11:30:00,1.15433,1.15445,1.15416,1.15419,820,0,0
2026-08-05 11:35:00,1.15418,1.1543,1.15381,1.15383,934,0,0
2026-08-05 11:40:00,1.15383,1.15384,1.15331,1.15349,1141,0,0
2026-08-05 11:45:00,1.15349,1.15349,1.15311,1.15335,818,0,0
2026-08-05 11:50:00,1.15334,1.15346,1.15327,1.15339,1315,0,0
2026-08-05 11:55:00,1.15339,1.15372,1.15333,1.15357,1231,0,0
2026-08-05 12:00:00,1.15357,1.15381,1.15335,1.1534200000000001,1195,0,0
2026-08-05 12:05:00,1.1534200000000001,1.1538599999999999,1.1534200000000001,1.15377,990,0,0
2026-08-05 12:10:00,1.1537600000000001,1.15384,1.15361,1.15374,1164,0,0
2026-08-05 12:15:00,1.15374,1.15396,1.15367,1.15395,1391,0,0
2026-08-05 12:20:00,1.15395,1.15406,1.15381,1.15396,1257,0,0
2026-08-05 12:25:00,1.15396,1.15417,1.15392,1.15396,1212,0,0
2026-08-05 12:30:00,1.15396,1.15414,1.15381,1.15405,1273,0,0
2026-08-05 12:35:00,1.15406,1.15427,1.1540300000000001,1.15421,1094,0,0
2026-08-05 12:40:00,1.15421,1.15427,1.15412,1.15416,995,0,0
2026-08-05 12:45:00,1.15418,1.1542,1.15406,1.15407,859,0,0
2026-08-05 12:50:00,1.15407,1.15415,1.154,1.15411,650,0,0
2026-08-05 12:55:00,1.15411,1.15415,1.15396,1.15398,591,0,0
2026-08-05 13:00:00,1.15398,1.15404,1.1537600000000001,1.15402,879,0,0
2026-08-05 13:05:00,1.15402,1.1540300000000001,1.1538,1.1538,887,0,0
2026-08-05 13:10:00,1.15381,1.15383,1.15349,1.15365,725,0,0
2026-08-05 13:15:00,1.15365,1.15406,1.15359,1.15405,760,0,0
2026-08-05 13:20:00,1.15405,1.15411,1.1537600000000001,1.15381,903,0,0
2026-08-05 13:25:00,1.15381,1.15385,1.15365,1.15378,782,0,0
2026-08-05 13:30:00,1.15377,1.15394,1.15366,1.15369,831,0,0
2026-08-05 13:35:00,1.15369,1.15387,1.15365,1.15383,614,0,0
2026-08-05 13:40:00,1.15383,1.15392,1.15364,1.15379,924,0,0
2026-08-05 13:45:00,1.15379,1.1538599999999999,1.15363,1.15368,746,0,0
2026-08-05 13:50:00,1.15368,1.1538,1.15361,1.15374,653,0,0
2026-08-05 13:55:00,1.15374,1.15409,1.15372,1.15396,1233,0,0
2026-08-05 14:00:00,1.15397,1.15423,1.15396,1.15418,813,0,0
2026-08-05 14:05:00,1.15419,1.15434,1.15414,1.15433,1026,0,0
2026-08-05 14:10:00,1.15433,1.15464,1.15426,1.15459,1049,0,0
2026-08-05 14:15:00,1.15459,1.15476,1.15436,1.15475,1184,0,0
2026-08-05 14:20:00,1.15475,1.15489,1.15471,1.1547399999999999,1213,0,0
2026-08-05 14:25:00,1.1547399999999999,1.15512,1.15473,1.15479,1145,0,0
2026-08-05 14:30:00,1.15479,1.15521,1.15465,1.15513,1148,0,0
2026-08-05 14:35:00,1.15512,1.15549,1.1551,1.1553499999999999,1240,0,0
2026-08-05 14:40:00,1.1553499999999999,1.15553,1.15522,1.15529,1132,0,0
2026-08-05 14:45:00,1.15529,1.15537,1.15495,1.15497,947,0,0
2026-08-05 14:50:00,1.15497,1.1550799999999999,1.15489,1.15504,774,0,0
2026-08-05 14:55:00,1.15504,1.15537,1.15499,1.15528,1362,0,0
2026-08-05 15:00:00,1.15528,1.1555,1.1552,1.15538,1319,0,0
2026-08-05 15:05:00,1.15538,1.15552,1.15524,1.15537,1227,0,0
2026-08-05 15:10:00,1.15537,1.15543,1.15511,1.15518,1020,0,0
2026-08-05 15:15:00,1.15518,1.1557,1.15518,1.15552,1212,0,0
2026-08-05 15:20:00,1.15552,1.15573,1.15547,1.15563,1274,0,0
2026-08-05 15:25:00,1.15563,1.15564,1.1553499999999999,1.15539,1063,0,0
2026-08-05 15:30:00,1.15539,1.1555,1.155,1.15503,1274,0,0
2026-08-05 15:35:00,1.15503,1.15544,1.155,1.15526,1091,0,0
2026-08-05 15:40:00,1.15526,1.15527,1.15477,1.15478,1012,0,0
2026-08-05 15:45:00,1.15478,1.15494,1.15472,1.15492,944,0,0
2026-08-05 15:50:00,1.15492,1.15502,1.15466,1.1547,992,0,0
2026-08-05 15:55:00,1.1547,1.15475,1.15448,1.15458,1251,0,0
2026-08-05 16:00:00,1.15458,1.1547399999999999,1.15423,1.15464,1788,0,0
2026-08-05 16:05:00,1.15464,1.15475,1.15451,1.15456,1212,0,0
2026-08-05 16:10:00,1.15456,1.1547,1.15451,1.15461,930,0,0
2026-08-05 16:15:00,1.15461,1.15491,1.15457,1.15472,1364,0,0
2026-08-05 16:20:00,1.15472,1.15502,1.15457,1.155,1322,0,0
2026-08-05 16:25:00,1.155,1.1553499999999999,1.15496,1.15524,1270,0,0
2026-08-05 16:30:00,1.15524,1.1554,1.15504,1.1552,1540,0,0
2026-08-05 16:35:00,1.1552,1.15526,1.15452,1.155,2158,0,0
2026-08-05 16:40:00,1.15499,1.15501,1.15454,1.15455,2533,0,0
2026-08-05 16:45:00,1.15455,1.15457,1.15401,1.15422,1659,0,0
2026-08-05 16:50:00,1.15422,1.15446,1.154,1.15445,1716,0,0
2026-08-05 16:55:00,1.15445,1.15465,1.1541299999999999,1.15435,1423,0,0
2026-08-05 17:00:00,1.15435,1.15486,1.15422,1.15472,1732,0,0
2026-08-05 17:05:00,1.15472,1.15558,1.15472,1.15523,2812,0,0
2026-08-05 17:10:00,1.15523,1.1555,1.15495,1.1553200000000001,2054,0,0
2026-08-05 17:15:00,1.1553200000000001,1.1556899999999999,1.15526,1.15556,1838,0,0
2026-08-05 17:20:00,1.15556,1.15566,1.15519,1.15534,1721,0,0
2026-08-05 17:25:00,1.15534,1.15551,1.155,1.15502,1728,0,0
2026-08-05 17:30:00,1.15502,1.15509,1.15473,1.15477,1386,0,0
2026-08-05 17:35:00,1.15477,1.155,1.15473,1.15484,1477,0,0
2026-08-05 17:40:00,1.15484,1.15528,1.15476,1.15517,1502,0,0
2026-08-05 17:45:00,1.15517,1.15522,1.15489,1.15505,1538,0,0
2026-08-05 17:50:00,1.15505,1.1552,1.15453,1.15475,1961,0,0
2026-08-05 17:55:00,1.15475,1.1554,1.15451,1.1553499999999999,1877,0,0
2026-08-05 18:00:00,1.15533,1.15566,1.15499,1.15517,2784,0,0
2026-08-05 18:05:00,1.15517,1.15526,1.15497,1.15514,1495,0,0
2026-08-05 18:10:00,1.15514,1.15515,1.15494,1.15494,1354,0,0
2026-08-05 18:15:00,1.15494,1.15495,1.15453,1.15461,1613,0,0
2026-08-05 18:20:00,1.15461,1.15486,1.15456,1.15459,1640,0,0
2026-08-05 18:25:00,1.15458,1.15491,1.15457,1.15475,1385,0,0
2026-08-05 18:30:00,1.15475,1.15479,1.15445,1.15451,1339,0,0
2026-08-05 18:35:00,1.15451,1.15503,1.15443,1.15503,1196,0,0
2026-08-05 18:40:00,1.15503,1.1551,1.15489,1.15492,1428,0,0
2026-08-05 18:45:00,1.15492,1.15499,1.15427,1.15429,2015,0,0
2026-08-05 18:50:00,1.15429,1.1546,1.15429,1.15457,1260,0,0
2026-08-05 18:55:00,1.15457,1.15473,1.15448,1.15462,1235,0,0
2026-08-05 19:00:00,1.15461,1.15481,1.1543700000000001,1.15443,1643,0,0
2026-08-05 19:05:00,1.15443,1.15465,1.15427,1.15462,1200,0,0
2026-08-05 19:10:00,1.15462,1.15479,1.15451,1.1547,1024,0,0
2026-08-05 19:15:00,1.1547,1.15484,1.15461,1.15478,732,0,0
2026-08-05 19:20:00,1.15478,1.15494,1.15471,1.15473,754,0,0
2026-08-05 19:25:00,1.1547399999999999,1.15483,1.15462,1.15477,849,0,0
2026-08-05 19:30:00,1.15477,1.15479,1.15459,1.15461,747,0,0
2026-08-05 19:35:00,1.15461,1.15462,1.15441,1.15445,575,0,0
2026-08-05 19:40:00,1.15445,1.15458,1.15438,1.15457,575,0,0
2026-08-05 19:45:00,1.15457,1.1546,1.15436,1.15448,684,0,0
2026-08-05 19:50:00,1.15448,1.1547,1.1544699999999999,1.15466,825,0,0
2026-08-05 19:55:00,1.15466,1.15469,1.15444,1.15459,1103,0,0
2026-08-05 20:00:00,1.15459,1.1547399999999999,1.15444,1.15448,865,0,0
2026-08-05 20:05:00,1.15448,1.15452,1.15427,1.15432,777,0,0
2026-08-05 20:10:00,1.15432,1.15446,1.15431,1.15442,676,0,0
2026-08-05 20:15:00,1.15442,1.15459,1.15442,1.15457,812,0,0
2026-08-05 20:20:00,1.15457,1.15457,1.15444,1.15457,697,0,0
2026-08-05 20:25:00,1.15457,1.15496,1.15452,1.15489,874,0,0
2026-08-05 20:30:00,1.1549,1.15503,1.15475,1.15502,649,0,0
2026-08-05 20:35:00,1.15503,1.15526,1.15499,1.15523,677,0,0
2026-08-05 20:40:00,1.15523,1.15541,1.15513,1.15536,710,0,0
2026-08-05 20:45:00,1.15536,1.15555,1.1553499999999999,1.15545,750,0,0
2026-08-05 20:50:00,1.15543,1.15553,1.15537,1.15552,738,0,0
2026-08-05 20:55:00,1.15552,1.15574,1.15546,1.15562,834,0,0
2026-08-05 21:00:00,1.15562,1.15581,1.15552,1.15576,912,0,0
2026-08-05 21:05:00,1.15576,1.15586,1.15557,1.15564,808,0,0
2026-08-05 21:10:00,1.15564,1.15579,1.15551,1.15551,591,0,0
2026-08-05 21:15:00,1.15551,1.15566,1.15542,1.15563,732,0,0
2026-08-05 21:20:00,1.15562,1.15582,1.15562,1.15572,720,0,0
2026-08-05 21:25:00,1.15571,1.1559599999999999,1.15568,1.1559,680,0,0
2026-08-05 21:30:00,1.1559,1.15595,1.15555,1.1556,873,0,0
2026-08-05 21:35:00,1.1556,1.15564,1.1555,1.15556,512,0,0
2026-08-05 21:40:00,1.15556,1.1555900000000001,1.1553200000000001,1.15536,803,0,0
2026-08-05 21:45:00,1.15537,1.15554,1.1553200000000001,1.15548,765,0,0
2026-08-05 21:50:00,1.15548,1.1555,1.15534,1.15543,836,0,0
2026-08-05 21:55:00,1.15543,1.15558,1.15536,1.15536,964,0,0
2026-08-05 22:00:00,1.15536,1.15549,1.15531,1.15539,842,0,0
2026-08-05 22:05:00,1.15539,1.1554,1.15522,1.15526,701,0,0
2026-08-05 22:10:00,1.15526,1.15527,1.1550799999999999,1.15512,626,0,0
2026-08-05 22:15:00,1.15512,1.15515,1.15485,1.15489,716,0,0
2026-08-05 22:20:00,1.15488,1.15497,1.15483,1.15485,704,0,0
2026-08-05 22:25:00,1.15485,1.15495,1.15475,1.15479,734,0,0
2026-08-05 22:30:00,1.15479,1.15501,1.15479,1.15497,719,0,0
2026-08-05 22:35:00,1.1549800000000001,1.155,1.15487,1.15491,622,0,0
2026-08-05 22:40:00,1.15492,1.15509,1.15487,1.155,638,0,0
2026-08-05 22:45:00,1.155,1.15512,1.15486,1.15491,709,0,0
2026-08-05 22:50:00,1.15492,1.15507,1.15487,1.15503,691,0,0
2026-08-05 22:55:00,1.15505,1.15525,1.15502,1.1551,965,0,0
2026-08-05 23:00:00,1.1551,1.1553200000000001,1.1550799999999999,1.15519,920,0,0
2026-08-05 23:05:00,1.15519,1.15527,1.15514,1.15518,467,0,0
2026-08-05 23:10:00,1.15517,1.15519,1.15499,1.15501,355,0,0
2026-08-05 23:15:00,1.15501,1.15504,1.15494,1.1549800000000001,284,0,0
2026-08-05 23:20:00,1.1549800000000001,1.15507,1.1549,1.15505,344,0,0
2026-08-05 23:25:00,1.15505,1.15517,1.15499,1.1550799999999999,317,0,0
2026-08-05 23:30:00,1.1550799999999999,1.15542,1.15505,1.1553499999999999,452,0,0
2026-08-05 23:35:00,1.1553499999999999,1.15541,1.15531,1.1553499999999999,259,0,0
2026-08-05 23:40:00,1.1553499999999999,1.15538,1.15515,1.15518,332,0,0
2026-08-05 23:45:00,1.15518,1.15528,1.15513,1.15517,424,0,0
2026-08-05 23:50:00,1.15516,1.1553200000000001,1.15515,1.15529,304,0,0
2026-08-05 23:55:00,1.15529,1.1554,1.15521,1.1553200000000001,520,0,0
2026-08-06 00:00:00,1.1553200000000001,1.15543,1.15527,1.1553200000000001,72,5,0
2026-08-06 00:05:00,1.1553499999999999,1.15561,1.15528,1.15555,96,4,0
2026-08-06 00:10:00,1.1556,1.15567,1.15548,1.15548,87,0,0
2026-08-06 00:15:00,1.15548,1.15554,1.15546,1.15553,28,7,0
2026-08-06 00:20:00,1.15553,1.15558,1.15542,1.15546,38,0,0
2026-08-06 00:25:00,1.15546,1.1556899999999999,1.15517,1.1553499999999999,100,0,0
2026-08-06 00:30:00,1.1553499999999999,1.15547,1.15516,1.15523,145,0,0
2026-08-06 00:35:00,1.15523,1.15528,1.15518,1.1552,138,0,0
2026-08-06 00:40:00,1.1552,1.1553200000000001,1.15517,1.15529,121,0,0
2026-08-06 00:45:00,1.15529,1.15533,1.15525,1.15531,194,0,0
2026-08-06 00:50:00,1.15531,1.15547,1.15526,1.15539,118,0,0
2026-08-06 00:55:00,1.15539,1.15541,1.15517,1.1553200000000001,422,0,0
2026-08-06 01:00:00,1.1553200000000001,1.15552,1.15526,1.1553,316,0,0
2026-08-06 01:05:00,1.15531,1.1553499999999999,1.15509,1.15525,197,0,0
2026-08-06 01:10:00,1.15522,1.15542,1.15522,1.1553499999999999,322,0,0
2026-08-06 01:15:00,1.15534,1.15549,1.15531,1.15542,723,0,0
2026-08-06 01:20:00,1.15542,1.15545,1.1554,1.1554,1328,0,0
2026-08-06 01:25:00,1.1554,1.15545,1.15537,1.15539,294,0,0
2026-08-06 01:30:00,1.15539,1.15548,1.15533,1.15547,391,0,0
2026-08-06 01:35:00,1.15547,1.1555,1.1554,1.15541,403,0,0
2026-08-06 01:40:00,1.15541,1.15547,1.1554,1.15546,301,0,0
2026-08-06 01:45:00,1.15546,1.15551,1.15545,1.15545,355,0,0
2026-08-06 01:50:00,1.15545,1.15547,1.1554,1.15542,320,0,0
2026-08-06 01:55:00,1.15542,1.15551,1.1554,1.1555,423,0,0
2026-08-06 02:00:00,1.1555,1.1555,1.15541,1.15543,271,0,0
2026-08-06 02:05:00,1.15543,1.15548,1.15541,1.15543,208,0,0
2026-08-06 02:10:00,1.15543,1.1556,1.15542,1.15557,294,0,0
2026-08-06 02:15:00,1.15557,1.1555900000000001,1.15552,1.15555,283,0,0
2026-08-06 02:20:00,1.15555,1.15558,1.1555,1.15556,163,0,0
2026-08-06 02:25:00,1.15556,1.15556,1.15547,1.15548,142,0,0
2026-08-06 02:30:00,1.15548,1.15553,1.15546,1.15549,209,0,0
2026-08-06 02:35:00,1.15547,1.15558,1.15546,1.15556,295,0,0
2026-08-06 02:40:00,1.15556,1.1556,1.1555,1.15557,242,0,0
2026-08-06 02:45:00,1.15557,1.15577,1.15556,1.15575,489,0,0
2026-08-06 02:50:00,1.15574,1.15579,1.1557,1.15571,251,0,0
2026-08-06 02:55:00,1.1557,1.15573,1.15556,1.1557,407,0,0
2026-08-06 03:00:00,1.1557,1.15577,1.15553,1.1556,1075,0,0
2026-08-06 03:05:00,1.1556,1.15563,1.15547,1.15555,845,0,0
2026-08-06 03:10:00,1.15555,1.15562,1.15546,1.15555,638,0,0
2026-08-06 03:15:00,1.15555,1.15567,1.15552,1.1555900000000001,758,0,0
2026-08-06 03:20:00,1.1555900000000001,1.15582,1.15555,1.15581,991,0,0
2026-08-06 03:25:00,1.15581,1.15581,1.15562,1.15563,650,0,0
2026-08-06 03:30:00,1.15563,1.15576,1.1556,1.15575,673,0,0
2026-08-06 03:35:00,1.15573,1.15582,1.15568,1.15571,713,0,0
2026-08-06 03:40:00,1.15571,1.15576,1.1556,1.15565,645,0,0
2026-08-06 03:45:00,1.15565,1.15578,1.15565,1.15567,611,0,0
2026-08-06 03:50:00,1.15568,1.15598,1.15565,1.15586,775,0,0
2026-08-06 03:55:00,1.15586,1.15589,1.15563,1.15566,858,0,0
2026-08-06 04:00:00,1.15566,1.15574,1.15545,1.15553,1536,0,0
2026-08-06 04:05:00,1.15553,1.15562,1.15542,1.1556,965,0,0
2026-08-06 04:10:00,1.1555900000000001,1.15562,1.15536,1.15555,1093,0,0
2026-08-06 04:15:00,1.15555,1.15557,1.15541,1.1555,730,0,0
2026-08-06 04:20:00,1.15551,1.15562,1.15544,1.15557,695,0,0
2026-08-06 04:25:00,1.15557,1.15576,1.15546,1.15553,879,0,0
2026-08-06 04:30:00,1.15553,1.15562,1.15546,1.15556,711,0,0
2026-08-06 04:35:00,1.15556,1.15572,1.15552,1.1556899999999999,911,0,0
2026-08-06 04:40:00,1.1556899999999999,1.15571,1.1556,1.1556899999999999,667,0,0
2026-08-06 04:45:00,1.1556899999999999,1.1556899999999999,1.15545,1.15548,833,0,0
2026-08-06 04:50:00,1.15547,1.1556,1.15545,1.1555,712,0,0
2026-08-06 04:55:00,1.15551,1.1555900000000001,1.15543,1.15549,662,0,0
2026-08-06 05:00:00,1.1555,1.15564,1.15547,1.15556,812,0,0
2026-08-06 05:05:00,1.15555,1.15576,1.15555,1.15571,668,0,0
2026-08-06 05:10:00,1.1557,1.15577,1.15552,1.1556,616,0,0
2026-08-06 05:15:00,1.1556,1.15573,1.15556,1.15567,497,0,0
2026-08-06 05:20:00,1.15566,1.15581,1.15564,1.1556899999999999,668,0,0
2026-08-06 05:25:00,1.1556899999999999,1.15572,1.15546,1.1556,560,0,0
2026-08-06 05:30:00,1.1556,1.15565,1.15549,1.15557,616,0,0
2026-08-06 05:35:00,1.15558,1.15573,1.15555,1.1556899999999999,476,0,0
2026-08-06 05:40:00,1.1556899999999999,1.15577,1.15561,1.15574,518,0,0
2026-08-06 05:45:00,1.15574,1.15579,1.15552,1.1555900000000001,458,0,0
2026-08-06 05:50:00,1.1555900000000001,1.15561,1.15554,1.1555900000000001,454,0,0
2026-08-06 05:55:00,1.1555900000000001,1.1555900000000001,1.15526,1.15538,735,0,0
2026-08-06 06:00:00,1.15538,1.1554,1.15527,1.1553,646,0,0
2026-08-06 06:05:00,1.15531,1.1554,1.15527,1.15529,611,0,0
2026-08-06 06:10:00,1.15529,1.1553,1.1552,1.15523,480,0,0
2026-08-06 06:15:00,1.15523,1.15525,1.15514,1.15519,536,0,0
2026-08-06 06:20:00,1.15519,1.15522,1.15496,1.155,626,0,0
2026-08-06 06:25:00,1.15499,1.1551,1.15493,1.155,600,0,0
2026-08-06 06:30:00,1.15501,1.1551,1.15495,1.15505,625,0,0
2026-08-06 06:35:00,1.15505,1.15505,1.15489,1.15491,350,0,0
2026-08-06 06:40:00,1.15491,1.15493,1.15476,1.15479,484,0,0
2026-08-06 06:45:00,1.15479,1.15488,1.15471,1.15488,451,0,0
2026-08-06 06:50:00,1.15488,1.1549,1.15476,1.15478,369,0,0
2026-08-06 06:55:00,1.15478,1.15489,1.15468,1.15489,479,0,0
2026-08-06 07:00:00,1.15489,1.1549800000000001,1.15485,1.15495,429,0,0
2026-08-06 07:05:00,1.15495,1.15495,1.15483,1.15486,422,0,0
2026-08-06 07:10:00,1.15486,1.15497,1.1548,1.15493,326,0,0
2026-08-06 07:15:00,1.15493,1.15495,1.15484,1.15484,222,0,0
2026-08-06 07:20:00,1.15484,1.15488,1.15476,1.15482,334,0,0
2026-08-06 07:25:00,1.15482,1.15489,1.15479,1.15483,399,0,0
2026-08-06 07:30:00,1.15483,1.15493,1.15481,1.15489,319,0,0
2026-08-06 07:35:00,1.15488,1.1549,1.15476,1.15477,477,0,0
2026-08-06 07:40:00,1.15477,1.15486,1.15475,1.15478,366,0,0
2026-08-06 07:45:00,1.15478,1.15484,1.15469,1.15483,500,0,0
2026-08-06 07:50:00,1.15483,1.1549,1.15475,1.15478,478,0,0
2026-08-06 07:55:00,1.15478,1.15493,1.1547399999999999,1.15491,532,0,0
2026-08-06 08:00:00,1.15492,1.15493,1.15468,1.1547399999999999,703,0,0
2026-08-06 08:05:00,1.1547399999999999,1.15476,1.15462,1.15467,480,0,0
2026-08-06 08:10:00,1.15467,1.15467,1.15446,1.15453,605,0,0
2026-08-06 08:15:00,1.15453,1.15458,1.1545,1.15457,334,0,0
2026-08-06 08:20:00,1.15458,1.15463,1.15452,1.1546,469,0,0
2026-08-06 08:25:00,1.1546,1.15463,1.15454,1.15456,371,0,0
2026-08-06 08:30:00,1.15456,1.15471,1.15451,1.15469,498,0,0
2026-08-06 08:35:00,1.15469,1.15489,1.15467,1.15484,592,0,0
2026-08-06 08:40:00,1.15484,1.15489,1.15479,1.15485,352,0,0
2026-08-06 08:45:00,1.15485,1.15492,1.15478,1.1549,488,0,0
2026-08-06 08:50:00,1.1549,1.15505,1.15486,1.15502,463,0,0
2026-08-06 08:55:00,1.15502,1.15503,1.15487,1.15493,450,0,0
2026-08-06 09:00:00,1.15493,1.15516,1.1549,1.15504,623,0,0
2026-08-06 09:05:00,1.15504,1.1551,1.15475,1.15476,594,0,0
2026-08-06 09:10:00,1.15475,1.15476,1.15456,1.15468,734,0,0
2026-08-06 09:15:00,1.15467,1.15476,1.15456,1.1547,746,0,0
2026-08-06 09:20:00,1.1547,1.15479,1.1546,1.15475,787,0,0
2026-08-06 09:25:00,1.15475,1.15475,1.15449,1.15464,843,0,0
2026-08-06 09:30:00,1.15464,1.15467,1.15448,1.15451,845,0,0
2026-08-06 09:35:00,1.15452,1.15453,1.15441,1.15448,887,0,0
2026-08-06 09:40:00,1.15446,1.15458,1.15431,1.15457,726,0,0
2026-08-06 09:45:00,1.15457,1.15473,1.1545,1.15454,790,0,0
2026-08-06 09:50:00,1.15454,1.15454,1.15436,1.15441,853,0,0
2026-08-06 09:55:00,1.15441,1.1545,1.15432,1.15449,644,0,0
2026-08-06 10:00:00,1.15449,1.15454,1.15433,1.15442,891,0,0
2026-08-06 10:05:00,1.15442,1.15453,1.15422,1.15426,905,0,0
2026-08-06 10:10:00,1.15426,1.1546,1.15424,1.15446,969,0,0
2026-08-06 10:15:00,1.15445,1.15467,1.1544,1.15443,893,0,0
2026-08-06 10:20:00,1.15443,1.15457,1.15433,1.15433,981,0,0
2026-08-06 10:25:00,1.15433,1.15448,1.15429,1.1544699999999999,964,0,0
2026-08-06 10:30:00,1.1544699999999999,1.15453,1.15436,1.15448,752,0,0
2026-08-06 10:35:00,1.15448,1.15452,1.1543,1.15435,940,0,0
2026-08-06 10:40:00,1.15435,1.15462,1.15431,1.1544699999999999,928,0,0
2026-08-06 10:45:00,1.15448,1.15449,1.1541,1.15419,1252,0,0
2026-08-06 10:50:00,1.15419,1.15446,1.15417,1.15444,1046,0,0
2026-08-06 10:55:00,1.15444,1.15452,1.15434,1.15441,894,0,0
2026-08-06 11:00:00,1.15442,1.15448,1.15389,1.15426,1068,0,0
2026-08-06 11:05:00,1.15426,1.15441,1.1542,1.15439,786,0,0
2026-08-06 11:10:00,1.15439,1.15453,1.15429,1.15432,831,0,0
2026-08-06 11:15:00,1.15432,1.15449,1.15428,1.15446,882,0,0
2026-08-06 11:20:00,1.15446,1.1544699999999999,1.1542,1.15425,847,0,0
2026-08-06 11:25:00,1.15425,1.15431,1.15406,1.1541,790,0,0
2026-08-06 11:30:00,1.1541,1.15428,1.154,1.15425,922,0,0
2026-08-06 11:35:00,1.15425,1.15432,1.15404,1.1541,756,0,0
2026-08-06 11:40:00,1.15411,1.15445,1.15411,1.15433,989,0,0
2026-08-06 11:45:00,1.15432,1.15436,1.1541,1.1541299999999999,938,0,0
2026-08-06 11:50:00,1.15412,1.15445,1.15411,1.15425,1014,0,0
2026-08-06 11:55:00,1.15425,1.15438,1.1542,1.15432,862,0,0
2026-08-06 12:00:00,1.15432,1.15436,1.15416,1.15428,681,0,0
2026-08-06 12:05:00,1.15428,1.15441,1.15406,1.15411,883,0,0
2026-08-06 12:10:00,1.1541,1.15439,1.15409,1.1543700000000001,922,0,0
2026-08-06 12:15:00,1.1543700000000001,1.15438,1.15401,1.15415,791,0,0
2026-08-06 12:20:00,1.15416,1.15434,1.15409,1.15425,705,0,0
2026-08-06 12:25:00,1.15425,1.15428,1.15417,1.15422,608,0,0
2026-08-06 12:30:00,1.15422,1.15432,1.15406,1.15407,546,0,0
2026-08-06 12:35:00,1.15407,1.1541,1.15377,1.15398,877,0,0
2026-08-06 12:40:00,1.15398,1.15399,1.15373,1.15378,754,0,0
2026-08-06 12:45:00,1.15378,1.15395,1.15364,1.15393,569,0,0
2026-08-06 12:50:00,1.15393,1.154,1.15391,1.15397,583,0,0
2026-08-06 12:55:00,1.15397,1.15404,1.15379,1.15384,750,0,0
2026-08-06 13:00:00,1.15384,1.15391,1.15371,1.15385,742,0,0
2026-08-06 13:05:00,1.15385,1.15404,1.15381,1.15401,646,0,0
2026-08-06 13:10:00,1.154,1.15411,1.15365,1.15367,888,0,0
2026-08-06 13:15:00,1.15367,1.1538,1.15365,1.15379,700,0,0
2026-08-06 13:20:00,1.15379,1.1540300000000001,1.15377,1.15402,701,0,0
2026-08-06 13:25:00,1.15402,1.15424,1.15396,1.1541299999999999,596,0,0
2026-08-06 13:30:00,1.1541299999999999,1.15429,1.1541,1.15418,491,0,0
2026-08-06 13:35:00,1.15418,1.15419,1.15409,1.15414,384,0,0
2026-08-06 13:40:00,1.15414,1.15419,1.15402,1.15408,424,0,0
2026-08-06 13:45:00,1.15408,1.15422,1.15401,1.1542,360,0,0
2026-08-06 13:50:00,1.1542,1.15424,1.15397,1.15401,542,0,0
2026-08-06 13:55:00,1.15402,1.15414,1.15391,1.15409,563,0,0
2026-08-06 14:00:00,1.15409,1.1544,1.15409,1.15424,802,0,0
2026-08-06 14:05:00,1.15424,1.15452,1.15421,1.15445,906,0,0
2026-08-06 14:10:00,1.15445,1.15449,1.15428,1.15429,634,0,0
2026-08-06 14:15:00,1.15429,1.15445,1.15422,1.15445,785,0,0
2026-08-06 14:20:00,1.15445,1.15452,1.15428,1.1545,617,0,0
2026-08-06 14:25:00,1.1545,1.1547,1.15448,1.15451,796,0,0
2026-08-06 14:30:00,1.15451,1.15458,1.15435,1.15438,810,0,0
2026-08-06 14:35:00,1.15438,1.15439,1.15396,1.15399,693,0,0
2026-08-06 14:40:00,1.154,1.15407,1.15384,1.15385,603,0,0
2026-08-06 14:45:00,1.15385,1.15404,1.1537600000000001,1.15401,1083,0,0
2026-08-06 14:50:00,1.15401,1.15429,1.15391,1.15416,1374,0,0
2026-08-06 14:55:00,1.15416,1.15452,1.15401,1.15451,1304,0,0
2026-08-06 15:00:00,1.15451,1.15457,1.15432,1.15434,1279,0,0
2026-08-06 15:05:00,1.15434,1.15438,1.1541299999999999,1.15419,1006,0,0
2026-08-06 15:10:00,1.15419,1.15426,1.15391,1.15396,772,0,0
2026-08-06 15:15:00,1.15396,1.15424,1.15396,1.15422,754,0,0
2026-08-06 15:20:00,1.15423,1.15429,1.1541,1.15417,876,0,0
2026-08-06 15:25:00,1.15415,1.15439,1.15415,1.15426,674,0,0
2026-08-06 15:30:00,1.15426,1.15453,1.15406,1.1544699999999999,706,0,0
2026-08-06 15:35:00,1.1544699999999999,1.1545,1.15415,1.15418,956,0,0
2026-08-06 15:40:00,1.15418,1.15429,1.154,1.15416,1029,0,0
2026-08-06 15:45:00,1.15416,1.15425,1.15374,1.15383,1049,0,0
2026-08-06 15:50:00,1.15383,1.15405,1.15368,1.15394,1064,0,0
2026-08-06 15:55:00,1.15394,1.15411,1.15382,1.15385,944,0,0
2026-08-06 16:00:00,1.15385,1.15412,1.15385,1.15408,1127,0,0
2026-08-06 16:05:00,1.15408,1.15411,1.15368,1.15375,1140,0,0
2026-08-06 16:10:00,1.1537600000000001,1.15383,1.15357,1.15381,1258,0,0
2026-08-06 16:15:00,1.15381,1.15396,1.15365,1.1539,1057,0,0
2026-08-06 16:20:00,1.1539,1.15409,1.15385,1.15395,920,0,0
2026-08-06 16:25:00,1.15395,1.1540300000000001,1.1538,1.15387,793,0,0
2026-08-06 16:30:00,1.15387,1.15402,1.15377,1.15396,1145,0,0
2026-08-06 16:35:00,1.15396,1.15419,1.1538599999999999,1.15415,1106,0,0
2026-08-06 16:40:00,1.15415,1.15438,1.15412,1.15425,1177,0,0
2026-08-06 16:45:00,1.15425,1.15426,1.15388,1.15391,1421,0,0
2026-08-06 16:50:00,1.15391,1.15438,1.15391,1.15422,1349,0,0
2026-08-06 16:55:00,1.15422,1.15451,1.1542,1.15428,1247,0,0
2026-08-06 17:00:00,1.15429,1.15442,1.1540300000000001,1.15405,976,0,0
2026-08-06 17:05:00,1.15405,1.15405,1.1533,1.15343,1506,0,0
2026-08-06 17:10:00,1.1534200000000001,1.15358,1.1532499999999999,1.15345,1799,0,0
2026-08-06 17:15:00,1.15345,1.15389,1.15339,1.15377,1504,0,0
2026-08-06 17:20:00,1.15377,1.15381,1.15345,1.15373,1346,0,0
2026-08-06 17:25:00,1.15372,1.15374,1.15338,1.15347,1273,0,0
2026-08-06 17:30:00,1.15347,1.15368,1.15346,1.1536,1013,0,0
2026-08-06 17:35:00,1.1536,1.15375,1.1534,1.15341,895,0,0
2026-08-06 17:40:00,1.15341,1.15367,1.15336,1.15356,1090,0,0
2026-08-06 17:45:00,1.15356,1.15356,1.15318,1.15322,911,0,0
2026-08-06 17:50:00,1.15321,1.15335,1.15305,1.15328,1263,0,0
2026-08-06 17:55:00,1.15329,1.15355,1.15319,1.1535199999999999,1636,0,0
2026-08-06 18:00:00,1.1535199999999999,1.15358,1.15324,1.15338,1442,0,0
2026-08-06 18:05:00,1.15338,1.15358,1.1532,1.15329,1210,0,0
2026-08-06 18:10:00,1.15329,1.15336,1.15275,1.15282,1240,0,0
2026-08-06 18:15:00,1.15282,1.15288,1.15219,1.15222,1543,0,0
2026-08-06 18:20:00,1.15222,1.15235,1.15212,1.15234,1659,0,0
2026-08-06 18:25:00,1.15234,1.1527,1.15228,1.15236,1232,0,0
2026-08-06 18:30:00,1.15236,1.15242,1.15215,1.15216,1205,0,0
2026-08-06 18:35:00,1.15216,1.15224,1.15199,1.15207,977,0,0
2026-08-06 18:40:00,1.15207,1.15235,1.15197,1.15225,1042,0,0
2026-08-06 18:45:00,1.15225,1.15245,1.15225,1.15234,1006,0,0
2026-08-06 18:50:00,1.15234,1.15244,1.15191,1.15198,1402,0,0
2026-08-06 18:55:00,1.15198,1.1522999999999999,1.15194,1.15208,1661,0,0
2026-08-06 19:00:00,1.15208,1.15221,1.15195,1.15214,1338,0,0
2026-08-06 19:05:00,1.15213,1.15223,1.15205,1.15209,967,0,0
2026-08-06 19:10:00,1.15209,1.15217,1.1519,1.15201,512,0,0
2026-08-06 19:15:00,1.15201,1.15202,1.15147,1.15156,1347,0,0
2026-08-06 19:20:00,1.15156,1.15168,1.15147,1.15166,991,0,0
2026-08-06 19:25:00,1.15166,1.152,1.15165,1.1519300000000001,1049,0,0
2026-08-06 19:30:00,1.1519300000000001,1.152,1.1518,1.15192,930,0,0
2026-08-06 19:35:00,1.15192,1.15205,1.15181,1.15205,735,0,0
2026-08-06 19:40:00,1.15204,1.15207,1.15168,1.15178,682,0,0
2026-08-06 19:45:00,1.15179,1.1519300000000001,1.15177,1.1519,628,0,0
2026-08-06 19:50:00,1.1519,1.15224,1.15189,1.15223,696,0,0
2026-08-06 19:55:00,1.15223,1.15229,1.15198,1.15206,948,0,0
2026-08-06 20:00:00,1.15207,1.15224,1.1520299999999999,1.15213,933,0,0
2026-08-06 20:05:00,1.15213,1.15219,1.15195,1.15211,847,0,0
2026-08-06 20:10:00,1.15211,1.1522000000000001,1.15192,1.15197,873,0,0
2026-08-06 20:15:00,1.15197,1.15197,1.15175,1.1519300000000001,681,0,0
2026-08-06 20:20:00,1.1519300000000001,1.15209,1.15192,1.15201,648,0,0
2026-08-06 20:25:00,1.15201,1.1521,1.1519,1.15202,834,0,0
2026-08-06 20:30:00,1.15202,1.15208,1.15186,1.152,922,0,0
2026-08-06 20:35:00,1.15199,1.152,1.15174,1.15191,788,0,0
2026-08-06 20:40:00,1.15192,1.15196,1.15184,1.15191,622,0,0
2026-08-06 20:45:00,1.15191,1.1521,1.15186,1.1520299999999999,905,0,0
2026-08-06 20:50:00,1.1520299999999999,1.15224,1.15202,1.15216,553,0,0
2026-08-06 20:55:00,1.15216,1.1522999999999999,1.15215,1.15229,526,0,0
2026-08-06 21:00:00,1.15228,1.15236,1.15223,1.15234,649,0,0
2026-08-06 21:05:00,1.15234,1.15249,1.15231,1.15242,536,0,0
2026-08-06 21:10:00,1.15242,1.15245,1.15233,1.15234,454,0,0
2026-08-06 21:15:00,1.15234,1.15243,1.15229,1.15232,480,0,0
2026-08-06 21:20:00,1.15232,1.15235,1.15221,1.15225,348,0,0
2026-08-06 21:25:00,1.15224,1.15226,1.15219,1.15223,407,0,0
2026-08-06 21:30:00,1.15224,1.15234,1.15221,1.15229,483,0,0
2026-08-06 21:35:00,1.15228,1.15228,1.15215,1.1522000000000001,322,0,0
2026-08-06 21:40:00,1.1522000000000001,1.15228,1.15215,1.15222,498,0,0
2026-08-06 21:45:00,1.15222,1.15239,1.15221,1.15233,437,0,0
2026-08-06 21:50:00,1.15233,1.15237,1.15218,1.15223,427,0,0
2026-08-06 21:55:00,1.15223,1.15239,1.15222,1.15238,684,0,0
2026-08-06 22:00:00,1.15237,1.15257,1.15234,1.15253,698,0,0
2026-08-06 22:05:00,1.15252,1.15258,1.15249,1.15253,549,0,0
2026-08-06 22:10:00,1.15253,1.15258,1.1522000000000001,1.15227,540,0,0
2026-08-06 22:15:00,1.15227,1.15237,1.15225,1.1522999999999999,468,0,0
2026-08-06 22:20:00,1.1522999999999999,1.1524,1.15198,1.15204,534,0,0
2026-08-06 22:25:00,1.1520299999999999,1.15211,1.15172,1.15189,1587,0,0
2026-08-06 22:30:00,1.15189,1.15211,1.15179,1.15206,888,0,0
2026-08-06 22:35:00,1.15207,1.15207,1.15189,1.1519,602,0,0
2026-08-06 22:40:00,1.1519,1.15194,1.15181,1.15187,568,0,0
2026-08-06 22:45:00,1.15187,1.15198,1.15184,1.15198,549,0,0
2026-08-06 22:50:00,1.15198,1.15258,1.15196,1.15251,1174,0,0
2026-08-06 22:55:00,1.15251,1.15253,1.15222,1.15232,889,0,0
2026-08-06 23:00:00,1.15232,1.15237,1.1522000000000001,1.15234,651,0,0
2026-08-06 23:05:00,1.15235,1.1524,1.15215,1.15215,506,0,0
2026-08-06 23:10:00,1.15216,1.15221,1.15209,1.15213,235,0,0
2026-08-06 23:15:00,1.15214,1.15215,1.1520299999999999,1.15207,295,0,0
2026-08-06 23:20:00,1.15207,1.15208,1.1519300000000001,1.15195,452,0,0
2026-08-06 23:25:00,1.15195,1.15209,1.15186,1.15204,379,0,0
2026-08-06 23:30:00,1.15204,1.15217,1.15204,1.15214,221,0,0
2026-08-06 23:35:00,1.15214,1.15225,1.15209,1.15212,256,0,0
2026-08-06 23:40:00,1.15212,1.15224,1.15201,1.1522000000000001,354,0,0
2026-08-06 23:45:00,1.15221,1.1522999999999999,1.15218,1.15225,434,0,0
2026-08-06 23:50:00,1.15225,1.15231,1.15219,1.15226,629,0,0
2026-08-06 23:55:00,1.15226,1.15243,1.15223,1.15237,610,0,0
2026-08-07 00:00:00,1.15237,1.15253,1.15227,1.15235,50,0,0
2026-08-07 00:05:00,1.15235,1.15237,1.15225,1.15226,23,0,0
2026-08-07 00:10:00,1.15226,1.15232,1.15224,1.15228,31,3,0
2026-08-07 00:15:00,1.15228,1.15229,1.1522000000000001,1.15229,26,1,0
2026-08-07 00:20:00,1.15229,1.15229,1.15217,1.1522000000000001,59,0,0
2026-08-07 00:25:00,1.1522000000000001,1.15222,1.15217,1.15217,14,0,0
2026-08-07 00:30:00,1.15216,1.15219,1.15211,1.15211,53,0,0
2026-08-07 00:35:00,1.15211,1.15225,1.15205,1.15209,160,0,0
2026-08-07 00:40:00,1.15208,1.1521,1.15201,1.1521,112,0,0
2026-08-07 00:45:00,1.15208,1.15208,1.15196,1.15206,51,0,0
2026-08-07 00:50:00,1.15206,1.15207,1.15198,1.1520299999999999,62,0,0
2026-08-07 00:55:00,1.1520299999999999,1.15212,1.15194,1.1520299999999999,78,0,0
2026-08-07 01:00:00,1.1520299999999999,1.15232,1.15202,1.15217,336,0,0
2026-08-07 01:05:00,1.15217,1.1522000000000001,1.15211,1.15212,92,0,0
2026-08-07 01:10:00,1.15212,1.15222,1.15207,1.15217,357,0,0
2026-08-07 01:15:00,1.15217,1.15224,1.15215,1.1522000000000001,266,0,0
2026-08-07 01:20:00,1.1522000000000001,1.15225,1.15215,1.1522000000000001,339,0,0
2026-08-07 01:25:00,1.1522000000000001,1.15225,1.15217,1.15221,309,0,0
2026-08-07 01:30:00,1.15222,1.15225,1.15217,1.15222,460,0,0
2026-08-07 01:35:00,1.15222,1.15227,1.1522000000000001,1.15222,195,0,0
2026-08-07 01:40:00,1.15222,1.15225,1.1522000000000001,1.15223,281,0,0
2026-08-07 01:45:00,1.15223,1.15227,1.15219,1.15221,275,0,0
2026-08-07 01:50:00,1.15221,1.15225,1.15217,1.1522000000000001,327,0,0
2026-08-07 01:55:00,1.15221,1.15224,1.15216,1.1522000000000001,317,0,0
2026-08-07 02:00:00,1.1522000000000001,1.15228,1.15217,1.15226,181,0,0
2026-08-07 02:05:00,1.15225,1.15232,1.15225,1.1522999999999999,134,0,0
2026-08-07 02:10:00,1.15228,1.15236,1.15226,1.15234,96,0,0
2026-08-07 02:15:00,1.15234,1.15237,1.15231,1.15231,125,0,0
2026-08-07 02:20:00,1.15231,1.15232,1.15226,1.15231,99,0,0
2026-08-07 02:25:00,1.15231,1.15235,1.15229,1.15232,69,0,0
2026-08-07 02:30:00,1.15232,1.15232,1.15224,1.15226,122,0,0
2026-08-07 02:35:00,1.15225,1.15227,1.15225,1.15226,56,0,0
2026-08-07 02:40:00,1.15226,1.15238,1.15226,1.15237,184,0,0
2026-08-07 02:45:00,1.15237,1.15245,1.15236,1.15241,176,0,0
2026-08-07 02:50:00,1.15241,1.15242,1.15233,1.15237,181,0,0
2026-08-07 02:55:00,1.15237,1.15243,1.15235,1.1524,312,0,0
2026-08-07 03:00:00,1.1524,1.15243,1.15226,1.1522999999999999,1109,0,0
2026-08-07 03:05:00,1.1522999999999999,1.15236,1.15225,1.15226,748,0,0
2026-08-07 03:10:00,1.15226,1.15227,1.15209,1.15213,823,0,0
2026-08-07 03:15:00,1.15215,1.15218,1.152,1.15211,754,0,0
2026-08-07 03:20:00,1.15211,1.15214,1.1520299999999999,1.15206,699,0,0
2026-08-07 03:25:00,1.15206,1.15224,1.15205,1.15216,701,0,0
2026-08-07 03:30:00,1.15215,1.15226,1.15215,1.15219,635,0,0
2026-08-07 03:35:00,1.1522000000000001,1.15222,1.15205,1.15212,1021,0,0
2026-08-07 03:40:00,1.15212,1.15213,1.1520299999999999,1.1521,687,0,0
2026-08-07 03:45:00,1.1521,1.15216,1.1520299999999999,1.15206,659,0,0
2026-08-07 03:50:00,1.15206,1.15221,1.15204,1.15209,951,0,0
2026-08-07 03:55:00,1.15207,1.15217,1.1518,1.15191,912,0,0
2026-08-07 04:00:00,1.15191,1.15208,1.15184,1.15192,834,0,0
2026-08-07 04:05:00,1.15192,1.15217,1.15186,1.15209,856,0,0
2026-08-07 04:10:00,1.1521,1.15227,1.15206,1.1522000000000001,624,0,0
2026-08-07 04:15:00,1.1522000000000001,1.1522000000000001,1.15208,1.15212,562,0,0
2026-08-07 04:20:00,1.15212,1.15223,1.15209,1.15217,596,0,0
2026-08-07 04:25:00,1.15217,1.15223,1.15208,1.15215,525,0,0
2026-08-07 04:30:00,1.15217,1.1522000000000001,1.152,1.15211,594,0,0
2026-08-07 04:35:00,1.15212,1.15223,1.15209,1.15219,682,0,0
2026-08-07 04:40:00,1.1522000000000001,1.15258,1.15216,1.15246,928,0,0
2026-08-07 04:45:00,1.15246,1.15253,1.15226,1.1522999999999999,789,0,0
2026-08-07 04:50:00,1.1522999999999999,1.15233,1.15219,1.15223,458,0,0
2026-08-07 04:55:00,1.15222,1.15226,1.15213,1.15216,575,0,0
2026-08-07 05:00:00,1.15218,1.15231,1.15214,1.15221,748,0,0
2026-08-07 05:05:00,1.1522000000000001,1.15228,1.15214,1.15219,440,0,0
2026-08-07 05:10:00,1.1522000000000001,1.15228,1.15215,1.15218,412,0,0
2026-08-07 05:15:00,1.15218,1.1522000000000001,1.15206,1.1521,442,0,0
2026-08-07 05:20:00,1.15209,1.15231,1.15208,1.1522999999999999,319,0,0
2026-08-07 05:25:00,1.15228,1.1522999999999999,1.15221,1.15225,347,0,0
2026-08-07 05:30:00,1.15225,1.15228,1.15212,1.15215,420,0,0
2026-08-07 05:35:00,1.15215,1.15221,1.15207,1.15219,376,0,0
2026-08-07 05:40:00,1.15219,1.15223,1.15211,1.15214,494,0,0
2026-08-07 05:45:00,1.15213,1.15236,1.15209,1.15233,425,0,0
2026-08-07 05:50:00,1.15234,1.15236,1.15221,1.15223,382,0,0
2026-08-07 05:55:00,1.15225,1.15225,1.15211,1.15216,431,0,0
2026-08-07 06:00:00,1.15216,1.15226,1.15211,1.15217,578,0,0
2026-08-07 06:05:00,1.15217,1.15219,1.152,1.15201,497,0,0
2026-08-07 06:10:00,1.15201,1.15213,1.15199,1.15211,507,0,0
2026-08-07 06:15:00,1.15211,1.15214,1.15202,1.15212,534,0,0
2026-08-07 06:20:00,1.15212,1.15218,1.15207,1.15216,702,0,0
2026-08-07 06:25:00,1.15215,1.15219,1.15212,1.15215,444,0,0
2026-08-07 06:30:00,1.15215,1.15223,1.1521,1.15219,428,0,0
2026-08-07 06:35:00,1.15218,1.15224,1.15216,1.15218,401,0,0
2026-08-07 06:40:00,1.15219,1.15222,1.1521,1.15215,417,0,0
2026-08-07 06:45:00,1.15215,1.15224,1.15212,1.15223,371,0,0
2026-08-07 06:50:00,1.15222,1.15227,1.15214,1.15225,403,0,0
2026-08-07 06:55:00,1.15225,1.15235,1.15222,1.15235,457,0,0
2026-08-07 07:00:00,1.15235,1.15235,1.15221,1.15222,442,0,0
2026-08-07 07:05:00,1.15222,1.15228,1.15218,1.15222,458,0,0
2026-08-07 07:10:00,1.15222,1.15226,1.15215,1.15221,588,0,0
2026-08-07 07:15:00,1.15221,1.15225,1.15216,1.15219,606,0,0
2026-08-07 07:20:00,1.15219,1.15232,1.15216,1.15226,678,0,0
2026-08-07 07:25:00,1.15226,1.15229,1.15217,1.15221,690,0,0
2026-08-07 07:30:00,1.15221,1.15236,1.15216,1.15234,911,0,0
2026-08-07 07:35:00,1.15234,1.15235,1.15227,1.15231,492,0,0
2026-08-07 07:40:00,1.1522999999999999,1.15242,1.15223,1.1524,322,0,0
2026-08-07 07:45:00,1.1524,1.15242,1.15228,1.1522999999999999,538,0,0
2026-08-07 07:50:00,1.1522999999999999,1.15244,1.1522999999999999,1.15242,404,0,0
2026-08-07 07:55:00,1.15242,1.15244,1.15234,1.15234,365,0,0
2026-08-07 08:00:00,1.15234,1.15244,1.15233,1.15242,439,0,0
2026-08-07 08:05:00,1.15242,1.15244,1.15235,1.15243,293,0,0
2026-08-07 08:10:00,1.15242,1.15255,1.15241,1.15247,388,0,0
2026-08-07 08:15:00,1.15247,1.15251,1.15235,1.15236,314,0,0
2026-08-07 08:20:00,1.15236,1.15238,1.15223,1.15224,235,0,0
2026-08-07 08:25:00,1.15224,1.15234,1.15214,1.15216,453,0,0
2026-08-07 08:30:00,1.15216,1.15231,1.15206,1.15224,477,0,0
2026-08-07 08:35:00,1.15225,1.1524,1.15224,1.15239,374,0,0
2026-08-07 08:40:00,1.15239,1.15241,1.1522999999999999,1.15234,387,0,0
2026-08-07 08:45:00,1.15233,1.15243,1.15222,1.15242,459,0,0
2026-08-07 08:50:00,1.15242,1.15249,1.15232,1.15237,440,0,0
2026-08-07 08:55:00,1.15236,1.15237,1.15222,1.15223,505,0,0
2026-08-07 09:00:00,1.15223,1.15243,1.15214,1.15215,533,0,0
2026-08-07 09:05:00,1.15215,1.15232,1.15209,1.15221,639,0,0
2026-08-07 09:10:00,1.15221,1.15237,1.1522000000000001,1.15235,582,0,0
2026-08-07 09:15:00,1.15235,1.15243,1.15213,1.15224,733,0,0
2026-08-07 09:20:00,1.15224,1.15251,1.15221,1.15249,776,0,0
2026-08-07 09:25:00,1.15249,1.1525,1.1522999999999999,1.1524,740,0,0
2026-08-07 09:30:00,1.1524,1.15243,1.15225,1.15225,990,0,0
2026-08-07 09:35:00,1.15225,1.15242,1.15221,1.15231,783,0,0
2026-08-07 09:40:00,1.15231,1.15235,1.15214,1.15221,716,0,0
2026-08-07 09:45:00,1.15221,1.15232,1.15218,1.1522000000000001,715,0,0
2026-08-07 09:50:00,1.1522000000000001,1.15243,1.15215,1.15239,729,0,0
2026-08-07 09:55:00,1.15239,1.15248,1.15219,1.15222,700,0,0
2026-08-07 10:00:00,1.15221,1.15225,1.15195,1.15195,812,0,0
2026-08-07 10:05:00,1.15195,1.15215,1.15177,1.1520299999999999,912,0,0
2026-08-07 10:10:00,1.1520299999999999,1.15235,1.15202,1.15226,846,0,0
2026-08-07 10:15:00,1.15226,1.15244,1.15218,1.15226,755,0,0
2026-08-07 10:20:00,1.15226,1.15234,1.1522000000000001,1.15227,764,0,0
2026-08-07 10:25:00,1.15227,1.15236,1.15217,1.15225,700,0,0
2026-08-07 10:30:00,1.15225,1.15234,1.1521,1.15212,703,0,0
2026-08-07 10:35:00,1.15212,1.15219,1.15202,1.1521,741,0,0
2026-08-07 10:40:00,1.1521,1.15219,1.15195,1.1520299999999999,928,0,0
2026-08-07 10:45:00,1.1520299999999999,1.15219,1.152,1.15213,597,0,0
2026-08-07 10:50:00,1.15213,1.15227,1.15211,1.15225,684,0,0
2026-08-07 10:55:00,1.15224,1.15233,1.1522000000000001,1.15225,673,0,0
2026-08-07 11:00:00,1.15225,1.1522999999999999,1.15204,1.15217,1014,0,0
2026-08-07 11:05:00,1.15216,1.15222,1.1520299999999999,1.15205,857,0,0
2026-08-07 11:10:00,1.15205,1.15209,1.15181,1.15187,854,0,0
2026-08-07 11:15:00,1.15187,1.1521,1.15186,1.15208,922,0,0
2026-08-07 11:20:00,1.15209,1.15214,1.15196,1.15201,877,0,0
2026-08-07 11:25:00,1.15201,1.15207,1.15192,1.15192,803,0,0
2026-08-07 11:30:00,1.1519300000000001,1.15225,1.1519,1.15215,856,0,0
2026-08-07 11:35:00,1.15215,1.15229,1.1520299999999999,1.15224,893,0,0
2026-08-07 11:40:00,1.15222,1.15245,1.15222,1.15241,777,0,0
2026-08-07 11:45:00,1.15241,1.1525400000000001,1.15225,1.15229,733,0,0
2026-08-07 11:50:00,1.15229,1.15247,1.15227,1.15236,920,0,0
2026-08-07 11:55:00,1.15236,1.15252,1.15233,1.15236,930,0,0
2026-08-07 12:00:00,1.15235,1.15257,1.1522999999999999,1.15236,872,0,0
2026-08-07 12:05:00,1.15235,1.1525400000000001,1.15234,1.15249,918,0,0
2026-08-07 12:10:00,1.15249,1.15289,1.15247,1.15285,950,0,0
2026-08-07 12:15:00,1.15285,1.15294,1.15283,1.15287,733,0,0
2026-08-07 12:20:00,1.15287,1.15297,1.15284,1.15289,701,0,0
2026-08-07 12:25:00,1.15289,1.15297,1.1527,1.15274,618,0,0
2026-08-07 12:30:00,1.15274,1.15275,1.15258,1.15263,727,0,0
2026-08-07 12:35:00,1.15263,1.15269,1.15257,1.15261,617,0,0
2026-08-07 12:40:00,1.15261,1.15283,1.1526,1.15277,657,0,0
2026-08-07 12:45:00,1.15276,1.15295,1.15276,1.15295,710,0,0
2026-08-07 12:50:00,1.15294,1.15308,1.15287,1.15306,830,0,0
2026-08-07 12:55:00,1.15306,1.15313,1.15287,1.1529,795,0,0
2026-08-07 13:00:00,1.1529,1.15293,1.15269,1.15274,726,0,0
2026-08-07 13:05:00,1.15275,1.15292,1.15268,1.15276,667,0,0
2026-08-07 13:10:00,1.15276,1.1528100000000001,1.15259,1.15267,657,0,0
2026-08-07 13:15:00,1.15267,1.15285,1.1526,1.15277,705,0,0
2026-08-07 13:20:00,1.15277,1.15285,1.15273,1.15282,631,0,0
2026-08-07 13:25:00,1.1528,1.15283,1.15262,1.15277,640,0,0
2026-08-07 13:30:00,1.15277,1.15285,1.15272,1.15278,499,0,0
2026-08-07 13:35:00,1.15278,1.15283,1.15262,1.15276,732,0,0
2026-08-07 13:40:00,1.15276,1.1528100000000001,1.15257,1.1526,719,0,0
2026-08-07 13:45:00,1.15261,1.15279,1.15258,1.15276,658,0,0
2026-08-07 13:50:00,1.15276,1.15292,1.1527,1.15274,694,0,0
2026-08-07 13:55:00,1.15274,1.15284,1.15269,1.1527,818,0,0
2026-08-07 14:00:00,1.1527,1.15301,1.15269,1.15296,1041,0,0
2026-08-07 14:05:00,1.15297,1.15301,1.15276,1.15297,754,0,0
2026-08-07 14:10:00,1.15297,1.15298,1.1528100000000001,1.1528100000000001,822,0,0
2026-08-07 14:15:00,1.1528100000000001,1.15288,1.15273,1.15287,789,0,0
2026-08-07 14:20:00,1.15287,1.15297,1.1526399999999999,1.1527,882,0,0
2026-08-07 14:25:00,1.1527,1.15278,1.1526399999999999,1.15268,672,0,0
2026-08-07 14:30:00,1.15268,1.153,1.1526399999999999,1.1529099999999999,644,0,0
2026-08-07 14:35:00,1.1529099999999999,1.15303,1.15284,1.15302,568,0,0
2026-08-07 14:40:00,1.15303,1.15323,1.15299,1.15321,853,0,0
2026-08-07 14:45:00,1.15321,1.15328,1.15314,1.1532499999999999,584,0,0
2026-08-07 14:50:00,1.1532499999999999,1.15331,1.1531500000000001,1.15316,660,0,0
2026-08-07 14:55:00,1.15316,1.15334,1.15313,1.1533,872,0,0
2026-08-07 15:00:00,1.1533,1.15369,1.15329,1.15357,1110,0,0
2026-08-07 15:05:00,1.15357,1.1536,1.15344,1.15351,926,0,0
2026-08-07 15:10:00,1.15351,1.15379,1.15343,1.15343,990,0,0
2026-08-07 15:15:00,1.15343,1.15348,1.15327,1.1533,1164,0,0
2026-08-07 15:20:00,1.1533,1.15343,1.15293,1.15302,1290,0,0
2026-08-07 15:25:00,1.15302,1.1531,1.15268,1.1528,1325,0,0
2026-08-07 15:30:00,1.15277,1.15724,1.15276,1.15721,4796,0,0
2026-08-07 15:35:00,1.15721,1.15739,1.15618,1.15733,4208,0,0
2026-08-07 15:40:00,1.15734,1.15774,1.15699,1.15736,3207,0,0
2026-08-07 15:45:00,1.15736,1.15794,1.15725,1.15786,1802,0,0
2026-08-07 15:50:00,1.15786,1.15786,1.15755,1.1577,1663,0,0
2026-08-07 15:55:00,1.1577,1.15773,1.1574200000000001,1.1575199999999999,1156,0,0
2026-08-07 16:00:00,1.1575199999999999,1.1576,1.15724,1.15724,1183,0,0
2026-08-07 16:05:00,1.15724,1.1575,1.15704,1.1571,1231,0,0
2026-08-07 16:10:00,1.15709,1.15751,1.15679,1.15746,1755,0,0
2026-08-07 16:15:00,1.15746,1.15747,1.15675,1.15685,1747,0,0
2026-08-07 16:20:00,1.15685,1.15738,1.15668,1.15736,1741,0,0
2026-08-07 16:25:00,1.15736,1.15755,1.15698,1.15699,1632,0,0
2026-08-07 16:30:00,1.15701,1.1571500000000001,1.1562000000000001,1.15639,1545,0,0
2026-08-07 16:35:00,1.15639,1.15704,1.15628,1.15702,1931,0,0
2026-08-07 16:40:00,1.15702,1.15747,1.157,1.15721,1985,0,0
2026-08-07 16:45:00,1.1572,1.15724,1.15647,1.15655,2046,0,0
2026-08-07 16:50:00,1.15655,1.15661,1.15629,1.15646,1758,0,0
2026-08-07 16:55:00,1.15647,1.1565699999999999,1.15565,1.15576,1933,0,0
2026-08-07 17:00:00,1.15576,1.15586,1.15534,1.1553499999999999,1859,0,0
2026-08-07 17:05:00,1.1553200000000001,1.15582,1.1552,1.15566,1990,0,0
2026-08-07 17:10:00,1.15566,1.15584,1.1555,1.15577,1719,0,0
2026-08-07 17:15:00,1.15578,1.15638,1.15563,1.1562999999999999,1861,0,0
2026-08-07 17:20:00,1.1562999999999999,1.15644,1.15608,1.15622,1382,0,0
2026-08-07 17:25:00,1.15622,1.15624,1.15565,1.1557,1503,0,0
2026-08-07 17:30:00,1.15571,1.15604,1.15543,1.15591,1567,0,0
2026-08-07 17:35:00,1.15591,1.15597,1.15564,1.15587,1436,0,0
2026-08-07 17:40:00,1.15587,1.1559599999999999,1.15504,1.15522,1600,0,0
2026-08-07 17:45:00,1.15522,1.15541,1.1551,1.15524,1733,0,0
2026-08-07 17:50:00,1.15524,1.1555900000000001,1.15516,1.15545,1620,0,0
2026-08-07 17:55:00,1.15545,1.15554,1.1552,1.15531,1935,0,0
2026-08-07 18:00:00,1.15531,1.15554,1.15501,1.15507,2367,0,0
2026-08-07 18:05:00,1.15507,1.15568,1.15505,1.15565,1544,0,0
2026-08-07 18:10:00,1.15566,1.15611,1.15564,1.15608,1450,0,0
2026-08-07 18:15:00,1.15608,1.15632,1.1559599999999999,1.15626,1494,0,0
2026-08-07 18:20:00,1.15626,1.15639,1.15604,1.15605,1341,0,0
2026-08-07 18:25:00,1.15605,1.15614,1.15567,1.1557,1498,0,0
2026-08-07 18:30:00,1.1556899999999999,1.15575,1.15543,1.15552,1238,0,0
2026-08-07 18:35:00,1.15552,1.15605,1.1555,1.15591,1105,0,0
2026-08-07 18:40:00,1.1559,1.15626,1.1559,1.15615,1410,0,0
2026-08-07 18:45:00,1.15615,1.15632,1.15588,1.15591,991,0,0
2026-08-07 18:50:00,1.15591,1.15597,1.15566,1.1558,1115,0,0
2026-08-07 18:55:00,1.1558,1.15608,1.15574,1.15585,1093,0,0
2026-08-07 19:00:00,1.15585,1.15607,1.15574,1.15602,1326,0,0
2026-08-07 19:05:00,1.15602,1.15633,1.156,1.15611,1095,0,0
2026-08-07 19:10:00,1.15611,1.1565400000000001,1.1561,1.15651,927,0,0
2026-08-07 19:15:00,1.15651,1.1565400000000001,1.1562999999999999,1.15632,963,0,0
2026-08-07 19:20:00,1.15632,1.15659,1.15601,1.15624,1417,0,0
2026-08-07 19:25:00,1.15624,1.1564,1.15615,1.15624,1181,0,0
2026-08-07 19:30:00,1.15625,1.15641,1.15613,1.15617,1113,0,0
2026-08-07 19:35:00,1.15617,1.15631,1.15611,1.15631,913,0,0
2026-08-07 19:40:00,1.15631,1.15639,1.15621,1.15629,670,0,0
2026-08-07 19:45:00,1.15629,1.15674,1.15628,1.15671,890,0,0
2026-08-07 19:50:00,1.15671,1.15672,1.15607,1.15611,760,0,0
2026-08-07 19:55:00,1.15611,1.15612,1.15586,1.1559,866,0,0
2026-08-07 20:00:00,1.1559,1.15602,1.15575,1.15594,837,0,0
2026-08-07 20:05:00,1.15594,1.15606,1.15589,1.156,641,0,0
2026-08-07 20:10:00,1.156,1.15615,1.15594,1.1561,592,0,0
2026-08-07 20:15:00,1.1561,1.15617,1.1559300000000001,1.15601,700,0,0
2026-08-07 20:20:00,1.15601,1.1562000000000001,1.1559599999999999,1.15616,605,0,0
2026-08-07 20:25:00,1.15617,1.15632,1.15609,1.15611,753,0,0
2026-08-07 20:30:00,1.15611,1.15634,1.15601,1.15612,879,0,0
2026-08-07 20:35:00,1.15612,1.1562999999999999,1.15599,1.15626,690,0,0
2026-08-07 20:40:00,1.15626,1.15636,1.15624,1.15626,546,0,0
2026-08-07 20:45:00,1.15627,1.15632,1.1562000000000001,1.1562000000000001,542,0,0
2026-08-07 20:50:00,1.1562000000000001,1.15634,1.15619,1.15626,604,0,0
2026-08-07 20:55:00,1.15626,1.15632,1.15609,1.15612,653,0,0
2026-08-07 21:00:00,1.15612,1.15614,1.15589,1.1559599999999999,748,0,0
2026-08-07 21:05:00,1.1559599999999999,1.15627,1.15594,1.15624,687,0,0
2026-08-07 21:10:00,1.15625,1.15634,1.15611,1.15612,730,0,0
2026-08-07 21:15:00,1.15612,1.15624,1.15608,1.15611,667,0,0
2026-08-07 21:20:00,1.15611,1.15617,1.15599,1.15608,652,0,0
2026-08-07 21:25:00,1.15608,1.15628,1.15605,1.15624,881,0,0
2026-08-07 21:30:00,1.15624,1.15639,1.1562000000000001,1.15635,531,0,0
2026-08-07 21:35:00,1.15636,1.15639,1.15628,1.15633,491,0,0
2026-08-07 21:40:00,1.15633,1.15643,1.1562999999999999,1.15641,510,0,0
2026-08-07 21:45:00,1.15641,1.15662,1.15637,1.15661,586,0,0
2026-08-07 21:50:00,1.15662,1.15663,1.15653,1.15658,558,0,0
2026-08-07 21:55:00,1.15658,1.15658,1.15639,1.15651,626,0,0
2026-08-07 22:00:00,1.15651,1.15683,1.15646,1.15658,1207,0,0
2026-08-07 22:05:00,1.15658,1.15665,1.1565,1.15664,632,0,0
2026-08-07 22:10:00,1.15664,1.15669,1.15639,1.15644,658,0,0
2026-08-07 22:15:00,1.15645,1.15674,1.15639,1.1565699999999999,946,0,0
2026-08-07 22:20:00,1.1565699999999999,1.15689,1.15655,1.15687,893,0,0
2026-08-07 22:25:00,1.15688,1.15702,1.1568,1.15697,753,0,0
2026-08-07 22:30:00,1.15697,1.15701,1.1568,1.15694,767,0,0
2026-08-07 22:35:00,1.15694,1.15694,1.15672,1.15677,564,0,0
2026-08-07 22:40:00,1.15677,1.15679,1.15658,1.15659,736,0,0
2026-08-07 22:45:00,1.15659,1.15669,1.15655,1.15658,638,0,0
2026-08-07 22:50:00,1.15658,1.1566,1.15631,1.15635,709,0,0
2026-08-07 22:55:00,1.15635,1.15638,1.15609,1.15617,1351,0,0
2026-08-07 23:00:00,1.15616,1.15619,1.15604,1.15609,1062,0,0
2026-08-07 23:05:00,1.15608,1.15615,1.15592,1.15595,504,0,0
2026-08-07 23:10:00,1.15595,1.15598,1.15586,1.15588,460,0,0
2026-08-07 23:15:00,1.15588,1.15592,1.15572,1.15573,566,0,0
2026-08-07 23:20:00,1.15573,1.1558,1.15563,1.1557,605,0,0
2026-08-07 23:25:00,1.15571,1.15573,1.15558,1.15567,412,0,0
2026-08-07 23:30:00,1.15567,1.15573,1.15555,1.15571,481,0,0
2026-08-07 23:35:00,1.15571,1.15588,1.15568,1.15585,460,0,0
2026-08-07 23:40:00,1.15585,1.15595,1.15573,1.15578,397,0,0
2026-08-07 23:45:00,1.15578,1.15584,1.15562,1.15563,664,0,0
2026-08-07 23:50:00,1.15563,1.15584,1.15562,1.15576,990,0,0
2026-08-07 23:55:00,1.15576,1.15598,1.15567,1.15571,1148,0,0
2026-08-10 00:00:00,1.1562000000000001,1.15643,1.1562000000000001,1.15643,12,10,0
2026-08-10 00:05:00,1.15643,1.15647,1.15625,1.15647,19,0,0
2026-08-10 00:10:00,1.15655,1.15672,1.15648,1.15662,68,0,0
2026-08-10 00:15:00,1.15662,1.15662,1.15642,1.15648,30,0,0
2026-08-10 00:20:00,1.15648,1.15652,1.15639,1.15647,50,0,0
2026-08-10 00:25:00,1.15647,1.15647,1.15638,1.15647,27,0,0
2026-08-10 00:30:00,1.15647,1.15651,1.15612,1.15621,45,0,0
2026-08-10 00:35:00,1.15621,1.15629,1.15615,1.15619,27,0,0
2026-08-10 00:40:00,1.15619,1.15619,1.1561,1.15617,38,0,0
2026-08-10 00:45:00,1.15617,1.15617,1.15603,1.15612,73,0,0
2026-08-10 00:50:00,1.15612,1.15613,1.15608,1.15609,26,0,0
2026-08-10 00:55:00,1.15609,1.15613,1.15601,1.15612,63,0,0
2026-08-10 01:00:00,1.15613,1.15623,1.1556899999999999,1.15576,533,0,0
2026-08-10 01:05:00,1.15576,1.15578,1.1556,1.15571,351,0,0
2026-08-10 01:10:00,1.15571,1.15577,1.15561,1.15565,321,0,0
2026-08-10 01:15:00,1.15565,1.15571,1.15556,1.15558,385,0,0
2026-08-10 01:20:00,1.15558,1.15563,1.15553,1.1555900000000001,388,0,0
2026-08-10 01:25:00,1.15558,1.15566,1.15548,1.15549,434,0,0
2026-08-10 01:30:00,1.15549,1.15563,1.15549,1.1555900000000001,436,0,0
2026-08-10 01:35:00,1.15556,1.15571,1.15556,1.1556899999999999,345,0,0
2026-08-10 01:40:00,1.15568,1.15572,1.1555900000000001,1.15564,355,0,0
2026-08-10 01:45:00,1.15565,1.15572,1.15563,1.15567,439,0,0
2026-08-10 01:50:00,1.15568,1.15571,1.1555,1.15554,377,0,0
2026-08-10 01:55:00,1.15554,1.1556,1.15551,1.15553,278,0,0
2026-08-10 02:00:00,1.15553,1.15573,1.15553,1.15571,394,0,0
2026-08-10 02:05:00,1.1557,1.15581,1.15564,1.15573,511,0,0
2026-08-10 02:10:00,1.15573,1.15582,1.15566,1.15579,330,0,0
2026-08-10 02:15:00,1.15579,1.1558,1.1557,1.15573,214,0,0
2026-08-10 02:20:00,1.15573,1.15577,1.1557,1.15575,292,0,0
2026-08-10 02:25:00,1.15575,1.15584,1.15574,1.15574,293,0,0
2026-08-10 02:30:00,1.15574,1.15578,1.15554,1.1556,291,0,0
2026-08-10 02:35:00,1.1556,1.15561,1.15542,1.15554,331,0,0
2026-08-10 02:40:00,1.15555,1.15578,1.15554,1.15577,330,0,0
2026-08-10 02:45:00,1.15577,1.15582,1.15565,1.15571,508,0,0
2026-08-10 02:50:00,1.15571,1.15584,1.1556899999999999,1.15576,460,0,0
2026-08-10 02:55:00,1.15576,1.15578,1.15554,1.15554,529,0,0
2026-08-10 03:00:00,1.15554,1.15587,1.15554,1.15578,1244,0,0
2026-08-10 03:05:00,1.15577,1.15588,1.1557,1.15577,798,0,0
2026-08-10 03:10:00,1.15577,1.15592,1.15563,1.15587,796,0,0
2026-08-10 03:15:00,1.15587,1.15587,1.15557,1.15558,748,0,0
2026-08-10 03:20:00,1.1555900000000001,1.15565,1.15555,1.15561,700,0,0
2026-08-10 03:25:00,1.15561,1.15567,1.1555,1.15558,738,0,0
2026-08-10 03:30:00,1.15558,1.1556,1.15547,1.15555,624,0,0
2026-08-10 03:35:00,1.15555,1.15562,1.15543,1.1555,638,0,0
2026-08-10 03:40:00,1.1555,1.15553,1.15543,1.15544,537,0,0
2026-08-10 03:45:00,1.15544,1.15572,1.1554,1.15571,577,0,0
2026-08-10 03:50:00,1.15571,1.1559,1.1556899999999999,1.15579,1021,0,0
2026-08-10 03:55:00,1.15579,1.15589,1.15573,1.15583,817,0,0
2026-08-10 04:00:00,1.15583,1.15591,1.1553499999999999,1.15551,1271,0,0
2026-08-10 04:05:00,1.15551,1.15553,1.15527,1.15539,1229,0,0
2026-08-10 04:10:00,1.15539,1.15553,1.15534,1.15549,863,0,0
2026-08-10 04:15:00,1.15549,1.15567,1.15546,1.15554,940,0,0
2026-08-10 04:20:00,1.15554,1.1556,1.15537,1.15556,897,0,0
2026-08-10 04:25:00,1.15557,1.15562,1.15545,1.15546,633,0,0
2026-08-10 04:30:00,1.15546,1.15547,1.15527,1.15536,828,0,0
2026-08-10 04:35:00,1.15536,1.1554,1.1552,1.15538,755,0,0
2026-08-10 04:40:00,1.15538,1.1555,1.15537,1.15541,662,0,0
2026-08-10 04:45:00,1.15541,1.15555,1.1553,1.15548,862,0,0
2026-08-10 04:50:00,1.15548,1.1555,1.1553200000000001,1.15537,741,0,0
2026-08-10 04:55:00,1.15537,1.15546,1.15527,1.15541,845,0,0
2026-08-10 05:00:00,1.15541,1.1555,1.15536,1.15547,681,0,0
2026-08-10 05:05:00,1.15547,1.15548,1.1553200000000001,1.15533,401,0,0
2026-08-10 05:10:00,1.15533,1.1554,1.15527,1.15536,364,0,0
2026-08-10 05:15:00,1.15536,1.15552,1.1553499999999999,1.15547,395,0,0
2026-08-10 05:20:00,1.15547,1.15547,1.1553200000000001,1.1553499999999999,432,0,0
2026-08-10 05:25:00,1.15534,1.15546,1.15527,1.1554,376,0,0
2026-08-10 05:30:00,1.1554,1.15552,1.15538,1.15544,503,0,0
2026-08-10 05:35:00,1.15544,1.15545,1.15528,1.1553,352,0,0
2026-08-10 05:40:00,1.1553,1.15533,1.1552,1.1552,329,0,0
2026-08-10 05:45:00,1.15522,1.15527,1.15518,1.15525,325,0,0
2026-08-10 05:50:00,1.15525,1.1553,1.15515,1.15522,351,0,0
2026-08-10 05:55:00,1.15522,1.15526,1.1550799999999999,1.15517,512,0,0
2026-08-10 06:00:00,1.15517,1.15521,1.15496,1.15506,570,0,0
2026-08-10 06:05:00,1.15506,1.15506,1.15495,1.15495,534,0,0
2026-08-10 06:10:00,1.15496,1.15512,1.15493,1.1551,506,0,0
2026-08-10 06:15:00,1.1551,1.15512,1.155,1.15511,419,0,0
2026-08-10 06:20:00,1.15511,1.1553,1.15509,1.1552,474,0,0
2026-08-10 06:25:00,1.15521,1.15525,1.1549800000000001,1.15513,561,0,0
2026-08-10 06:30:00,1.15513,1.15514,1.15497,1.15502,488,0,0
2026-08-10 06:35:00,1.15502,1.15506,1.15493,1.15496,281,0,0
2026-08-10 06:40:00,1.15496,1.15505,1.15488,1.15495,463,0,0
2026-08-10 06:45:00,1.15495,1.1550799999999999,1.15493,1.15505,421,0,0
2026-08-10 06:50:00,1.15504,1.15506,1.15493,1.15499,391,0,0
2026-08-10 06:55:00,1.15499,1.15501,1.15488,1.15492,480,0,0
2026-08-10 07:00:00,1.15492,1.1549800000000001,1.15488,1.15495,413,0,0
2026-08-10 07:05:00,1.15495,1.15496,1.1548,1.15486,495,0,0
2026-08-10 07:10:00,1.15486,1.1549800000000001,1.15483,1.15495,493,0,0
2026-08-10 07:15:00,1.15495,1.15496,1.15485,1.1549,432,0,0
2026-08-10 07:20:00,1.1549,1.15496,1.15486,1.15496,470,0,0
2026-08-10 07:25:00,1.15495,1.15503,1.15493,1.15499,367,0,0
2026-08-10 07:30:00,1.15499,1.155,1.15491,1.15493,383,0,0
2026-08-10 07:35:00,1.15493,1.15494,1.15483,1.15488,285,0,0
2026-08-10 07:40:00,1.15488,1.15502,1.15488,1.15501,464,0,0
2026-08-10 07:45:00,1.15502,1.1552,1.15501,1.1552,474,0,0
2026-08-10 07:50:00,1.1552,1.15526,1.15517,1.15519,378,0,0
2026-08-10 07:55:00,1.1552,1.15526,1.15511,1.15515,522,0,0
2026-08-10 08:00:00,1.15515,1.15531,1.1551,1.1553,708,0,0
2026-08-10 08:05:00,1.1553,1.15533,1.15514,1.15517,501,0,0
2026-08-10 08:10:00,1.15517,1.15517,1.155,1.1551,615,0,0
2026-08-10 08:15:00,1.1551,1.15518,1.15505,1.15506,395,0,0
2026-08-10 08:20:00,1.15506,1.15517,1.15504,1.15515,463,0,0
2026-08-10 08:25:00,1.15515,1.1552,1.1550799999999999,1.15514,422,0,0
2026-08-10 08:30:00,1.15515,1.15519,1.15502,1.15516,621,0,0
2026-08-10 08:35:00,1.15516,1.15533,1.15512,1.15527,615,0,0
2026-08-10 08:40:00,1.15527,1.15534,1.15513,1.15517,634,0,0
2026-08-10 08:45:00,1.15517,1.15533,1.15514,1.15529,461,0,0
2026-08-10 08:50:00,1.15529,1.15552,1.15529,1.15549,587,0,0
2026-08-10 08:55:00,1.15548,1.15563,1.15543,1.15547,755,0,0
2026-08-10 09:00:00,1.15547,1.1555,1.15524,1.1553,920,0,0
2026-08-10 09:05:00,1.15529,1.15546,1.15526,1.15543,512,0,0
2026-08-10 09:10:00,1.15543,1.1555,1.15527,1.15541,735,0,0
2026-08-10 09:15:00,1.15541,1.15576,1.15536,1.15554,894,0,0
2026-08-10 09:20:00,1.15554,1.15562,1.15541,1.15552,785,0,0
2026-08-10 09:25:00,1.15552,1.15564,1.15543,1.1556,860,0,0
2026-08-10 09:30:00,1.1555900000000001,1.15562,1.15543,1.15548,827,0,0
2026-08-10 09:35:00,1.15548,1.1556,1.15543,1.15549,782,0,0
2026-08-10 09:40:00,1.15548,1.15564,1.15539,1.15546,677,0,0
2026-08-10 09:45:00,1.15546,1.15552,1.15538,1.15541,805,0,0
2026-08-10 09:50:00,1.15541,1.15542,1.15524,1.1553200000000001,663,0,0
2026-08-10 09:55:00,1.1553200000000001,1.15555,1.15527,1.15551,924,0,0
2026-08-10 10:00:00,1.1555,1.15551,1.15519,1.15525,1188,0,0
2026-08-10 10:05:00,1.15525,1.1555900000000001,1.15523,1.15546,903,0,0
2026-08-10 10:10:00,1.15546,1.1556,1.1553499999999999,1.15537,948,0,0
2026-08-10 10:15:00,1.15538,1.15561,1.15533,1.15553,956,0,0
2026-08-10 10:20:00,1.15553,1.15575,1.15538,1.1557,947,0,0
2026-08-10 10:25:00,1.1557,1.15581,1.15552,1.15562,985,0,0
2026-08-10 10:30:00,1.15562,1.15574,1.15555,1.15565,786,0,0
2026-08-10 10:35:00,1.15565,1.15613,1.15565,1.1559599999999999,1114,0,0
2026-08-10 10:40:00,1.1559599999999999,1.15632,1.15594,1.15632,909,0,0
2026-08-10 10:45:00,1.15632,1.1565699999999999,1.15607,1.15616,1296,0,0
2026-08-10 10:50:00,1.15616,1.15622,1.15583,1.15588,850,0,0
2026-08-10 10:55:00,1.15588,1.15616,1.15588,1.1561,929,0,0
2026-08-10 11:00:00,1.15609,1.15617,1.15594,1.15609,979,0,0
2026-08-10 11:05:00,1.15609,1.15628,1.15605,1.15625,881,0,0
2026-08-10 11:10:00,1.15625,1.1565400000000001,1.15624,1.15651,730,0,0
2026-08-10 11:15:00,1.15651,1.15658,1.15637,1.15645,725,0,0
2026-08-10 11:20:00,1.15645,1.1565400000000001,1.15638,1.15641,774,0,0
2026-08-10 11:25:00,1.15641,1.15649,1.15633,1.15647,686,0,0
2026-08-10 11:30:00,1.15647,1.15651,1.15617,1.15625,825,0,0
2026-08-10 11:35:00,1.15625,1.15638,1.15621,1.1562999999999999,746,0,0
2026-08-10 11:40:00,1.15631,1.15642,1.15624,1.15626,640,0,0
2026-08-10 11:45:00,1.15626,1.15628,1.15614,1.15615,775,0,0
2026-08-10 11:50:00,1.15615,1.15628,1.15609,1.15611,801,0,0
2026-08-10 11:55:00,1.15611,1.15621,1.15607,1.1561,839,0,0
2026-08-10 12:00:00,1.1561,1.15611,1.1559300000000001,1.156,829,0,0
2026-08-10 12:05:00,1.156,1.15626,1.15598,1.1562000000000001,639,0,0
2026-08-10 12:10:00,1.1562000000000001,1.15638,1.15613,1.15636,823,0,0
2026-08-10 12:15:00,1.15636,1.15638,1.15613,1.15615,675,0,0
2026-08-10 12:20:00,1.15615,1.15631,1.15609,1.15629,610,0,0
2026-08-10 12:25:00,1.15629,1.1562999999999999,1.15614,1.15625,496,0,0
2026-08-10 12:30:00,1.15625,1.15626,1.15597,1.15601,705,0,0
2026-08-10 12:35:00,1.15601,1.15605,1.15568,1.15574,750,0,0
2026-08-10 12:40:00,1.15574,1.15607,1.1556899999999999,1.156,878,0,0
2026-08-10 12:45:00,1.156,1.15608,1.1559,1.1559599999999999,850,0,0
2026-08-10 12:50:00,1.1559599999999999,1.15607,1.15584,1.15607,761,0,0
2026-08-10 12:55:00,1.15607,1.15613,1.15568,1.1557,948,0,0
2026-08-10 13:00:00,1.1557,1.15576,1.15549,1.15553,974,0,0
2026-08-10 13:05:00,1.15553,1.1556899999999999,1.15543,1.15561,798,0,0
2026-08-10 13:10:00,1.15561,1.15567,1.15549,1.15553,532,0,0
2026-08-10 13:15:00,1.15552,1.15562,1.15549,1.15561,550,0,0
2026-08-10 13:20:00,1.15561,1.15581,1.1555900000000001,1.15568,932,0,0
2026-08-10 13:25:00,1.15568,1.15573,1.15561,1.15566,718,0,0
2026-08-10 13:30:00,1.15566,1.15574,1.15554,1.1557,725,0,0
2026-08-10 13:35:00,1.1557,1.15574,1.15545,1.1556,642,0,0
2026-08-10 13:40:00,1.1556,1.1556899999999999,1.15544,1.15566,800,0,0
2026-08-10 13:45:00,1.15566,1.15568,1.15552,1.15557,675,0,0
2026-08-10 13:50:00,1.15557,1.15571,1.15554,1.15556,594,0,0
2026-08-10 13:55:00,1.15557,1.15565,1.15548,1.15554,876,0,0
2026-08-10 14:00:00,1.15554,1.15566,1.15549,1.15555,946,0,0
2026-08-10 14:05:00,1.15555,1.1556,1.15534,1.15538,710,0,0
2026-08-10 14:10:00,1.15539,1.15542,1.1550799999999999,1.15524,592,0,0
2026-08-10 14:15:00,1.15524,1.1553,1.15515,1.15518,627,0,0
2026-08-10 14:20:00,1.15516,1.15529,1.1550799999999999,1.15515,779,0,0
2026-08-10 14:25:00,1.15515,1.15526,1.15499,1.15514,698,0,0
2026-08-10 14:30:00,1.15514,1.15523,1.15502,1.15512,627,0,0
2026-08-10 14:35:00,1.15512,1.15527,1.15509,1.15522,679,0,0
2026-08-10 14:40:00,1.15522,1.15531,1.15505,1.15509,785,0,0
2026-08-10 14:45:00,1.15509,1.15517,1.15495,1.155,743,0,0
2026-08-10 14:50:00,1.155,1.15503,1.15489,1.15499,569,0,0
2026-08-10 14:55:00,1.15499,1.15525,1.15493,1.15523,761,0,0
2026-08-10 15:00:00,1.15523,1.15527,1.1550799999999999,1.1552,986,0,0
2026-08-10 15:05:00,1.15518,1.15552,1.15515,1.15547,1807,0,0
2026-08-10 15:10:00,1.15547,1.1555,1.15509,1.15516,934,0,0
2026-08-10 15:15:00,1.15516,1.15517,1.15494,1.15499,884,0,0
2026-08-10 15:20:00,1.15499,1.15518,1.15492,1.15501,1036,0,0
2026-08-10 15:25:00,1.15501,1.15505,1.15468,1.15487,942,0,0
2026-08-10 15:30:00,1.15487,1.15503,1.1547399999999999,1.15476,778,0,0
2026-08-10 15:35:00,1.15476,1.15486,1.15468,1.15477,972,0,0
2026-08-10 15:40:00,1.15477,1.1548,1.15458,1.15459,878,0,0
2026-08-10 15:45:00,1.15459,1.15487,1.15453,1.15481,743,0,0
2026-08-10 15:50:00,1.15481,1.15491,1.15469,1.15471,843,0,0
2026-08-10 15:55:00,1.15471,1.15483,1.15469,1.1547,928,0,0
2026-08-10 16:00:00,1.1547,1.15485,1.15464,1.15465,1163,0,0
2026-08-10 16:05:00,1.15465,1.15492,1.15455,1.1549,1064,0,0
2026-08-10 16:10:00,1.1549,1.15523,1.15486,1.15521,1135,0,0
2026-08-10 16:15:00,1.15521,1.15534,1.1550799999999999,1.15524,979,0,0
2026-08-10 16:20:00,1.15524,1.15537,1.15495,1.15505,896,0,0
2026-08-10 16:25:00,1.15505,1.15531,1.15504,1.15526,952,0,0
2026-08-10 16:30:00,1.15526,1.15536,1.15502,1.15514,1348,0,0
2026-08-10 16:35:00,1.15516,1.15524,1.15488,1.15491,1185,0,0
2026-08-10 16:40:00,1.15492,1.15518,1.15478,1.1548,1149,0,0
2026-08-10 16:45:00,1.1548,1.15509,1.15468,1.15472,1511,0,0
2026-08-10 16:50:00,1.15472,1.15478,1.15438,1.15449,1409,0,0
2026-08-10 16:55:00,1.15449,1.15469,1.1544,1.15449,1708,0,0
2026-08-10 17:00:00,1.15449,1.15465,1.15444,1.15456,1177,0,0
2026-08-10 17:05:00,1.15456,1.15488,1.15456,1.15479,1247,0,0
2026-08-10 17:10:00,1.15479,1.15505,1.15469,1.1549,933,0,0
2026-08-10 17:15:00,1.1549,1.15514,1.15475,1.15504,946,0,0
2026-08-10 17:20:00,1.15504,1.15512,1.15495,1.15501,1105,0,0
2026-08-10 17:25:00,1.155,1.1554,1.155,1.15527,1136,0,0
2026-08-10 17:30:00,1.15528,1.1553200000000001,1.15511,1.15527,958,0,0
2026-08-10 17:35:00,1.15527,1.15547,1.15523,1.15538,1012,0,0
2026-08-10 17:40:00,1.15538,1.15547,1.15527,1.15533,867,0,0
2026-08-10 17:45:00,1.15533,1.15558,1.15533,1.1554,1067,0,0
2026-08-10 17:50:00,1.1554,1.1554,1.15499,1.15516,1320,0,0
2026-08-10 17:55:00,1.15516,1.1553200000000001,1.15505,1.1552,1727,0,0
2026-08-10 18:00:00,1.1552,1.15524,1.1547399999999999,1.15484,1550,0,0
2026-08-10 18:05:00,1.15484,1.15506,1.15477,1.15483,1169,0,0
2026-08-10 18:10:00,1.15484,1.15512,1.15478,1.15512,989,0,0
2026-08-10 18:15:00,1.15512,1.15534,1.1550799999999999,1.15519,1125,0,0
2026-08-10 18:20:00,1.15519,1.15526,1.15505,1.15507,1028,0,0
2026-08-10 18:25:00,1.15507,1.15509,1.15465,1.15487,1110,0,0
2026-08-10 18:30:00,1.15487,1.15497,1.15463,1.15466,937,0,0
2026-08-10 18:35:00,1.15465,1.15482,1.15463,1.15469,832,0,0
2026-08-10 18:40:00,1.15469,1.15483,1.15463,1.15472,945,0,0
2026-08-10 18:45:00,1.15472,1.15488,1.15467,1.15472,963,0,0
2026-08-10 18:50:00,1.15472,1.15505,1.1547,1.15501,931,0,0
2026-08-10 18:55:00,1.15501,1.15522,1.15492,1.15518,741,0,0
2026-08-10 19:00:00,1.15518,1.15533,1.15516,1.15528,940,0,0
2026-08-10 19:05:00,1.15528,1.1553499999999999,1.1552,1.1553200000000001,776,0,0
2026-08-10 19:10:00,1.1553,1.15543,1.15523,1.15527,616,0,0
2026-08-10 19:15:00,1.15526,1.15527,1.15504,1.15513,724,0,0
2026-08-10 19:20:00,1.15512,1.15517,1.15495,1.1549800000000001,520,0,0
2026-08-10 19:25:00,1.1549800000000001,1.15528,1.1549,1.15528,647,0,0
2026-08-10 19:30:00,1.15526,1.15533,1.15472,1.15516,1207,0,0
2026-08-10 19:35:00,1.15516,1.15529,1.15513,1.15515,601,0,0
2026-08-10 19:40:00,1.15516,1.15518,1.15466,1.15469,867,0,0
2026-08-10 19:45:00,1.1547,1.15472,1.1545,1.15459,828,0,0
2026-08-10 19:50:00,1.15459,1.15488,1.15458,1.15478,799,0,0
2026-08-10 19:55:00,1.15478,1.15481,1.15467,1.15472,620,0,0
2026-08-10 20:00:00,1.15472,1.15478,1.15445,1.15455,659,0,0
2026-08-10 20:05:00,1.15455,1.15457,1.15438,1.15448,635,0,0
2026-08-10 20:10:00,1.15448,1.15452,1.15436,1.15449,665,0,0
2026-08-10 20:15:00,1.15449,1.1545,1.15424,1.15427,470,0,0
2026-08-10 20:20:00,1.15427,1.15433,1.15409,1.15432,902,0,0
2026-08-10 20:25:00,1.15432,1.15444,1.15416,1.1543700000000001,1027,0,0
2026-08-10 20:30:00,1.15435,1.15468,1.15435,1.15456,746,0,0
2026-08-10 20:35:00,1.15457,1.15463,1.15451,1.15455,501,0,0
2026-08-10 20:40:00,1.15455,1.15461,1.15445,1.15446,429,0,0
2026-08-10 20:45:00,1.15446,1.15448,1.15428,1.15441,496,0,0
2026-08-10 20:50:00,1.1544,1.1544699999999999,1.15425,1.15426,431,0,0
2026-08-10 20:55:00,1.15426,1.15429,1.15419,1.15428,647,0,0
2026-08-10 21:00:00,1.15428,1.1544,1.15426,1.15436,700,0,0
2026-08-10 21:05:00,1.15436,1.15443,1.15435,1.15441,443,0,0
2026-08-10 21:10:00,1.15442,1.15449,1.15435,1.1543700000000001,431,0,0
2026-08-10 21:15:00,1.1543700000000001,1.15438,1.15422,1.15422,327,0,0
2026-08-10 21:20:00,1.15423,1.15429,1.15411,1.15426,441,0,0
2026-08-10 21:25:00,1.15427,1.15429,1.1542,1.15422,581,0,0
2026-08-10 21:30:00,1.15422,1.15448,1.15411,1.15436,1133,0,0
2026-08-10 21:35:00,1.15435,1.15442,1.15428,1.15442,570,0,0
2026-08-10 21:40:00,1.15442,1.15449,1.15436,1.15446,458,0,0
2026-08-10 21:45:00,1.15446,1.15448,1.15431,1.1543700000000001,482,0,0
2026-08-10 21:50:00,1.1543700000000001,1.1543700000000001,1.15401,1.15404,1050,0,0
2026-08-10 21:55:00,1.15402,1.15428,1.154,1.15423,680,0,0
2026-08-10 22:00:00,1.15423,1.15427,1.15406,1.15406,515,0,0
2026-08-10 22:05:00,1.15406,1.15414,1.15404,1.15407,374,0,0
2026-08-10 22:10:00,1.15407,1.15416,1.15402,1.15414,454,0,0
2026-08-10 22:15:00,1.15414,1.15416,1.15404,1.15416,469,0,0
2026-08-10 22:20:00,1.15414,1.15431,1.15414,1.15421,446,0,0
2026-08-10 22:25:00,1.15421,1.15425,1.15415,1.1542,503,0,0
2026-08-10 22:30:00,1.15422,1.15431,1.15409,1.1541,651,0,0
2026-08-10 22:35:00,1.1541,1.15429,1.1541,1.15415,542,0,0
2026-08-10 22:40:00,1.15416,1.15432,1.15415,1.15426,546,0,0
2026-08-10 22:45:00,1.15426,1.15431,1.15421,1.15428,461,0,0
2026-08-10 22:50:00,1.15426,1.15432,1.1542,1.15425,637,0,0
2026-08-10 22:55:00,1.15425,1.15426,1.1541,1.15414,851,0,0
2026-08-10 23:00:00,1.15414,1.15428,1.1541299999999999,1.1542,772,0,0
2026-08-10 23:05:00,1.1542,1.15431,1.15417,1.15424,288,0,0
2026-08-10 23:10:00,1.15424,1.15434,1.15424,1.1543,232,0,0
2026-08-10 23:15:00,1.1543,1.15431,1.15424,1.15427,152,0,0
2026-08-10 23:20:00,1.15426,1.15426,1.15417,1.1542,227,0,0
2026-08-10 23:25:00,1.1542,1.15422,1.15415,1.15416,309,0,0
2026-08-10 23:30:00,1.15416,1.15419,1.15414,1.15417,183,0,0
2026-08-10 23:35:00,1.15417,1.15428,1.15415,1.15423,193,0,0
2026-08-10 23:40:00,1.15423,1.15429,1.15421,1.15424,141,0,0
2026-08-10 23:45:00,1.15424,1.15425,1.15418,1.15424,205,0,0
2026-08-10 23:50:00,1.15424,1.15425,1.1542,1.15421,204,0,0
2026-08-10 23:55:00,1.15421,1.15428,1.1542,1.15424,376,0,0
2026-08-11 00:00:00,1.15427,1.1549,1.15412,1.15414,98,0,0
2026-08-11 00:05:00,1.15415,1.15421,1.15411,1.15418,50,0,0
2026-08-11 00:10:00,1.15417,1.15428,1.15417,1.15426,18,0,0
2026-08-11 00:15:00,1.15426,1.1543,1.15422,1.15424,20,0,0
2026-08-11 00:20:00,1.15424,1.15424,1.15424,1.15424,5,5,0
2026-08-11 00:25:00,1.15424,1.15429,1.15423,1.15428,25,0,0
2026-08-11 00:30:00,1.15425,1.1543,1.15424,1.15424,15,0,0
2026-08-11 00:35:00,1.15424,1.15429,1.15424,1.15425,29,0,0
2026-08-11 00:40:00,1.15425,1.15428,1.15422,1.15427,63,0,0
2026-08-11 00:45:00,1.15427,1.15427,1.15423,1.15425,21,0,0
2026-08-11 00:50:00,1.15425,1.15428,1.15421,1.15423,20,0,0
2026-08-11 00:55:00,1.15425,1.15434,1.15418,1.15427,78,0,0
2026-08-11 01:00:00,1.15425,1.15444,1.15425,1.15434,309,0,0
2026-08-11 01:05:00,1.15434,1.15436,1.15427,1.15428,228,0,0
2026-08-11 01:10:00,1.15428,1.15433,1.15425,1.1543,202,0,0
2026-08-11 01:15:00,1.1543,1.15433,1.15426,1.15431,119,0,0
2026-08-11 01:20:00,1.15431,1.15433,1.15423,1.15426,404,0,0
2026-08-11 01:25:00,1.15426,1.15432,1.15423,1.1543,388,0,0
2026-08-11 01:30:00,1.1543,1.15432,1.15424,1.15428,312,0,0
2026-08-11 01:35:00,1.15428,1.15439,1.15425,1.15435,258,0,0
2026-08-11 01:40:00,1.15435,1.15436,1.15431,1.15434,308,0,0
2026-08-11 01:45:00,1.15434,1.1544,1.15432,1.15433,207,0,0
2026-08-11 01:50:00,1.15432,1.15439,1.15431,1.15435,313,0,0
2026-08-11 01:55:00,1.15435,1.15441,1.15434,1.15438,261,0,0
2026-08-11 02:00:00,1.15438,1.15443,1.1543,1.15434,296,0,0
2026-08-11 02:05:00,1.15435,1.15438,1.1543,1.1543,136,0,0
2026-08-11 02:10:00,1.1543,1.15435,1.1543,1.15433,149,0,0
2026-08-11 02:15:00,1.15432,1.15433,1.15428,1.15431,102,0,0
2026-08-11 02:20:00,1.15431,1.1543700000000001,1.1543,1.15431,189,0,0
2026-08-11 02:25:00,1.15431,1.15435,1.15425,1.15429,171,0,0
2026-08-11 02:30:00,1.1543,1.1543,1.15424,1.15424,168,0,0
2026-08-11 02:35:00,1.15424,1.15435,1.15422,1.1543,144,0,0
2026-08-11 02:40:00,1.1543,1.15435,1.15425,1.15431,362,0,0
2026-08-11 02:45:00,1.15431,1.15448,1.15431,1.15445,510,0,0
2026-08-11 02:50:00,1.15445,1.15445,1.15438,1.1544,414,0,0
2026-08-11 02:55:00,1.1544,1.15468,1.15438,1.15461,698,0,0
2026-08-11 03:00:00,1.15461,1.15473,1.15456,1.15468,885,0,0
2026-08-11 03:05:00,1.15468,1.15471,1.15453,1.15464,647,0,0
2026-08-11 03:10:00,1.15464,1.1547399999999999,1.15464,1.15472,556,0,0
2026-08-11 03:15:00,1.15472,1.15483,1.15463,1.15471,618,0,0
2026-08-11 03:20:00,1.15471,1.15483,1.15468,1.15473,531,0,0
2026-08-11 03:25:00,1.15473,1.15487,1.15471,1.1548,435,0,0
2026-08-11 03:30:00,1.1548,1.15487,1.1547,1.1547399999999999,452,0,0
2026-08-11 03:35:00,1.1547399999999999,1.15481,1.1547,1.1548,468,0,0
2026-08-11 03:40:00,1.1548,1.15499,1.15477,1.15488,888,0,0
2026-08-11 03:45:00,1.15489,1.15492,1.15475,1.15478,497,0,0
2026-08-11 03:50:00,1.15478,1.15488,1.15472,1.15476,572,0,0
2026-08-11 03:55:00,1.15476,1.15483,1.1546,1.15462,660,0,0
2026-08-11 04:00:00,1.15463,1.15463,1.1543,1.15436,778,0,0
2026-08-11 04:05:00,1.15436,1.15467,1.15433,1.15462,623,0,0
2026-08-11 04:10:00,1.15464,1.15475,1.15453,1.15473,870,0,0
2026-08-11 04:15:00,1.15473,1.15491,1.15469,1.15484,730,0,0
2026-08-11 04:20:00,1.15484,1.15493,1.15477,1.15477,584,0,0
2026-08-11 04:25:00,1.15477,1.15487,1.15471,1.15485,614,0,0
2026-08-11 04:30:00,1.15485,1.15497,1.15481,1.15496,615,0,0
2026-08-11 04:35:00,1.15496,1.15499,1.1548,1.15485,499,0,0
2026-08-11 04:40:00,1.15485,1.15489,1.15463,1.15465,581,0,0
2026-08-11 04:45:00,1.15463,1.15484,1.15462,1.15482,495,0,0
2026-08-11 04:50:00,1.15482,1.15487,1.1547399999999999,1.15485,355,0,0
2026-08-11 04:55:00,1.15485,1.15488,1.15463,1.15465,396,0,0
2026-08-11 05:00:00,1.15465,1.15465,1.15451,1.15461,409,0,0
2026-08-11 05:05:00,1.15461,1.15464,1.15439,1.15441,445,0,0
2026-08-11 05:10:00,1.15441,1.15451,1.15434,1.1545,492,0,0
2026-08-11 05:15:00,1.15449,1.15451,1.15434,1.1543700000000001,326,0,0
2026-08-11 05:20:00,1.1543700000000001,1.15438,1.15407,1.15409,677,0,0
2026-08-11 05:25:00,1.15407,1.15432,1.15404,1.15412,677,0,0
2026-08-11 05:30:00,1.15412,1.15422,1.15407,1.15422,484,0,0
2026-08-11 05:35:00,1.15422,1.15422,1.1541,1.1541299999999999,398,0,0
2026-08-11 05:40:00,1.1541299999999999,1.15424,1.15411,1.15417,289,0,0
2026-08-11 05:45:00,1.15417,1.15419,1.15396,1.15405,317,0,0
2026-08-11 05:50:00,1.15405,1.15407,1.15394,1.15395,320,0,0
2026-08-11 05:55:00,1.15395,1.15407,1.15387,1.15398,524,0,0
2026-08-11 06:00:00,1.15399,1.15409,1.15395,1.1540300000000001,509,0,0
2026-08-11 06:05:00,1.1540300000000001,1.1542,1.15401,1.1541299999999999,532,0,0
2026-08-11 06:10:00,1.15412,1.15424,1.1541,1.15422,354,0,0
2026-08-11 06:15:00,1.15422,1.15433,1.15419,1.15431,379,0,0
2026-08-11 06:20:00,1.15431,1.1543700000000001,1.15418,1.15425,414,0,0
2026-08-11 06:25:00,1.15425,1.15446,1.15422,1.15444,434,0,0
2026-08-11 06:30:00,1.15444,1.15452,1.15442,1.15448,372,0,0
2026-08-11 06:35:00,1.15448,1.15451,1.15436,1.15436,384,0,0
2026-08-11 06:40:00,1.15436,1.15441,1.15433,1.15434,285,0,0
2026-08-11 06:45:00,1.15434,1.1543700000000001,1.15429,1.15431,359,0,0
2026-08-11 06:50:00,1.1543,1.15432,1.15421,1.15431,416,0,0
2026-08-11 06:55:00,1.15431,1.15434,1.15426,1.1543,367,0,0
2026-08-11 07:00:00,1.1543,1.15441,1.15427,1.1544,392,0,0
2026-08-11 07:05:00,1.1544,1.15442,1.15434,1.15436,301,0,0
2026-08-11 07:10:00,1.15436,1.15442,1.15433,1.1544,421,0,0
2026-08-11 07:15:00,1.1544,1.1545,1.15438,1.15444,390,0,0
2026-08-11 07:20:00,1.15444,1.15444,1.15438,1.15441,365,0,0
2026-08-11 07:25:00,1.15441,1.15449,1.15439,1.15446,285,0,0
2026-08-11 07:30:00,1.15446,1.15455,1.15428,1.15429,700,0,0
2026-08-11 07:35:00,1.15428,1.15429,1.15419,1.15424,556,0,0
2026-08-11 07:40:00,1.15424,1.15427,1.1540300000000001,1.1541,406,0,0
2026-08-11 07:45:00,1.1541,1.15433,1.15395,1.15397,500,0,0
2026-08-11 07:50:00,1.15396,1.15414,1.15393,1.15408,358,0,0
2026-08-11 07:55:00,1.15408,1.1543,1.15408,1.15428,439,0,0
2026-08-11 08:00:00,1.15429,1.15431,1.15414,1.15418,315,0,0
2026-08-11 08:05:00,1.15417,1.1542,1.15409,1.15419,278,0,0
2026-08-11 08:10:00,1.15419,1.15422,1.15404,1.15409,304,0,0
2026-08-11 08:15:00,1.15409,1.15416,1.15406,1.15408,441,0,0
2026-08-11 08:20:00,1.15408,1.15414,1.15399,1.15411,355,0,0
2026-08-11 08:25:00,1.15411,1.15415,1.1540300000000001,1.1541299999999999,445,0,0
2026-08-11 08:30:00,1.1541299999999999,1.15418,1.15399,1.15416,599,0,0
2026-08-11 08:35:00,1.15416,1.15423,1.15408,1.1542,455,0,0
2026-08-11 08:40:00,1.1542,1.1543,1.15416,1.15427,525,0,0
2026-08-11 08:45:00,1.15427,1.15428,1.1541299999999999,1.15414,506,0,0
2026-08-11 08:50:00,1.15414,1.15415,1.15387,1.15391,657,0,0
2026-08-11 08:55:00,1.15392,1.15412,1.15388,1.1541,600,0,0
2026-08-11 09:00:00,1.15411,1.15435,1.15407,1.15422,1085,0,0
2026-08-11 09:05:00,1.15422,1.15422,1.15406,1.15411,682,0,0
2026-08-11 09:10:00,1.15411,1.15416,1.154,1.15405,740,0,0
2026-08-11 09:15:00,1.15405,1.15411,1.15381,1.15384,1014,0,0
2026-08-11 09:20:00,1.15384,1.15384,1.15346,1.15346,846,0,0
2026-08-11 09:25:00,1.15346,1.1538,1.15345,1.15367,949,0,0
2026-08-11 09:30:00,1.15367,1.15375,1.15329,1.15347,703,0,0
2026-08-11 09:35:00,1.15347,1.15373,1.15338,1.1537,823,0,0
2026-08-11 09:40:00,1.1537,1.15381,1.15359,1.15367,659,0,0
2026-08-11 09:45:00,1.15367,1.15368,1.1535,1.15361,592,0,0
2026-08-11 09:50:00,1.15361,1.15367,1.15339,1.15346,657,0,0
2026-08-11 09:55:00,1.15347,1.1537,1.1534,1.1537,959,0,0
2026-08-11 10:00:00,1.1537,1.15396,1.1537,1.15388,1178,0,0
2026-08-11 10:05:00,1.15388,1.15402,1.15378,1.15385,990,0,0
2026-08-11 10:10:00,1.15385,1.15393,1.15375,1.1538599999999999,842,0,0
2026-08-11 10:15:00,1.1538599999999999,1.15388,1.15365,1.15381,835,0,0
2026-08-11 10:20:00,1.15381,1.1538599999999999,1.15353,1.15368,830,0,0
2026-08-11 10:25:00,1.15368,1.1538,1.15363,1.15377,843,0,0
2026-08-11 10:30:00,1.15377,1.15387,1.15368,1.15371,910,0,0
2026-08-11 10:35:00,1.15371,1.15377,1.15341,1.15344,798,0,0
2026-08-11 10:40:00,1.15344,1.15346,1.15326,1.15326,774,0,0
2026-08-11 10:45:00,1.15327,1.15348,1.15324,1.15343,885,0,0
2026-08-11 10:50:00,1.15343,1.1535199999999999,1.15328,1.1534,1007,0,0
2026-08-11 10:55:00,1.1534,1.15348,1.15318,1.1532,1010,0,0
2026-08-11 11:00:00,1.1532,1.15331,1.15314,1.1533,1197,0,0
2026-08-11 11:05:00,1.15331,1.15336,1.15314,1.15335,879,0,0
2026-08-11 11:10:00,1.15335,1.1534200000000001,1.15313,1.15326,890,0,0
2026-08-11 11:15:00,1.15327,1.15339,1.15323,1.15326,877,0,0
2026-08-11 11:20:00,1.15326,1.1534200000000001,1.1532499999999999,1.15333,827,0,0
2026-08-11 11:25:00,1.15333,1.15344,1.15323,1.1534200000000001,1005,0,0
2026-08-11 11:30:00,1.1534200000000001,1.15357,1.15338,1.15349,818,0,0
2026-08-11 11:35:00,1.15349,1.15371,1.15339,1.15367,715,0,0
2026-08-11 11:40:00,1.15368,1.15388,1.15365,1.15381,710,0,0
2026-08-11 11:45:00,1.15381,1.15383,1.15363,1.15372,755,0,0
2026-08-11 11:50:00,1.15372,1.15378,1.1535199999999999,1.15355,612,0,0
2026-08-11 11:55:00,1.15355,1.1537,1.1535199999999999,1.15363,992,0,0
2026-08-11 12:00:00,1.15363,1.15365,1.15349,1.1536,836,0,0
2026-08-11 12:05:00,1.1536,1.15361,1.15336,1.1534200000000001,577,0,0
2026-08-11 12:10:00,1.1534200000000001,1.15353,1.1534,1.15343,767,0,0
2026-08-11 12:15:00,1.15343,1.15353,1.15339,1.15345,878,0,0
2026-08-11 12:20:00,1.15346,1.1535,1.15332,1.15334,664,0,0
2026-08-11 12:25:00,1.15334,1.15344,1.15328,1.15338,751,0,0
2026-08-11 12:30:00,1.15338,1.15347,1.15331,1.15339,940,0,0
2026-08-11 12:35:00,1.15339,1.15343,1.1533,1.15336,533,0,0
2026-08-11 12:40:00,1.15335,1.15344,1.15329,1.15341,613,0,0
2026-08-11 12:45:00,1.15341,1.15365,1.15338,1.15362,580,0,0
2026-08-11 12:50:00,1.15362,1.15363,1.15354,1.15361,533,0,0
2026-08-11 12:55:00,1.15361,1.15375,1.15361,1.15372,782,0,0
2026-08-11 13:00:00,1.15372,1.15372,1.15343,1.15363,663,0,0
2026-08-11 13:05:00,1.15364,1.15385,1.15358,1.15366,771,0,0
2026-08-11 13:10:00,1.15366,1.1538,1.15358,1.15358,647,0,0
2026-08-11 13:15:00,1.15358,1.15363,1.15336,1.15337,584,0,0
2026-08-11 13:20:00,1.15337,1.15366,1.15334,1.15344,937,0,0
2026-08-11 13:25:00,1.15345,1.15383,1.15341,1.15365,1299,0,0
2026-08-11 13:30:00,1.15365,1.15374,1.15354,1.15371,1010,0,0
2026-08-11 13:35:00,1.15371,1.1538599999999999,1.15369,1.15375,792,0,0
2026-08-11 13:40:00,1.1537600000000001,1.15383,1.15359,1.1536,597,0,0
2026-08-11 13:45:00,1.1536,1.15365,1.15355,1.15361,588,0,0
2026-08-11 13:50:00,1.15362,1.15364,1.15344,1.15346,671,0,0
2026-08-11 13:55:00,1.15346,1.15367,1.15343,1.15366,955,0,0
2026-08-11 14:00:00,1.15366,1.1543700000000001,1.15345,1.15415,2593,0,0
2026-08-11 14:05:00,1.15415,1.1543700000000001,1.15393,1.1540300000000001,1670,0,0
2026-08-11 14:10:00,1.1540300000000001,1.15424,1.15402,1.15418,1251,0,0
2026-08-11 14:15:00,1.15418,1.15421,1.1539,1.15395,1267,0,0
2026-08-11 14:20:00,1.15395,1.154,1.15383,1.15388,851,0,0
2026-08-11 14:25:00,1.15388,1.15402,1.15383,1.15392,985,0,0
2026-08-11 14:30:00,1.15392,1.15396,1.15365,1.15387,1047,0,0
2026-08-11 14:35:00,1.15387,1.15392,1.1538,1.15385,988,0,0
2026-08-11 14:40:00,1.15385,1.15387,1.15361,1.15363,985,0,0
2026-08-11 14:45:00,1.15363,1.1537,1.15349,1.15355,750,0,0
2026-08-11 14:50:00,1.15355,1.15378,1.15354,1.15361,887,0,0
2026-08-11 14:55:00,1.15362,1.15374,1.15355,1.15364,842,0,0
2026-08-11 15:00:00,1.15365,1.15381,1.15355,1.15368,1104,0,0
2026-08-11 15:05:00,1.15368,1.15405,1.15361,1.15398,1216,0,0
2026-08-11 15:10:00,1.15398,1.15402,1.15373,1.15378,963,0,0
2026-08-11 15:15:00,1.15377,1.15383,1.15366,1.15382,764,0,0
2026-08-11 15:20:00,1.15382,1.15394,1.15338,1.1535199999999999,1830,0,0
2026-08-11 15:25:00,1.1535199999999999,1.15377,1.1535199999999999,1.15369,1069,0,0
2026-08-11 15:30:00,1.15369,1.15419,1.15364,1.15402,1086,0,0
2026-08-11 15:35:00,1.15402,1.1540300000000001,1.15384,1.15391,1036,0,0
2026-08-11 15:40:00,1.15391,1.15407,1.15379,1.15405,1122,0,0
2026-08-11 15:45:00,1.15406,1.15421,1.154,1.15419,974,0,0
2026-08-11 15:50:00,1.15419,1.15422,1.15405,1.15411,925,0,0
2026-08-11 15:55:00,1.15411,1.15443,1.15404,1.15415,1100,0,0
2026-08-11 16:00:00,1.15415,1.15452,1.15414,1.15425,1181,0,0
2026-08-11 16:05:00,1.15425,1.1544,1.15421,1.1543,813,0,0
2026-08-11 16:10:00,1.15431,1.15441,1.15418,1.15418,694,0,0
2026-08-11 16:15:00,1.15418,1.1544,1.15408,1.15409,1000,0,0
2026-08-11 16:20:00,1.15409,1.15451,1.15408,1.15444,974,0,0
2026-08-11 16:25:00,1.15444,1.15444,1.15416,1.15416,821,0,0
2026-08-11 16:30:00,1.15416,1.15419,1.15391,1.15406,1153,0,0
2026-08-11 16:35:00,1.15406,1.1543700000000001,1.154,1.15435,1155,0,0
2026-08-11 16:40:00,1.15435,1.15448,1.15425,1.15445,1095,0,0
2026-08-11 16:45:00,1.15445,1.1547399999999999,1.15445,1.15461,1354,0,0
2026-08-11 16:50:00,1.15461,1.15485,1.15448,1.1545,1118,0,0
2026-08-11 16:55:00,1.1545,1.15462,1.1543700000000001,1.15441,1037,0,0
2026-08-11 17:00:00,1.15441,1.15442,1.15401,1.15414,1248,0,0
2026-08-11 17:05:00,1.15414,1.15434,1.15404,1.15406,1179,0,0
2026-08-11 17:10:00,1.15405,1.15418,1.1539,1.15417,1058,0,0
2026-08-11 17:15:00,1.15417,1.15424,1.154,1.15421,1049,0,0
2026-08-11 17:20:00,1.1542,1.15428,1.154,1.15411,933,0,0
2026-08-11 17:25:00,1.15411,1.15418,1.15377,1.15392,1206,0,0
2026-08-11 17:30:00,1.15392,1.15416,1.15384,1.15411,1039,0,0
2026-08-11 17:35:00,1.15411,1.15427,1.15399,1.15415,996,0,0
2026-08-11 17:40:00,1.15415,1.15427,1.15408,1.15424,921,0,0
2026-08-11 17:45:00,1.15423,1.15429,1.154,1.15406,690,0,0
2026-08-11 17:50:00,1.15405,1.15431,1.154,1.15426,1089,0,0
2026-08-11 17:55:00,1.15425,1.15431,1.1541,1.15427,1382,0,0
2026-08-11 18:00:00,1.15427,1.15448,1.15414,1.15432,1283,0,0
2026-08-11 18:05:00,1.15432,1.15432,1.15396,1.15407,1013,0,0
2026-08-11 18:10:00,1.15407,1.15416,1.15374,1.15374,861,0,0
2026-08-11 18:15:00,1.15374,1.15381,1.15364,1.15375,1112,0,0
2026-08-11 18:20:00,1.15375,1.15412,1.15373,1.15391,867,0,0
2026-08-11 18:25:00,1.15391,1.15408,1.1539,1.1540300000000001,823,0,0
2026-08-11 18:30:00,1.1540300000000001,1.1541299999999999,1.15364,1.15375,1445,0,0
2026-08-11 18:35:00,1.15375,1.15392,1.15373,1.15385,1275,0,0
2026-08-11 18:40:00,1.15385,1.1539,1.15368,1.15381,949,0,0
2026-08-11 18:45:00,1.15381,1.15404,1.15379,1.15395,858,0,0
2026-08-11 18:50:00,1.15394,1.15411,1.15383,1.1541,644,0,0
2026-08-11 18:55:00,1.1541,1.15438,1.15409,1.15431,1072,0,0
2026-08-11 19:00:00,1.15431,1.15439,1.15409,1.1541,1056,0,0
2026-08-11 19:05:00,1.1541,1.15422,1.15399,1.15421,679,0,0
2026-08-11 19:10:00,1.1542,1.15428,1.15409,1.15411,477,0,0
2026-08-11 19:15:00,1.15411,1.1541299999999999,1.15391,1.15394,581,0,0
2026-08-11 19:20:00,1.15394,1.15404,1.15392,1.154,492,0,0
2026-08-11 19:25:00,1.15401,1.15418,1.15399,1.15415,644,0,0
2026-08-11 19:30:00,1.15414,1.15417,1.15406,1.1541,672,0,0
2026-08-11 19:35:00,1.1541,1.1542,1.1541,1.15414,617,0,0
2026-08-11 19:40:00,1.15414,1.15429,1.15408,1.15414,726,0,0
2026-08-11 19:45:00,1.15414,1.15417,1.15404,1.15408,633,0,0
2026-08-11 19:50:00,1.15408,1.15412,1.15393,1.15396,554,0,0
2026-08-11 19:55:00,1.15395,1.1540300000000001,1.15391,1.15395,855,0,0
2026-08-11 20:00:00,1.15395,1.15404,1.15388,1.15397,773,0,0
2026-08-11 20:05:00,1.15397,1.15397,1.15358,1.1536,659,0,0
2026-08-11 20:10:00,1.1536,1.15366,1.15353,1.15355,800,0,0
2026-08-11 20:15:00,1.15354,1.15371,1.15351,1.1537,429,0,0
2026-08-11 20:20:00,1.1537,1.1538,1.1536,1.15363,499,0,0
2026-08-11 20:25:00,1.15363,1.15364,1.15343,1.15353,539,0,0
2026-08-11 20:30:00,1.15353,1.15362,1.15347,1.1535,510,0,0
2026-08-11 20:35:00,1.1535,1.15368,1.15347,1.15367,467,0,0
2026-08-11 20:40:00,1.15367,1.15381,1.15363,1.15374,464,0,0
2026-08-11 20:45:00,1.15374,1.15391,1.15373,1.1538599999999999,315,0,0
2026-08-11 20:50:00,1.15385,1.1539,1.15382,1.1538599999999999,292,0,0
2026-08-11 20:55:00,1.1538599999999999,1.1538599999999999,1.15371,1.15381,458,0,0
2026-08-11 21:00:00,1.15381,1.15384,1.15365,1.15372,575,0,0
2026-08-11 21:05:00,1.15372,1.15373,1.15363,1.15363,479,0,0
2026-08-11 21:10:00,1.15364,1.15368,1.1536,1.15366,617,0,0
2026-08-11 21:15:00,1.15366,1.15367,1.15354,1.15363,775,0,0
2026-08-11 21:20:00,1.15363,1.15366,1.15355,1.15362,657,0,0
2026-08-11 21:25:00,1.15363,1.15373,1.15361,1.15368,675,0,0
2026-08-11 21:30:00,1.15368,1.15399,1.15364,1.15397,831,0,0
2026-08-11 21:35:00,1.15396,1.1541,1.1539,1.15405,678,0,0
2026-08-11 21:40:00,1.15405,1.15416,1.15398,1.15409,694,0,0
2026-08-11 21:45:00,1.15409,1.15423,1.15409,1.15411,644,0,0
2026-08-11 21:50:00,1.15411,1.15414,1.15395,1.15396,526,0,0
2026-08-11 21:55:00,1.15396,1.15409,1.15394,1.15407,697,0,0
2026-08-11 22:00:00,1.15406,1.15414,1.1540300000000001,1.1540300000000001,543,0,0
2026-08-11 22:05:00,1.1540300000000001,1.15423,1.15401,1.15418,499,0,0
2026-08-11 22:10:00,1.15418,1.15425,1.1541299999999999,1.15418,500,0,0
2026-08-11 22:15:00,1.1542,1.15421,1.15399,1.1540300000000001,538,0,0
2026-08-11 22:20:00,1.15404,1.15421,1.15401,1.15421,510,0,0
2026-08-11 22:25:00,1.15421,1.15426,1.15414,1.15424,498,0,0
2026-08-11 22:30:00,1.15424,1.15429,1.15419,1.15427,633,0,0
2026-08-11 22:35:00,1.15427,1.15429,1.15416,1.15428,420,0,0
2026-08-11 22:40:00,1.15427,1.1543,1.15418,1.15422,326,0,0
2026-08-11 22:45:00,1.15422,1.15428,1.15416,1.15425,483,0,0
2026-08-11 22:50:00,1.15426,1.15428,1.15423,1.15423,442,0,0
2026-08-11 22:55:00,1.15423,1.15431,1.1542,1.15428,871,0,0
2026-08-11 23:00:00,1.15428,1.15439,1.15424,1.15429,717,0,0
2026-08-11 23:05:00,1.15429,1.15438,1.15429,1.15433,380,0,0
2026-08-11 23:10:00,1.15433,1.1543700000000001,1.15421,1.15423,312,0,0
2026-08-11 23:15:00,1.15423,1.15425,1.15417,1.15419,278,0,0
2026-08-11 23:20:00,1.15418,1.15421,1.15417,1.15418,155,0,0
2026-08-11 23:25:00,1.15418,1.15419,1.15407,1.1541299999999999,204,0,0
2026-08-11 23:30:00,1.1541299999999999,1.15417,1.15411,1.1541299999999999,163,0,0
2026-08-11 23:35:00,1.1541299999999999,1.15416,1.15407,1.15409,317,0,0
2026-08-11 23:40:00,1.15409,1.15411,1.15394,1.15398,376,0,0
2026-08-11 23:45:00,1.15398,1.15417,1.15393,1.15415,411,0,0
2026-08-11 23:50:00,1.15415,1.15419,1.15414,1.15416,237,0,0
2026-08-11 23:55:00,1.15416,1.15433,1.15416,1.1542,440,0,0
2026-08-12 00:00:00,1.1540300000000001,1.1541,1.15402,1.15404,21,5,0
2026-08-12 00:05:00,1.15402,1.15409,1.15382,1.15406,60,5,0
2026-08-12 00:10:00,1.15406,1.15412,1.15404,1.15406,84,3,0
2026-08-12 00:15:00,1.15405,1.1541,1.15398,1.15404,84,8,0
2026-08-12 00:20:00,1.15405,1.1541,1.15387,1.15404,41,5,0
2026-08-12 00:25:00,1.15405,1.15408,1.1539,1.154,55,0,0
2026-08-12 00:30:00,1.154,1.154,1.15394,1.154,47,0,0
2026-08-12 00:35:00,1.154,1.15409,1.15399,1.15408,21,0,0
2026-08-12 00:40:00,1.15407,1.15409,1.15406,1.15407,37,0,0
2026-08-12 00:45:00,1.15407,1.15409,1.15401,1.15408,40,0,0
2026-08-12 00:50:00,1.15408,1.15408,1.1540300000000001,1.1540300000000001,7,0,0
2026-08-12 00:55:00,1.1540300000000001,1.1540300000000001,1.15389,1.154,7,0,0
2026-08-12 01:00:00,1.154,1.15435,1.154,1.15432,350,0,0
2026-08-12 01:05:00,1.15431,1.15434,1.15427,1.15427,181,0,0
2026-08-12 01:10:00,1.15427,1.15434,1.15422,1.15432,152,0,0
2026-08-12 01:15:00,1.15431,1.15432,1.15421,1.15423,137,0,0
2026-08-12 01:20:00,1.15423,1.1543,1.15422,1.15424,196,0,0
2026-08-12 01:25:00,1.15424,1.15432,1.15423,1.1543,191,0,0
2026-08-12 01:30:00,1.1543,1.15433,1.1542,1.15424,213,0,0
2026-08-12 01:35:00,1.15424,1.15426,1.15415,1.15417,286,0,0
2026-08-12 01:40:00,1.15417,1.15424,1.15417,1.15424,323,0,0
2026-08-12 01:45:00,1.15424,1.15428,1.15421,1.15426,386,0,0
2026-08-12 01:50:00,1.15426,1.15431,1.15422,1.15429,277,0,0
2026-08-12 01:55:00,1.15429,1.15435,1.15427,1.15434,226,0,0
2026-08-12 02:00:00,1.15434,1.1543700000000001,1.15428,1.15428,162,0,0
2026-08-12 02:05:00,1.15428,1.15436,1.15428,1.15434,236,0,0
2026-08-12 02:10:00,1.15434,1.15436,1.15424,1.15424,150,0,0
2026-08-12 02:15:00,1.15424,1.15429,1.15422,1.15423,172,0,0
2026-08-12 02:20:00,1.15424,1.15431,1.15423,1.15431,136,0,0
2026-08-12 02:25:00,1.1543,1.15433,1.15417,1.15418,213,0,0
2026-08-12 02:30:00,1.15418,1.15422,1.15411,1.15417,227,0,0
2026-08-12 02:35:00,1.15417,1.15426,1.15414,1.15423,149,0,0
2026-08-12 02:40:00,1.15423,1.15434,1.15421,1.15434,253,0,0
2026-08-12 02:45:00,1.15433,1.15433,1.15422,1.15425,279,0,0
2026-08-12 02:50:00,1.15425,1.15435,1.15424,1.15434,327,0,0
2026-08-12 02:55:00,1.15433,1.15438,1.15431,1.1543700000000001,326,0,0
2026-08-12 03:00:00,1.1543700000000001,1.15446,1.15422,1.1544,885,0,0
2026-08-12 03:05:00,1.1544,1.15444,1.15425,1.15441,625,0,0
2026-08-12 03:10:00,1.15441,1.15448,1.15436,1.15438,547,0,0
2026-08-12 03:15:00,1.15438,1.15448,1.15433,1.1544699999999999,569,0,0
2026-08-12 03:20:00,1.1544699999999999,1.15448,1.15439,1.15444,540,0,0
2026-08-12 03:25:00,1.15444,1.15448,1.15435,1.15441,601,0,0
2026-08-12 03:30:00,1.15441,1.15442,1.15428,1.15433,517,0,0
2026-08-12 03:35:00,1.15433,1.15435,1.15424,1.15432,474,0,0
2026-08-12 03:40:00,1.15431,1.15444,1.15425,1.15426,570,0,0
2026-08-12 03:45:00,1.15426,1.1543,1.15409,1.15414,507,0,0
2026-08-12 03:50:00,1.15414,1.15416,1.15395,1.1540300000000001,654,0,0
2026-08-12 03:55:00,1.1540300000000001,1.1542,1.15398,1.15409,738,0,0
2026-08-12 04:00:00,1.15409,1.1541,1.15379,1.1539,1065,0,0
2026-08-12 04:05:00,1.1539,1.15395,1.15377,1.15381,682,0,0
2026-08-12 04:10:00,1.15382,1.15382,1.15366,1.15377,600,0,0
2026-08-12 04:15:00,1.15377,1.15387,1.15369,1.15382,599,0,0
2026-08-12 04:20:00,1.15382,1.15384,1.15371,1.15374,531,0,0
2026-08-12 04:25:00,1.15374,1.1538599999999999,1.15367,1.15385,549,0,0
2026-08-12 04:30:00,1.1538599999999999,1.15395,1.1538,1.15384,467,0,0
2026-08-12 04:35:00,1.15385,1.15389,1.15374,1.1538599999999999,476,0,0
2026-08-12 04:40:00,1.1538599999999999,1.15398,1.15384,1.15397,401,0,0
2026-08-12 04:45:00,1.15397,1.15405,1.15393,1.154,473,0,0
2026-08-12 04:50:00,1.15399,1.15404,1.15382,1.15391,448,0,0
2026-08-12 04:55:00,1.15391,1.15391,1.15378,1.15384,646,0,0
2026-08-12 05:00:00,1.15384,1.1538599999999999,1.15368,1.15373,507,0,0
2026-08-12 05:05:00,1.15374,1.15385,1.15373,1.15381,437,0,0
2026-08-12 05:10:00,1.15381,1.1538599999999999,1.15367,1.15369,475,0,0
2026-08-12 05:15:00,1.1537,1.1537,1.1535199999999999,1.15356,643,0,0
2026-08-12 05:20:00,1.15356,1.1537,1.15354,1.15364,540,0,0
2026-08-12 05:25:00,1.15364,1.15373,1.15362,1.15369,427,0,0
2026-08-12 05:30:00,1.15369,1.15393,1.15367,1.15384,624,0,0
2026-08-12 05:35:00,1.1538599999999999,1.15402,1.15379,1.15387,618,0,0
2026-08-12 05:40:00,1.15388,1.15391,1.1537600000000001,1.15388,538,0,0
2026-08-12 05:45:00,1.15387,1.15393,1.15373,1.15382,410,0,0
2026-08-12 05:50:00,1.15382,1.1538599999999999,1.1537600000000001,1.15378,398,0,0
2026-08-12 05:55:00,1.15378,1.15388,1.15372,1.15383,530,0,0
2026-08-12 06:00:00,1.15383,1.1538599999999999,1.1537,1.15372,451,0,0
2026-08-12 06:05:00,1.15372,1.15382,1.15369,1.1538,404,0,0
2026-08-12 06:10:00,1.1538,1.15388,1.15373,1.15375,343,0,0
2026-08-12 06:15:00,1.15373,1.15377,1.15368,1.15373,284,0,0
2026-08-12 06:20:00,1.15373,1.15381,1.1537,1.15374,318,0,0
2026-08-12 06:25:00,1.15374,1.15374,1.15363,1.15367,333,0,0
2026-08-12 06:30:00,1.15367,1.15372,1.15365,1.15366,279,0,0
2026-08-12 06:35:00,1.15367,1.15377,1.15364,1.15367,298,0,0
2026-08-12 06:40:00,1.15367,1.1537,1.1536,1.1536,284,0,0
2026-08-12 06:45:00,1.1536,1.15364,1.15357,1.1536,260,0,0
2026-08-12 06:50:00,1.1536,1.15362,1.1535199999999999,1.15353,323,0,0
2026-08-12 06:55:00,1.15353,1.15358,1.1535,1.15353,271,0,0
2026-08-12 07:00:00,1.15353,1.15361,1.15351,1.1536,281,0,0
2026-08-12 07:05:00,1.1536,1.15363,1.15355,1.15356,249,0,0
2026-08-12 07:10:00,1.15356,1.15358,1.1534200000000001,1.15345,374,0,0
2026-08-12 07:15:00,1.15346,1.15348,1.15328,1.15335,329,0,0
2026-08-12 07:20:00,1.15335,1.15343,1.15332,1.15338,238,0,0
2026-08-12 07:25:00,1.15338,1.15349,1.15332,1.15339,369,0,0
2026-08-12 07:30:00,1.15339,1.15348,1.15338,1.15343,258,0,0
2026-08-12 07:35:00,1.15343,1.15348,1.1534,1.15347,174,0,0
2026-08-12 07:40:00,1.15348,1.15364,1.15346,1.1536,365,0,0
2026-08-12 07:45:00,1.15359,1.1536,1.15353,1.15354,240,0,0
2026-08-12 07:50:00,1.15354,1.15357,1.15348,1.15351,220,0,0
2026-08-12 07:55:00,1.15351,1.15366,1.15349,1.15357,307,0,0
2026-08-12 08:00:00,1.15357,1.1536,1.15343,1.15343,387,0,0
2026-08-12 08:05:00,1.15344,1.15347,1.15338,1.15345,334,0,0
2026-08-12 08:10:00,1.15343,1.15346,1.15332,1.15332,255,0,0
2026-08-12 08:15:00,1.15332,1.15336,1.15328,1.15332,255,0,0
2026-08-12 08:20:00,1.15332,1.15335,1.15321,1.15326,363,0,0
2026-08-12 08:25:00,1.15326,1.15337,1.15323,1.15333,508,0,0
2026-08-12 08:30:00,1.15333,1.15353,1.15333,1.15337,467,0,0
2026-08-12 08:35:00,1.15337,1.15349,1.15337,1.15347,312,0,0
2026-08-12 08:40:00,1.15347,1.15349,1.15339,1.1534200000000001,264,0,0
2026-08-12 08:45:00,1.1534200000000001,1.15343,1.15328,1.1533,373,0,0
2026-08-12 08:50:00,1.1533,1.15341,1.15327,1.1534,383,0,0
2026-08-12 08:55:00,1.1534,1.15347,1.15333,1.15338,397,0,0
2026-08-12 09:00:00,1.15338,1.15347,1.15333,1.15339,425,0,0
2026-08-12 09:05:00,1.15339,1.15351,1.15338,1.15339,531,0,0
2026-08-12 09:10:00,1.15339,1.15356,1.15338,1.1535,463,0,0
2026-08-12 09:15:00,1.1535,1.1536,1.15344,1.15353,698,0,0
2026-08-12 09:20:00,1.15353,1.15357,1.15348,1.15354,506,0,0
2026-08-12 09:25:00,1.15354,1.15359,1.15349,1.15354,568,0,0
2026-08-12 09:30:00,1.15354,1.1536,1.15339,1.15355,840,0,0
2026-08-12 09:35:00,1.15355,1.15361,1.15345,1.15346,729,0,0
2026-08-12 09:40:00,1.15345,1.15362,1.15345,1.1535,681,0,0
2026-08-12 09:45:00,1.1535,1.15356,1.15344,1.15351,647,0,0
2026-08-12 09:50:00,1.15351,1.15354,1.15341,1.15345,691,0,0
2026-08-12 09:55:00,1.15345,1.15374,1.1534200000000001,1.15371,1272,0,0
2026-08-12 10:00:00,1.15371,1.15379,1.15359,1.15359,1122,0,0
2026-08-12 10:05:00,1.15359,1.15388,1.15359,1.15387,688,0,0
2026-08-12 10:10:00,1.1538599999999999,1.15394,1.15374,1.15382,710,0,0
2026-08-12 10:15:00,1.15382,1.15396,1.1538,1.15388,447,0,0
2026-08-12 10:20:00,1.15389,1.15392,1.15373,1.15378,531,0,0
2026-08-12 10:25:00,1.15378,1.15385,1.15371,1.15372,601,0,0
2026-08-12 10:30:00,1.15372,1.1538599999999999,1.1537,1.15373,517,0,0
2026-08-12 10:35:00,1.15373,1.15391,1.15369,1.1539,589,0,0
2026-08-12 10:40:00,1.15391,1.15391,1.15373,1.15375,502,0,0
2026-08-12 10:45:00,1.15375,1.15382,1.15372,1.15379,340,0,0
2026-08-12 10:50:00,1.15379,1.15385,1.15375,1.15379,567,0,0
2026-08-12 10:55:00,1.15378,1.1538,1.15358,1.15373,756,0,0
2026-08-12 11:00:00,1.15374,1.15377,1.15346,1.15347,823,0,0
2026-08-12 11:05:00,1.15348,1.15373,1.15346,1.15368,591,0,0
2026-08-12 11:10:00,1.15368,1.15377,1.1536,1.15368,609,0,0
2026-08-12 11:15:00,1.15367,1.15385,1.15357,1.15383,670,0,0
2026-08-12 11:20:00,1.15383,1.15397,1.15374,1.1537600000000001,699,0,0
2026-08-12 11:25:00,1.1537600000000001,1.15383,1.1537,1.15378,670,0,0
2026-08-12 11:30:00,1.15378,1.15385,1.15365,1.1537,401,0,0
2026-08-12 11:35:00,1.1537,1.15387,1.15367,1.15387,485,0,0
2026-08-12 11:40:00,1.15387,1.15401,1.15378,1.15399,542,0,0
2026-08-12 11:45:00,1.15399,1.15401,1.15373,1.15389,588,0,0
2026-08-12 11:50:00,1.15389,1.15396,1.1538,1.15381,679,0,0
2026-08-12 11:55:00,1.15381,1.15384,1.15367,1.15373,434,0,0
2026-08-12 12:00:00,1.15373,1.15395,1.15369,1.15393,509,0,0
2026-08-12 12:05:00,1.15393,1.15395,1.15368,1.15381,430,0,0
2026-08-12 12:10:00,1.15381,1.1541299999999999,1.15379,1.15412,588,0,0
2026-08-12 12:15:00,1.15412,1.15421,1.1540300000000001,1.1541299999999999,501,0,0
2026-08-12 12:20:00,1.1541299999999999,1.155,1.15401,1.15471,1597,0,0
2026-08-12 12:25:00,1.15471,1.15472,1.15419,1.15428,1331,0,0
2026-08-12 12:30:00,1.15428,1.15448,1.15425,1.15435,969,0,0
2026-08-12 12:35:00,1.15435,1.15439,1.15397,1.15405,764,0,0
2026-08-12 12:40:00,1.15405,1.15416,1.15383,1.15385,689,0,0
2026-08-12 12:45:00,1.1538599999999999,1.1539,1.15373,1.15373,535,0,0
2026-08-12 12:50:00,1.15374,1.15402,1.15347,1.15367,1081,0,0
2026-08-12 12:55:00,1.15367,1.15372,1.15353,1.1536,889,0,0
2026-08-12 13:00:00,1.1536,1.15374,1.1535199999999999,1.1537,644,0,0
2026-08-12 13:05:00,1.1537,1.1539,1.15361,1.15368,498,0,0
2026-08-12 13:10:00,1.15368,1.15378,1.15361,1.15361,463,0,0
2026-08-12 13:15:00,1.15363,1.15383,1.15356,1.15377,494,0,0
2026-08-12 13:20:00,1.15377,1.1538599999999999,1.1537,1.1537600000000001,541,0,0
2026-08-12 13:25:00,1.1537600000000001,1.15392,1.15371,1.15378,402,0,0
2026-08-12 13:30:00,1.15378,1.15379,1.15358,1.1537,379,0,0
2026-08-12 13:35:00,1.1537,1.15374,1.15358,1.15371,576,0,0
2026-08-12 13:40:00,1.15371,1.15375,1.15362,1.1537,439,0,0
2026-08-12 13:45:00,1.1537,1.15382,1.15324,1.1534200000000001,780,0,0
2026-08-12 13:50:00,1.15343,1.15353,1.15328,1.15349,923,0,0
2026-08-12 13:55:00,1.15349,1.15364,1.1534200000000001,1.1535,558,0,0
2026-08-12 14:00:00,1.1535,1.15364,1.1534,1.15356,544,0,0
2026-08-12 14:05:00,1.15356,1.15371,1.15345,1.15345,599,0,0
2026-08-12 14:10:00,1.15345,1.1536,1.15339,1.15345,467,0,0
2026-08-12 14:15:00,1.15345,1.15361,1.15344,1.15358,445,0,0
2026-08-12 14:20:00,1.15358,1.1537600000000001,1.15348,1.15374,422,0,0
2026-08-12 14:25:00,1.15374,1.15393,1.15366,1.15389,692,0,0
2026-08-12 14:30:00,1.15389,1.15398,1.15381,1.15384,581,0,0
2026-08-12 14:35:00,1.15383,1.15399,1.1538,1.15395,512,0,0
2026-08-12 14:40:00,1.15395,1.15408,1.15393,1.15406,551,0,0
2026-08-12 14:45:00,1.15406,1.1542,1.15405,1.15416,516,0,0
2026-08-12 14:50:00,1.15416,1.15452,1.15412,1.15446,703,0,0
2026-08-12 14:55:00,1.15446,1.15457,1.15434,1.15436,901,0,0
2026-08-12 15:00:00,1.15435,1.15455,1.15422,1.15446,788,0,0
2026-08-12 15:05:00,1.15446,1.15459,1.15435,1.15453,647,0,0
2026-08-12 15:10:00,1.15453,1.15456,1.15438,1.1545,793,0,0
2026-08-12 15:15:00,1.1545,1.15456,1.15423,1.15429,711,0,0
2026-08-12 15:20:00,1.15429,1.1544699999999999,1.15423,1.1543,938,0,0
2026-08-12 15:25:00,1.1543,1.15482,1.15412,1.15465,893,0,0
2026-08-12 15:30:00,1.15465,1.15631,1.15328,1.15487,5068,0,0
2026-08-12 15:35:00,1.15486,1.15552,1.15465,1.15545,3786,0,0
2026-08-12 15:40:00,1.15545,1.15597,1.15515,1.1558,2962,0,0
2026-08-12 15:45:00,1.15579,1.1558,1.15517,1.15562,2234,0,0
2026-08-12 15:50:00,1.15562,1.1559,1.15547,1.15578,2204,0,0
2026-08-12 15:55:00,1.15578,1.156,1.15549,1.15594,1850,0,0
2026-08-12 16:00:00,1.15594,1.1561,1.1555900000000001,1.15568,2155,0,0
2026-08-12 16:05:00,1.15568,1.15629,1.15563,1.15607,1903,0,0
2026-08-12 16:10:00,1.15608,1.15615,1.15502,1.15504,1925,0,0
2026-08-12 16:15:00,1.15504,1.1555900000000001,1.15492,1.15533,1770,0,0
2026-08-12 16:20:00,1.15533,1.15541,1.1549800000000001,1.15523,1497,0,0
2026-08-12 16:25:00,1.15522,1.15546,1.15513,1.15546,1312,0,0
2026-08-12 16:30:00,1.15546,1.15568,1.15537,1.15551,1712,0,0
2026-08-12 16:35:00,1.15551,1.15555,1.15486,1.15503,1531,0,0
2026-08-12 16:40:00,1.15503,1.15503,1.15461,1.15469,1558,0,0
2026-08-12 16:45:00,1.15469,1.15511,1.1546,1.15494,1360,0,0
2026-08-12 16:50:00,1.15494,1.15536,1.15493,1.15517,1243,0,0
2026-08-12 16:55:00,1.15517,1.15533,1.15512,1.15523,1649,0,0
2026-08-12 17:00:00,1.15523,1.15541,1.15506,1.15541,1652,0,0
2026-08-12 17:05:00,1.15541,1.15541,1.15497,1.15499,1130,0,0
2026-08-12 17:10:00,1.15501,1.15512,1.15493,1.15502,1052,0,0
2026-08-12 17:15:00,1.15502,1.15527,1.15493,1.1551,1086,0,0
2026-08-12 17:20:00,1.1551,1.15545,1.15507,1.1552,975,0,0
2026-08-12 17:25:00,1.1552,1.15533,1.15479,1.1549,974,0,0
2026-08-12 17:30:00,1.1549,1.15514,1.15431,1.15471,1938,0,0
2026-08-12 17:35:00,1.15471,1.15496,1.15465,1.15484,949,0,0
2026-08-12 17:40:00,1.15483,1.15495,1.15444,1.15448,893,0,0
2026-08-12 17:45:00,1.15449,1.15475,1.15415,1.15434,1092,0,0
2026-08-12 17:50:00,1.15434,1.15441,1.1539,1.15424,1241,0,0
2026-08-12 17:55:00,1.15424,1.1543700000000001,1.1541,1.1543,1567,0,0
2026-08-12 18:00:00,1.15429,1.15436,1.15382,1.1539,1532,0,0
2026-08-12 18:05:00,1.1539,1.15425,1.15384,1.15421,984,0,0
2026-08-12 18:10:00,1.1542,1.15441,1.15409,1.15425,1058,0,0
2026-08-12 18:15:00,1.15425,1.15427,1.15396,1.1541,689,0,0
2026-08-12 18:20:00,1.15411,1.1542,1.15404,1.15415,633,0,0
2026-08-12 18:25:00,1.15415,1.15423,1.1539,1.15397,651,0,0
2026-08-12 18:30:00,1.15397,1.15406,1.15387,1.15395,642,0,0
2026-08-12 18:35:00,1.15395,1.15406,1.15383,1.15398,702,0,0
2026-08-12 18:40:00,1.15398,1.15399,1.15359,1.15369,600,0,0
2026-08-12 18:45:00,1.15368,1.15369,1.1535199999999999,1.15366,580,0,0
2026-08-12 18:50:00,1.15366,1.15385,1.15354,1.15384,730,0,0
2026-08-12 18:55:00,1.15383,1.15404,1.1538,1.15394,984,0,0
2026-08-12 19:00:00,1.15394,1.1540300000000001,1.15365,1.15378,724,0,0
2026-08-12 19:05:00,1.15378,1.15378,1.15334,1.15348,696,0,0
2026-08-12 19:10:00,1.15348,1.1537,1.1534200000000001,1.15359,725,0,0
2026-08-12 19:15:00,1.15359,1.15361,1.15324,1.1533,713,0,0
2026-08-12 19:20:00,1.1533,1.15333,1.1531500000000001,1.15324,608,0,0
2026-08-12 19:25:00,1.15324,1.15338,1.15316,1.15316,566,0,0
2026-08-12 19:30:00,1.15316,1.15323,1.15286,1.15289,543,0,0
2026-08-12 19:35:00,1.15289,1.15301,1.15283,1.15299,542,0,0
2026-08-12 19:40:00,1.15298,1.15312,1.15294,1.15302,678,0,0
2026-08-12 19:45:00,1.15302,1.15308,1.15247,1.1525400000000001,648,0,0
2026-08-12 19:50:00,1.1525400000000001,1.15278,1.15245,1.15278,601,0,0
2026-08-12 19:55:00,1.15278,1.1529099999999999,1.15266,1.1528100000000001,674,0,0
2026-08-12 20:00:00,1.1528100000000001,1.15308,1.1528,1.15289,726,0,0
2026-08-12 20:05:00,1.15289,1.15305,1.1528,1.15293,693,0,0
2026-08-12 20:10:00,1.15293,1.15295,1.15278,1.15279,503,0,0
2026-08-12 20:15:00,1.15279,1.15283,1.15266,1.1527,412,0,0
2026-08-12 20:20:00,1.1527,1.15285,1.15263,1.15268,446,0,0
2026-08-12 20:25:00,1.15268,1.15283,1.15268,1.15279,425,0,0
2026-08-12 20:30:00,1.15279,1.15289,1.15269,1.15276,502,0,0
2026-08-12 20:35:00,1.15276,1.1528,1.15253,1.1525400000000001,368,0,0
2026-08-12 20:40:00,1.1525400000000001,1.1527,1.15223,1.15226,690,0,0
2026-08-12 20:45:00,1.15226,1.15253,1.15226,1.15246,596,0,0
2026-08-12 20:50:00,1.15246,1.15247,1.15229,1.1522999999999999,473,0,0
2026-08-12 20:55:00,1.1522999999999999,1.15233,1.15213,1.15214,547,0,0
2026-08-12 21:00:00,1.15214,1.1522000000000001,1.15198,1.15217,649,0,0
2026-08-12 21:05:00,1.15217,1.15223,1.15208,1.15222,499,0,0
2026-08-12 21:10:00,1.15222,1.15256,1.15221,1.15245,460,0,0
2026-08-12 21:15:00,1.15244,1.15249,1.15238,1.15241,325,0,0
2026-08-12 21:20:00,1.15241,1.15256,1.15241,1.1525,397,0,0
2026-08-12 21:25:00,1.1525,1.1527,1.15245,1.15247,493,0,0
2026-08-12 21:30:00,1.15247,1.15251,1.1522999999999999,1.15243,337,0,0
2026-08-12 21:35:00,1.15242,1.15252,1.15235,1.15237,311,0,0
2026-08-12 21:40:00,1.15237,1.15243,1.15231,1.15235,297,0,0
2026-08-12 21:45:00,1.15235,1.15243,1.15225,1.15235,319,0,0
2026-08-12 21:50:00,1.15236,1.15238,1.15221,1.15227,286,0,0
2026-08-12 21:55:00,1.15227,1.15228,1.15198,1.15211,438,0,0
2026-08-12 22:00:00,1.15211,1.15232,1.15206,1.1521,498,0,0
2026-08-12 22:05:00,1.1521,1.15221,1.15208,1.15216,357,0,0
2026-08-12 22:10:00,1.15216,1.15228,1.15214,1.15225,343,0,0
2026-08-12 22:15:00,1.15225,1.15235,1.1522000000000001,1.15234,369,0,0
2026-08-12 22:20:00,1.15234,1.15248,1.1522999999999999,1.15231,459,0,0
2026-08-12 22:25:00,1.15231,1.15237,1.1522000000000001,1.1522000000000001,414,0,0
2026-08-12 22:30:00,1.1522000000000001,1.15225,1.1521,1.15216,383,0,0
2026-08-12 22:35:00,1.15216,1.15229,1.1521,1.15221,362,0,0
2026-08-12 22:40:00,1.15222,1.15231,1.15211,1.15227,337,0,0
2026-08-12 22:45:00,1.15227,1.1522999999999999,1.15217,1.15221,333,0,0
2026-08-12 22:50:00,1.15221,1.15224,1.15208,1.1521,306,0,0
2026-08-12 22:55:00,1.1521,1.15227,1.15199,1.15226,664,0,0
2026-08-12 23:00:00,1.15226,1.15236,1.15219,1.15227,482,0,0
2026-08-12 23:05:00,1.15227,1.15243,1.15225,1.15229,426,0,0
2026-08-12 23:10:00,1.15229,1.15229,1.15217,1.15222,257,0,0
2026-08-12 23:15:00,1.15222,1.15225,1.15218,1.1522000000000001,143,0,0
2026-08-12 23:20:00,1.15219,1.15225,1.15214,1.15223,105,0,0
2026-08-12 23:25:00,1.15223,1.15229,1.15219,1.15227,219,0,0
2026-08-12 23:30:00,1.15227,1.15233,1.15222,1.15228,261,0,0
2026-08-12 23:35:00,1.15228,1.15244,1.15228,1.15239,226,0,0
2026-08-12 23:40:00,1.15239,1.15246,1.15238,1.15244,223,0,0
2026-08-12 23:45:00,1.15244,1.15261,1.15242,1.15259,417,0,0
2026-08-12 23:50:00,1.1526,1.1526399999999999,1.15248,1.15248,287,0,0
2026-08-12 23:55:00,1.15247,1.15252,1.15237,1.15247,378,0,0
2026-08-13 00:00:00,1.1524,1.15286,1.1524,1.15262,70,0,0
2026-08-13 00:05:00,1.15262,1.15274,1.15235,1.1526,108,0,0
2026-08-13 00:10:00,1.15247,1.15247,1.15216,1.1522000000000001,30,0,0
2026-08-13 00:15:00,1.1522000000000001,1.15223,1.1522000000000001,1.15222,35,0,0
2026-08-13 00:20:00,1.15222,1.15224,1.15221,1.15223,34,0,0
2026-08-13 00:25:00,1.15224,1.15225,1.15221,1.15225,14,0,0
2026-08-13 00:30:00,1.15225,1.15225,1.15223,1.15225,17,2,0
2026-08-13 00:35:00,1.15225,1.15228,1.15221,1.15226,105,0,0
2026-08-13 00:40:00,1.15226,1.15229,1.15221,1.15227,44,0,0
2026-08-13 00:45:00,1.15227,1.15227,1.15222,1.15223,33,0,0
2026-08-13 00:50:00,1.15223,1.15228,1.1522000000000001,1.15222,88,0,0
2026-08-13 00:55:00,1.15222,1.15228,1.15222,1.15226,56,0,0
2026-08-13 01:00:00,1.15226,1.1525400000000001,1.15225,1.15244,362,0,0
2026-08-13 01:05:00,1.15244,1.15249,1.15242,1.15243,111,0,0
2026-08-13 01:10:00,1.15243,1.1525,1.15236,1.15249,191,0,0
2026-08-13 01:15:00,1.15249,1.15251,1.15248,1.15249,48,0,0
2026-08-13 01:20:00,1.15249,1.15252,1.15249,1.1525,86,0,0
2026-08-13 01:25:00,1.1525,1.1525400000000001,1.15244,1.15251,256,0,0
2026-08-13 01:30:00,1.15251,1.15255,1.15249,1.1525,159,0,0
2026-08-13 01:35:00,1.1525,1.15255,1.1525,1.1525400000000001,141,0,0
2026-08-13 01:40:00,1.15255,1.1526,1.15253,1.15257,124,0,0
2026-08-13 01:45:00,1.15257,1.15259,1.15255,1.15258,62,0,0
2026-08-13 01:50:00,1.15258,1.15265,1.15257,1.15263,100,0,0
2026-08-13 01:55:00,1.15263,1.1527,1.15261,1.15268,171,0,0
2026-08-13 02:00:00,1.15268,1.15274,1.15267,1.15268,143,0,0
2026-08-13 02:05:00,1.15268,1.1527,1.1526399999999999,1.15268,103,0,0
2026-08-13 02:10:00,1.15268,1.1527,1.15263,1.15269,84,0,0
2026-08-13 02:15:00,1.15269,1.15275,1.15268,1.15269,122,0,0
2026-08-13 02:20:00,1.1527,1.15274,1.15267,1.15272,107,0,0
2026-08-13 02:25:00,1.15272,1.15275,1.15269,1.15269,84,0,0
2026-08-13 02:30:00,1.15269,1.15275,1.15265,1.15266,155,0,0
2026-08-13 02:35:00,1.15266,1.15269,1.15263,1.1526399999999999,189,0,0
2026-08-13 02:40:00,1.1526399999999999,1.15271,1.15263,1.1527,182,0,0
2026-08-13 02:45:00,1.15271,1.15275,1.15268,1.15268,291,0,0
2026-08-13 02:50:00,1.15268,1.15278,1.15262,1.15275,245,0,0
2026-08-13 02:55:00,1.15275,1.15282,1.15272,1.15278,275,0,0
2026-08-13 03:00:00,1.15278,1.15301,1.15278,1.1529,652,0,0
2026-08-13 03:05:00,1.1529,1.15299,1.15288,1.15297,301,0,0
2026-08-13 03:10:00,1.15297,1.15298,1.15284,1.15284,338,0,0
2026-08-13 03:15:00,1.15284,1.15299,1.15283,1.15296,339,0,0
2026-08-13 03:20:00,1.15296,1.153,1.15287,1.15298,355,0,0
2026-08-13 03:25:00,1.15298,1.153,1.15287,1.15296,362,0,0
2026-08-13 03:30:00,1.15296,1.15313,1.15294,1.15309,620,0,0
2026-08-13 03:35:00,1.15309,1.15314,1.15298,1.15298,381,0,0
2026-08-13 03:40:00,1.15298,1.15309,1.15298,1.15304,309,0,0
2026-08-13 03:45:00,1.15304,1.15304,1.15279,1.15279,303,0,0
2026-08-13 03:50:00,1.15279,1.15287,1.15272,1.15275,461,0,0
2026-08-13 03:55:00,1.15275,1.15294,1.15266,1.15289,466,0,0
2026-08-13 04:00:00,1.15288,1.15298,1.15279,1.15282,792,0,0
2026-08-13 04:05:00,1.15283,1.15287,1.15271,1.15285,511,0,0
2026-08-13 04:10:00,1.15285,1.15295,1.15283,1.15287,435,0,0
2026-08-13 04:15:00,1.15287,1.15304,1.15287,1.15295,556,0,0
2026-08-13 04:20:00,1.15295,1.15301,1.15288,1.15296,396,0,0
2026-08-13 04:25:00,1.15297,1.15302,1.15289,1.15295,414,0,0
2026-08-13 04:30:00,1.15296,1.15311,1.15293,1.15305,442,0,0
2026-08-13 04:35:00,1.15305,1.15309,1.15289,1.15293,446,0,0
2026-08-13 04:40:00,1.15293,1.15295,1.15279,1.1528,370,0,0
2026-08-13 04:45:00,1.15279,1.15282,1.15262,1.1527,500,0,0
2026-08-13 04:50:00,1.1527,1.1527,1.15238,1.15242,554,0,0
2026-08-13 04:55:00,1.15242,1.15252,1.15235,1.1525,359,0,0
2026-08-13 05:00:00,1.1525,1.15256,1.15245,1.1525,403,0,0
2026-08-13 05:05:00,1.15251,1.15257,1.1525,1.15255,263,0,0
2026-08-13 05:10:00,1.15255,1.15256,1.15238,1.15239,318,0,0
2026-08-13 05:15:00,1.1524,1.15242,1.15231,1.15232,357,0,0
2026-08-13 05:20:00,1.15232,1.15238,1.15227,1.15228,214,0,0
2026-08-13 05:25:00,1.15228,1.15232,1.15216,1.15218,272,0,0
2026-08-13 05:30:00,1.15218,1.15228,1.15205,1.15209,372,0,0
2026-08-13 05:35:00,1.15209,1.15211,1.15197,1.15205,433,0,0
2026-08-13 05:40:00,1.15205,1.15218,1.15202,1.15217,359,0,0
2026-08-13 05:45:00,1.15217,1.15223,1.15209,1.15222,297,0,0
2026-08-13 05:50:00,1.15222,1.15223,1.15212,1.15215,198,0,0
2026-08-13 05:55:00,1.15215,1.15225,1.15215,1.15218,238,0,0
2026-08-13 06:00:00,1.15217,1.15226,1.15207,1.15223,402,0,0
2026-08-13 06:05:00,1.15223,1.15244,1.15222,1.15227,493,0,0
2026-08-13 06:10:00,1.15227,1.15238,1.15211,1.15222,565,0,0
2026-08-13 06:15:00,1.15222,1.15224,1.15208,1.1521,395,0,0
2026-08-13 06:20:00,1.1521,1.15219,1.152,1.15214,394,0,0
2026-08-13 06:25:00,1.15214,1.15223,1.15207,1.15217,387,0,0
2026-08-13 06:30:00,1.15218,1.15228,1.15215,1.15223,260,0,0
2026-08-13 06:35:00,1.15223,1.1522999999999999,1.15221,1.15228,206,0,0
2026-08-13 06:40:00,1.15228,1.15233,1.15227,1.1522999999999999,180,0,0
2026-08-13 06:45:00,1.1522999999999999,1.15232,1.15215,1.15218,215,0,0
2026-08-13 06:50:00,1.15218,1.1522999999999999,1.15218,1.15222,240,0,0
2026-08-13 06:55:00,1.15222,1.15228,1.15218,1.15225,301,0,0
2026-08-13 07:00:00,1.15225,1.15226,1.15214,1.15217,360,0,0
2026-08-13 07:05:00,1.15216,1.15223,1.15214,1.15217,278,0,0
2026-08-13 07:10:00,1.15217,1.15217,1.15207,1.15211,250,0,0
2026-08-13 07:15:00,1.15211,1.15215,1.15207,1.15209,298,0,0
2026-08-13 07:20:00,1.15208,1.1521,1.152,1.15209,295,0,0
2026-08-13 07:25:00,1.15209,1.15218,1.15208,1.15215,165,0,0
2026-08-13 07:30:00,1.15215,1.1522000000000001,1.15212,1.15215,232,0,0
2026-08-13 07:35:00,1.15215,1.15217,1.1521,1.15214,245,0,0
2026-08-13 07:40:00,1.15214,1.1522000000000001,1.15213,1.15214,254,0,0
2026-08-13 07:45:00,1.15214,1.15245,1.15214,1.15236,798,0,0
2026-08-13 07:50:00,1.15236,1.15241,1.1522999999999999,1.15234,503,0,0
2026-08-13 07:55:00,1.15235,1.1527,1.15233,1.15259,584,0,0
2026-08-13 08:00:00,1.15259,1.15263,1.15251,1.15257,565,0,0
2026-08-13 08:05:00,1.15257,1.15266,1.1525,1.1525400000000001,382,0,0
2026-08-13 08:10:00,1.1525400000000001,1.1526,1.15246,1.15259,328,0,0
2026-08-13 08:15:00,1.15259,1.15263,1.15256,1.15257,306,0,0
2026-08-13 08:20:00,1.15257,1.15267,1.1525400000000001,1.15266,336,0,0
2026-08-13 08:25:00,1.15266,1.15273,1.15262,1.15267,316,0,0
2026-08-13 08:30:00,1.15267,1.15267,1.15246,1.15248,468,0,0
2026-08-13 08:35:00,1.15248,1.15252,1.15244,1.15251,255,0,0
2026-08-13 08:40:00,1.15251,1.15253,1.15238,1.15241,325,0,0
2026-08-13 08:45:00,1.15241,1.15242,1.15231,1.15239,313,0,0
2026-08-13 08:50:00,1.15239,1.15253,1.15235,1.15246,328,0,0
2026-08-13 08:55:00,1.15247,1.15258,1.1524,1.15249,381,0,0
2026-08-13 09:00:00,1.15249,1.15261,1.15232,1.15233,768,0,0
2026-08-13 09:05:00,1.15234,1.15238,1.15215,1.1522000000000001,602,0,0
2026-08-13 09:10:00,1.1522000000000001,1.15222,1.15204,1.15205,524,0,0
2026-08-13 09:15:00,1.15205,1.15218,1.15202,1.15212,679,0,0
2026-08-13 09:20:00,1.15213,1.15224,1.152,1.152,586,0,0
2026-08-13 09:25:00,1.152,1.15205,1.15174,1.15181,647,0,0
2026-08-13 09:30:00,1.1518,1.15181,1.15118,1.15124,820,0,0
2026-08-13 09:35:00,1.15123,1.15156,1.15119,1.1514199999999999,685,0,0
2026-08-13 09:40:00,1.1514199999999999,1.15167,1.1514199999999999,1.15164,556,0,0
2026-08-13 09:45:00,1.15164,1.15173,1.15156,1.15172,601,0,0
2026-08-13 09:50:00,1.15172,1.15183,1.15165,1.15175,463,0,0
2026-08-13 09:55:00,1.15176,1.15186,1.15166,1.15182,528,0,0
2026-08-13 10:00:00,1.15182,1.15201,1.15175,1.15184,846,0,0
2026-08-13 10:05:00,1.15184,1.1519300000000001,1.15179,1.1519,433,0,0
2026-08-13 10:10:00,1.1519,1.15196,1.1516899999999999,1.15181,580,0,0
2026-08-13 10:15:00,1.15181,1.15196,1.15176,1.15192,501,0,0
2026-08-13 10:20:00,1.15192,1.15213,1.15188,1.1521,531,0,0
2026-08-13 10:25:00,1.1521,1.1522000000000001,1.1520299999999999,1.15216,642,0,0
2026-08-13 10:30:00,1.15215,1.15228,1.1520299999999999,1.15212,620,0,0
2026-08-13 10:35:00,1.15212,1.15241,1.15212,1.1522999999999999,620,0,0
2026-08-13 10:40:00,1.1522999999999999,1.15252,1.15229,1.1525,603,0,0
2026-08-13 10:45:00,1.1525,1.15268,1.15243,1.15245,634,0,0
2026-08-13 10:50:00,1.15245,1.15273,1.15242,1.15272,781,0,0
2026-08-13 10:55:00,1.15272,1.15279,1.15256,1.15257,699,0,0
2026-08-13 11:00:00,1.15257,1.15267,1.15227,1.15234,824,0,0
2026-08-13 11:05:00,1.15234,1.15253,1.15228,1.15251,818,0,0
2026-08-13 11:10:00,1.15251,1.15263,1.15242,1.15256,745,0,0
2026-08-13 11:15:00,1.15256,1.15257,1.15238,1.15244,533,0,0
2026-08-13 11:20:00,1.15244,1.15251,1.15238,1.1524,626,0,0
2026-08-13 11:25:00,1.1524,1.15255,1.15236,1.1525,552,0,0
2026-08-13 11:30:00,1.1525,1.1526399999999999,1.15247,1.15258,630,0,0
2026-08-13 11:35:00,1.15258,1.1526399999999999,1.15246,1.15262,487,0,0
2026-08-13 11:40:00,1.15261,1.15276,1.15258,1.15268,506,0,0
2026-08-13 11:45:00,1.15268,1.15286,1.15266,1.15279,490,0,0
2026-08-13 11:50:00,1.15279,1.15282,1.15253,1.15257,480,0,0
2026-08-13 11:55:00,1.15257,1.15258,1.15239,1.15241,406,0,0
2026-08-13 12:00:00,1.15241,1.15245,1.15233,1.15239,436,0,0
2026-08-13 12:05:00,1.15239,1.15265,1.15232,1.15257,584,0,0
2026-08-13 12:10:00,1.15257,1.15282,1.15253,1.1528,409,0,0
2026-08-13 12:15:00,1.1528,1.15299,1.15276,1.1529,654,0,0
2026-08-13 12:20:00,1.1529,1.15307,1.1529,1.15303,490,0,0
2026-08-13 12:25:00,1.15303,1.15323,1.15303,1.15311,513,0,0
2026-08-13 12:30:00,1.15312,1.15328,1.15299,1.15314,468,0,0
2026-08-13 12:35:00,1.15314,1.15327,1.15313,1.15323,394,0,0
2026-08-13 12:40:00,1.15322,1.1532499999999999,1.15308,1.15314,376,0,0
2026-08-13 12:45:00,1.15314,1.15322,1.15308,1.1531,335,0,0
2026-08-13 12:50:00,1.1531,1.15323,1.15306,1.15321,474,0,0
2026-08-13 12:55:00,1.1532,1.15349,1.1532,1.15344,571,0,0
2026-08-13 13:00:00,1.15344,1.15356,1.15341,1.15354,808,0,0
2026-08-13 13:05:00,1.15354,1.15366,1.15346,1.15351,539,0,0
2026-08-13 13:10:00,1.15351,1.15359,1.15347,1.15349,470,0,0
2026-08-13 13:15:00,1.15349,1.1536,1.15338,1.15354,489,0,0
2026-08-13 13:20:00,1.15355,1.15372,1.15355,1.15357,501,0,0
2026-08-13 13:25:00,1.15356,1.15375,1.15354,1.15374,442,0,0
2026-08-13 13:30:00,1.15374,1.15387,1.15371,1.15375,532,0,0
2026-08-13 13:35:00,1.15375,1.15385,1.15367,1.15381,463,0,0
2026-08-13 13:40:00,1.15381,1.15385,1.15369,1.1537,367,0,0
2026-08-13 13:45:00,1.1537,1.15373,1.15354,1.15361,379,0,0
2026-08-13 13:50:00,1.15361,1.15365,1.15355,1.1536,356,0,0
2026-08-13 13:55:00,1.15359,1.15366,1.15347,1.15359,524,0,0
2026-08-13 14:00:00,1.15359,1.15365,1.15346,1.15355,571,0,0
2026-08-13 14:05:00,1.15355,1.15372,1.15354,1.15365,283,0,0
2026-08-13 14:10:00,1.15365,1.15388,1.15364,1.15387,558,0,0
2026-08-13 14:15:00,1.1538599999999999,1.15388,1.15358,1.15368,497,0,0
2026-08-13 14:20:00,1.15368,1.1538599999999999,1.15366,1.15375,607,0,0
2026-08-13 14:25:00,1.15374,1.15384,1.15372,1.1537600000000001,677,0,0
2026-08-13 14:30:00,1.1537600000000001,1.15378,1.15363,1.15368,456,0,0
2026-08-13 14:35:00,1.15368,1.15372,1.15359,1.15366,395,0,0
2026-08-13 14:40:00,1.15366,1.15368,1.1535199999999999,1.15359,371,0,0
2026-08-13 14:45:00,1.15359,1.15364,1.15353,1.1536,437,0,0
2026-08-13 14:50:00,1.15361,1.15369,1.15344,1.15348,512,0,0
2026-08-13 14:55:00,1.15347,1.15348,1.1532499999999999,1.1534200000000001,625,0,0
2026-08-13 15:00:00,1.1534200000000001,1.1535,1.15323,1.15333,708,0,0
2026-08-13 15:05:00,1.15333,1.15349,1.15327,1.15337,585,0,0
2026-08-13 15:10:00,1.15337,1.15345,1.1532499999999999,1.15326,629,0,0
2026-08-13 15:15:00,1.15327,1.15328,1.15301,1.15307,653,0,0
2026-08-13 15:20:00,1.15307,1.15319,1.15303,1.15308,541,0,0
2026-08-13 15:25:00,1.15308,1.15317,1.15303,1.15314,492,0,0
2026-08-13 15:30:00,1.15314,1.1535,1.15256,1.15297,1765,0,0
2026-08-13 15:35:00,1.15297,1.1531500000000001,1.1528100000000001,1.15312,1105,0,0
2026-08-13 15:40:00,1.15312,1.1533,1.153,1.15314,1048,0,0
2026-08-13 15:45:00,1.15313,1.154,1.15312,1.1537600000000001,1165,0,0
2026-08-13 15:50:00,1.1537600000000001,1.15392,1.15338,1.1536,1228,0,0
2026-08-13 15:55:00,1.15361,1.15445,1.15358,1.15441,1480,0,0
2026-08-13 16:00:00,1.15441,1.15454,1.1541,1.1543700000000001,1368,0,0
2026-08-13 16:05:00,1.15438,1.15442,1.15401,1.1540300000000001,894,0,0
2026-08-13 16:10:00,1.1540300000000001,1.1541,1.15378,1.15398,1045,0,0
2026-08-13 16:15:00,1.15398,1.15415,1.15391,1.15392,796,0,0
2026-08-13 16:20:00,1.15392,1.1542,1.15372,1.15374,910,0,0
2026-08-13 16:25:00,1.15374,1.15378,1.15346,1.15353,863,0,0
2026-08-13 16:30:00,1.1535199999999999,1.15363,1.15328,1.15333,1128,0,0
2026-08-13 16:35:00,1.15333,1.15346,1.15307,1.15338,1144,0,0
2026-08-13 16:40:00,1.15338,1.1535199999999999,1.1532499999999999,1.1534200000000001,959,0,0
2026-08-13 16:45:00,1.15341,1.15358,1.15322,1.15324,911,0,0
2026-08-13 16:50:00,1.15324,1.15364,1.15306,1.15344,1169,0,0
2026-08-13 16:55:00,1.15344,1.15362,1.15324,1.15344,1598,0,0
2026-08-13 17:00:00,1.15344,1.15381,1.15314,1.15335,1763,0,0
2026-08-13 17:05:00,1.15334,1.15382,1.1532,1.15359,1322,0,0
2026-08-13 17:10:00,1.15359,1.15418,1.15358,1.15415,1411,0,0
2026-08-13 17:15:00,1.15415,1.15456,1.15405,1.15453,1258,0,0
2026-08-13 17:20:00,1.15453,1.15454,1.15398,1.1541,1062,0,0
2026-08-13 17:25:00,1.1541,1.15411,1.15385,1.1538599999999999,1118,0,0
2026-08-13 17:30:00,1.1538599999999999,1.15422,1.15373,1.15398,890,0,0
2026-08-13 17:35:00,1.15398,1.15411,1.1537,1.1540300000000001,1078,0,0
2026-08-13 17:40:00,1.15405,1.15419,1.15397,1.1540300000000001,947,0,0
2026-08-13 17:45:00,1.1540300000000001,1.15421,1.15388,1.15393,857,0,0
2026-08-13 17:50:00,1.15393,1.1543,1.1539,1.1541,878,0,0
2026-08-13 17:55:00,1.1541,1.15452,1.15406,1.15438,1267,0,0
2026-08-13 18:00:00,1.15438,1.15456,1.15429,1.1544,1311,0,0
2026-08-13 18:05:00,1.1544,1.15449,1.1541299999999999,1.15416,955,0,0
2026-08-13 18:10:00,1.15416,1.15421,1.15378,1.15382,895,0,0
2026-08-13 18:15:00,1.15382,1.15385,1.15345,1.15355,915,0,0
2026-08-13 18:20:00,1.15355,1.15374,1.15347,1.15369,1057,0,0
2026-08-13 18:25:00,1.15371,1.15385,1.15327,1.15336,1254,0,0
2026-08-13 18:30:00,1.15336,1.15349,1.15328,1.15333,1040,0,0
2026-08-13 18:35:00,1.15333,1.15362,1.1532499999999999,1.15355,796,0,0
2026-08-13 18:40:00,1.15355,1.15366,1.15328,1.15328,784,0,0
2026-08-13 18:45:00,1.15328,1.15349,1.15328,1.1534,731,0,0
2026-08-13 18:50:00,1.1534,1.1534200000000001,1.1531,1.1531,576,0,0
2026-08-13 18:55:00,1.15312,1.15323,1.15301,1.15306,681,0,0
2026-08-13 19:00:00,1.15306,1.15323,1.15298,1.15319,667,0,0
2026-08-13 19:05:00,1.1532,1.1533,1.15303,1.15303,524,0,0
2026-08-13 19:10:00,1.15303,1.15306,1.15278,1.15288,597,0,0
2026-08-13 19:15:00,1.15289,1.15293,1.15249,1.15249,564,0,0
2026-08-13 19:20:00,1.15249,1.15274,1.15243,1.15274,629,0,0
2026-08-13 19:25:00,1.15274,1.1528100000000001,1.15261,1.15262,582,0,0
2026-08-13 19:30:00,1.15262,1.15276,1.15251,1.15274,644,0,0
2026-08-13 19:35:00,1.15274,1.15286,1.15272,1.15275,382,0,0
2026-08-13 19:40:00,1.15275,1.15295,1.1527,1.15289,406,0,0
2026-08-13 19:45:00,1.15289,1.153,1.15287,1.15298,471,0,0
2026-08-13 19:50:00,1.15298,1.15306,1.15292,1.15302,619,0,0
2026-08-13 19:55:00,1.15302,1.15303,1.15288,1.15294,380,0,0
2026-08-13 20:00:00,1.15295,1.15316,1.1528100000000001,1.15286,597,0,0
2026-08-13 20:05:00,1.15286,1.15295,1.15276,1.15279,587,0,0
2026-08-13 20:10:00,1.15279,1.15297,1.15276,1.15276,458,0,0
2026-08-13 20:15:00,1.15276,1.15293,1.15273,1.15274,416,0,0
2026-08-13 20:20:00,1.15274,1.1528100000000001,1.15271,1.15273,416,0,0
2026-08-13 20:25:00,1.15273,1.15278,1.15258,1.15265,383,0,0
2026-08-13 20:30:00,1.15265,1.15274,1.15261,1.15271,558,0,0
2026-08-13 20:35:00,1.15271,1.15293,1.15268,1.1529099999999999,469,0,0
2026-08-13 20:40:00,1.1529099999999999,1.15296,1.1528,1.15293,353,0,0
2026-08-13 20:45:00,1.15293,1.15295,1.1528,1.15286,334,0,0
2026-08-13 20:50:00,1.15286,1.1529099999999999,1.15276,1.15289,411,0,0
2026-08-13 20:55:00,1.15289,1.15295,1.15278,1.15278,383,0,0
2026-08-13 21:00:00,1.15278,1.15288,1.15263,1.15273,406,0,0
2026-08-13 21:05:00,1.15273,1.15285,1.15268,1.15282,561,0,0
2026-08-13 21:10:00,1.1528100000000001,1.15323,1.1528,1.15313,576,0,0
2026-08-13 21:15:00,1.15313,1.1531500000000001,1.15303,1.15305,520,0,0
2026-08-13 21:20:00,1.15305,1.15307,1.15283,1.15287,336,0,0
2026-08-13 21:25:00,1.15288,1.15295,1.15283,1.1529,364,0,0
2026-08-13 21:30:00,1.1529,1.15302,1.15282,1.15288,367,0,0
2026-08-13 21:35:00,1.15288,1.15309,1.15285,1.15304,483,0,0
2026-08-13 21:40:00,1.15304,1.15308,1.15298,1.15299,369,0,0
2026-08-13 21:45:00,1.15299,1.15306,1.1529099999999999,1.15298,297,0,0
2026-08-13 21:50:00,1.15298,1.15302,1.15293,1.153,322,0,0
2026-08-13 21:55:00,1.153,1.15307,1.15288,1.15289,439,0,0
2026-08-13 22:00:00,1.15289,1.15301,1.15288,1.15296,406,0,0
2026-08-13 22:05:00,1.15296,1.15302,1.1529099999999999,1.15301,541,0,0
2026-08-13 22:10:00,1.15301,1.15306,1.1529099999999999,1.153,329,0,0
2026-08-13 22:15:00,1.15299,1.15309,1.15297,1.15309,364,0,0
2026-08-13 22:20:00,1.15309,1.15314,1.15307,1.15309,280,0,0
2026-08-13 22:25:00,1.15309,1.15316,1.15306,1.15312,316,0,0
2026-08-13 22:30:00,1.15313,1.15313,1.15298,1.15303,584,0,0
2026-08-13 22:35:00,1.15304,1.15313,1.15297,1.153,475,0,0
2026-08-13 22:40:00,1.153,1.15303,1.15279,1.15285,317,0,0
2026-08-13 22:45:00,1.15285,1.15286,1.15275,1.15283,318,0,0
2026-08-13 22:50:00,1.15283,1.15295,1.1528,1.15292,433,0,0
2026-08-13 22:55:00,1.15293,1.15294,1.15279,1.15288,541,0,0
2026-08-13 23:00:00,1.15289,1.15295,1.1528,1.15289,453,0,0
2026-08-13 23:05:00,1.15292,1.15292,1.15274,1.15277,180,0,0
2026-08-13 23:10:00,1.15277,1.15279,1.15262,1.15271,193,0,0
2026-08-13 23:15:00,1.15271,1.15274,1.15266,1.15268,165,0,0
2026-08-13 23:20:00,1.15268,1.15273,1.15267,1.15268,90,0,0
2026-08-13 23:25:00,1.15271,1.15283,1.15271,1.15282,281,0,0
2026-08-13 23:30:00,1.1528100000000001,1.15283,1.15272,1.1528,294,0,0
2026-08-13 23:35:00,1.1528,1.15286,1.15278,1.1528100000000001,159,0,0
2026-08-13 23:40:00,1.1528100000000001,1.15283,1.15277,1.15278,166,0,0
2026-08-13 23:45:00,1.15279,1.1529099999999999,1.15279,1.15284,248,0,0
2026-08-13 23:50:00,1.15284,1.15297,1.15283,1.15294,242,0,0
2026-08-13 23:55:00,1.15294,1.15302,1.15288,1.15288,238,0,0
2026-08-14 00:00:00,1.15288,1.15288,1.15255,1.15272,77,0,0
2026-08-14 00:05:00,1.15272,1.15274,1.15247,1.1527,23,0,0
2026-08-14 00:10:00,1.1527,1.15276,1.15262,1.15262,30,0,0
2026-08-14 00:15:00,1.15262,1.1528100000000001,1.15262,1.1528100000000001,53,0,0
2026-08-14 00:20:00,1.1528100000000001,1.15283,1.1528100000000001,1.15282,7,4,0
2026-08-14 00:25:00,1.15282,1.1529,1.15282,1.1529,22,0,0
2026-08-14 00:30:00,1.1529,1.15298,1.15288,1.15298,35,0,0
2026-08-14 00:35:00,1.15298,1.15312,1.15297,1.15308,29,0,0
2026-08-14 00:40:00,1.15308,1.15308,1.15288,1.15289,55,0,0
2026-08-14 00:45:00,1.15289,1.15289,1.15276,1.15276,30,0,0
2026-08-14 00:50:00,1.15277,1.15282,1.15251,1.15282,16,0,0
2026-08-14 00:55:00,1.15282,1.15285,1.1528,1.15285,17,0,0
2026-08-14 01:00:00,1.15285,1.1531,1.15283,1.15302,155,0,0
2026-08-14 01:05:00,1.15302,1.15304,1.153,1.15301,159,0,0
2026-08-14 01:10:00,1.15301,1.15303,1.15289,1.15292,240,0,0
2026-08-14 01:15:00,1.15294,1.15306,1.1529,1.15305,202,0,0
2026-08-14 01:20:00,1.15306,1.15316,1.15304,1.15309,168,0,0
2026-08-14 01:25:00,1.15309,1.1531,1.15303,1.15306,179,0,0
2026-08-14 01:30:00,1.15306,1.1531,1.15302,1.15304,172,0,0
2026-08-14 01:35:00,1.15304,1.15309,1.15302,1.15306,228,0,0
2026-08-14 01:40:00,1.15306,1.1531500000000001,1.15306,1.15314,194,0,0
2026-08-14 01:45:00,1.15314,1.15316,1.15308,1.1531,281,0,0
2026-08-14 01:50:00,1.1531,1.15317,1.15309,1.1531500000000001,296,0,0
2026-08-14 01:55:00,1.15316,1.1532,1.15313,1.1531500000000001,371,0,0
2026-08-14 02:00:00,1.15314,1.15335,1.15314,1.15333,253,0,0
2026-08-14 02:05:00,1.15333,1.15334,1.15328,1.15329,200,0,0
2026-08-14 02:10:00,1.1533,1.15332,1.15328,1.1533,143,0,0
2026-08-14 02:15:00,1.1533,1.15331,1.15323,1.15326,214,0,0
2026-08-14 02:20:00,1.15326,1.15329,1.15323,1.15326,151,0,0
2026-08-14 02:25:00,1.15326,1.15329,1.15323,1.15326,132,0,0
2026-08-14 02:30:00,1.15326,1.15331,1.15323,1.15329,185,0,0
2026-08-14 02:35:00,1.15329,1.15332,1.15326,1.15329,183,0,0
2026-08-14 02:40:00,1.15329,1.15338,1.15328,1.15335,238,0,0
2026-08-14 02:45:00,1.15335,1.15345,1.15332,1.15335,324,0,0
2026-08-14 02:50:00,1.15336,1.15341,1.15333,1.15339,282,0,0
2026-08-14 02:55:00,1.15339,1.15341,1.15336,1.15337,211,0,0
2026-08-14 03:00:00,1.15338,1.15359,1.15334,1.15346,634,0,0
2026-08-14 03:05:00,1.15347,1.15357,1.15345,1.1535,513,0,0
2026-08-14 03:10:00,1.1535,1.15355,1.15338,1.15348,499,0,0
2026-08-14 03:15:00,1.15348,1.1536,1.15346,1.15358,489,0,0
2026-08-14 03:20:00,1.15358,1.15372,1.15353,1.15368,346,0,0
2026-08-14 03:25:00,1.15367,1.15371,1.15359,1.15367,612,0,0
2026-08-14 03:30:00,1.15367,1.15374,1.15364,1.1537,429,0,0
2026-08-14 03:35:00,1.1537,1.15379,1.15363,1.15364,438,0,0
2026-08-14 03:40:00,1.15364,1.15367,1.15361,1.15365,307,0,0
2026-08-14 03:45:00,1.15365,1.15371,1.15359,1.15359,390,0,0
2026-08-14 03:50:00,1.15359,1.15385,1.15359,1.15383,603,0,0
2026-08-14 03:55:00,1.15383,1.15394,1.1537,1.15384,630,0,0
2026-08-14 04:00:00,1.15384,1.15384,1.15359,1.15366,791,0,0
2026-08-14 04:05:00,1.15366,1.15368,1.15348,1.15351,535,0,0
2026-08-14 04:10:00,1.15351,1.15354,1.15333,1.15336,493,0,0
2026-08-14 04:15:00,1.15336,1.15356,1.1533,1.15335,529,0,0
2026-08-14 04:20:00,1.15335,1.1534,1.15322,1.15323,584,0,0
2026-08-14 04:25:00,1.15323,1.15345,1.1532,1.15338,408,0,0
2026-08-14 04:30:00,1.15339,1.15368,1.15334,1.15364,431,0,0
2026-08-14 04:35:00,1.15364,1.1538,1.15362,1.15372,323,0,0
2026-08-14 04:40:00,1.15372,1.15374,1.15358,1.15364,375,0,0
2026-08-14 04:45:00,1.15364,1.15372,1.15358,1.15364,387,0,0
2026-08-14 04:50:00,1.15364,1.15374,1.15364,1.1537,310,0,0
2026-08-14 04:55:00,1.1537,1.15374,1.1534,1.15341,436,0,0
2026-08-14 05:00:00,1.1534,1.15358,1.15339,1.15351,370,0,0
2026-08-14 05:05:00,1.15351,1.15361,1.15346,1.15357,274,0,0
2026-08-14 05:10:00,1.15357,1.15363,1.15356,1.1536,228,0,0
2026-08-14 05:15:00,1.1536,1.15367,1.15358,1.15363,191,0,0
2026-08-14 05:20:00,1.15363,1.15364,1.15349,1.15358,330,0,0
2026-08-14 05:25:00,1.15358,1.15371,1.15358,1.15359,354,0,0
2026-08-14 05:30:00,1.15359,1.15375,1.15357,1.15369,335,0,0
2026-08-14 05:35:00,1.15369,1.1537,1.15362,1.15369,357,0,0
2026-08-14 05:40:00,1.15369,1.15375,1.15367,1.15371,351,0,0
2026-08-14 05:45:00,1.15371,1.15373,1.15354,1.15357,356,0,0
2026-08-14 05:50:00,1.15357,1.15363,1.1534200000000001,1.1534200000000001,304,0,0
2026-08-14 05:55:00,1.1534200000000001,1.1535199999999999,1.15335,1.15344,464,0,0
2026-08-14 06:00:00,1.15344,1.15355,1.15338,1.15354,400,0,0
2026-08-14 06:05:00,1.15353,1.15359,1.15348,1.15349,235,0,0
2026-08-14 06:10:00,1.15349,1.15355,1.1534200000000001,1.15354,222,0,0
2026-08-14 06:15:00,1.15354,1.15366,1.15351,1.15363,158,0,0
2026-08-14 06:20:00,1.15363,1.15395,1.15362,1.15374,434,0,0
2026-08-14 06:25:00,1.15373,1.15385,1.15364,1.15384,516,0,0
2026-08-14 06:30:00,1.15384,1.1538599999999999,1.1537600000000001,1.15381,505,0,0
2026-08-14 06:35:00,1.15381,1.15384,1.15369,1.1537600000000001,280,0,0
2026-08-14 06:40:00,1.1537600000000001,1.15379,1.1537,1.15374,240,0,0
2026-08-14 06:45:00,1.15374,1.15377,1.15368,1.1537600000000001,329,0,0
2026-08-14 06:50:00,1.15374,1.15377,1.15364,1.15367,239,0,0
2026-08-14 06:55:00,1.15367,1.15378,1.15361,1.15371,415,0,0
2026-08-14 07:00:00,1.15371,1.1538599999999999,1.15369,1.15384,392,0,0
2026-08-14 07:05:00,1.15384,1.15398,1.15381,1.15396,389,0,0
2026-08-14 07:10:00,1.15396,1.15405,1.15393,1.15393,345,0,0
2026-08-14 07:15:00,1.15393,1.154,1.15388,1.15388,178,0,0
2026-08-14 07:20:00,1.15388,1.1539,1.1538,1.15385,190,0,0
2026-08-14 07:25:00,1.15385,1.15389,1.15367,1.15371,258,0,0
2026-08-14 07:30:00,1.15371,1.15393,1.15367,1.1539,309,0,0
2026-08-14 07:35:00,1.1539,1.15397,1.15383,1.15392,279,0,0
2026-08-14 07:40:00,1.15392,1.15397,1.15382,1.15383,263,0,0
2026-08-14 07:45:00,1.15383,1.15387,1.15379,1.15381,135,0,0
2026-08-14 07:50:00,1.15381,1.15396,1.15379,1.15395,193,0,0
2026-08-14 07:55:00,1.15395,1.154,1.1538599999999999,1.15387,240,0,0
2026-08-14 08:00:00,1.15387,1.15399,1.15382,1.15393,294,0,0
2026-08-14 08:05:00,1.15393,1.154,1.1539,1.15397,247,0,0
2026-08-14 08:10:00,1.15397,1.15402,1.15394,1.154,254,0,0
2026-08-14 08:15:00,1.154,1.15406,1.15397,1.15402,265,0,0
2026-08-14 08:20:00,1.15404,1.15405,1.15393,1.154,295,0,0
2026-08-14 08:25:00,1.154,1.15414,1.15394,1.1541,331,0,0
2026-08-14 08:30:00,1.1541,1.15417,1.15401,1.15411,455,0,0
2026-08-14 08:35:00,1.1541,1.15414,1.15404,1.15408,325,0,0
2026-08-14 08:40:00,1.15408,1.15431,1.15407,1.15409,533,0,0
2026-08-14 08:45:00,1.15409,1.15416,1.15406,1.15408,382,0,0
2026-08-14 08:50:00,1.15408,1.15415,1.15405,1.1541,398,0,0
2026-08-14 08:55:00,1.1541,1.15419,1.1540300000000001,1.15419,353,0,0
2026-08-14 09:00:00,1.15419,1.15438,1.15418,1.15431,1083,0,0
2026-08-14 09:05:00,1.15432,1.15442,1.15417,1.15418,703,0,0
2026-08-14 09:10:00,1.15417,1.15427,1.15407,1.15412,553,0,0
2026-08-14 09:15:00,1.15412,1.15417,1.15397,1.15406,466,0,0
2026-08-14 09:20:00,1.15406,1.15417,1.15392,1.15393,516,0,0
2026-08-14 09:25:00,1.15393,1.15402,1.15388,1.15397,545,0,0
2026-08-14 09:30:00,1.15397,1.15415,1.15396,1.1541299999999999,470,0,0
2026-08-14 09:35:00,1.1541299999999999,1.1543,1.15409,1.15419,435,0,0
2026-08-14 09:40:00,1.1542,1.15429,1.15407,1.15426,452,0,0
2026-08-14 09:45:00,1.15426,1.15436,1.15416,1.1543,425,0,0
2026-08-14 09:50:00,1.1543,1.1543700000000001,1.15409,1.15418,415,0,0
2026-08-14 09:55:00,1.15418,1.15445,1.15414,1.15444,848,0,0
2026-08-14 10:00:00,1.15444,1.15466,1.15442,1.1545,898,0,0
2026-08-14 10:05:00,1.15449,1.15451,1.15431,1.15449,510,0,0
2026-08-14 10:10:00,1.15449,1.15472,1.15446,1.15451,630,0,0
2026-08-14 10:15:00,1.15451,1.15472,1.15445,1.15465,620,0,0
2026-08-14 10:20:00,1.15464,1.15475,1.15442,1.1544699999999999,524,0,0
2026-08-14 10:25:00,1.1544699999999999,1.15472,1.15445,1.15461,634,0,0
2026-08-14 10:30:00,1.15461,1.15468,1.15451,1.15451,474,0,0
2026-08-14 10:35:00,1.15453,1.15478,1.1544699999999999,1.15476,581,0,0
2026-08-14 10:40:00,1.15476,1.15492,1.15471,1.15484,729,0,0
2026-08-14 10:45:00,1.15484,1.15512,1.15484,1.15509,574,0,0
2026-08-14 10:50:00,1.15509,1.15512,1.15481,1.15492,842,0,0
2026-08-14 10:55:00,1.15492,1.15514,1.15489,1.15511,548,0,0
2026-08-14 11:00:00,1.15511,1.1554,1.15505,1.15523,889,0,0
2026-08-14 11:05:00,1.15523,1.15556,1.15523,1.15552,756,0,0
2026-08-14 11:10:00,1.15552,1.15553,1.15534,1.15542,556,0,0
2026-08-14 11:15:00,1.15542,1.15544,1.15516,1.15521,498,0,0
2026-08-14 11:20:00,1.15522,1.1553,1.15504,1.15527,698,0,0
2026-08-14 11:25:00,1.15527,1.15543,1.15523,1.1553,650,0,0
2026-08-14 11:30:00,1.1553,1.15533,1.15505,1.15517,566,0,0
2026-08-14 11:35:00,1.15517,1.15566,1.15517,1.15566,713,0,0
2026-08-14 11:40:00,1.15566,1.15578,1.15539,1.15545,540,0,0
2026-08-14 11:45:00,1.15545,1.15546,1.15523,1.15533,661,0,0
2026-08-14 11:50:00,1.15531,1.1555,1.15522,1.15546,756,0,0
2026-08-14 11:55:00,1.15546,1.1556,1.15542,1.15558,630,0,0
2026-08-14 12:00:00,1.15558,1.15571,1.15548,1.15548,620,0,0
2026-08-14 12:05:00,1.15548,1.15565,1.15544,1.15554,537,0,0
2026-08-14 12:10:00,1.15554,1.1556,1.15542,1.15547,514,0,0
2026-08-14 12:15:00,1.15547,1.15558,1.1554,1.15541,463,0,0
2026-08-14 12:20:00,1.15541,1.15545,1.1553499999999999,1.15542,454,0,0
2026-08-14 12:25:00,1.15542,1.15553,1.15538,1.15539,546,0,0
2026-08-14 12:30:00,1.15539,1.15552,1.15517,1.15521,631,0,0
2026-08-14 12:35:00,1.15521,1.1553,1.1551,1.15524,426,0,0
2026-08-14 12:40:00,1.15524,1.15529,1.15512,1.15522,580,0,0
2026-08-14 12:45:00,1.15522,1.15531,1.15518,1.15523,498,0,0
2026-08-14 12:50:00,1.15522,1.15538,1.15514,1.15536,640,0,0
2026-08-14 12:55:00,1.15537,1.1555,1.15522,1.15547,650,0,0
2026-08-14 13:00:00,1.15547,1.15549,1.15521,1.15523,574,0,0
2026-08-14 13:05:00,1.15524,1.15539,1.15523,1.15536,288,0,0
2026-08-14 13:10:00,1.15536,1.15555,1.15536,1.15544,313,0,0
2026-08-14 13:15:00,1.15545,1.15551,1.15545,1.15548,331,0,0
2026-08-14 13:20:00,1.15549,1.15553,1.15544,1.15549,214,0,0
2026-08-14 13:25:00,1.15549,1.15549,1.15531,1.15533,304,0,0
2026-08-14 13:30:00,1.15533,1.15542,1.15529,1.15534,353,0,0
2026-08-14 13:35:00,1.15534,1.15545,1.1553,1.15542,257,0,0
2026-08-14 13:40:00,1.15542,1.15552,1.1553200000000001,1.15552,313,0,0
2026-08-14 13:45:00,1.15552,1.15557,1.15543,1.15544,256,0,0
2026-08-14 13:50:00,1.15544,1.15562,1.15543,1.15549,436,0,0
2026-08-14 13:55:00,1.15549,1.15556,1.1554,1.15556,383,0,0
2026-08-14 14:00:00,1.15556,1.1558,1.15556,1.15572,474,0,0
2026-08-14 14:05:00,1.15572,1.15574,1.15556,1.15562,431,0,0
2026-08-14 14:10:00,1.15562,1.15588,1.1556,1.15588,327,0,0
2026-08-14 14:15:00,1.15588,1.15625,1.15586,1.15619,751,0,0
2026-08-14 14:20:00,1.15619,1.15639,1.15618,1.15633,591,0,0
2026-08-14 14:25:00,1.15633,1.15639,1.15621,1.15627,499,0,0
2026-08-14 14:30:00,1.15627,1.15677,1.15621,1.15673,452,0,0
2026-08-14 14:35:00,1.15673,1.15705,1.15669,1.15697,628,0,0
2026-08-14 14:40:00,1.15697,1.1571799999999999,1.15682,1.1569099999999999,577,0,0
2026-08-14 14:45:00,1.1569099999999999,1.15693,1.15665,1.1569099999999999,683,0,0
2026-08-14 14:50:00,1.1569099999999999,1.15704,1.15665,1.15677,629,0,0
2026-08-14 14:55:00,1.15677,1.1568,1.1565,1.1565400000000001,613,0,0
2026-08-14 15:00:00,1.1565400000000001,1.15696,1.1565400000000001,1.1568100000000001,840,0,0
2026-08-14 15:05:00,1.1568100000000001,1.15711,1.15668,1.15668,675,0,0
2026-08-14 15:10:00,1.15667,1.15667,1.15626,1.15642,784,0,0
2026-08-14 15:15:00,1.15641,1.15676,1.1564,1.15676,792,0,0
2026-08-14 15:20:00,1.15676,1.15717,1.15671,1.157,933,0,0
2026-08-14 15:25:00,1.157,1.15704,1.15667,1.15696,806,0,0
2026-08-14 15:30:00,1.15696,1.15786,1.15696,1.15728,1804,0,0
2026-08-14 15:35:00,1.15728,1.15736,1.15677,1.15683,1490,0,0
2026-08-14 15:40:00,1.15683,1.15687,1.1566,1.15661,1020,0,0
2026-08-14 15:45:00,1.15661,1.15699,1.15656,1.15674,895,0,0
2026-08-14 15:50:00,1.15673,1.1569,1.1567,1.15682,575,0,0
2026-08-14 15:55:00,1.15682,1.15684,1.15637,1.1566,905,0,0
2026-08-14 16:00:00,1.1566,1.15668,1.15621,1.15638,844,0,0
2026-08-14 16:05:00,1.15638,1.15646,1.15621,1.15645,592,0,0
2026-08-14 16:10:00,1.15645,1.15652,1.15628,1.15631,639,0,0
2026-08-14 16:15:00,1.15631,1.15645,1.15625,1.15631,533,0,0
2026-08-14 16:20:00,1.15631,1.15669,1.15622,1.15668,812,0,0
2026-08-14 16:25:00,1.15668,1.15695,1.15665,1.15676,824,0,0
2026-08-14 16:30:00,1.15676,1.15719,1.15666,1.15713,1137,0,0
2026-08-14 16:35:00,1.15713,1.1581299999999999,1.15713,1.1581299999999999,1304,0,0
2026-08-14 16:40:00,1.1581299999999999,1.15825,1.15772,1.15815,1173,0,0
2026-08-14 16:45:00,1.15815,1.15839,1.15812,1.15823,991,0,0
2026-08-14 16:50:00,1.15823,1.1584699999999999,1.15782,1.15786,1219,0,0
2026-08-14 16:55:00,1.15786,1.15805,1.15759,1.15804,1041,0,0
2026-08-14 17:00:00,1.15804,1.15843,1.15777,1.15812,1219,0,0
2026-08-14 17:05:00,1.15811,1.15812,1.15786,1.15798,1099,0,0
2026-08-14 17:10:00,1.15797,1.15815,1.15789,1.15793,909,0,0
2026-08-14 17:15:00,1.15793,1.15824,1.1577,1.15773,1071,0,0
2026-08-14 17:20:00,1.15773,1.15817,1.15772,1.1581299999999999,1027,0,0
2026-08-14 17:25:00,1.1581299999999999,1.15854,1.15812,1.15834,901,0,0
2026-08-14 17:30:00,1.15834,1.15841,1.15795,1.15796,867,0,0
2026-08-14 17:35:00,1.15796,1.15819,1.15785,1.15816,924,0,0
2026-08-14 17:40:00,1.15816,1.15831,1.15781,1.15823,882,0,0
2026-08-14 17:45:00,1.15823,1.15824,1.15788,1.15791,758,0,0
2026-08-14 17:50:00,1.15791,1.15816,1.1578,1.15791,915,0,0
2026-08-14 17:55:00,1.1579,1.15812,1.15781,1.15807,1043,0,0
2026-08-14 18:00:00,1.15807,1.1584699999999999,1.15801,1.15827,872,0,0
2026-08-14 18:05:00,1.15827,1.1584,1.1581,1.15814,795,0,0
2026-08-14 18:10:00,1.15814,1.15827,1.15806,1.15808,708,0,0
2026-08-14 18:15:00,1.15808,1.15828,1.15794,1.15797,672,0,0
2026-08-14 18:20:00,1.15798,1.15799,1.15771,1.15775,736,0,0
2026-08-14 18:25:00,1.15774,1.1581299999999999,1.1577,1.1581,849,0,0
2026-08-14 18:30:00,1.15811,1.1585,1.15808,1.15824,935,0,0
2026-08-14 18:35:00,1.15824,1.15853,1.15819,1.15824,977,0,0
2026-08-14 18:40:00,1.15824,1.15824,1.15801,1.15816,703,0,0
2026-08-14 18:45:00,1.15815,1.15852,1.15809,1.15846,710,0,0
2026-08-14 18:50:00,1.15846,1.1584699999999999,1.15814,1.15814,565,0,0
2026-08-14 18:55:00,1.15814,1.15833,1.15797,1.15802,689,0,0
2026-08-14 19:00:00,1.15802,1.15819,1.1579,1.15806,626,0,0
2026-08-14 19:05:00,1.15805,1.15815,1.1578,1.15782,698,0,0
2026-08-14 19:10:00,1.15782,1.15783,1.15762,1.15767,584,0,0
2026-08-14 19:15:00,1.15767,1.15801,1.15764,1.15791,541,0,0
2026-08-14 19:20:00,1.15791,1.15799,1.15779,1.15784,516,0,0
2026-08-14 19:25:00,1.15784,1.15784,1.15756,1.15757,426,0,0
2026-08-14 19:30:00,1.15757,1.15771,1.15743,1.15766,629,0,0
2026-08-14 19:35:00,1.15766,1.15784,1.15764,1.15773,473,0,0
2026-08-14 19:40:00,1.15773,1.15775,1.15736,1.15741,483,0,0
2026-08-14 19:45:00,1.15741,1.15748,1.15735,1.15736,399,0,0
2026-08-14 19:50:00,1.15736,1.15736,1.15716,1.15721,427,0,0
2026-08-14 19:55:00,1.15721,1.15721,1.15702,1.15711,565,0,0
2026-08-14 20:00:00,1.15711,1.15714,1.1569099999999999,1.1569099999999999,509,0,0
2026-08-14 20:05:00,1.1569099999999999,1.15697,1.15675,1.15676,358,0,0
2026-08-14 20:10:00,1.15676,1.15677,1.1566,1.15671,443,0,0
2026-08-14 20:15:00,1.15671,1.1568100000000001,1.15641,1.15644,638,0,0
2026-08-14 20:20:00,1.15644,1.15651,1.1564,1.15644,409,0,0
2026-08-14 20:25:00,1.15644,1.15656,1.15639,1.15651,544,0,0
2026-08-14 20:30:00,1.15651,1.15653,1.15636,1.15653,511,0,0
2026-08-14 20:35:00,1.15652,1.15661,1.1565,1.1565400000000001,473,0,0
2026-08-14 20:40:00,1.15655,1.1566,1.15636,1.15636,348,0,0
2026-08-14 20:45:00,1.15636,1.15642,1.15629,1.15636,422,0,0
2026-08-14 20:50:00,1.15636,1.15649,1.15632,1.15643,328,0,0
2026-08-14 20:55:00,1.15643,1.15648,1.15635,1.15648,305,0,0
2026-08-14 21:00:00,1.15648,1.15651,1.15633,1.15643,388,0,0
2026-08-14 21:05:00,1.15643,1.1566,1.15641,1.1565699999999999,291,0,0
2026-08-14 21:10:00,1.1565699999999999,1.15658,1.15633,1.15633,360,0,0
2026-08-14 21:15:00,1.15633,1.15641,1.15631,1.1564,348,0,0
2026-08-14 21:20:00,1.1564,1.1565,1.15636,1.15643,262,0,0
2026-08-14 21:25:00,1.15644,1.15667,1.15644,1.15663,301,0,0
2026-08-14 21:30:00,1.15663,1.15664,1.15644,1.15651,260,0,0
2026-08-14 21:35:00,1.15651,1.15659,1.15648,1.15653,175,0,0
2026-08-14 21:40:00,1.15653,1.1566,1.15652,1.1565400000000001,124,0,0
2026-08-14 21:45:00,1.1565400000000001,1.15655,1.15645,1.15652,266,0,0
2026-08-14 21:50:00,1.15652,1.15665,1.15652,1.15663,164,0,0
2026-08-14 21:55:00,1.15663,1.15671,1.15652,1.1565400000000001,217,0,0
2026-08-14 22:00:00,1.1565400000000001,1.15669,1.15647,1.1565,444,0,0
2026-08-14 22:05:00,1.1565,1.15675,1.15644,1.15674,337,0,0
2026-08-14 22:10:00,1.15673,1.1568,1.15667,1.15671,226,0,0
2026-08-14 22:15:00,1.15671,1.15676,1.15663,1.15668,262,0,0
2026-08-14 22:20:00,1.15669,1.15684,1.15668,1.15673,246,0,0
2026-08-14 22:25:00,1.15673,1.1569099999999999,1.15673,1.1568,215,0,0
2026-08-14 22:30:00,1.1568,1.1569,1.15678,1.15679,287,0,0
2026-08-14 22:35:00,1.15679,1.15685,1.15653,1.15674,335,0,0
2026-08-14 22:40:00,1.15674,1.15678,1.15663,1.15663,262,0,0
2026-08-14 22:45:00,1.15663,1.15675,1.15659,1.15673,241,0,0
2026-08-14 22:50:00,1.15673,1.15687,1.15668,1.15672,324,0,0
2026-08-14 22:55:00,1.15672,1.15685,1.15661,1.15684,430,0,0
2026-08-14 23:00:00,1.15684,1.15693,1.15678,1.1569099999999999,203,0,0
2026-08-14 23:05:00,1.1569,1.15693,1.15675,1.15692,238,0,0
2026-08-14 23:10:00,1.15692,1.15693,1.15677,1.1568100000000001,115,0,0
2026-08-14 23:15:00,1.1568,1.15683,1.15674,1.15678,182,0,0
2026-08-14 23:20:00,1.15678,1.15685,1.15678,1.15684,127,0,0
2026-08-14 23:25:00,1.15684,1.15695,1.1568100000000001,1.1569099999999999,173,0,0
2026-08-14 23:30:00,1.1569099999999999,1.15699,1.15684,1.15685,122,0,0
2026-08-14 23:35:00,1.15685,1.15689,1.15683,1.15684,117,0,0
2026-08-14 23:40:00,1.15684,1.15689,1.15673,1.15677,135,0,0
2026-08-14 23:45:00,1.15677,1.15688,1.15671,1.15678,305,0,0
2026-08-14 23:50:00,1.15678,1.15693,1.15676,1.15692,323,0,0
2026-08-14 23:55:00,1.1569099999999999,1.15705,1.1569099999999999,1.15704,433,0,0
2026-08-17 00:00:00,1.15619,1.15648,1.15619,1.15638,26,11,0
2026-08-17 00:05:00,1.15638,1.15655,1.15638,1.15652,47,5,0
2026-08-17 00:10:00,1.15652,1.15655,1.15652,1.15652,62,10,0
2026-08-17 00:15:00,1.15652,1.1565699999999999,1.15614,1.15655,31,8,0
2026-08-17 00:20:00,1.15655,1.15661,1.15635,1.15651,124,0,0
2026-08-17 00:25:00,1.15651,1.15661,1.1565,1.15653,202,0,0
2026-08-17 00:30:00,1.15653,1.15664,1.15651,1.15662,201,0,0
2026-08-17 00:35:00,1.15662,1.15663,1.15656,1.15656,32,0,0
2026-08-17 00:40:00,1.15656,1.1565699999999999,1.15655,1.1565699999999999,8,0,0
2026-08-17 00:45:00,1.1565699999999999,1.15662,1.1565,1.15651,46,3,0
2026-08-17 00:50:00,1.15651,1.15651,1.15645,1.15651,99,3,0
2026-08-17 00:55:00,1.15651,1.15658,1.15648,1.15656,53,1,0
2026-08-17 01:00:00,1.1565400000000001,1.15682,1.15652,1.15668,440,0,0
2026-08-17 01:05:00,1.15668,1.15668,1.1565699999999999,1.15662,74,0,0
2026-08-17 01:10:00,1.15662,1.15668,1.15656,1.15667,257,0,0
2026-08-17 01:15:00,1.15667,1.15672,1.15664,1.15672,122,0,0
2026-08-17 01:20:00,1.15672,1.15696,1.15672,1.15692,228,0,0
2026-08-17 01:25:00,1.15692,1.15694,1.15688,1.15693,112,0,0
2026-08-17 01:30:00,1.15693,1.1571,1.15693,1.15708,184,0,0
2026-08-17 01:35:00,1.15708,1.15721,1.15706,1.15717,261,0,0
2026-08-17 01:40:00,1.15717,1.15719,1.15712,1.15717,96,0,0
2026-08-17 01:45:00,1.15716,1.15723,1.15713,1.1571799999999999,126,0,0
2026-08-17 01:50:00,1.1571799999999999,1.15738,1.1571799999999999,1.1573,113,0,0
2026-08-17 01:55:00,1.1573,1.15753,1.15721,1.15748,255,0,0
2026-08-17 02:00:00,1.15748,1.15754,1.15743,1.15749,171,0,0
2026-08-17 02:05:00,1.15748,1.1575,1.15743,1.15749,102,0,0
2026-08-17 02:10:00,1.15749,1.15754,1.15747,1.15749,134,0,0
2026-08-17 02:15:00,1.15749,1.15749,1.1574200000000001,1.15743,145,0,0
2026-08-17 02:20:00,1.15743,1.15744,1.1574200000000001,1.15743,59,0,0
2026-08-17 02:25:00,1.15743,1.15748,1.1574200000000001,1.15744,148,0,0
2026-08-17 02:30:00,1.15744,1.15745,1.15737,1.15744,170,0,0
2026-08-17 02:35:00,1.15744,1.15749,1.15739,1.15748,96,0,0
2026-08-17 02:40:00,1.15747,1.1575199999999999,1.15747,1.15749,115,0,0
2026-08-17 02:45:00,1.15749,1.15758,1.15748,1.15758,166,0,0
2026-08-17 02:50:00,1.15758,1.15758,1.15726,1.15727,260,0,0
2026-08-17 02:55:00,1.15727,1.15739,1.15727,1.15737,184,0,0
2026-08-17 03:00:00,1.15736,1.15784,1.15736,1.15784,805,0,0
2026-08-17 03:05:00,1.15784,1.15799,1.15777,1.15788,412,0,0
2026-08-17 03:10:00,1.15788,1.15799,1.15785,1.15797,405,0,0
2026-08-17 03:15:00,1.15797,1.15801,1.15786,1.1579,671,0,0
2026-08-17 03:20:00,1.15789,1.15795,1.1578,1.15793,483,0,0
2026-08-17 03:25:00,1.15793,1.15805,1.15792,1.15796,337,0,0
2026-08-17 03:30:00,1.15796,1.1581,1.15795,1.15807,368,0,0
2026-08-17 03:35:00,1.15807,1.15809,1.15783,1.15793,357,0,0
2026-08-17 03:40:00,1.15793,1.15797,1.15787,1.15792,328,0,0
2026-08-17 03:45:00,1.15792,1.15799,1.15788,1.15791,378,0,0
2026-08-17 03:50:00,1.15791,1.15804,1.15782,1.15787,747,0,0
2026-08-17 03:55:00,1.15787,1.15805,1.15787,1.15801,600,0,0
2026-08-17 04:00:00,1.15802,1.15809,1.15781,1.15801,655,0,0
2026-08-17 04:05:00,1.15801,1.15806,1.15787,1.15787,444,0,0
2026-08-17 04:10:00,1.15787,1.15799,1.15783,1.15795,408,0,0
2026-08-17 04:15:00,1.15795,1.15799,1.15786,1.15789,420,0,0
2026-08-17 04:20:00,1.1579,1.15829,1.15786,1.15815,608,0,0
2026-08-17 04:25:00,1.15815,1.1583,1.15815,1.15819,432,0,0
2026-08-17 04:30:00,1.15819,1.15822,1.15784,1.15787,555,0,0
2026-08-17 04:35:00,1.15787,1.15802,1.15781,1.15801,287,0,0
2026-08-17 04:40:00,1.15801,1.15824,1.15795,1.15823,409,0,0
2026-08-17 04:45:00,1.15823,1.15832,1.15818,1.15824,378,0,0
2026-08-17 04:50:00,1.15824,1.15836,1.15817,1.15831,287,0,0
2026-08-17 04:55:00,1.15831,1.15835,1.15822,1.15835,221,0,0
2026-08-17 05:00:00,1.15835,1.15842,1.15832,1.1583700000000001,344,0,0
2026-08-17 05:05:00,1.1583700000000001,1.15841,1.15827,1.15828,317,0,0
2026-08-17 05:10:00,1.15828,1.15834,1.15817,1.15832,382,0,0
2026-08-17 05:15:00,1.15832,1.15842,1.15821,1.1583700000000001,329,0,0
2026-08-17 05:20:00,1.1583700000000001,1.15838,1.1583,1.15831,230,0,0
2026-08-17 05:25:00,1.15831,1.15843,1.1583,1.15842,188,0,0
2026-08-17 05:30:00,1.15843,1.15845,1.15806,1.15806,357,0,0
2026-08-17 05:35:00,1.15806,1.15821,1.15804,1.15816,276,0,0
2026-08-17 05:40:00,1.15816,1.15827,1.15811,1.15812,312,0,0
2026-08-17 05:45:00,1.15812,1.15817,1.15807,1.15811,362,0,0
2026-08-17 05:50:00,1.15811,1.15812,1.158,1.15801,391,0,0
2026-08-17 05:55:00,1.15801,1.15801,1.1579,1.15797,406,0,0
2026-08-17 06:00:00,1.15797,1.1580300000000001,1.15786,1.15786,423,0,0
2026-08-17 06:05:00,1.15786,1.1580300000000001,1.15786,1.15793,221,0,0
2026-08-17 06:10:00,1.15793,1.15795,1.15787,1.15791,173,0,0
2026-08-17 06:15:00,1.15791,1.15806,1.1579,1.158,261,0,0
2026-08-17 06:20:00,1.158,1.15804,1.15799,1.1580300000000001,172,0,0
2026-08-17 06:25:00,1.1580300000000001,1.15805,1.15796,1.15798,400,0,0
2026-08-17 06:30:00,1.15798,1.15805,1.15796,1.15798,287,0,0
2026-08-17 06:35:00,1.15797,1.15798,1.15785,1.15793,436,0,0
2026-08-17 06:40:00,1.15792,1.15801,1.15792,1.15798,244,0,0
2026-08-17 06:45:00,1.15798,1.15806,1.15796,1.15802,269,0,0
2026-08-17 06:50:00,1.15802,1.15812,1.15796,1.15812,337,0,0
2026-08-17 06:55:00,1.15812,1.15836,1.15808,1.15835,429,0,0
2026-08-17 07:00:00,1.15835,1.15842,1.15826,1.15839,404,0,0
2026-08-17 07:05:00,1.15839,1.15869,1.15838,1.15867,347,0,0
2026-08-17 07:10:00,1.15867,1.15881,1.15863,1.1587,273,0,0
2026-08-17 07:15:00,1.1587,1.1587399999999999,1.15865,1.15866,228,0,0
2026-08-17 07:20:00,1.15866,1.15869,1.15854,1.15866,255,0,0
2026-08-17 07:25:00,1.15866,1.15873,1.15865,1.15867,384,0,0
2026-08-17 07:30:00,1.15867,1.1587,1.15852,1.15856,237,0,0
2026-08-17 07:35:00,1.15856,1.1587,1.15855,1.1586400000000001,335,0,0
2026-08-17 07:40:00,1.1586400000000001,1.15871,1.15862,1.15866,233,0,0
2026-08-17 07:45:00,1.15866,1.15872,1.1586,1.1586,339,0,0
2026-08-17 07:50:00,1.1586,1.1586400000000001,1.15851,1.15852,287,0,0
2026-08-17 07:55:00,1.15852,1.15855,1.15843,1.1584699999999999,271,0,0
2026-08-17 08:00:00,1.1584699999999999,1.15859,1.1584699999999999,1.15854,370,0,0
2026-08-17 08:05:00,1.15854,1.15856,1.15845,1.1584699999999999,367,0,0
2026-08-17 08:10:00,1.1584699999999999,1.15849,1.15827,1.15833,345,0,0
2026-08-17 08:15:00,1.15833,1.15856,1.15831,1.15854,326,0,0
2026-08-17 08:20:00,1.15854,1.1587399999999999,1.15853,1.1587,450,0,0
2026-08-17 08:25:00,1.1587,1.15873,1.1586400000000001,1.15871,552,0,0
2026-08-17 08:30:00,1.15871,1.15878,1.15857,1.15861,436,0,0
2026-08-17 08:35:00,1.15861,1.1587399999999999,1.15851,1.1587399999999999,473,0,0
2026-08-17 08:40:00,1.1587399999999999,1.15877,1.15863,1.15871,444,0,0
2026-08-17 08:45:00,1.15871,1.15884,1.15868,1.15882,370,0,0
2026-08-17 08:50:00,1.15882,1.15893,1.1586400000000001,1.1586400000000001,559,0,0
2026-08-17 08:55:00,1.15866,1.15883,1.15865,1.15872,915,0,0
2026-08-17 09:00:00,1.15871,1.15894,1.15871,1.15876,708,0,0
2026-08-17 09:05:00,1.15876,1.15892,1.15857,1.15859,594,0,0
2026-08-17 09:10:00,1.15859,1.15861,1.15836,1.15849,473,0,0
2026-08-17 09:15:00,1.15849,1.15868,1.1584699999999999,1.15866,483,0,0
2026-08-17 09:20:00,1.15866,1.15873,1.15851,1.15853,434,0,0
2026-08-17 09:25:00,1.15853,1.15923,1.15851,1.15921,813,0,0
2026-08-17 09:30:00,1.15921,1.15922,1.1589,1.15895,471,0,0
2026-08-17 09:35:00,1.15895,1.15912,1.15881,1.15911,511,0,0
2026-08-17 09:40:00,1.15911,1.15911,1.15892,1.1590799999999999,448,0,0
2026-08-17 09:45:00,1.1590799999999999,1.15944,1.15907,1.1593499999999999,603,0,0
2026-08-17 09:50:00,1.1593499999999999,1.15955,1.1593499999999999,1.15948,525,0,0
2026-08-17 09:55:00,1.15947,1.15968,1.15942,1.15957,724,0,0
2026-08-17 10:00:00,1.15957,1.15968,1.15927,1.15946,906,0,0
2026-08-17 10:05:00,1.15946,1.1597,1.15936,1.15966,632,0,0
2026-08-17 10:10:00,1.15966,1.15978,1.15964,1.15972,566,0,0
2026-08-17 10:15:00,1.15972,1.16032,1.15968,1.1601,603,0,0
2026-08-17 10:20:00,1.1601,1.16039,1.15995,1.16022,831,0,0
2026-08-17 10:25:00,1.16022,1.16064,1.16016,1.16063,837,0,0
2026-08-17 10:30:00,1.16063,1.16114,1.16059,1.1608100000000001,999,0,0
2026-08-17 10:35:00,1.1608100000000001,1.16088,1.16064,1.16084,884,0,0
2026-08-17 10:40:00,1.16084,1.1612,1.1608,1.1609099999999999,915,0,0
2026-08-17 10:45:00,1.1609099999999999,1.16095,1.16068,1.16068,788,0,0
2026-08-17 10:50:00,1.16068,1.1609,1.1605699999999999,1.16066,678,0,0
2026-08-17 10:55:00,1.16066,1.16078,1.16059,1.16066,655,0,0
2026-08-17 11:00:00,1.16066,1.16077,1.16038,1.16045,605,0,0
2026-08-17 11:05:00,1.16045,1.16063,1.1604,1.16054,753,0,0
2026-08-17 11:10:00,1.16054,1.16076,1.1604700000000001,1.16063,611,0,0
2026-08-17 11:15:00,1.16063,1.16092,1.16062,1.1608100000000001,562,0,0
2026-08-17 11:20:00,1.1608100000000001,1.16119,1.16079,1.16115,471,0,0
2026-08-17 11:25:00,1.16115,1.1614,1.16113,1.16139,624,0,0
2026-08-17 11:30:00,1.16139,1.16141,1.16101,1.16107,665,0,0
2026-08-17 11:35:00,1.1610800000000001,1.16111,1.16075,1.16089,759,0,0
2026-08-17 11:40:00,1.16089,1.16093,1.16053,1.16056,635,0,0
2026-08-17 11:45:00,1.16056,1.16068,1.16034,1.16035,633,0,0
2026-08-17 11:50:00,1.16035,1.16041,1.15962,1.15962,769,0,0
2026-08-17 11:55:00,1.15964,1.16004,1.15954,1.15988,1089,0,0
2026-08-17 12:00:00,1.15988,1.16003,1.15971,1.15995,899,0,0
2026-08-17 12:05:00,1.15995,1.1601,1.1599,1.15999,687,0,0
2026-08-17 12:10:00,1.15999,1.16,1.15981,1.15987,654,0,0
2026-08-17 12:15:00,1.15987,1.16024,1.15982,1.16008,564,0,0
2026-08-17 12:20:00,1.16008,1.16015,1.15983,1.16003,489,0,0
2026-08-17 12:25:00,1.16002,1.16018,1.15993,1.16015,433,0,0
2026-08-17 12:30:00,1.16015,1.16018,1.16004,1.16009,390,0,0
2026-08-17 12:35:00,1.16009,1.16009,1.15987,1.16,328,0,0
2026-08-17 12:40:00,1.16,1.16024,1.15998,1.16001,415,0,0
2026-08-17 12:45:00,1.16,1.16009,1.15989,1.15992,383,0,0
2026-08-17 12:50:00,1.15992,1.15994,1.15973,1.15987,367,0,0
2026-08-17 12:55:00,1.15988,1.1599,1.1596,1.1596899999999999,483,0,0
2026-08-17 13:00:00,1.1596899999999999,1.1597,1.15946,1.15953,378,0,0
2026-08-17 13:05:00,1.15953,1.15955,1.15926,1.15927,552,0,0
2026-08-17 13:10:00,1.15927,1.15961,1.1592500000000001,1.15948,541,0,0
2026-08-17 13:15:00,1.15948,1.15968,1.15946,1.15953,399,0,0
2026-08-17 13:20:00,1.15953,1.15964,1.15938,1.15964,407,0,0
2026-08-17 13:25:00,1.15964,1.15981,1.15938,1.15975,762,0,0
2026-08-17 13:30:00,1.15975,1.15984,1.15926,1.15936,1040,0,0
2026-08-17 13:35:00,1.15936,1.15944,1.15913,1.15916,337,0,0
2026-08-17 13:40:00,1.15916,1.15928,1.15912,1.15927,285,0,0
2026-08-17 13:45:00,1.15927,1.15936,1.15916,1.15926,299,0,0
2026-08-17 13:50:00,1.15926,1.15931,1.15906,1.1590799999999999,310,0,0
2026-08-17 13:55:00,1.1590799999999999,1.15918,1.15895,1.15904,439,0,0
2026-08-17 14:00:00,1.15905,1.15928,1.159,1.15921,333,0,0
2026-08-17 14:05:00,1.15921,1.15954,1.1592,1.15938,383,0,0
2026-08-17 14:10:00,1.1594,1.15941,1.15905,1.15907,316,0,0
2026-08-17 14:15:00,1.15907,1.15912,1.15878,1.15882,313,0,0
2026-08-17 14:20:00,1.15882,1.15888,1.15875,1.15886,502,0,0
2026-08-17 14:25:00,1.15886,1.15905,1.15885,1.15901,365,0,0
2026-08-17 14:30:00,1.15901,1.15918,1.15894,1.1590799999999999,336,0,0
2026-08-17 14:35:00,1.1590799999999999,1.15915,1.15894,1.15902,328,0,0
2026-08-17 14:40:00,1.15902,1.1591,1.15886,1.15888,468,0,0
2026-08-17 14:45:00,1.15888,1.15894,1.15879,1.15881,365,0,0
2026-08-17 14:50:00,1.15881,1.15917,1.1588,1.15916,528,0,0
2026-08-17 14:55:00,1.15916,1.15928,1.15905,1.15923,522,0,0
2026-08-17 15:00:00,1.15923,1.15955,1.15916,1.15953,679,0,0
2026-08-17 15:05:00,1.15953,1.15963,1.1593,1.1593,741,0,0
2026-08-17 15:10:00,1.1593,1.15953,1.15917,1.1592500000000001,652,0,0
2026-08-17 15:15:00,1.1592500000000001,1.15934,1.15895,1.15917,465,0,0
2026-08-17 15:20:00,1.15917,1.15946,1.1591,1.15946,754,0,0
2026-08-17 15:25:00,1.15946,1.1595900000000001,1.15871,1.15906,1112,0,0
2026-08-17 15:30:00,1.15906,1.15921,1.1589,1.15911,571,0,0
2026-08-17 15:35:00,1.1591,1.15919,1.15901,1.15911,632,0,0
2026-08-17 15:40:00,1.15911,1.15944,1.15909,1.15941,554,0,0
2026-08-17 15:45:00,1.15941,1.15948,1.15909,1.15919,685,0,0
2026-08-17 15:50:00,1.15919,1.15952,1.15907,1.15945,627,0,0
2026-08-17 15:55:00,1.15945,1.15978,1.15943,1.15975,783,0,0
2026-08-17 16:00:00,1.15975,1.1598600000000001,1.15958,1.15964,945,0,0
2026-08-17 16:05:00,1.15964,1.15987,1.15964,1.15985,543,0,0
2026-08-17 16:10:00,1.15985,1.15998,1.15955,1.15957,585,0,0
2026-08-17 16:15:00,1.15957,1.15985,1.1595,1.15982,628,0,0
2026-08-17 16:20:00,1.15982,1.15993,1.15964,1.1596899999999999,612,0,0
2026-08-17 16:25:00,1.1596899999999999,1.15978,1.15947,1.15958,550,0,0
2026-08-17 16:30:00,1.15958,1.15989,1.15949,1.15981,963,0,0
2026-08-17 16:35:00,1.15981,1.15993,1.15936,1.1594,816,0,0
2026-08-17 16:40:00,1.1594,1.15944,1.15905,1.15905,735,0,0
2026-08-17 16:45:00,1.15905,1.15923,1.15877,1.15923,860,0,0
2026-08-17 16:50:00,1.15923,1.1595,1.15923,1.15933,792,0,0
2026-08-17 16:55:00,1.15933,1.15954,1.15932,1.15946,724,0,0
2026-08-17 17:00:00,1.15947,1.15966,1.1592500000000001,1.15965,800,0,0
2026-08-17 17:05:00,1.15965,1.1596899999999999,1.15941,1.15955,819,0,0
2026-08-17 17:10:00,1.15955,1.15968,1.15941,1.15962,607,0,0
2026-08-17 17:15:00,1.15962,1.15993,1.15962,1.15977,884,0,0
2026-08-17 17:20:00,1.15977,1.15988,1.15963,1.15981,690,0,0
2026-08-17 17:25:00,1.15981,1.15987,1.15911,1.1593,854,0,0
2026-08-17 17:30:00,1.1593,1.15938,1.15909,1.15911,550,0,0
2026-08-17 17:35:00,1.15911,1.15916,1.15869,1.15882,518,0,0
2026-08-17 17:40:00,1.15882,1.15906,1.1588,1.15887,566,0,0
2026-08-17 17:45:00,1.15887,1.15893,1.1587,1.15886,509,0,0
2026-08-17 17:50:00,1.15886,1.15907,1.15861,1.15868,776,0,0
2026-08-17 17:55:00,1.15868,1.15887,1.1586,1.15867,1012,0,0
2026-08-17 18:00:00,1.15868,1.15871,1.15849,1.15852,774,0,0
2026-08-17 18:05:00,1.15852,1.15854,1.15831,1.1584,747,0,0
2026-08-17 18:10:00,1.1584,1.15856,1.1583700000000001,1.1584699999999999,541,0,0
2026-08-17 18:15:00,1.1584699999999999,1.15853,1.15818,1.15838,510,0,0
2026-08-17 18:20:00,1.15838,1.15841,1.15823,1.1583700000000001,477,0,0
2026-08-17 18:25:00,1.15836,1.15857,1.15829,1.1584699999999999,622,0,0
2026-08-17 18:30:00,1.1584699999999999,1.15863,1.15834,1.15838,651,0,0
2026-08-17 18:35:00,1.15838,1.15851,1.15827,1.15841,518,0,0
2026-08-17 18:40:00,1.15841,1.15843,1.15817,1.1582,488,0,0
2026-08-17 18:45:00,1.1582,1.15867,1.15817,1.15865,626,0,0
2026-08-17 18:50:00,1.15865,1.15892,1.1586,1.15891,455,0,0
2026-08-17 18:55:00,1.15891,1.15901,1.15887,1.159,506,0,0
2026-08-17 19:00:00,1.15901,1.15901,1.15858,1.15861,456,0,0
2026-08-17 19:05:00,1.15861,1.15886,1.15851,1.15868,404,0,0
2026-08-17 19:10:00,1.15868,1.15879,1.1586,1.15871,325,0,0
2026-08-17 19:15:00,1.15872,1.15899,1.1587,1.15891,385,0,0
2026-08-17 19:20:00,1.15891,1.15906,1.15889,1.15901,447,0,0
2026-08-17 19:25:00,1.15901,1.15904,1.15884,1.15887,315,0,0
2026-08-17 19:30:00,1.15887,1.15893,1.15884,1.15886,287,0,0
2026-08-17 19:35:00,1.15886,1.15913,1.15883,1.15912,262,0,0
2026-08-17 19:40:00,1.15912,1.15918,1.15902,1.15912,272,0,0
2026-08-17 19:45:00,1.15912,1.15913,1.15896,1.159,287,0,0
2026-08-17 19:50:00,1.159,1.15902,1.1588,1.15884,313,0,0
2026-08-17 19:55:00,1.15884,1.15892,1.1588,1.15884,390,0,0
2026-08-17 20:00:00,1.15884,1.15897,1.1588,1.15893,258,0,0
2026-08-17 20:05:00,1.15892,1.15892,1.1587,1.15879,337,0,0
2026-08-17 20:10:00,1.15879,1.15882,1.15863,1.15863,294,0,0
2026-08-17 20:15:00,1.15863,1.15866,1.15843,1.15846,376,0,0
2026-08-17 20:20:00,1.15846,1.15851,1.15829,1.1583,379,0,0
2026-08-17 20:25:00,1.1583,1.15846,1.15826,1.15846,507,0,0
2026-08-17 20:30:00,1.15846,1.15855,1.15826,1.15829,527,0,0
2026-08-17 20:35:00,1.15829,1.15829,1.15769,1.15769,834,0,0
2026-08-17 20:40:00,1.15769,1.15796,1.15761,1.15796,495,0,0
2026-08-17 20:45:00,1.15796,1.15809,1.1579,1.15796,375,0,0
2026-08-17 20:50:00,1.15796,1.15797,1.15781,1.15786,379,0,0
2026-08-17 20:55:00,1.15786,1.1579,1.15769,1.15772,438,0,0
2026-08-17 21:00:00,1.15773,1.15777,1.1576,1.15771,498,0,0
2026-08-17 21:05:00,1.15771,1.15783,1.15759,1.15765,513,0,0
2026-08-17 21:10:00,1.15765,1.15778,1.1575199999999999,1.1577600000000001,382,0,0
2026-08-17 21:15:00,1.1577600000000001,1.15785,1.15772,1.15772,376,0,0
2026-08-17 21:20:00,1.15772,1.15772,1.15751,1.1575199999999999,327,0,0
2026-08-17 21:25:00,1.1575199999999999,1.15753,1.15731,1.15743,503,0,0
2026-08-17 21:30:00,1.15743,1.15744,1.15711,1.15717,547,0,0
2026-08-17 21:35:00,1.1571799999999999,1.15728,1.15709,1.15722,594,0,0
2026-08-17 21:40:00,1.15722,1.15735,1.15716,1.15721,473,0,0
2026-08-17 21:45:00,1.15721,1.15729,1.15712,1.15723,402,0,0
2026-08-17 21:50:00,1.15723,1.15739,1.15723,1.15728,381,0,0
2026-08-17 21:55:00,1.15728,1.15733,1.15716,1.15725,376,0,0
2026-08-17 22:00:00,1.15725,1.15745,1.15722,1.15737,455,0,0
2026-08-17 22:05:00,1.15737,1.15741,1.15729,1.15736,373,0,0
2026-08-17 22:10:00,1.15736,1.1577,1.1573,1.15768,363,0,0
2026-08-17 22:15:00,1.15768,1.15784,1.15767,1.15778,354,0,0
2026-08-17 22:20:00,1.15778,1.15789,1.15777,1.15783,233,0,0
2026-08-17 22:25:00,1.15783,1.15792,1.1578,1.15789,253,0,0
2026-08-17 22:30:00,1.15789,1.15791,1.15771,1.15775,292,0,0
2026-08-17 22:35:00,1.15775,1.15797,1.15773,1.15793,256,0,0
2026-08-17 22:40:00,1.15793,1.15805,1.15792,1.15802,202,0,0
2026-08-17 22:45:00,1.15802,1.15804,1.15792,1.15794,211,0,0
2026-08-17 22:50:00,1.15794,1.15799,1.1578,1.15783,289,0,0
2026-08-17 22:55:00,1.15783,1.1579,1.15771,1.15788,366,0,0
2026-08-17 23:00:00,1.15787,1.15798,1.15785,1.15793,185,0,0
2026-08-17 23:05:00,1.15793,1.15794,1.15775,1.15778,143,0,0
2026-08-17 23:10:00,1.15778,1.1578,1.15775,1.1577600000000001,57,0,0
2026-08-17 23:15:00,1.1577600000000001,1.15787,1.15775,1.15786,79,0,0
2026-08-17 23:20:00,1.15785,1.15788,1.15779,1.15779,111,0,0
2026-08-17 23:25:00,1.15778,1.15779,1.15775,1.1577600000000001,41,0,0
2026-08-17 23:30:00,1.1577600000000001,1.15781,1.15772,1.1578,119,0,0
2026-08-17 23:35:00,1.1578,1.15789,1.15777,1.15778,91,0,0
2026-08-17 23:40:00,1.15778,1.15784,1.15777,1.15782,158,0,0
2026-08-17 23:45:00,1.15782,1.15784,1.15779,1.15782,123,0,0
2026-08-17 23:50:00,1.15782,1.1579,1.1578,1.15789,143,0,0
2026-08-17 23:55:00,1.15789,1.15797,1.1578,1.15788,297,0,0
2026-08-18 00:00:00,1.15819,1.15859,1.15785,1.15831,169,0,0
2026-08-18 00:05:00,1.1583,1.1583,1.1578,1.15781,134,0,0
2026-08-18 00:10:00,1.15782,1.15783,1.15779,1.15782,28,3,0
2026-08-18 00:15:00,1.15782,1.15817,1.15782,1.15789,171,0,0
2026-08-18 00:20:00,1.15789,1.1579,1.15781,1.15782,24,6,0
2026-08-18 00:25:00,1.15782,1.15787,1.15779,1.15782,15,4,0
2026-08-18 00:30:00,1.15782,1.15787,1.1578,1.15783,27,0,0
2026-08-18 00:35:00,1.15783,1.15786,1.15772,1.15786,16,3,0
2026-08-18 00:40:00,1.15786,1.15786,1.15784,1.15786,14,4,0
2026-08-18 00:45:00,1.15786,1.15787,1.1578,1.1578,33,0,0
2026-08-18 00:50:00,1.1578,1.15793,1.1578,1.1578,29,0,0
2026-08-18 00:55:00,1.1578,1.1578,1.1578,1.1578,5,4,0
2026-08-18 01:00:00,1.1578,1.158,1.1578,1.15792,202,0,0
2026-08-18 01:05:00,1.15793,1.15793,1.15785,1.15785,52,0,0
2026-08-18 01:10:00,1.15785,1.15788,1.15782,1.15787,155,0,0
2026-08-18 01:15:00,1.15787,1.15792,1.15777,1.15777,160,0,0
2026-08-18 01:20:00,1.15777,1.15787,1.15777,1.15786,108,0,0
2026-08-18 01:25:00,1.15787,1.15801,1.15786,1.15798,161,0,0
2026-08-18 01:30:00,1.15798,1.15798,1.15786,1.15788,132,0,0
2026-08-18 01:35:00,1.15788,1.15792,1.15782,1.15783,82,0,0
2026-08-18 01:40:00,1.15783,1.15792,1.15783,1.15788,113,0,0
2026-08-18 01:45:00,1.15788,1.15793,1.15787,1.15792,95,0,0
2026-08-18 01:50:00,1.15792,1.15794,1.15785,1.15787,88,0,0
2026-08-18 01:55:00,1.15787,1.15788,1.15783,1.15787,68,0,0
2026-08-18 02:00:00,1.15787,1.15789,1.15782,1.15788,134,0,0
2026-08-18 02:05:00,1.15788,1.1580300000000001,1.15787,1.15802,131,0,0
2026-08-18 02:10:00,1.15802,1.1580300000000001,1.15797,1.15801,199,0,0
2026-08-18 02:15:00,1.15801,1.1580300000000001,1.15797,1.15801,60,0,0
2026-08-18 02:20:00,1.15801,1.15807,1.158,1.1580300000000001,30,0,0
2026-08-18 02:25:00,1.1580300000000001,1.15812,1.15802,1.15811,119,0,0
2026-08-18 02:30:00,1.15811,1.1582,1.15808,1.15816,144,0,0
2026-08-18 02:35:00,1.15816,1.15817,1.15815,1.15816,93,0,0
2026-08-18 02:40:00,1.15816,1.15832,1.15815,1.15827,233,0,0
2026-08-18 02:45:00,1.15827,1.15836,1.15827,1.15836,193,0,0
2026-08-18 02:50:00,1.15836,1.15836,1.15825,1.15827,191,0,0
2026-08-18 02:55:00,1.15828,1.15829,1.1582,1.15827,234,0,0
2026-08-18 03:00:00,1.15827,1.15845,1.15822,1.15838,559,0,0
2026-08-18 03:05:00,1.15838,1.15849,1.15831,1.15831,211,0,0
2026-08-18 03:10:00,1.15831,1.15833,1.15818,1.15825,427,0,0
2026-08-18 03:15:00,1.15825,1.15834,1.15822,1.15828,295,0,0
2026-08-18 03:20:00,1.15828,1.1583,1.1581299999999999,1.1581299999999999,419,0,0
2026-08-18 03:25:00,1.1581299999999999,1.15816,1.15795,1.15797,387,0,0
2026-08-18 03:30:00,1.15797,1.15799,1.1577600000000001,1.15793,403,0,0
2026-08-18 03:35:00,1.15793,1.1582,1.15787,1.15816,376,0,0
2026-08-18 03:40:00,1.15817,1.15817,1.15806,1.15811,232,0,0
2026-08-18 03:45:00,1.15812,1.15812,1.15796,1.15806,304,0,0
2026-08-18 03:50:00,1.15806,1.15818,1.1580300000000001,1.15807,419,0,0
2026-08-18 03:55:00,1.15807,1.15827,1.15805,1.15824,396,0,0
2026-08-18 04:00:00,1.15824,1.15832,1.1581299999999999,1.1582,535,0,0
2026-08-18 04:05:00,1.1582,1.15839,1.15817,1.15838,484,0,0
2026-08-18 04:10:00,1.15838,1.15858,1.15836,1.15852,430,0,0
2026-08-18 04:15:00,1.15853,1.15854,1.15812,1.15822,472,0,0
2026-08-18 04:20:00,1.15822,1.15827,1.15807,1.15817,475,0,0
2026-08-18 04:25:00,1.15817,1.15822,1.15795,1.15817,375,0,0
2026-08-18 04:30:00,1.15817,1.1583,1.15816,1.15829,255,0,0
2026-08-18 04:35:00,1.15829,1.15842,1.15828,1.15831,235,0,0
2026-08-18 04:40:00,1.15831,1.15833,1.1581,1.15811,418,0,0
2026-08-18 04:45:00,1.15811,1.1581299999999999,1.15789,1.15796,399,0,0
2026-08-18 04:50:00,1.15796,1.15814,1.15795,1.15806,448,0,0
2026-08-18 04:55:00,1.15806,1.15812,1.15787,1.15796,437,0,0
2026-08-18 05:00:00,1.15796,1.15796,1.15771,1.15786,463,0,0
2026-08-18 05:05:00,1.15786,1.15795,1.15775,1.15778,361,0,0
2026-08-18 05:10:00,1.15777,1.1578,1.15766,1.15769,387,0,0
2026-08-18 05:15:00,1.15769,1.1577600000000001,1.15761,1.15767,440,0,0
2026-08-18 05:20:00,1.15767,1.1577,1.15758,1.15764,302,0,0
2026-08-18 05:25:00,1.15764,1.15775,1.1576,1.15771,365,0,0
2026-08-18 05:30:00,1.15772,1.15774,1.1575199999999999,1.15769,405,0,0
2026-08-18 05:35:00,1.15769,1.15772,1.15761,1.15763,299,0,0
2026-08-18 05:40:00,1.15763,1.15768,1.15761,1.15766,268,0,0
2026-08-18 05:45:00,1.15766,1.15788,1.15765,1.15786,245,0,0
2026-08-18 05:50:00,1.15786,1.15799,1.15784,1.15798,346,0,0
2026-08-18 05:55:00,1.15798,1.15804,1.15791,1.15802,211,0,0
2026-08-18 06:00:00,1.15802,1.1580300000000001,1.1578,1.15787,284,0,0
2026-08-18 06:05:00,1.15787,1.15789,1.1577600000000001,1.15783,314,0,0
2026-08-18 06:10:00,1.15783,1.15786,1.15775,1.15775,204,0,0
2026-08-18 06:15:00,1.15775,1.15775,1.15758,1.15759,233,0,0
2026-08-18 06:20:00,1.15759,1.15762,1.15748,1.1575,277,0,0
2026-08-18 06:25:00,1.1575,1.15759,1.15746,1.15758,219,0,0
2026-08-18 06:30:00,1.15758,1.15758,1.15739,1.1574,292,0,0
2026-08-18 06:35:00,1.1574,1.15741,1.15722,1.15725,450,0,0
2026-08-18 06:40:00,1.15725,1.15733,1.1572,1.15729,289,0,0
2026-08-18 06:45:00,1.15729,1.15729,1.1571500000000001,1.1571799999999999,174,0,0
2026-08-18 06:50:00,1.1571799999999999,1.15727,1.1571500000000001,1.15723,303,0,0
2026-08-18 06:55:00,1.15723,1.15741,1.15722,1.15732,351,0,0
2026-08-18 07:00:00,1.15732,1.1574,1.15727,1.1573,342,0,0
2026-08-18 07:05:00,1.15731,1.15734,1.15717,1.15717,292,0,0
2026-08-18 07:10:00,1.15717,1.15721,1.15703,1.15705,496,0,0
2026-08-18 07:15:00,1.15706,1.1571,1.15698,1.15708,298,0,0
2026-08-18 07:20:00,1.15707,1.15721,1.15702,1.1572,449,0,0
2026-08-18 07:25:00,1.1572,1.15731,1.1571500000000001,1.15724,398,0,0
2026-08-18 07:30:00,1.15723,1.15726,1.15707,1.15709,306,0,0
2026-08-18 07:35:00,1.15709,1.15724,1.15709,1.1571799999999999,240,0,0
2026-08-18 07:40:00,1.1571799999999999,1.15733,1.15717,1.15729,236,0,0
2026-08-18 07:45:00,1.15729,1.15748,1.15721,1.15747,232,0,0
2026-08-18 07:50:00,1.15747,1.15748,1.15737,1.1574,253,0,0
2026-08-18 07:55:00,1.1574,1.1574200000000001,1.15714,1.1571500000000001,302,0,0
2026-08-18 08:00:00,1.1571500000000001,1.1571799999999999,1.15699,1.15706,567,0,0
2026-08-18 08:05:00,1.15706,1.15707,1.15692,1.15703,280,0,0
2026-08-18 08:10:00,1.15703,1.15708,1.15695,1.15698,284,0,0
2026-08-18 08:15:00,1.15698,1.15709,1.15693,1.15703,345,0,0
2026-08-18 08:20:00,1.15703,1.15716,1.15703,1.1571500000000001,294,0,0
2026-08-18 08:25:00,1.1571500000000001,1.15729,1.1571,1.15726,314,0,0
2026-08-18 08:30:00,1.15726,1.15729,1.15716,1.1571799999999999,260,0,0
2026-08-18 08:35:00,1.15717,1.15725,1.15712,1.15716,308,0,0
2026-08-18 08:40:00,1.15716,1.15726,1.15703,1.15723,246,0,0
2026-08-18 08:45:00,1.15723,1.15741,1.15721,1.1574,266,0,0
2026-08-18 08:50:00,1.1574,1.15743,1.15725,1.15732,238,0,0
2026-08-18 08:55:00,1.15732,1.15739,1.15727,1.1573,251,0,0
2026-08-18 09:00:00,1.1573,1.15747,1.15678,1.15683,707,0,0
2026-08-18 09:05:00,1.15682,1.15693,1.1567,1.15693,991,0,0
2026-08-18 09:10:00,1.15693,1.15713,1.15688,1.15696,677,0,0
2026-08-18 09:15:00,1.15695,1.15714,1.15688,1.15698,481,0,0
2026-08-18 09:20:00,1.15698,1.15709,1.15687,1.15705,285,0,0
2026-08-18 09:25:00,1.15705,1.15726,1.15704,1.15724,557,0,0
2026-08-18 09:30:00,1.15724,1.15725,1.1569,1.1569,596,0,0
2026-08-18 09:35:00,1.1569,1.15699,1.15666,1.15687,490,0,0
2026-08-18 09:40:00,1.15687,1.15709,1.15686,1.15707,425,0,0
2026-08-18 09:45:00,1.15707,1.15708,1.1569,1.15701,398,0,0
2026-08-18 09:50:00,1.15701,1.15708,1.1568,1.157,476,0,0
2026-08-18 09:55:00,1.157,1.15721,1.1569,1.1572,674,0,0
2026-08-18 10:00:00,1.1572,1.1574200000000001,1.15709,1.15741,802,0,0
2026-08-18 10:05:00,1.15741,1.15743,1.15723,1.15741,556,0,0
2026-08-18 10:10:00,1.15741,1.15741,1.15706,1.15708,500,0,0
2026-08-18 10:15:00,1.15708,1.1572,1.15695,1.15711,638,0,0
2026-08-18 10:20:00,1.15711,1.15734,1.1571,1.15734,530,0,0
2026-08-18 10:25:00,1.15734,1.15762,1.15733,1.15746,524,0,0
2026-08-18 10:30:00,1.15746,1.15758,1.15735,1.15735,465,0,0
2026-08-18 10:35:00,1.15735,1.15766,1.15735,1.15757,504,0,0
2026-08-18 10:40:00,1.15757,1.1577,1.1575,1.15756,377,0,0
2026-08-18 10:45:00,1.15756,1.15771,1.1575199999999999,1.15767,423,0,0
2026-08-18 10:50:00,1.15767,1.15775,1.15748,1.1575199999999999,396,0,0
2026-08-18 10:55:00,1.1575199999999999,1.15758,1.15735,1.15739,540,0,0
2026-08-18 11:00:00,1.15739,1.15741,1.15711,1.15728,653,0,0
2026-08-18 11:05:00,1.15728,1.15732,1.15701,1.15713,515,0,0
2026-08-18 11:10:00,1.15713,1.15723,1.15705,1.15717,471,0,0
2026-08-18 11:15:00,1.15717,1.1572,1.15701,1.15711,453,0,0
2026-08-18 11:20:00,1.15711,1.15711,1.1569099999999999,1.15698,424,0,0
2026-08-18 11:25:00,1.15698,1.1571500000000001,1.15695,1.15714,601,0,0
2026-08-18 11:30:00,1.15714,1.15732,1.15713,1.15725,356,0,0
2026-08-18 11:35:00,1.15725,1.15737,1.15716,1.15731,399,0,0
2026-08-18 11:40:00,1.15731,1.15748,1.15729,1.15748,389,0,0
2026-08-18 11:45:00,1.15748,1.15759,1.15744,1.15758,354,0,0
2026-08-18 11:50:00,1.15758,1.15759,1.15747,1.15757,352,0,0
2026-08-18 11:55:00,1.15757,1.1577600000000001,1.15757,1.15762,446,0,0
2026-08-18 12:00:00,1.15761,1.15762,1.15745,1.15753,324,0,0
2026-08-18 12:05:00,1.15753,1.15756,1.1574200000000001,1.15747,239,0,0
2026-08-18 12:10:00,1.15747,1.15748,1.15736,1.15741,334,0,0
2026-08-18 12:15:00,1.15741,1.15747,1.15726,1.15747,392,0,0
2026-08-18 12:20:00,1.15747,1.15769,1.15745,1.15756,584,0,0
2026-08-18 12:25:00,1.15756,1.15778,1.15756,1.15773,506,0,0
2026-08-18 12:30:00,1.15772,1.15793,1.1577,1.15781,386,0,0
2026-08-18 12:35:00,1.15781,1.15788,1.15762,1.1577,450,0,0
2026-08-18 12:40:00,1.1577,1.15772,1.15741,1.15761,410,0,0
2026-08-18 12:45:00,1.1576,1.1577600000000001,1.15755,1.15771,424,0,0
2026-08-18 12:50:00,1.15771,1.1578,1.15765,1.15778,262,0,0
2026-08-18 12:55:00,1.15778,1.15799,1.15773,1.15792,446,0,0
2026-08-18 13:00:00,1.15792,1.15793,1.15763,1.15768,403,0,0
2026-08-18 13:05:00,1.15768,1.1577600000000001,1.15761,1.15771,445,0,0
2026-08-18 13:10:00,1.15771,1.15774,1.15745,1.15748,427,0,0
2026-08-18 13:15:00,1.15748,1.15766,1.15744,1.15758,415,0,0
2026-08-18 13:20:00,1.15758,1.15759,1.15751,1.15756,187,0,0
2026-08-18 13:25:00,1.15757,1.15768,1.15739,1.15766,267,0,0
2026-08-18 13:30:00,1.15766,1.15768,1.15749,1.1575199999999999,280,0,0
2026-08-18 13:35:00,1.1575199999999999,1.15757,1.15746,1.15753,270,0,0
2026-08-18 13:40:00,1.15753,1.15756,1.15745,1.15753,204,0,0
2026-08-18 13:45:00,1.15753,1.15768,1.1575199999999999,1.15764,315,0,0
2026-08-18 13:50:00,1.15764,1.15765,1.15745,1.1575199999999999,380,0,0
2026-08-18 13:55:00,1.1575199999999999,1.15767,1.1575,1.15761,543,0,0
2026-08-18 14:00:00,1.15761,1.15766,1.1575,1.1575199999999999,339,0,0
2026-08-18 14:05:00,1.1575199999999999,1.15757,1.15744,1.15754,423,0,0
2026-08-18 14:10:00,1.15754,1.15756,1.15741,1.1574200000000001,310,0,0
2026-08-18 14:15:00,1.1574200000000001,1.15747,1.15737,1.15741,293,0,0
2026-08-18 14:20:00,1.15741,1.1575199999999999,1.1574,1.1575199999999999,213,0,0
2026-08-18 14:25:00,1.1575199999999999,1.1575199999999999,1.15726,1.1573,260,0,0
2026-08-18 14:30:00,1.15729,1.15746,1.15725,1.15725,336,0,0
2026-08-18 14:35:00,1.15725,1.15754,1.15725,1.1574200000000001,387,0,0
2026-08-18 14:40:00,1.1574200000000001,1.15757,1.15735,1.1574,364,0,0
2026-08-18 14:45:00,1.1574,1.15747,1.15733,1.1574200000000001,328,0,0
2026-08-18 14:50:00,1.1574200000000001,1.1574200000000001,1.1573,1.15739,338,0,0
2026-08-18 14:55:00,1.15739,1.15769,1.15735,1.15766,672,0,0
2026-08-18 15:00:00,1.15766,1.15794,1.15748,1.15786,631,0,0
2026-08-18 15:05:00,1.15786,1.15789,1.15758,1.15762,651,0,0
2026-08-18 15:10:00,1.15762,1.15777,1.15754,1.1577600000000001,389,0,0
2026-08-18 15:15:00,1.1577600000000001,1.1577600000000001,1.15755,1.1577600000000001,483,0,0
2026-08-18 15:20:00,1.1577600000000001,1.15793,1.15765,1.15765,690,0,0
2026-08-18 15:25:00,1.15765,1.15778,1.15738,1.15741,627,0,0
2026-08-18 15:30:00,1.15741,1.15757,1.15727,1.15728,441,0,0
2026-08-18 15:35:00,1.15728,1.15736,1.15716,1.15729,622,0,0
2026-08-18 15:40:00,1.15729,1.15749,1.1572,1.15748,564,0,0
2026-08-18 15:45:00,1.15749,1.15762,1.15735,1.15761,551,0,0
2026-08-18 15:50:00,1.15761,1.15778,1.1576,1.1577600000000001,381,0,0
2026-08-18 15:55:00,1.1577600000000001,1.15781,1.1574200000000001,1.1574200000000001,702,0,0
2026-08-18 16:00:00,1.1574200000000001,1.15794,1.1574200000000001,1.15792,953,0,0
2026-08-18 16:05:00,1.15792,1.15794,1.15757,1.15775,550,0,0
2026-08-18 16:10:00,1.15775,1.15791,1.15769,1.15787,449,0,0
2026-08-18 16:15:00,1.15787,1.15791,1.15762,1.15763,425,0,0
2026-08-18 16:20:00,1.15763,1.15777,1.1575,1.15757,460,0,0
2026-08-18 16:25:00,1.15757,1.15768,1.1574,1.1575199999999999,806,0,0
2026-08-18 16:30:00,1.15751,1.15806,1.15707,1.15798,1537,0,0
2026-08-18 16:35:00,1.15797,1.15849,1.15785,1.15842,1142,0,0
2026-08-18 16:40:00,1.15842,1.1585,1.15801,1.15804,792,0,0
2026-08-18 16:45:00,1.15804,1.15823,1.15786,1.15816,748,0,0
2026-08-18 16:50:00,1.15817,1.1583,1.15779,1.15787,754,0,0
2026-08-18 16:55:00,1.15788,1.15806,1.15785,1.15805,580,0,0
2026-08-18 17:00:00,1.15805,1.15834,1.15802,1.15825,871,0,0
2026-08-18 17:05:00,1.15826,1.15848,1.15808,1.1584699999999999,903,0,0
2026-08-18 17:10:00,1.1584699999999999,1.1587,1.15831,1.15831,941,0,0
2026-08-18 17:15:00,1.15831,1.15879,1.1582,1.15867,997,0,0
2026-08-18 17:20:00,1.15867,1.15884,1.15853,1.15871,847,0,0
2026-08-18 17:25:00,1.15871,1.15877,1.15838,1.15851,605,0,0
2026-08-18 17:30:00,1.15851,1.15853,1.1583,1.15841,571,0,0
2026-08-18 17:35:00,1.15841,1.15842,1.15804,1.15816,664,0,0
2026-08-18 17:40:00,1.15816,1.15851,1.15812,1.15846,741,0,0
2026-08-18 17:45:00,1.15846,1.1586,1.1584,1.15851,551,0,0
2026-08-18 17:50:00,1.15851,1.15883,1.15814,1.15832,1465,0,0
2026-08-18 17:55:00,1.15832,1.15858,1.15807,1.15809,1916,0,0
2026-08-18 18:00:00,1.15809,1.15857,1.15789,1.15853,1577,0,0
2026-08-18 18:05:00,1.15853,1.15863,1.1579,1.15791,779,0,0
2026-08-18 18:10:00,1.15791,1.15806,1.15773,1.15774,776,0,0
2026-08-18 18:15:00,1.15774,1.15795,1.15771,1.15787,827,0,0
2026-08-18 18:20:00,1.15787,1.15814,1.15775,1.15781,882,0,0
2026-08-18 18:25:00,1.15781,1.15793,1.15767,1.1578,771,0,0
2026-08-18 18:30:00,1.1578,1.15786,1.15766,1.15779,855,0,0
2026-08-18 18:35:00,1.1578,1.15804,1.15775,1.15792,536,0,0
2026-08-18 18:40:00,1.15792,1.15804,1.15779,1.1579,541,0,0
2026-08-18 18:45:00,1.15789,1.1581299999999999,1.15788,1.1581,426,0,0
2026-08-18 18:50:00,1.15811,1.15818,1.15795,1.158,271,0,0
2026-08-18 18:55:00,1.158,1.15805,1.15789,1.15792,533,0,0
2026-08-18 19:00:00,1.15791,1.15812,1.15785,1.15807,546,0,0
2026-08-18 19:05:00,1.15807,1.1583,1.15802,1.15825,537,0,0
2026-08-18 19:10:00,1.15825,1.15843,1.15824,1.15831,410,0,0
2026-08-18 19:15:00,1.15832,1.1584699999999999,1.15828,1.15841,335,0,0
2026-08-18 19:20:00,1.15841,1.15857,1.15841,1.15848,505,0,0
2026-08-18 19:25:00,1.15848,1.15853,1.1581,1.15812,557,0,0
2026-08-18 19:30:00,1.15809,1.1582,1.15794,1.15799,345,0,0
2026-08-18 19:35:00,1.15799,1.15802,1.15785,1.15797,379,0,0
2026-08-18 19:40:00,1.15797,1.15819,1.15795,1.15817,282,0,0
2026-08-18 19:45:00,1.15817,1.15828,1.15811,1.15816,383,0,0
2026-08-18 19:50:00,1.15815,1.15819,1.15804,1.15811,234,0,0
2026-08-18 19:55:00,1.15811,1.15812,1.15795,1.15795,458,0,0
2026-08-18 20:00:00,1.15796,1.1580300000000001,1.15773,1.1577600000000001,605,0,0
2026-08-18 20:05:00,1.1577600000000001,1.1577600000000001,1.15756,1.15764,281,0,0
2026-08-18 20:10:00,1.15764,1.15765,1.15757,1.15762,233,0,0
2026-08-18 20:15:00,1.15762,1.15772,1.15758,1.15767,311,0,0
2026-08-18 20:20:00,1.15767,1.15781,1.15767,1.15774,322,0,0
2026-08-18 20:25:00,1.15774,1.1577600000000001,1.15755,1.15771,616,0,0
2026-08-18 20:30:00,1.15771,1.15771,1.1574200000000001,1.15755,381,0,0
2026-08-18 20:35:00,1.15755,1.15762,1.15744,1.15757,357,0,0
2026-08-18 20:40:00,1.15757,1.15772,1.15757,1.15762,333,0,0
2026-08-18 20:45:00,1.15762,1.15768,1.15757,1.15757,200,0,0
2026-08-18 20:50:00,1.15757,1.15769,1.15757,1.15758,180,0,0
2026-08-18 20:55:00,1.15758,1.15767,1.15754,1.15765,230,0,0
2026-08-18 21:00:00,1.15765,1.15766,1.15747,1.15749,255,0,0
2026-08-18 21:05:00,1.15749,1.15768,1.15748,1.15767,260,0,0
2026-08-18 21:10:00,1.15767,1.15775,1.15758,1.15773,214,0,0
2026-08-18 21:15:00,1.15774,1.15783,1.15774,1.15782,242,0,0
2026-08-18 21:20:00,1.15782,1.15788,1.15772,1.1577600000000001,242,0,0
2026-08-18 21:25:00,1.1577600000000001,1.15778,1.1577,1.15771,385,0,0
2026-08-18 21:30:00,1.15771,1.15774,1.15762,1.15768,316,0,0
2026-08-18 21:35:00,1.15768,1.1577,1.15755,1.15762,243,0,0
2026-08-18 21:40:00,1.15762,1.15762,1.15743,1.15744,194,0,0
2026-08-18 21:45:00,1.15744,1.15748,1.15743,1.15744,139,0,0
2026-08-18 21:50:00,1.15744,1.1575199999999999,1.15743,1.15747,177,0,0
2026-08-18 21:55:00,1.15747,1.15762,1.15747,1.15757,544,0,0
2026-08-18 22:00:00,1.15756,1.15759,1.15748,1.1575199999999999,389,0,0
2026-08-18 22:05:00,1.1575199999999999,1.15756,1.15747,1.1575199999999999,358,0,0
2026-08-18 22:10:00,1.1575199999999999,1.15779,1.15751,1.15768,544,0,0
2026-08-18 22:15:00,1.15768,1.15774,1.1576,1.15766,257,0,0
2026-08-18 22:20:00,1.15766,1.15774,1.15762,1.15771,188,0,0
2026-08-18 22:25:00,1.15771,1.15771,1.15759,1.15765,222,0,0
2026-08-18 22:30:00,1.15766,1.1578,1.15762,1.15779,347,0,0
2026-08-18 22:35:00,1.15779,1.15793,1.15773,1.15791,269,0,0
2026-08-18 22:40:00,1.15792,1.15809,1.15787,1.15788,254,0,0
2026-08-18 22:45:00,1.15788,1.15793,1.1577,1.15779,270,0,0
2026-08-18 22:50:00,1.15779,1.15783,1.15763,1.15768,268,0,0
2026-08-18 22:55:00,1.15768,1.15769,1.15739,1.15747,576,0,0
2026-08-18 23:00:00,1.15748,1.15748,1.15723,1.15725,322,0,0
2026-08-18 23:05:00,1.15725,1.15728,1.1571799999999999,1.1572,94,0,0
2026-08-18 23:10:00,1.1572,1.15733,1.1571799999999999,1.15728,184,0,0
2026-08-18 23:15:00,1.15728,1.15731,1.15725,1.15729,78,0,0
2026-08-18 23:20:00,1.15729,1.15731,1.15722,1.15729,165,0,0
2026-08-18 23:25:00,1.15729,1.15733,1.15722,1.15731,201,0,0
2026-08-18 23:30:00,1.15731,1.15745,1.15728,1.15744,126,0,0
2026-08-18 23:35:00,1.15744,1.15749,1.15741,1.1574200000000001,84,0,0
2026-08-18 23:40:00,1.1574200000000001,1.15747,1.15737,1.15738,84,0,0
2026-08-18 23:45:00,1.15738,1.15744,1.1573,1.1574,238,0,0
2026-08-18 23:50:00,1.1574,1.15748,1.15736,1.15747,92,0,0
2026-08-18 23:55:00,1.15747,1.15765,1.15741,1.15748,340,0,0
2026-08-19 00:00:00,1.15748,1.15768,1.15748,1.1575199999999999,212,3,0
2026-08-19 00:05:00,1.1575199999999999,1.15762,1.1575199999999999,1.15757,80,6,0
2026-08-19 00:10:00,1.15756,1.15768,1.1575199999999999,1.15767,31,0,0
2026-08-19 00:15:00,1.15767,1.15767,1.15765,1.15766,19,1,0
2026-08-19 00:20:00,1.15766,1.1578,1.15766,1.15779,44,0,0
2026-08-19 00:25:00,1.15779,1.1578,1.15772,1.1577600000000001,35,4,0
2026-08-19 00:30:00,1.1577600000000001,1.15781,1.15766,1.15773,84,0,0
2026-08-19 00:35:00,1.15773,1.15778,1.15769,1.1577600000000001,52,2,0
2026-08-19 00:40:00,1.1577600000000001,1.15777,1.15746,1.15748,160,2,0
2026-08-19 00:45:00,1.15748,1.15749,1.15739,1.15744,101,3,0
2026-08-19 00:50:00,1.15744,1.15746,1.15737,1.15741,233,2,0
2026-08-19 00:55:00,1.15741,1.15751,1.15736,1.15747,126,4,0
2026-08-19 01:00:00,1.15747,1.15765,1.15741,1.15763,218,0,0
2026-08-19 01:05:00,1.15763,1.15763,1.1576,1.1576,23,0,0
2026-08-19 01:10:00,1.1576,1.15761,1.15743,1.15746,449,0,0
2026-08-19 01:15:00,1.15746,1.15761,1.15745,1.15759,178,0,0
2026-08-19 01:20:00,1.15759,1.15762,1.15751,1.1575199999999999,120,0,0
2026-08-19 01:25:00,1.1575199999999999,1.15754,1.15748,1.15748,98,0,0
2026-08-19 01:30:00,1.15749,1.15758,1.15747,1.15756,104,0,0
2026-08-19 01:35:00,1.15756,1.15758,1.1575199999999999,1.15753,57,0,0
2026-08-19 01:40:00,1.15753,1.15754,1.15748,1.15751,66,0,0
2026-08-19 01:45:00,1.15751,1.15762,1.15749,1.15762,55,0,0
2026-08-19 01:50:00,1.15762,1.15768,1.15761,1.15767,71,0,0
2026-08-19 01:55:00,1.15767,1.15767,1.15762,1.15762,37,0,0
2026-08-19 02:00:00,1.15762,1.15783,1.15762,1.15782,164,0,0
2026-08-19 02:05:00,1.15782,1.15783,1.15777,1.15778,96,0,0
2026-08-19 02:10:00,1.15778,1.15781,1.15767,1.15768,65,0,0
2026-08-19 02:15:00,1.15768,1.15773,1.15766,1.15767,61,0,0
2026-08-19 02:20:00,1.15767,1.15772,1.15766,1.15768,114,0,0
2026-08-19 02:25:00,1.15768,1.15769,1.15745,1.1575,271,0,0
2026-08-19 02:30:00,1.1575,1.15757,1.15743,1.15748,167,0,0
2026-08-19 02:35:00,1.15748,1.15749,1.15734,1.15734,126,0,0
2026-08-19 02:40:00,1.15734,1.15745,1.15734,1.15741,114,0,0
2026-08-19 02:45:00,1.15741,1.15747,1.15735,1.15743,164,0,0
2026-08-19 02:50:00,1.15744,1.15748,1.15735,1.15746,168,0,0
2026-08-19 02:55:00,1.15746,1.15761,1.1574,1.15761,245,0,0
2026-08-19 03:00:00,1.1576,1.15797,1.1575199999999999,1.15796,758,0,0
2026-08-19 03:05:00,1.15796,1.1581,1.15789,1.15793,508,0,0
2026-08-19 03:10:00,1.15792,1.15817,1.15786,1.15804,469,0,0
2026-08-19 03:15:00,1.15804,1.15817,1.15801,1.15802,481,0,0
2026-08-19 03:20:00,1.1580300000000001,1.15812,1.15795,1.1580300000000001,396,0,0
2026-08-19 03:25:00,1.1580300000000001,1.15804,1.15789,1.15794,391,0,0
2026-08-19 03:30:00,1.15793,1.15797,1.15751,1.15763,480,0,0
2026-08-19 03:35:00,1.15763,1.15772,1.15756,1.15772,486,0,0
2026-08-19 03:40:00,1.15771,1.15778,1.1575,1.15753,453,0,0
2026-08-19 03:45:00,1.15754,1.15756,1.1574200000000001,1.15747,396,0,0
2026-08-19 03:50:00,1.15747,1.15783,1.15746,1.15771,668,0,0
2026-08-19 03:55:00,1.15769,1.1577600000000001,1.15734,1.15741,585,0,0
2026-08-19 04:00:00,1.1574200000000001,1.15746,1.15714,1.1574200000000001,734,0,0
2026-08-19 04:05:00,1.15741,1.15744,1.15726,1.15727,382,0,0
2026-08-19 04:10:00,1.15727,1.1574,1.15722,1.15723,387,0,0
2026-08-19 04:15:00,1.15723,1.15734,1.15701,1.15723,576,0,0
2026-08-19 04:20:00,1.15723,1.15739,1.15717,1.15733,508,0,0
2026-08-19 04:25:00,1.15733,1.1574,1.15727,1.15736,419,0,0
2026-08-19 04:30:00,1.15736,1.15756,1.15736,1.1575199999999999,420,0,0
2026-08-19 04:35:00,1.1575199999999999,1.15769,1.15751,1.15768,352,0,0
2026-08-19 04:40:00,1.15769,1.1577600000000001,1.15767,1.15767,411,0,0
2026-08-19 04:45:00,1.15768,1.15774,1.15761,1.15763,304,0,0
2026-08-19 04:50:00,1.15763,1.15764,1.1575199999999999,1.15761,404,0,0
2026-08-19 04:55:00,1.15761,1.15779,1.1576,1.15771,325,0,0
2026-08-19 05:00:00,1.15771,1.15777,1.15765,1.15777,372,0,0
2026-08-19 05:05:00,1.1577600000000001,1.15804,1.15775,1.1580300000000001,263,0,0
2026-08-19 05:10:00,1.1580300000000001,1.15804,1.15786,1.15791,278,0,0
2026-08-19 05:15:00,1.15791,1.1585,1.15775,1.15826,1293,0,0
2026-08-19 05:20:00,1.15826,1.15853,1.15811,1.15832,673,0,0
2026-08-19 05:25:00,1.15832,1.1583700000000001,1.1581299999999999,1.15821,586,0,0
2026-08-19 05:30:00,1.15821,1.1583,1.15807,1.1581299999999999,425,0,0
2026-08-19 05:35:00,1.1581299999999999,1.15841,1.1581299999999999,1.15831,424,0,0
2026-08-19 05:40:00,1.15831,1.1585,1.15823,1.15846,334,0,0
2026-08-19 05:45:00,1.15846,1.15872,1.15844,1.15848,488,0,0
2026-08-19 05:50:00,1.15848,1.15851,1.15808,1.1582,397,0,0
2026-08-19 05:55:00,1.15819,1.15824,1.15804,1.15824,478,0,0
2026-08-19 06:00:00,1.15824,1.15845,1.15821,1.15836,321,0,0
2026-08-19 06:05:00,1.15836,1.15836,1.15817,1.15826,222,0,0
2026-08-19 06:10:00,1.15826,1.15848,1.15824,1.15843,331,0,0
2026-08-19 06:15:00,1.15844,1.15849,1.15836,1.15838,240,0,0
2026-08-19 06:20:00,1.15838,1.15839,1.15831,1.15833,167,0,0
2026-08-19 06:25:00,1.15833,1.15842,1.15833,1.1583700000000001,304,0,0
2026-08-19 06:30:00,1.1583700000000001,1.15842,1.15821,1.15823,330,0,0
2026-08-19 06:35:00,1.15822,1.15827,1.1582,1.15822,212,0,0
2026-08-19 06:40:00,1.15822,1.15827,1.15816,1.15826,266,0,0
2026-08-19 06:45:00,1.15827,1.15834,1.15822,1.15831,232,0,0
2026-08-19 06:50:00,1.15831,1.15835,1.1582,1.15821,280,0,0
2026-08-19 06:55:00,1.1582,1.1582,1.1581,1.15812,312,0,0
2026-08-19 07:00:00,1.15812,1.15826,1.1581,1.15814,342,0,0
2026-08-19 07:05:00,1.15814,1.15815,1.1581,1.1581299999999999,277,0,0
2026-08-19 07:10:00,1.1581299999999999,1.1583700000000001,1.15808,1.15835,338,0,0
2026-08-19 07:15:00,1.15835,1.1583700000000001,1.1583,1.15836,244,0,0
2026-08-19 07:20:00,1.15836,1.15842,1.1583,1.15836,235,0,0
2026-08-19 07:25:00,1.15836,1.15838,1.1583,1.15833,299,0,0
2026-08-19 07:30:00,1.15833,1.15859,1.15833,1.1584699999999999,576,0,0
2026-08-19 07:35:00,1.1584699999999999,1.15853,1.15832,1.15833,280,0,0
2026-08-19 07:40:00,1.15833,1.15834,1.15821,1.15833,342,0,0
2026-08-19 07:45:00,1.15833,1.15848,1.15828,1.15843,311,0,0
2026-08-19 07:50:00,1.15843,1.15846,1.1583700000000001,1.15843,276,0,0
2026-08-19 07:55:00,1.15843,1.15868,1.1584,1.15857,521,0,0
2026-08-19 08:00:00,1.15857,1.15872,1.15856,1.15861,333,0,0
2026-08-19 08:05:00,1.15861,1.15861,1.15845,1.1584699999999999,301,0,0
2026-08-19 08:10:00,1.1584699999999999,1.1586400000000001,1.15846,1.15862,315,0,0
2026-08-19 08:15:00,1.15862,1.15876,1.15859,1.15868,290,0,0
2026-08-19 08:20:00,1.15869,1.1587399999999999,1.15863,1.15867,282,0,0
2026-08-19 08:25:00,1.15867,1.1587,1.15856,1.15863,212,0,0
2026-08-19 08:30:00,1.15863,1.15873,1.15853,1.15871,273,0,0
2026-08-19 08:35:00,1.15872,1.1587399999999999,1.15858,1.15869,271,0,0
2026-08-19 08:40:00,1.15869,1.15878,1.15861,1.15875,228,0,0
2026-08-19 08:45:00,1.15875,1.15884,1.15863,1.15879,267,0,0
2026-08-19 08:50:00,1.1588,1.15889,1.15871,1.15876,250,0,0
2026-08-19 08:55:00,1.15876,1.15894,1.15873,1.15885,240,0,0
2026-08-19 09:00:00,1.15885,1.15903,1.15877,1.15899,413,0,0
2026-08-19 09:05:00,1.15899,1.15909,1.15887,1.15907,521,0,0
2026-08-19 09:10:00,1.15907,1.15915,1.1589800000000001,1.1589800000000001,356,0,0
2026-08-19 09:15:00,1.1589800000000001,1.1595,1.15895,1.15948,525,0,0
2026-08-19 09:20:00,1.15948,1.15982,1.15942,1.15974,408,0,0
2026-08-19 09:25:00,1.15974,1.15987,1.1595900000000001,1.15978,504,0,0
2026-08-19 09:30:00,1.15978,1.15983,1.15946,1.15952,723,0,0
2026-08-19 09:35:00,1.15951,1.1596,1.15946,1.15955,553,0,0
2026-08-19 09:40:00,1.15955,1.15972,1.1595,1.1595900000000001,656,0,0
2026-08-19 09:45:00,1.1595900000000001,1.15968,1.15945,1.15967,590,0,0
2026-08-19 09:50:00,1.15967,1.15973,1.15951,1.15961,592,0,0
2026-08-19 09:55:00,1.15961,1.15963,1.15941,1.15945,831,0,0
2026-08-19 10:00:00,1.15945,1.15964,1.1594,1.15942,755,0,0
2026-08-19 10:05:00,1.15942,1.15957,1.1593,1.15938,624,0,0
2026-08-19 10:10:00,1.15938,1.15943,1.15918,1.15933,512,0,0
2026-08-19 10:15:00,1.15933,1.15942,1.15915,1.15934,387,0,0
2026-08-19 10:20:00,1.15934,1.15951,1.15929,1.15937,433,0,0
2026-08-19 10:25:00,1.15937,1.15948,1.15933,1.15947,351,0,0
2026-08-19 10:30:00,1.15947,1.15966,1.15944,1.15964,456,0,0
2026-08-19 10:35:00,1.15964,1.15973,1.1595900000000001,1.15967,415,0,0
2026-08-19 10:40:00,1.15967,1.1597,1.1593,1.1594,423,0,0
2026-08-19 10:45:00,1.15939,1.1595,1.15939,1.15946,349,0,0
2026-08-19 10:50:00,1.15946,1.15967,1.15937,1.15961,434,0,0
2026-08-19 10:55:00,1.15961,1.15977,1.15955,1.15965,469,0,0
2026-08-19 11:00:00,1.15965,1.15974,1.15955,1.15971,687,0,0
2026-08-19 11:05:00,1.15972,1.16011,1.15967,1.16008,677,0,0
2026-08-19 11:10:00,1.16008,1.16046,1.16008,1.16035,702,0,0
2026-08-19 11:15:00,1.16035,1.16054,1.16029,1.16035,540,0,0
2026-08-19 11:20:00,1.16036,1.16036,1.15994,1.16003,686,0,0
2026-08-19 11:25:00,1.16002,1.16004,1.15971,1.15984,542,0,0
2026-08-19 11:30:00,1.15984,1.15989,1.15966,1.15981,564,0,0
2026-08-19 11:35:00,1.15981,1.1598600000000001,1.1597,1.15978,386,0,0
2026-08-19 11:40:00,1.15978,1.16033,1.15976,1.16021,602,0,0
2026-08-19 11:45:00,1.16021,1.16032,1.16012,1.16023,476,0,0
2026-08-19 11:50:00,1.16024,1.16024,1.15999,1.16005,546,0,0
2026-08-19 11:55:00,1.16006,1.16007,1.1597,1.15981,542,0,0
2026-08-19 12:00:00,1.15981,1.16007,1.15964,1.16001,565,0,0
2026-08-19 12:05:00,1.16001,1.16002,1.1598600000000001,1.15987,438,0,0
2026-08-19 12:10:00,1.15987,1.16006,1.15981,1.1599599999999999,428,0,0
2026-08-19 12:15:00,1.1599599999999999,1.16016,1.15984,1.1601,505,0,0
2026-08-19 12:20:00,1.1601,1.16046,1.16,1.16042,461,0,0
2026-08-19 12:25:00,1.16041,1.16048,1.16025,1.16041,419,0,0
2026-08-19 12:30:00,1.16041,1.16052,1.16035,1.1605,411,0,0
2026-08-19 12:35:00,1.1605,1.16066,1.16038,1.16041,382,0,0
2026-08-19 12:40:00,1.1604,1.16056,1.16038,1.1605,307,0,0
2026-08-19 12:45:00,1.1605,1.16066,1.16044,1.16066,429,0,0
2026-08-19 12:50:00,1.16066,1.16082,1.16062,1.16066,331,0,0
2026-08-19 12:55:00,1.16066,1.16073,1.16056,1.16064,586,0,0
2026-08-19 13:00:00,1.16064,1.16066,1.16051,1.1605699999999999,545,0,0
2026-08-19 13:05:00,1.1605699999999999,1.16076,1.16052,1.1607,394,0,0
2026-08-19 13:10:00,1.1607,1.16105,1.16066,1.16096,421,0,0
2026-08-19 13:15:00,1.16096,1.1610800000000001,1.16085,1.16101,422,0,0
2026-08-19 13:20:00,1.16102,1.16115,1.16094,1.16105,373,0,0
2026-08-19 13:25:00,1.16105,1.16106,1.16084,1.16104,315,0,0
2026-08-19 13:30:00,1.16104,1.16109,1.16096,1.16106,379,0,0
2026-08-19 13:35:00,1.16106,1.1611,1.16094,1.16101,277,0,0
2026-08-19 13:40:00,1.16101,1.16115,1.16099,1.1611,380,0,0
2026-08-19 13:45:00,1.1611,1.16119,1.16104,1.16105,323,0,0
2026-08-19 13:50:00,1.16105,1.16106,1.16072,1.16073,513,0,0
2026-08-19 13:55:00,1.16074,1.16075,1.16056,1.16065,357,0,0
2026-08-19 14:00:00,1.16065,1.16086,1.16059,1.16061,376,0,0
2026-08-19 14:05:00,1.16061,1.16069,1.16032,1.16034,466,0,0
2026-08-19 14:10:00,1.16035,1.1606,1.16028,1.16056,525,0,0
2026-08-19 14:15:00,1.16056,1.16062,1.1605,1.16052,398,0,0
2026-08-19 14:20:00,1.16052,1.16062,1.16043,1.1606,335,0,0
2026-08-19 14:25:00,1.1606,1.16067,1.16044,1.1604700000000001,409,0,0
2026-08-19 14:30:00,1.1604700000000001,1.16062,1.16035,1.16061,401,0,0
2026-08-19 14:35:00,1.16061,1.16063,1.16016,1.16025,587,0,0
2026-08-19 14:40:00,1.16025,1.16029,1.15993,1.16008,518,0,0
2026-08-19 14:45:00,1.16007,1.16055,1.16006,1.1604700000000001,529,0,0
2026-08-19 14:50:00,1.16046,1.16053,1.16029,1.16042,500,0,0
2026-08-19 14:55:00,1.16042,1.1604700000000001,1.16022,1.16028,565,0,0
2026-08-19 15:00:00,1.16028,1.1604700000000001,1.16024,1.16032,701,0,0
2026-08-19 15:05:00,1.16032,1.1606,1.1602999999999999,1.16048,437,0,0
2026-08-19 15:10:00,1.16048,1.1605699999999999,1.16043,1.1605699999999999,507,0,0
2026-08-19 15:15:00,1.16056,1.1608,1.16055,1.16079,394,0,0
2026-08-19 15:20:00,1.16079,1.16101,1.16073,1.16084,741,0,0
2026-08-19 15:25:00,1.16084,1.1609099999999999,1.16055,1.16066,553,0,0
2026-08-19 15:30:00,1.16066,1.16199,1.16058,1.1619,2120,0,0
2026-08-19 15:35:00,1.1619,1.1629800000000001,1.1616,1.16251,2921,0,0
2026-08-19 15:40:00,1.16251,1.1629,1.16215,1.1629,2233,0,0
2026-08-19 15:45:00,1.1629,1.16381,1.16255,1.16377,2121,0,0
2026-08-19 15:50:00,1.16377,1.16409,1.16312,1.16408,2009,0,0
2026-08-19 15:55:00,1.16408,1.16435,1.16354,1.16357,1835,0,0
2026-08-19 16:00:00,1.16357,1.16429,1.16355,1.16416,1927,0,0
2026-08-19 16:05:00,1.16415,1.16471,1.16391,1.16469,1785,0,0
2026-08-19 16:10:00,1.16469,1.16502,1.16454,1.16485,1845,0,0
2026-08-19 16:15:00,1.16485,1.16494,1.16449,1.16483,1735,0,0
2026-08-19 16:20:00,1.16483,1.16501,1.16469,1.16471,1591,0,0
2026-08-19 16:25:00,1.16471,1.16527,1.16441,1.16526,1963,0,0
2026-08-19 16:30:00,1.16526,1.16591,1.16526,1.16544,1960,0,0
2026-08-19 16:35:00,1.16544,1.16564,1.1648,1.16559,2164,0,0
2026-08-19 16:40:00,1.16559,1.16571,1.16499,1.16555,1719,0,0
2026-08-19 16:45:00,1.16555,1.16571,1.1652,1.16524,1647,0,0
2026-08-19 16:50:00,1.16524,1.1658,1.16497,1.1658,2118,0,0
2026-08-19 16:55:00,1.1658,1.16596,1.16546,1.16564,2216,0,0
2026-08-19 17:00:00,1.16564,1.16594,1.16537,1.16585,2060,0,0
2026-08-19 17:05:00,1.16585,1.16601,1.16564,1.16587,1586,0,0
2026-08-19 17:10:00,1.16587,1.1668,1.16584,1.16641,1344,0,0
2026-08-19 17:15:00,1.16641,1.1668,1.16631,1.1667,1744,0,0
2026-08-19 17:20:00,1.1667,1.16689,1.16629,1.16649,1827,0,0
2026-08-19 17:25:00,1.16649,1.16721,1.16649,1.1672,1712,0,0
2026-08-19 17:30:00,1.1672,1.16751,1.16704,1.16709,1401,0,0
2026-08-19 17:35:00,1.16709,1.16772,1.16708,1.16768,1414,0,0
2026-08-19 17:40:00,1.16768,1.1677,1.16734,1.16765,1346,0,0
2026-08-19 17:45:00,1.16764,1.16765,1.16662,1.16669,1282,0,0
2026-08-19 17:50:00,1.16669,1.16685,1.16617,1.16617,1663,0,0
2026-08-19 17:55:00,1.16618,1.16665,1.16607,1.16633,1901,0,0
2026-08-19 18:00:00,1.16634,1.16649,1.1660300000000001,1.16635,1694,0,0
2026-08-19 18:05:00,1.16634,1.16657,1.16608,1.16609,1345,0,0
2026-08-19 18:10:00,1.16609,1.16646,1.16591,1.16643,1195,0,0
2026-08-19 18:15:00,1.16643,1.1666,1.16608,1.16617,1083,0,0
2026-08-19 18:20:00,1.16616,1.1663999999999999,1.1657,1.16574,1402,0,0
2026-08-19 18:25:00,1.16574,1.1661,1.16568,1.16602,1244,0,0
2026-08-19 18:30:00,1.16602,1.1663999999999999,1.16594,1.16636,846,0,0
2026-08-19 18:35:00,1.16637,1.16681,1.16634,1.16658,895,0,0
2026-08-19 18:40:00,1.16658,1.16676,1.16633,1.16673,977,0,0
2026-08-19 18:45:00,1.16673,1.1668,1.16637,1.16648,723,0,0
2026-08-19 18:50:00,1.16648,1.16649,1.1661,1.16617,914,0,0
2026-08-19 18:55:00,1.16617,1.16639,1.16609,1.16638,776,0,0
2026-08-19 19:00:00,1.16638,1.16666,1.16637,1.16662,1068,0,0
2026-08-19 19:05:00,1.16662,1.16698,1.16642,1.16697,895,0,0
2026-08-19 19:10:00,1.16697,1.16718,1.16686,1.16704,682,0,0
2026-08-19 19:15:00,1.16704,1.16717,1.16661,1.16668,737,0,0
2026-08-19 19:20:00,1.16668,1.1670099999999999,1.16663,1.16693,516,0,0
2026-08-19 19:25:00,1.16693,1.16709,1.16667,1.16676,838,0,0
2026-08-19 19:30:00,1.16676,1.16714,1.16672,1.16704,826,0,0
2026-08-19 19:35:00,1.16704,1.16707,1.16683,1.16693,518,0,0
2026-08-19 19:40:00,1.16693,1.167,1.16682,1.1669,553,0,0
2026-08-19 19:45:00,1.1669,1.16709,1.16683,1.16693,521,0,0
2026-08-19 19:50:00,1.16693,1.16718,1.16693,1.16711,529,0,0
2026-08-19 19:55:00,1.1671,1.16721,1.16682,1.16684,553,0,0
2026-08-19 20:00:00,1.16684,1.16723,1.16677,1.16679,1015,0,0
2026-08-19 20:05:00,1.16679,1.16687,1.16645,1.1666,968,0,0
2026-08-19 20:10:00,1.1666,1.1667,1.16638,1.16654,854,0,0
2026-08-19 20:15:00,1.16654,1.16655,1.16628,1.16637,619,0,0
2026-08-19 20:20:00,1.16638,1.16649,1.16632,1.16646,600,0,0
2026-08-19 20:25:00,1.16646,1.16646,1.16622,1.1663999999999999,496,0,0
2026-08-19 20:30:00,1.1663999999999999,1.16646,1.16614,1.16628,468,0,0
2026-08-19 20:35:00,1.16628,1.16631,1.16608,1.16612,413,0,0
2026-08-19 20:40:00,1.16612,1.1663999999999999,1.1661,1.16618,511,0,0
2026-08-19 20:45:00,1.16617,1.16622,1.16608,1.16609,544,0,0
2026-08-19 20:50:00,1.16609,1.16618,1.16593,1.16599,508,0,0
2026-08-19 20:55:00,1.16599,1.16609,1.16585,1.16591,456,0,0
2026-08-19 21:00:00,1.16591,1.1669100000000001,1.16587,1.1669,1435,0,0
2026-08-19 21:05:00,1.1669,1.16708,1.16646,1.16684,1617,0,0
2026-08-19 21:10:00,1.16684,1.16714,1.1668,1.16694,807,0,0
2026-08-19 21:15:00,1.16693,1.16697,1.16659,1.1668,689,0,0
2026-08-19 21:20:00,1.1668,1.1668,1.16619,1.16623,630,0,0
2026-08-19 21:25:00,1.16623,1.16623,1.16599,1.16611,756,0,0
2026-08-19 21:30:00,1.16611,1.16669,1.16608,1.1666400000000001,746,0,0
2026-08-19 21:35:00,1.1666400000000001,1.16699,1.1666400000000001,1.16697,683,0,0
2026-08-19 21:40:00,1.16696,1.16743,1.16696,1.1672,881,0,0
2026-08-19 21:45:00,1.1672,1.16736,1.16713,1.1673499999999999,633,0,0
2026-08-19 21:50:00,1.1673499999999999,1.16742,1.16715,1.16741,553,0,0
2026-08-19 21:55:00,1.16741,1.1675200000000001,1.1673,1.1673499999999999,773,0,0
2026-08-19 22:00:00,1.1673499999999999,1.16747,1.16704,1.16707,686,0,0
2026-08-19 22:05:00,1.16707,1.16768,1.16698,1.1676199999999999,704,0,0
2026-08-19 22:10:00,1.1676199999999999,1.16764,1.16729,1.1673499999999999,598,0,0
2026-08-19 22:15:00,1.1673499999999999,1.16761,1.16734,1.16753,583,0,0
2026-08-19 22:20:00,1.16751,1.1676,1.16745,1.16756,362,0,0
2026-08-19 22:25:00,1.16756,1.1678600000000001,1.16753,1.16778,522,0,0
2026-08-19 22:30:00,1.16778,1.16792,1.16771,1.16775,851,0,0
2026-08-19 22:35:00,1.16775,1.16776,1.16728,1.16745,935,0,0
2026-08-19 22:40:00,1.16745,1.16753,1.16731,1.1673499999999999,516,0,0
2026-08-19 22:45:00,1.1673499999999999,1.16741,1.16719,1.16737,472,0,0
2026-08-19 22:50:00,1.16737,1.16771,1.16734,1.1677,505,0,0
2026-08-19 22:55:00,1.1677,1.16779,1.16753,1.16772,703,0,0
2026-08-19 23:00:00,1.16772,1.16783,1.16767,1.16777,334,0,0
2026-08-19 23:05:00,1.16777,1.16779,1.16761,1.16773,181,0,0
2026-08-19 23:10:00,1.16774,1.16774,1.16756,1.16758,255,0,0
2026-08-19 23:15:00,1.16758,1.1676199999999999,1.16753,1.16756,124,0,0
2026-08-19 23:20:00,1.16756,1.16772,1.16756,1.16772,109,0,0
2026-08-19 23:25:00,1.16772,1.16777,1.16751,1.16754,172,0,0
2026-08-19 23:30:00,1.16754,1.16779,1.1675200000000001,1.16775,264,0,0
2026-08-19 23:35:00,1.16775,1.16782,1.1677,1.16781,193,0,0
2026-08-19 23:40:00,1.16781,1.16787,1.16778,1.16784,126,0,0
2026-08-19 23:45:00,1.16784,1.16791,1.16778,1.16791,86,0,0
2026-08-19 23:50:00,1.16791,1.16791,1.1678,1.16781,144,0,0
2026-08-19 23:55:00,1.16781,1.16783,1.1677,1.16771,252,0,0
2026-08-20 00:00:00,1.16771,1.16771,1.16743,1.1676199999999999,31,3,0
2026-08-20 00:05:00,1.1676199999999999,1.16771,1.1676199999999999,1.1676199999999999,10,0,0
2026-08-20 00:10:00,1.1676199999999999,1.16763,1.1676,1.1676,8,1,0
2026-08-20 00:15:00,1.1676,1.1676,1.16744,1.16758,9,0,0
2026-08-20 00:20:00,1.16758,1.16758,1.16758,1.16758,5,1,0
2026-08-20 00:25:00,1.16758,1.16758,1.16757,1.16758,7,0,0
2026-08-20 00:30:00,1.16758,1.16758,1.16757,1.16758,11,0,0
2026-08-20 00:35:00,1.16758,1.16758,1.16758,1.16758,5,1,0
2026-08-20 00:40:00,1.16758,1.16758,1.16751,1.16753,18,1,0
2026-08-20 00:45:00,1.16754,1.16769,1.16754,1.16767,36,1,0
2026-08-20 00:50:00,1.16767,1.16791,1.16767,1.16787,38,0,0
2026-08-20 00:55:00,1.16787,1.1679,1.16766,1.16766,27,0,0
2026-08-20 01:00:00,1.16766,1.16804,1.16764,1.16798,290,0,0
2026-08-20 01:05:00,1.16798,1.168,1.16793,1.16798,190,0,0
2026-08-20 01:10:00,1.16798,1.168,1.16778,1.1679,384,0,0
2026-08-20 01:15:00,1.1679,1.16793,1.16778,1.16778,210,0,0
2026-08-20 01:20:00,1.16778,1.16783,1.16776,1.16779,267,0,0
2026-08-20 01:25:00,1.16779,1.1678,1.16774,1.16777,293,0,0
2026-08-20 01:30:00,1.16777,1.16782,1.16763,1.16768,336,0,0
2026-08-20 01:35:00,1.16768,1.16775,1.16761,1.1677,207,0,0
2026-08-20 01:40:00,1.1677,1.16771,1.1676,1.16769,114,0,0
2026-08-20 01:45:00,1.16769,1.1677,1.1676,1.16763,116,0,0
2026-08-20 01:50:00,1.16763,1.16768,1.16756,1.16759,309,0,0
2026-08-20 01:55:00,1.16759,1.1676199999999999,1.16749,1.16751,296,0,0
2026-08-20 02:00:00,1.16751,1.16764,1.16742,1.16761,400,0,0
2026-08-20 02:05:00,1.16761,1.16775,1.1676,1.1676199999999999,272,0,0
2026-08-20 02:10:00,1.1676199999999999,1.16764,1.16753,1.16756,146,0,0
2026-08-20 02:15:00,1.16756,1.16759,1.16747,1.1675,88,0,0
2026-08-20 02:20:00,1.1675,1.16754,1.16744,1.16748,150,0,0
2026-08-20 02:25:00,1.16748,1.16751,1.16738,1.16746,137,0,0
2026-08-20 02:30:00,1.16746,1.16753,1.16736,1.16736,136,0,0
2026-08-20 02:35:00,1.16736,1.16749,1.1673499999999999,1.16747,173,0,0
2026-08-20 02:40:00,1.16747,1.16747,1.16729,1.1673,138,0,0
2026-08-20 02:45:00,1.1673,1.16741,1.16726,1.16734,199,0,0
2026-08-20 02:50:00,1.16734,1.1674,1.16732,1.16736,261,0,0
2026-08-20 02:55:00,1.16736,1.16743,1.16731,1.16743,326,0,0
2026-08-20 03:00:00,1.16743,1.16799,1.16743,1.16789,1019,0,0
2026-08-20 03:05:00,1.16789,1.16795,1.16745,1.16748,519,0,0
2026-08-20 03:10:00,1.16748,1.16776,1.16744,1.16771,354,0,0
2026-08-20 03:15:00,1.16771,1.16795,1.16766,1.16783,520,0,0
2026-08-20 03:20:00,1.16783,1.16784,1.1674,1.16745,433,0,0
2026-08-20 03:25:00,1.16745,1.16754,1.1674,1.1675,464,0,0
2026-08-20 03:30:00,1.1675,1.16775,1.16748,1.16759,473,0,0
2026-08-20 03:35:00,1.16759,1.16776,1.1675,1.1675200000000001,468,0,0
2026-08-20 03:40:00,1.16753,1.1676,1.16746,1.1675,489,0,0
2026-08-20 03:45:00,1.1675,1.1675,1.16726,1.16734,312,0,0
2026-08-20 03:50:00,1.16734,1.16741,1.16723,1.1674,546,0,0
2026-08-20 03:55:00,1.1674,1.16758,1.16734,1.16744,514,0,0
2026-08-20 04:00:00,1.16744,1.16749,1.16708,1.1671,809,0,0
2026-08-20 04:05:00,1.1671,1.16723,1.167,1.16717,810,0,0
2026-08-20 04:10:00,1.16717,1.16726,1.16702,1.16724,631,0,0
2026-08-20 04:15:00,1.16724,1.1676199999999999,1.16724,1.16759,776,0,0
2026-08-20 04:20:00,1.1676,1.16788,1.16759,1.16787,866,0,0
2026-08-20 04:25:00,1.16787,1.16801,1.16769,1.16792,379,0,0
2026-08-20 04:30:00,1.16793,1.16828,1.16747,1.16799,1289,0,0
2026-08-20 04:35:00,1.16799,1.16821,1.1679,1.16808,1050,0,0
2026-08-20 04:40:00,1.16808,1.16809,1.16781,1.16783,546,0,0
2026-08-20 04:45:00,1.16784,1.1679599999999999,1.1675,1.16751,786,0,0
2026-08-20 04:50:00,1.16751,1.16754,1.16736,1.16748,755,0,0
2026-08-20 04:55:00,1.16747,1.16765,1.16741,1.16764,854,0,0
2026-08-20 05:00:00,1.16765,1.16839,1.16754,1.16811,1062,0,0
2026-08-20 05:05:00,1.16811,1.16826,1.16779,1.16779,916,0,0
2026-08-20 05:10:00,1.16779,1.1678600000000001,1.16767,1.16772,591,0,0
2026-08-20 05:15:00,1.16772,1.16772,1.1674,1.16742,528,0,0
2026-08-20 05:20:00,1.16742,1.1676199999999999,1.16728,1.16757,515,0,0
2026-08-20 05:25:00,1.16757,1.1676199999999999,1.16749,1.16754,579,0,0
2026-08-20 05:30:00,1.16755,1.16764,1.16749,1.16756,588,0,0
2026-08-20 05:35:00,1.16756,1.16761,1.16742,1.16759,337,0,0
2026-08-20 05:40:00,1.1676,1.16783,1.16755,1.16761,398,0,0
2026-08-20 05:45:00,1.16761,1.1677,1.16753,1.16753,305,0,0
2026-08-20 05:50:00,1.16753,1.16758,1.16747,1.1675200000000001,384,0,0
2026-08-20 05:55:00,1.1675200000000001,1.16754,1.1674,1.1675,515,0,0
2026-08-20 06:00:00,1.16749,1.1676,1.16743,1.16748,510,0,0
2026-08-20 06:05:00,1.16748,1.16753,1.16742,1.16748,410,0,0
2026-08-20 06:10:00,1.16748,1.16789,1.16744,1.1678,524,0,0
2026-08-20 06:15:00,1.1678,1.16781,1.16756,1.16771,390,0,0
2026-08-20 06:20:00,1.16771,1.16802,1.1677,1.16798,352,0,0
2026-08-20 06:25:00,1.16798,1.16801,1.16768,1.1677,504,0,0
2026-08-20 06:30:00,1.1677,1.16785,1.16769,1.16778,485,0,0
2026-08-20 06:35:00,1.16778,1.16778,1.16754,1.16768,515,0,0
2026-08-20 06:40:00,1.16768,1.16783,1.16763,1.16779,311,0,0
2026-08-20 06:45:00,1.16779,1.16791,1.16777,1.16782,391,0,0
2026-08-20 06:50:00,1.16782,1.1679599999999999,1.16778,1.16795,307,0,0
2026-08-20 06:55:00,1.1679599999999999,1.16798,1.16789,1.16795,366,0,0
2026-08-20 07:00:00,1.16794,1.168,1.16791,1.16791,309,0,0
2026-08-20 07:05:00,1.16791,1.168,1.16783,1.16798,278,0,0
2026-08-20 07:10:00,1.16798,1.16803,1.16793,1.16793,324,0,0
2026-08-20 07:15:00,1.16794,1.16797,1.16782,1.1678600000000001,326,0,0
2026-08-20 07:20:00,1.1678600000000001,1.1679,1.16769,1.1677,293,0,0
2026-08-20 07:25:00,1.1677,1.16777,1.16766,1.16771,395,0,0
2026-08-20 07:30:00,1.16771,1.16777,1.16763,1.1677,204,0,0
2026-08-20 07:35:00,1.16769,1.16776,1.16761,1.16771,320,0,0
2026-08-20 07:40:00,1.16771,1.16775,1.16759,1.16759,374,0,0
2026-08-20 07:45:00,1.1676,1.16764,1.16756,1.16761,279,0,0
2026-08-20 07:50:00,1.16761,1.16769,1.16761,1.16763,156,0,0
2026-08-20 07:55:00,1.16763,1.16774,1.16717,1.16729,529,0,0
2026-08-20 08:00:00,1.16729,1.16754,1.16728,1.16751,429,0,0
2026-08-20 08:05:00,1.16751,1.16754,1.16742,1.16744,259,0,0
2026-08-20 08:10:00,1.16744,1.16747,1.16729,1.16739,429,0,0
2026-08-20 08:15:00,1.16739,1.16743,1.16723,1.16734,264,0,0
2026-08-20 08:20:00,1.16734,1.16751,1.16731,1.16746,323,0,0
2026-08-20 08:25:00,1.16746,1.16747,1.16713,1.16715,371,0,0
2026-08-20 08:30:00,1.16715,1.16736,1.1671,1.16719,531,0,0
2026-08-20 08:35:00,1.16719,1.1672500000000001,1.16711,1.16713,641,0,0
2026-08-20 08:40:00,1.16713,1.16718,1.16703,1.16707,472,0,0
2026-08-20 08:45:00,1.16707,1.16727,1.16702,1.16723,490,0,0
2026-08-20 08:50:00,1.16723,1.16728,1.16707,1.16711,419,0,0
2026-08-20 08:55:00,1.1671,1.16774,1.16709,1.16761,742,0,0
2026-08-20 09:00:00,1.16761,1.16778,1.16737,1.16743,702,0,0
2026-08-20 09:05:00,1.16743,1.16763,1.16733,1.1676,396,0,0
2026-08-20 09:10:00,1.1676,1.16803,1.16757,1.16793,827,0,0
2026-08-20 09:15:00,1.16793,1.168,1.16784,1.16788,567,0,0
2026-08-20 09:20:00,1.16788,1.1679,1.16768,1.16777,642,0,0
2026-08-20 09:25:00,1.16777,1.1678600000000001,1.16765,1.16771,576,0,0
2026-08-20 09:30:00,1.16771,1.16779,1.16761,1.16772,521,0,0
2026-08-20 09:35:00,1.16772,1.168,1.16771,1.16798,556,0,0
2026-08-20 09:40:00,1.16798,1.16802,1.16797,1.168,238,0,0
2026-08-20 09:45:00,1.168,1.16876,1.16798,1.1685,1054,0,0
2026-08-20 09:50:00,1.1685,1.16854,1.1683,1.1685,537,0,0
2026-08-20 09:55:00,1.1685,1.1688399999999999,1.16849,1.16879,693,0,0
2026-08-20 10:00:00,1.16879,1.16883,1.16818,1.16831,851,0,0
2026-08-20 10:05:00,1.16831,1.16838,1.16809,1.16815,987,0,0
2026-08-20 10:10:00,1.16815,1.16835,1.1681,1.16818,774,0,0
2026-08-20 10:15:00,1.16818,1.16833,1.16801,1.1682,764,0,0
2026-08-20 10:20:00,1.16821,1.16821,1.16788,1.16799,659,0,0
2026-08-20 10:25:00,1.16799,1.16803,1.16782,1.16797,737,0,0
2026-08-20 10:30:00,1.16797,1.16861,1.16797,1.16859,982,0,0
2026-08-20 10:35:00,1.16859,1.16881,1.16853,1.1688,682,0,0
2026-08-20 10:40:00,1.1688,1.1693500000000001,1.16875,1.16905,845,0,0
2026-08-20 10:45:00,1.16905,1.16913,1.16866,1.1687400000000001,623,0,0
2026-08-20 10:50:00,1.1687400000000001,1.16894,1.16858,1.16893,802,0,0
2026-08-20 10:55:00,1.16893,1.1693500000000001,1.16889,1.16926,991,0,0
2026-08-20 11:00:00,1.16927,1.16939,1.16907,1.16919,666,0,0
2026-08-20 11:05:00,1.16919,1.1694,1.16909,1.16938,767,0,0
2026-08-20 11:10:00,1.16938,1.1695,1.16934,1.1694499999999999,608,0,0
2026-08-20 11:15:00,1.1694499999999999,1.16948,1.16907,1.16915,593,0,0
2026-08-20 11:20:00,1.16915,1.16946,1.16915,1.1693500000000001,648,0,0
2026-08-20 11:25:00,1.1693500000000001,1.1694499999999999,1.169,1.16912,817,0,0
2026-08-20 11:30:00,1.16912,1.16914,1.16888,1.16912,966,0,0
2026-08-20 11:35:00,1.16912,1.16943,1.16906,1.1694,698,0,0
2026-08-20 11:40:00,1.16939,1.16997,1.16939,1.16975,737,0,0
2026-08-20 11:45:00,1.16976,1.16985,1.16948,1.16958,734,0,0
2026-08-20 11:50:00,1.16958,1.16995,1.16953,1.16985,728,0,0
2026-08-20 11:55:00,1.16986,1.16998,1.16965,1.16985,886,0,0
2026-08-20 12:00:00,1.16986,1.16994,1.16961,1.16964,679,0,0
2026-08-20 12:05:00,1.16965,1.16996,1.16955,1.16994,601,0,0
2026-08-20 12:10:00,1.16994,1.17048,1.16994,1.1703999999999999,764,0,0
2026-08-20 12:15:00,1.1703999999999999,1.17069,1.17036,1.17052,733,0,0
2026-08-20 12:20:00,1.17052,1.17097,1.17051,1.17061,880,0,0
2026-08-20 12:25:00,1.17061,1.17076,1.17048,1.17063,791,0,0
2026-08-20 12:30:00,1.17063,1.17074,1.17044,1.17044,820,0,0
2026-08-20 12:35:00,1.17045,1.17049,1.17012,1.17012,781,0,0
2026-08-20 12:40:00,1.17012,1.17059,1.17012,1.17046,669,0,0
2026-08-20 12:45:00,1.17046,1.17047,1.17007,1.17017,502,0,0
2026-08-20 12:50:00,1.17018,1.17073,1.17014,1.17071,773,0,0
2026-08-20 12:55:00,1.17071,1.1708,1.17051,1.17069,763,0,0
2026-08-20 13:00:00,1.1707,1.17075,1.1703999999999999,1.17066,700,0,0
2026-08-20 13:05:00,1.17066,1.17097,1.17059,1.17097,572,0,0
2026-08-20 13:10:00,1.17098,1.17106,1.17081,1.17081,657,0,0
2026-08-20 13:15:00,1.17081,1.171,1.17081,1.17088,564,0,0
2026-08-20 13:20:00,1.17088,1.1709,1.17049,1.17064,591,0,0
2026-08-20 13:25:00,1.17064,1.17095,1.17053,1.17089,651,0,0
2026-08-20 13:30:00,1.17089,1.1709,1.17069,1.17075,493,0,0
2026-08-20 13:35:00,1.17075,1.17089,1.1703999999999999,1.17042,714,0,0
2026-08-20 13:40:00,1.17042,1.17044,1.17023,1.17025,602,0,0
2026-08-20 13:45:00,1.17025,1.17028,1.16995,1.17007,709,0,0
2026-08-20 13:50:00,1.17007,1.17013,1.16946,1.16952,729,0,0
2026-08-20 13:55:00,1.16952,1.16975,1.16943,1.16971,722,0,0
2026-08-20 14:00:00,1.16971,1.16982,1.16952,1.16958,672,0,0
2026-08-20 14:05:00,1.16957,1.16958,1.16924,1.16928,689,0,0
2026-08-20 14:10:00,1.16928,1.16929,1.16903,1.16905,678,0,0
2026-08-20 14:15:00,1.16905,1.16912,1.16888,1.16907,547,0,0
2026-08-20 14:20:00,1.16907,1.1694,1.16901,1.16937,717,0,0
2026-08-20 14:25:00,1.16937,1.16968,1.16912,1.16913,683,0,0
2026-08-20 14:30:00,1.16913,1.16954,1.16901,1.16954,850,0,0
2026-08-20 14:35:00,1.16954,1.16958,1.16929,1.16941,876,0,0
2026-08-20 14:40:00,1.16941,1.16949,1.1687400000000001,1.16878,894,0,0
2026-08-20 14:45:00,1.16878,1.16882,1.16835,1.16865,1185,0,0
2026-08-20 14:50:00,1.16866,1.1687400000000001,1.16826,1.16843,876,0,0
2026-08-20 14:55:00,1.16843,1.1686,1.16827,1.16846,1116,0,0
2026-08-20 15:00:00,1.16846,1.16859,1.16817,1.16829,1442,0,0
2026-08-20 15:05:00,1.16829,1.16832,1.16778,1.16809,1555,0,0
2026-08-20 15:10:00,1.16809,1.16855,1.16809,1.16839,1487,0,0
2026-08-20 15:15:00,1.16839,1.16876,1.16834,1.16864,1243,0,0
2026-08-20 15:20:00,1.16864,1.16901,1.16858,1.16882,1108,0,0
2026-08-20 15:25:00,1.16882,1.16888,1.16854,1.16864,713,0,0
2026-08-20 15:30:00,1.16866,1.16878,1.16788,1.16792,1098,0,0
2026-08-20 15:35:00,1.16792,1.16843,1.16791,1.16833,1453,0,0
2026-08-20 15:40:00,1.16833,1.16888,1.16818,1.16883,1240,0,0
2026-08-20 15:45:00,1.16883,1.16891,1.1685,1.16885,934,0,0
2026-08-20 15:50:00,1.16885,1.16896,1.16846,1.1684700000000001,938,0,0
2026-08-20 15:55:00,1.1684700000000001,1.16903,1.1684700000000001,1.16886,1103,0,0
2026-08-20 16:00:00,1.16886,1.16947,1.16886,1.16924,1344,0,0
2026-08-20 16:05:00,1.16924,1.16942,1.16902,1.16912,1181,0,0
2026-08-20 16:10:00,1.16912,1.1693,1.16867,1.16876,1227,0,0
2026-08-20 16:15:00,1.16876,1.16901,1.16863,1.16893,1176,0,0
2026-08-20 16:20:00,1.16894,1.1690800000000001,1.16863,1.1688,1032,0,0
2026-08-20 16:25:00,1.1688,1.1688,1.16843,1.16869,1199,0,0
2026-08-20 16:30:00,1.1687,1.16886,1.16825,1.16833,1745,0,0
2026-08-20 16:35:00,1.16834,1.16875,1.16834,1.16836,1471,0,0
2026-08-20 16:40:00,1.16836,1.16839,1.16815,1.16829,1151,0,0
2026-08-20 16:45:00,1.16829,1.16837,1.16758,1.16759,1467,0,0
2026-08-20 16:50:00,1.16759,1.16805,1.16759,1.16787,1166,0,0
2026-08-20 16:55:00,1.16787,1.1681,1.16749,1.16753,1285,0,0
2026-08-20 17:00:00,1.16753,1.16795,1.16746,1.16754,1501,0,0
2026-08-20 17:05:00,1.16754,1.16759,1.1674,1.16743,1158,0,0
2026-08-20 17:10:00,1.16743,1.16758,1.1672,1.16721,1113,0,0
2026-08-20 17:15:00,1.16721,1.1675,1.16708,1.16748,1261,0,0
2026-08-20 17:20:00,1.16749,1.16809,1.16747,1.1678600000000001,1140,0,0
2026-08-20 17:25:00,1.16785,1.16799,1.16751,1.16788,1117,0,0
2026-08-20 17:30:00,1.16788,1.16817,1.16788,1.16816,952,0,0
2026-08-20 17:35:00,1.16816,1.16827,1.16804,1.16811,1050,0,0
2026-08-20 17:40:00,1.16811,1.16824,1.16798,1.16816,820,0,0
2026-08-20 17:45:00,1.16816,1.16849,1.16814,1.16846,897,0,0
2026-08-20 17:50:00,1.16846,1.16852,1.1682299999999999,1.1684,1182,0,0
2026-08-20 17:55:00,1.1684,1.16842,1.16803,1.16829,1691,0,0
2026-08-20 18:00:00,1.16829,1.16938,1.168,1.16895,3431,0,0
2026-08-20 18:05:00,1.16895,1.16896,1.16775,1.16805,2515,0,0
2026-08-20 18:10:00,1.16805,1.16849,1.16783,1.16837,1886,0,0
2026-08-20 18:15:00,1.16837,1.16844,1.1681,1.16828,1489,0,0
2026-08-20 18:20:00,1.16829,1.1684700000000001,1.16777,1.16789,1453,0,0
2026-08-20 18:25:00,1.16789,1.16843,1.16764,1.16843,1301,0,0
2026-08-20 18:30:00,1.16843,1.16854,1.1679599999999999,1.16797,1276,0,0
2026-08-20 18:35:00,1.16797,1.16811,1.1677,1.16779,1070,0,0
2026-08-20 18:40:00,1.16779,1.16795,1.16723,1.16734,1197,0,0
2026-08-20 18:45:00,1.16733,1.16779,1.16723,1.16759,1329,0,0
2026-08-20 18:50:00,1.16759,1.16781,1.16748,1.16768,1107,0,0
2026-08-20 18:55:00,1.16768,1.168,1.16768,1.1679,937,0,0
2026-08-20 19:00:00,1.16789,1.16801,1.16778,1.16788,1302,0,0
2026-08-20 19:05:00,1.16788,1.16794,1.16758,1.16781,710,0,0
2026-08-20 19:10:00,1.16781,1.16792,1.16739,1.16745,651,0,0
2026-08-20 19:15:00,1.16745,1.16767,1.1673,1.1676,682,0,0
2026-08-20 19:20:00,1.1676,1.16761,1.1674,1.16756,778,0,0
2026-08-20 19:25:00,1.16756,1.16761,1.16723,1.16726,842,0,0
2026-08-20 19:30:00,1.16726,1.16729,1.16696,1.1672,932,0,0
2026-08-20 19:35:00,1.1672,1.16732,1.16692,1.16702,716,0,0
2026-08-20 19:40:00,1.16702,1.16722,1.16697,1.16703,739,0,0
2026-08-20 19:45:00,1.16703,1.16733,1.167,1.1673,867,0,0
2026-08-20 19:50:00,1.1673,1.1673499999999999,1.16702,1.16708,455,0,0
2026-08-20 19:55:00,1.16708,1.16744,1.16706,1.16732,875,0,0
2026-08-20 20:00:00,1.16732,1.16751,1.16727,1.16744,773,0,0
2026-08-20 20:05:00,1.16744,1.16747,1.16714,1.16723,537,0,0
2026-08-20 20:10:00,1.16723,1.16723,1.16705,1.16713,486,0,0
2026-08-20 20:15:00,1.16713,1.16723,1.16705,1.16709,680,0,0
2026-08-20 20:20:00,1.16709,1.16719,1.167,1.16713,488,0,0
2026-08-20 20:25:00,1.16713,1.16736,1.16712,1.1673499999999999,409,0,0
2026-08-20 20:30:00,1.1673499999999999,1.16742,1.16715,1.1673,515,0,0
2026-08-20 20:35:00,1.1673,1.16738,1.16717,1.16718,519,0,0
2026-08-20 20:40:00,1.16718,1.16726,1.16705,1.16723,388,0,0
2026-08-20 20:45:00,1.16722,1.1673499999999999,1.16718,1.1673,387,0,0
2026-08-20 20:50:00,1.1673,1.1674,1.16728,1.16738,320,0,0
2026-08-20 20:55:00,1.16738,1.16746,1.16724,1.16744,376,0,0
2026-08-20 21:00:00,1.16744,1.16753,1.16729,1.16748,621,0,0
2026-08-20 21:05:00,1.16748,1.16759,1.16729,1.16736,489,0,0
2026-08-20 21:10:00,1.16736,1.1674,1.16716,1.1672500000000001,666,0,0
2026-08-20 21:15:00,1.1672500000000001,1.16726,1.16707,1.1672500000000001,540,0,0
2026-08-20 21:20:00,1.1672500000000001,1.16732,1.16721,1.16721,312,0,0
2026-08-20 21:25:00,1.16721,1.16731,1.16713,1.16721,333,0,0
2026-08-20 21:30:00,1.16721,1.16736,1.1672,1.16734,283,0,0
2026-08-20 21:35:00,1.16734,1.16747,1.16733,1.16739,312,0,0
2026-08-20 21:40:00,1.16739,1.16749,1.16734,1.16737,377,0,0
2026-08-20 21:45:00,1.16737,1.16753,1.1673499999999999,1.1675,298,0,0
2026-08-20 21:50:00,1.1675,1.1676199999999999,1.16741,1.1676,283,0,0
2026-08-20 21:55:00,1.1676,1.16765,1.16749,1.1676,555,0,0
2026-08-20 22:00:00,1.1676,1.16761,1.16732,1.16738,468,0,0
2026-08-20 22:05:00,1.16738,1.16746,1.16737,1.16743,400,0,0
2026-08-20 22:10:00,1.16742,1.16765,1.16739,1.16764,409,0,0
2026-08-20 22:15:00,1.16764,1.16769,1.16756,1.16768,308,0,0
