time,open,high,low,close,tick_volume,spread,real_volume
2026-07-22 19:45:00,1.33703,1.33708,1.33685,1.3370199999999999,982,0,0
2026-07-22 19:50:00,1.33703,1.33708,1.33685,1.3369900000000001,1207,0,0
2026-07-22 19:55:00,1.3369900000000001,1.33742,1.33698,1.3373,1164,0,0
2026-07-22 20:00:00,1.3373,1.33744,1.33711,1.33728,1164,0,0
2026-07-22 20:05:00,1.3372899999999999,1.33735,1.33709,1.3372,839,0,0
2026-07-22 20:10:00,1.3372,1.33732,1.33708,1.33709,1062,0,0
2026-07-22 20:15:00,1.33708,1.33725,1.33704,1.33712,1301,0,0
2026-07-22 20:20:00,1.33711,1.3372899999999999,1.33707,1.33716,1116,0,0
2026-07-22 20:25:00,1.33716,1.33739,1.33711,1.33728,869,0,0
2026-07-22 20:30:00,1.33728,1.3373,1.33708,1.33713,998,0,0
2026-07-22 20:35:00,1.33714,1.33715,1.33688,1.33694,1157,0,0
2026-07-22 20:40:00,1.33694,1.33714,1.33686,1.3371,927,0,0
2026-07-22 20:45:00,1.3371,1.3372,1.33704,1.33715,690,0,0
2026-07-22 20:50:00,1.33715,1.3373300000000001,1.33713,1.33713,986,0,0
2026-07-22 20:55:00,1.33712,1.33719,1.33697,1.33715,1038,0,0
2026-07-22 21:00:00,1.33715,1.3373,1.33705,1.33708,1232,0,0
2026-07-22 21:05:00,1.33708,1.33715,1.33692,1.33694,946,0,0
2026-07-22 21:10:00,1.33694,1.33704,1.33686,1.33698,711,0,0
2026-07-22 21:15:00,1.33698,1.33713,1.33694,1.33709,785,0,0
2026-07-22 21:20:00,1.33709,1.33725,1.3370600000000001,1.33718,843,0,0
2026-07-22 21:25:00,1.33718,1.3373,1.33714,1.33728,892,0,0
2026-07-22 21:30:00,1.33728,1.33728,1.3370600000000001,1.33719,1243,0,0
2026-07-22 21:35:00,1.33719,1.33732,1.33716,1.3373,1115,0,0
2026-07-22 21:40:00,1.3373,1.3373300000000001,1.33715,1.33723,1095,0,0
2026-07-22 21:45:00,1.33723,1.33757,1.33722,1.33753,778,0,0
2026-07-22 21:50:00,1.33753,1.33754,1.33732,1.33744,899,0,0
2026-07-22 21:55:00,1.33743,1.3375,1.33731,1.33737,1139,0,0
2026-07-22 22:00:00,1.33737,1.33745,1.33723,1.33737,1061,0,0
2026-07-22 22:05:00,1.33737,1.33747,1.33728,1.3372899999999999,731,0,0
2026-07-22 22:10:00,1.3372899999999999,1.33732,1.3371,1.33711,538,0,0
2026-07-22 22:15:00,1.33711,1.33722,1.33707,1.33717,829,0,0
2026-07-22 22:20:00,1.33717,1.3373300000000001,1.33712,1.33727,775,0,0
2026-07-22 22:25:00,1.3372600000000001,1.33728,1.33717,1.33725,639,0,0
2026-07-22 22:30:00,1.33725,1.3372600000000001,1.33711,1.3372,710,0,0
2026-07-22 22:35:00,1.33719,1.3372899999999999,1.33717,1.33724,649,0,0
2026-07-22 22:40:00,1.33722,1.33732,1.3372,1.3372600000000001,506,0,0
2026-07-22 22:45:00,1.3372600000000001,1.3373599999999999,1.33718,1.33721,734,0,0
2026-07-22 22:50:00,1.33721,1.33724,1.33703,1.33711,765,0,0
2026-07-22 22:55:00,1.33711,1.3374,1.33707,1.33735,1357,0,0
2026-07-22 23:00:00,1.33735,1.33759,1.33732,1.33735,1603,0,0
2026-07-22 23:05:00,1.33735,1.33769,1.33728,1.33768,930,0,0
2026-07-22 23:10:00,1.33768,1.33772,1.33754,1.33761,452,0,0
2026-07-22 23:15:00,1.33761,1.33768,1.33757,1.33761,509,0,0
2026-07-22 23:20:00,1.33761,1.3376700000000001,1.33757,1.33761,291,0,0
2026-07-22 23:25:00,1.33761,1.33769,1.3376000000000001,1.33761,221,0,0
2026-07-22 23:30:00,1.3376000000000001,1.33762,1.33741,1.33744,240,0,0
2026-07-22 23:35:00,1.33744,1.33755,1.33742,1.33751,392,0,0
2026-07-22 23:40:00,1.33751,1.33764,1.33751,1.33757,704,0,0
2026-07-22 23:45:00,1.33757,1.33761,1.33746,1.33751,426,0,0
2026-07-22 23:50:00,1.33751,1.33758,1.33745,1.33758,549,0,0
2026-07-22 23:55:00,1.33757,1.33764,1.33744,1.33744,547,0,0
2026-07-23 00:00:00,1.33744,1.33784,1.3367200000000001,1.33782,24,0,0
2026-07-23 00:05:00,1.33782,1.33789,1.33741,1.3378700000000001,14,0,0
2026-07-23 00:10:00,1.3378700000000001,1.3378700000000001,1.33721,1.3373,58,0,0
2026-07-23 00:15:00,1.3373,1.33791,1.33712,1.33755,275,0,0
2026-07-23 00:20:00,1.33755,1.33766,1.33741,1.33753,51,11,0
2026-07-23 00:25:00,1.33753,1.33756,1.33717,1.33724,49,11,0
2026-07-23 00:30:00,1.33724,1.33743,1.33724,1.3373,101,0,0
2026-07-23 00:35:00,1.3373,1.33755,1.3372600000000001,1.33735,97,0,0
2026-07-23 00:40:00,1.33735,1.33746,1.3370600000000001,1.33738,42,11,0
2026-07-23 00:45:00,1.33738,1.33753,1.33723,1.33745,313,2,0
2026-07-23 00:50:00,1.33745,1.33764,1.33738,1.33744,145,0,0
2026-07-23 00:55:00,1.33744,1.33757,1.33696,1.33731,307,3,0
2026-07-23 01:00:00,1.33731,1.33759,1.3369900000000001,1.33703,282,0,0
2026-07-23 01:05:00,1.33703,1.33712,1.337,1.33701,103,0,0
2026-07-23 01:10:00,1.33701,1.33703,1.3369,1.33693,227,0,0
2026-07-23 01:15:00,1.33693,1.33703,1.33684,1.33693,254,0,0
2026-07-23 01:20:00,1.33693,1.33697,1.33692,1.33695,250,0,0
2026-07-23 01:25:00,1.33695,1.33705,1.33693,1.33696,236,0,0
2026-07-23 01:30:00,1.33696,1.337,1.33693,1.33694,279,0,0
2026-07-23 01:35:00,1.33694,1.33701,1.33682,1.33683,367,0,0
2026-07-23 01:40:00,1.33683,1.33686,1.33674,1.33683,372,0,0
2026-07-23 01:45:00,1.33683,1.3369,1.3368,1.33688,277,0,0
2026-07-23 01:50:00,1.33688,1.33705,1.33685,1.3370199999999999,457,0,0
2026-07-23 01:55:00,1.3370199999999999,1.3370600000000001,1.33695,1.33701,521,0,0
2026-07-23 02:00:00,1.33701,1.33717,1.33701,1.33712,522,0,0
2026-07-23 02:05:00,1.33712,1.33718,1.33707,1.33712,428,0,0
2026-07-23 02:10:00,1.33712,1.33728,1.3371,1.33724,358,0,0
2026-07-23 02:15:00,1.33724,1.33732,1.33721,1.3372899999999999,366,0,0
2026-07-23 02:20:00,1.3372899999999999,1.33734,1.33722,1.33724,287,0,0
2026-07-23 02:25:00,1.33724,1.33728,1.33722,1.3372600000000001,312,0,0
2026-07-23 02:30:00,1.33725,1.33746,1.33724,1.33742,305,0,0
2026-07-23 02:35:00,1.33742,1.33746,1.33735,1.3373599999999999,227,0,0
2026-07-23 02:40:00,1.3373599999999999,1.33747,1.33732,1.33739,354,0,0
2026-07-23 02:45:00,1.33739,1.33747,1.3373,1.33741,313,0,0
2026-07-23 02:50:00,1.33741,1.33743,1.33732,1.33738,526,0,0
2026-07-23 02:55:00,1.33738,1.3376000000000001,1.3373300000000001,1.3375,990,0,0
2026-07-23 03:00:00,1.3375,1.33778,1.33745,1.33769,2340,0,0
2026-07-23 03:05:00,1.33769,1.33771,1.3375,1.33756,1349,0,0
2026-07-23 03:10:00,1.33756,1.33758,1.33735,1.33743,1007,0,0
2026-07-23 03:15:00,1.33742,1.33752,1.33731,1.33746,1269,0,0
2026-07-23 03:20:00,1.33746,1.33765,1.33738,1.3376299999999999,1325,0,0
2026-07-23 03:25:00,1.3376299999999999,1.33772,1.33743,1.33746,1282,0,0
2026-07-23 03:30:00,1.33746,1.33757,1.33744,1.33751,741,0,0
2026-07-23 03:35:00,1.33751,1.33765,1.33751,1.33759,794,0,0
2026-07-23 03:40:00,1.33759,1.33774,1.33753,1.33768,868,0,0
2026-07-23 03:45:00,1.33768,1.33772,1.33744,1.3375,1258,0,0
2026-07-23 03:50:00,1.3375,1.3377,1.3374,1.33769,1385,0,0
2026-07-23 03:55:00,1.33768,1.33819,1.33761,1.33812,1499,0,0
2026-07-23 04:00:00,1.33812,1.33839,1.33811,1.33818,2014,0,0
2026-07-23 04:05:00,1.33819,1.33833,1.33811,1.33829,1598,0,0
2026-07-23 04:10:00,1.33829,1.33833,1.3381,1.33815,1474,0,0
2026-07-23 04:15:00,1.33815,1.33825,1.33805,1.33809,1533,0,0
2026-07-23 04:20:00,1.33809,1.33819,1.33801,1.3381,1395,0,0
2026-07-23 04:25:00,1.3381,1.33822,1.33804,1.33806,1128,0,0
2026-07-23 04:30:00,1.33806,1.33841,1.33803,1.3384,2253,0,0
2026-07-23 04:35:00,1.3384,1.33847,1.33825,1.3383,2075,0,0
2026-07-23 04:40:00,1.3383,1.33863,1.33827,1.33829,2020,0,0
2026-07-23 04:45:00,1.33829,1.33833,1.338,1.33818,1916,0,0
2026-07-23 04:50:00,1.33818,1.33832,1.33809,1.3382399999999999,1786,0,0
2026-07-23 04:55:00,1.3382399999999999,1.33834,1.33812,1.33816,1782,0,0
2026-07-23 05:00:00,1.33816,1.33844,1.33813,1.33844,1522,0,0
2026-07-23 05:05:00,1.33844,1.3385799999999999,1.33833,1.33846,1189,0,0
2026-07-23 05:10:00,1.33846,1.3384800000000001,1.3383099999999999,1.33843,1137,0,0
2026-07-23 05:15:00,1.33843,1.33846,1.3383099999999999,1.3383099999999999,1139,0,0
2026-07-23 05:20:00,1.3383099999999999,1.3386,1.3383099999999999,1.33852,1241,0,0
2026-07-23 05:25:00,1.33852,1.33853,1.3383,1.33839,1211,0,0
2026-07-23 05:30:00,1.33839,1.33875,1.33837,1.33865,1542,0,0
2026-07-23 05:35:00,1.33865,1.3388,1.3385,1.33856,1527,0,0
2026-07-23 05:40:00,1.33856,1.33879,1.3385099999999999,1.33877,1403,0,0
2026-07-23 05:45:00,1.33877,1.3388900000000001,1.33871,1.33873,1222,0,0
2026-07-23 05:50:00,1.33873,1.33891,1.33871,1.3388200000000001,1060,0,0
2026-07-23 05:55:00,1.3388200000000001,1.33903,1.3388200000000001,1.33897,888,0,0
2026-07-23 06:00:00,1.33897,1.33917,1.3388200000000001,1.33886,1022,0,0
2026-07-23 06:05:00,1.33886,1.33888,1.3387,1.33884,1281,0,0
2026-07-23 06:10:00,1.33884,1.33888,1.33841,1.33841,1486,0,0
2026-07-23 06:15:00,1.33841,1.33874,1.33833,1.33872,1634,0,0
2026-07-23 06:20:00,1.33872,1.33895,1.3387,1.3389199999999999,1546,0,0
2026-07-23 06:25:00,1.3389199999999999,1.33901,1.33884,1.33897,1355,0,0
2026-07-23 06:30:00,1.33897,1.33907,1.33887,1.33902,1213,0,0
2026-07-23 06:35:00,1.33902,1.33908,1.33896,1.33902,994,0,0
2026-07-23 06:40:00,1.33902,1.33908,1.33893,1.33902,1105,0,0
2026-07-23 06:45:00,1.33902,1.33911,1.33881,1.3389199999999999,1387,0,0
2026-07-23 06:50:00,1.3389199999999999,1.33903,1.33887,1.33894,1361,0,0
2026-07-23 06:55:00,1.33894,1.339,1.33881,1.3388499999999999,1473,0,0
2026-07-23 07:00:00,1.3388499999999999,1.33893,1.33877,1.33881,1621,0,0
2026-07-23 07:05:00,1.33881,1.33932,1.33878,1.33925,1649,0,0
2026-07-23 07:10:00,1.33925,1.33934,1.33915,1.33922,1476,0,0
2026-07-23 07:15:00,1.33922,1.33926,1.33868,1.3387,1463,0,0
2026-07-23 07:20:00,1.33872,1.33886,1.33871,1.33881,887,0,0
2026-07-23 07:25:00,1.33881,1.33903,1.3388,1.33899,1343,0,0
2026-07-23 07:30:00,1.33899,1.3391,1.3389199999999999,1.33904,1117,0,0
2026-07-23 07:35:00,1.33906,1.33911,1.33898,1.339,1040,0,0
2026-07-23 07:40:00,1.339,1.33902,1.33877,1.33879,670,0,0
2026-07-23 07:45:00,1.33879,1.33895,1.33871,1.33874,858,0,0
2026-07-23 07:50:00,1.33874,1.33878,1.33861,1.33867,898,0,0
2026-07-23 07:55:00,1.33867,1.33873,1.33844,1.33869,1246,0,0
2026-07-23 08:00:00,1.33869,1.33881,1.33859,1.33866,1516,0,0
2026-07-23 08:05:00,1.33866,1.33881,1.3386,1.33871,1085,0,0
2026-07-23 08:10:00,1.33871,1.33877,1.33853,1.33854,920,0,0
2026-07-23 08:15:00,1.33854,1.33857,1.3382399999999999,1.3383099999999999,1135,0,0
2026-07-23 08:20:00,1.3383099999999999,1.33843,1.3382,1.3383099999999999,1218,0,0
2026-07-23 08:25:00,1.3383099999999999,1.3385500000000001,1.33827,1.3385500000000001,1131,0,0
2026-07-23 08:30:00,1.3385500000000001,1.33867,1.3384800000000001,1.33861,1202,0,0
2026-07-23 08:35:00,1.33861,1.33875,1.3385,1.33863,1271,0,0
2026-07-23 08:40:00,1.33863,1.33872,1.3385500000000001,1.33867,988,0,0
2026-07-23 08:45:00,1.33867,1.33875,1.3386,1.33861,1005,0,0
2026-07-23 08:50:00,1.3386,1.33867,1.33857,1.33861,767,0,0
2026-07-23 08:55:00,1.33861,1.33881,1.33856,1.33859,1395,0,0
2026-07-23 09:00:00,1.33859,1.3391199999999999,1.3385,1.33893,2238,0,0
2026-07-23 09:05:00,1.33893,1.33902,1.33877,1.3388,1338,0,0
2026-07-23 09:10:00,1.3388,1.33897,1.33869,1.33894,1400,0,0
2026-07-23 09:15:00,1.33894,1.33905,1.33863,1.33868,2402,0,0
2026-07-23 09:20:00,1.33867,1.3388200000000001,1.33864,1.3388,1539,0,0
2026-07-23 09:25:00,1.3388,1.33883,1.33856,1.33875,1907,0,0
2026-07-23 09:30:00,1.33875,1.33877,1.33827,1.33832,1261,0,0
2026-07-23 09:35:00,1.33832,1.33835,1.33799,1.33802,824,0,0
2026-07-23 09:40:00,1.33802,1.33806,1.33753,1.338,1363,0,0
2026-07-23 09:45:00,1.338,1.33814,1.33789,1.33804,940,0,0
2026-07-23 09:50:00,1.33804,1.33816,1.3378,1.33783,1447,0,0
2026-07-23 09:55:00,1.33783,1.33785,1.33756,1.3377,1594,0,0
2026-07-23 10:00:00,1.3377,1.33777,1.33716,1.33718,2936,0,0
2026-07-23 10:05:00,1.33718,1.33755,1.33717,1.33743,1845,0,0
2026-07-23 10:10:00,1.33743,1.33766,1.33717,1.33762,1966,0,0
2026-07-23 10:15:00,1.33762,1.33774,1.33742,1.3376700000000001,1574,0,0
2026-07-23 10:20:00,1.3376700000000001,1.33803,1.33762,1.33775,1096,0,0
2026-07-23 10:25:00,1.33775,1.3379699999999999,1.3376000000000001,1.33762,1287,0,0
2026-07-23 10:30:00,1.33762,1.33793,1.33753,1.33781,1312,0,0
2026-07-23 10:35:00,1.33781,1.33786,1.33751,1.33753,1319,0,0
2026-07-23 10:40:00,1.33753,1.33765,1.33711,1.3372600000000001,1440,0,0
2026-07-23 10:45:00,1.3372600000000001,1.33732,1.33669,1.33713,1778,0,0
2026-07-23 10:50:00,1.33713,1.33727,1.3369,1.33692,1429,0,0
2026-07-23 10:55:00,1.33692,1.33737,1.33681,1.33735,2274,0,0
2026-07-23 11:00:00,1.33735,1.33746,1.33705,1.33711,1859,0,0
2026-07-23 11:05:00,1.33712,1.33762,1.33709,1.33759,1246,0,0
2026-07-23 11:10:00,1.33759,1.3376700000000001,1.33722,1.33725,1143,0,0
2026-07-23 11:15:00,1.33724,1.33727,1.3367200000000001,1.33694,1683,0,0
2026-07-23 11:20:00,1.33694,1.33713,1.33661,1.33669,1630,0,0
2026-07-23 11:25:00,1.33669,1.33678,1.33652,1.3366500000000001,1091,0,0
2026-07-23 11:30:00,1.3366500000000001,1.33667,1.33621,1.3364,1579,0,0
2026-07-23 11:35:00,1.3364,1.33683,1.3364,1.33658,1439,0,0
2026-07-23 11:40:00,1.33658,1.33658,1.33609,1.3363800000000001,1701,0,0
2026-07-23 11:45:00,1.3363800000000001,1.33669,1.33636,1.33653,1515,0,0
2026-07-23 11:50:00,1.33654,1.3370199999999999,1.33651,1.33696,1241,0,0
2026-07-23 11:55:00,1.33696,1.33703,1.33683,1.33687,1344,0,0
2026-07-23 12:00:00,1.33686,1.3374,1.33673,1.33737,1517,0,0
2026-07-23 12:05:00,1.33737,1.33741,1.33696,1.33712,1180,0,0
2026-07-23 12:10:00,1.33712,1.33718,1.33671,1.3367200000000001,987,0,0
2026-07-23 12:15:00,1.3367200000000001,1.33714,1.3367,1.33703,885,0,0
2026-07-23 12:20:00,1.33703,1.33709,1.33681,1.33693,1107,0,0
2026-07-23 12:25:00,1.33693,1.33697,1.33667,1.33677,1142,0,0
2026-07-23 12:30:00,1.33677,1.33708,1.33661,1.33705,1084,0,0
2026-07-23 12:35:00,1.33704,1.33758,1.33703,1.33748,1175,0,0
2026-07-23 12:40:00,1.33748,1.33776,1.33735,1.33762,1132,0,0
2026-07-23 12:45:00,1.33762,1.3377,1.33735,1.33743,832,0,0
2026-07-23 12:50:00,1.33743,1.33751,1.3373,1.33745,1080,0,0
2026-07-23 12:55:00,1.33745,1.33755,1.33707,1.33722,1750,0,0
2026-07-23 13:00:00,1.33722,1.33734,1.33705,1.33723,1623,0,0
2026-07-23 13:05:00,1.33723,1.3373,1.3367499999999999,1.33686,1545,0,0
2026-07-23 13:10:00,1.33686,1.33707,1.3367499999999999,1.33704,1252,0,0
2026-07-23 13:15:00,1.33704,1.33717,1.33686,1.33686,880,0,0
2026-07-23 13:20:00,1.33686,1.33698,1.33666,1.33688,1242,0,0
2026-07-23 13:25:00,1.33688,1.33698,1.3367499999999999,1.33688,1026,0,0
2026-07-23 13:30:00,1.33688,1.33714,1.33684,1.33694,1500,0,0
2026-07-23 13:35:00,1.33694,1.3370199999999999,1.33664,1.33676,1383,0,0
2026-07-23 13:40:00,1.33676,1.33677,1.33649,1.33656,1206,0,0
2026-07-23 13:45:00,1.33656,1.33659,1.3361,1.33636,1493,0,0
2026-07-23 13:50:00,1.33636,1.33678,1.33623,1.33676,1377,0,0
2026-07-23 13:55:00,1.33676,1.33715,1.33663,1.3367499999999999,1875,0,0
2026-07-23 14:00:00,1.33674,1.33684,1.33649,1.33656,1499,0,0
2026-07-23 14:05:00,1.33656,1.33688,1.33637,1.33676,1292,0,0
2026-07-23 14:10:00,1.33676,1.33693,1.33653,1.33673,1196,0,0
2026-07-23 14:15:00,1.33673,1.33676,1.33619,1.33626,1328,0,0
2026-07-23 14:20:00,1.33626,1.33632,1.33595,1.33605,1341,0,0
2026-07-23 14:25:00,1.33605,1.3361100000000001,1.33561,1.33588,2107,0,0
2026-07-23 14:30:00,1.33588,1.33592,1.33528,1.33539,2264,0,0
2026-07-23 14:35:00,1.33539,1.33539,1.33448,1.3345099999999999,2437,0,0
2026-07-23 14:40:00,1.3345,1.33464,1.33399,1.3346,2128,0,0
2026-07-23 14:45:00,1.3346,1.33517,1.3346,1.3351199999999999,2191,0,0
2026-07-23 14:50:00,1.3351199999999999,1.33557,1.33502,1.33523,1763,0,0
2026-07-23 14:55:00,1.33524,1.33566,1.3351899999999999,1.33555,1858,0,0
2026-07-23 15:00:00,1.33554,1.33561,1.3348499999999999,1.3351600000000001,2062,0,0
2026-07-23 15:05:00,1.33515,1.33536,1.3348499999999999,1.33526,1485,0,0
2026-07-23 15:10:00,1.33526,1.33547,1.3352,1.33538,1419,0,0
2026-07-23 15:15:00,1.33538,1.33545,1.33463,1.33479,2095,0,0
2026-07-23 15:20:00,1.33479,1.33479,1.33402,1.33416,2124,0,0
2026-07-23 15:25:00,1.33416,1.33466,1.33399,1.33462,1575,0,0
2026-07-23 15:30:00,1.33462,1.33473,1.33412,1.33457,1305,0,0
2026-07-23 15:35:00,1.33457,1.3346,1.3339400000000001,1.33417,2013,0,0
2026-07-23 15:40:00,1.33417,1.33417,1.3336700000000001,1.33396,2266,0,0
2026-07-23 15:45:00,1.3339699999999999,1.3342800000000001,1.33349,1.33404,2411,0,0
2026-07-23 15:50:00,1.33403,1.33411,1.33375,1.33398,2416,0,0
2026-07-23 15:55:00,1.33398,1.33439,1.33391,1.33425,2129,0,0
2026-07-23 16:00:00,1.33425,1.33429,1.33349,1.33368,2429,0,0
2026-07-23 16:05:00,1.33368,1.3338700000000001,1.33286,1.33301,2882,0,0
2026-07-23 16:10:00,1.333,1.33332,1.33269,1.33281,2690,0,0
2026-07-23 16:15:00,1.33281,1.33324,1.33273,1.3330600000000001,2753,0,0
2026-07-23 16:20:00,1.3330600000000001,1.33339,1.33285,1.33297,2359,0,0
2026-07-23 16:25:00,1.33297,1.33365,1.33279,1.33358,2015,0,0
2026-07-23 16:30:00,1.33358,1.33438,1.33344,1.33423,2807,0,0
2026-07-23 16:35:00,1.33423,1.33449,1.33374,1.33384,3124,0,0
2026-07-23 16:40:00,1.33384,1.33414,1.33354,1.3336299999999999,2728,0,0
2026-07-23 16:45:00,1.3336299999999999,1.3338999999999999,1.3333300000000001,1.3338999999999999,2570,0,0
2026-07-23 16:50:00,1.3338999999999999,1.33393,1.33338,1.33379,1973,0,0
2026-07-23 16:55:00,1.33379,1.33401,1.33273,1.33284,2118,0,0
2026-07-23 17:00:00,1.33285,1.33317,1.3323800000000001,1.33244,2474,0,0
2026-07-23 17:05:00,1.33244,1.33288,1.33218,1.33236,2753,0,0
2026-07-23 17:10:00,1.33236,1.33297,1.33222,1.33281,2663,0,0
2026-07-23 17:15:00,1.33281,1.33298,1.33227,1.33234,2853,0,0
2026-07-23 17:20:00,1.33234,1.33253,1.332,1.33252,2249,0,0
2026-07-23 17:25:00,1.33252,1.33269,1.33234,1.3326500000000001,2488,0,0
2026-07-23 17:30:00,1.3326500000000001,1.33285,1.33226,1.33236,2403,0,0
2026-07-23 17:35:00,1.33236,1.33297,1.33215,1.33277,2321,0,0
2026-07-23 17:40:00,1.33277,1.33288,1.33181,1.33181,2365,0,0
2026-07-23 17:45:00,1.33181,1.3321,1.33165,1.3317700000000001,2367,0,0
2026-07-23 17:50:00,1.3317700000000001,1.33198,1.33124,1.33131,2406,0,0
2026-07-23 17:55:00,1.33131,1.33203,1.3312599999999999,1.33197,2741,0,0
2026-07-23 18:00:00,1.33197,1.33233,1.3318400000000001,1.33213,3173,0,0
2026-07-23 18:05:00,1.33213,1.33244,1.33173,1.33176,2710,0,0
2026-07-23 18:10:00,1.33176,1.33194,1.33147,1.33185,2751,0,0
2026-07-23 18:15:00,1.33185,1.3320400000000001,1.33125,1.33137,2908,0,0
2026-07-23 18:20:00,1.33136,1.33145,1.3306200000000001,1.33079,2997,0,0
2026-07-23 18:25:00,1.33079,1.33103,1.33074,1.33076,2534,0,0
2026-07-23 18:30:00,1.33076,1.33077,1.32998,1.33018,2576,0,0
2026-07-23 18:35:00,1.33018,1.33099,1.32987,1.33091,2860,0,0
2026-07-23 18:40:00,1.33091,1.33136,1.33081,1.33086,2741,0,0
2026-07-23 18:45:00,1.33086,1.33093,1.33059,1.33077,2471,0,0
2026-07-23 18:50:00,1.33077,1.33113,1.3306,1.33106,2264,0,0
2026-07-23 18:55:00,1.33106,1.3312,1.33068,1.33103,2046,0,0
2026-07-23 19:00:00,1.33103,1.3315000000000001,1.33099,1.33129,2245,0,0
2026-07-23 19:05:00,1.33129,1.33138,1.33101,1.3311899999999999,1386,0,0
2026-07-23 19:10:00,1.33118,1.33202,1.33117,1.33194,1452,0,0
2026-07-23 19:15:00,1.33194,1.33208,1.3313,1.3314,1580,0,0
2026-07-23 19:20:00,1.3314,1.33181,1.33139,1.33166,1633,0,0
2026-07-23 19:25:00,1.33167,1.33208,1.33166,1.33202,1645,0,0
2026-07-23 19:30:00,1.33202,1.3321,1.33172,1.33176,2028,0,0
2026-07-23 19:35:00,1.33176,1.3318699999999999,1.33158,1.33181,1578,0,0
2026-07-23 19:40:00,1.33181,1.3324099999999999,1.33175,1.33236,1881,0,0
2026-07-23 19:45:00,1.33236,1.33255,1.3323,1.3324500000000001,1696,0,0
2026-07-23 19:50:00,1.3324500000000001,1.33257,1.33228,1.33231,1533,0,0
2026-07-23 19:55:00,1.33232,1.33253,1.3323,1.33239,1730,0,0
2026-07-23 20:00:00,1.33239,1.3324799999999999,1.3320699999999999,1.33235,2208,0,0
2026-07-23 20:05:00,1.33235,1.33246,1.33192,1.33208,1664,0,0
2026-07-23 20:10:00,1.33208,1.33224,1.33194,1.33198,1697,0,0
2026-07-23 20:15:00,1.33198,1.33229,1.33192,1.33217,1829,0,0
2026-07-23 20:20:00,1.33216,1.33228,1.332,1.33217,1608,0,0
2026-07-23 20:25:00,1.33217,1.33218,1.33193,1.33198,1628,0,0
2026-07-23 20:30:00,1.33198,1.3320400000000001,1.33173,1.33188,1556,0,0
2026-07-23 20:35:00,1.33186,1.33198,1.33161,1.33198,1900,0,0
2026-07-23 20:40:00,1.33198,1.332,1.33163,1.33166,1635,0,0
2026-07-23 20:45:00,1.33167,1.3318699999999999,1.33155,1.33174,1598,0,0
2026-07-23 20:50:00,1.33173,1.33192,1.33157,1.33179,1722,0,0
2026-07-23 20:55:00,1.33179,1.33181,1.33133,1.33138,1464,0,0
2026-07-23 21:00:00,1.33138,1.33157,1.33131,1.33142,1237,0,0
2026-07-23 21:05:00,1.33142,1.33176,1.33138,1.33163,1021,0,0
2026-07-23 21:10:00,1.33165,1.3318400000000001,1.33155,1.33158,1239,0,0
2026-07-23 21:15:00,1.33158,1.33178,1.33135,1.3314599999999999,1820,0,0
2026-07-23 21:20:00,1.3314599999999999,1.33155,1.33139,1.3314599999999999,1430,0,0
2026-07-23 21:25:00,1.3314599999999999,1.3317700000000001,1.3314300000000001,1.33169,1835,0,0
2026-07-23 21:30:00,1.33168,1.33189,1.33166,1.33183,2019,0,0
2026-07-23 21:35:00,1.33182,1.33186,1.33161,1.33166,1875,0,0
2026-07-23 21:40:00,1.33166,1.33167,1.33137,1.3314599999999999,1559,0,0
2026-07-23 21:45:00,1.3314599999999999,1.33152,1.33136,1.33147,1414,0,0
2026-07-23 21:50:00,1.33147,1.33149,1.3314,1.3314300000000001,1436,0,0
2026-07-23 21:55:00,1.33142,1.33171,1.33139,1.33164,1377,0,0
2026-07-23 22:00:00,1.33164,1.33192,1.33144,1.33156,914,0,0
2026-07-23 22:05:00,1.33156,1.33161,1.3314,1.33147,711,0,0
2026-07-23 22:10:00,1.33147,1.33148,1.33125,1.3312599999999999,540,0,0
2026-07-23 22:15:00,1.3312599999999999,1.33139,1.33115,1.33122,981,0,0
2026-07-23 22:20:00,1.33122,1.33135,1.3311899999999999,1.3313,1089,0,0
2026-07-23 22:25:00,1.33131,1.33165,1.33127,1.33165,1407,0,0
2026-07-23 22:30:00,1.33165,1.33198,1.33161,1.33173,1800,0,0
2026-07-23 22:35:00,1.33173,1.33185,1.33164,1.33178,1387,0,0
2026-07-23 22:40:00,1.33178,1.33179,1.33144,1.33147,1154,0,0
2026-07-23 22:45:00,1.33147,1.33166,1.33142,1.33151,1045,0,0
2026-07-23 22:50:00,1.33151,1.33176,1.33151,1.33169,1124,0,0
2026-07-23 22:55:00,1.33168,1.3318400000000001,1.33162,1.33171,1095,0,0
2026-07-23 23:00:00,1.33171,1.33195,1.33171,1.33188,668,0,0
2026-07-23 23:05:00,1.33188,1.3319,1.3317999999999999,1.3318400000000001,208,0,0
2026-07-23 23:10:00,1.3318400000000001,1.3318699999999999,1.33166,1.3317,330,0,0
2026-07-23 23:15:00,1.3317,1.33172,1.33151,1.33154,269,0,0
2026-07-23 23:20:00,1.33154,1.33161,1.33151,1.33157,304,0,0
2026-07-23 23:25:00,1.33157,1.33167,1.3315299999999999,1.33165,467,0,0
2026-07-23 23:30:00,1.33165,1.33176,1.33156,1.33161,399,0,0
2026-07-23 23:35:00,1.33161,1.33162,1.3315299999999999,1.33156,254,0,0
2026-07-23 23:40:00,1.33156,1.33158,1.3315000000000001,1.33157,255,0,0
2026-07-23 23:45:00,1.33157,1.33166,1.33156,1.33158,344,0,0
2026-07-23 23:50:00,1.33158,1.3316,1.3314599999999999,1.33154,227,0,0
2026-07-23 23:55:00,1.33154,1.33158,1.33137,1.33137,555,0,0
2026-07-24 00:00:00,1.33115,1.33115,1.33034,1.33108,18,11,0
2026-07-24 00:05:00,1.33105,1.33237,1.33027,1.33203,213,0,0
2026-07-24 00:10:00,1.33191,1.33195,1.3317,1.33171,35,11,0
2026-07-24 00:15:00,1.33171,1.33192,1.33148,1.33182,64,8,0
2026-07-24 00:20:00,1.33182,1.33183,1.33158,1.33167,36,11,0
2026-07-24 00:25:00,1.33168,1.3317999999999999,1.33155,1.33166,45,11,0
2026-07-24 00:30:00,1.33166,1.3317,1.3314599999999999,1.33166,44,11,0
2026-07-24 00:35:00,1.33166,1.33167,1.33135,1.3314,60,4,0
2026-07-24 00:40:00,1.3314,1.33151,1.33135,1.33138,229,1,0
2026-07-24 00:45:00,1.33138,1.33151,1.33137,1.33141,119,1,0
2026-07-24 00:50:00,1.33141,1.3315000000000001,1.33125,1.33137,37,0,0
2026-07-24 00:55:00,1.33137,1.33178,1.33137,1.33172,75,0,0
2026-07-24 01:00:00,1.33172,1.33181,1.33141,1.33145,265,0,0
2026-07-24 01:05:00,1.33145,1.33156,1.3314300000000001,1.3314300000000001,66,0,0
2026-07-24 01:10:00,1.3314300000000001,1.33152,1.33142,1.33142,198,0,0
2026-07-24 01:15:00,1.33142,1.33147,1.33142,1.33145,46,0,0
2026-07-24 01:20:00,1.33145,1.33157,1.3314300000000001,1.33156,178,0,0
2026-07-24 01:25:00,1.33156,1.33156,1.33131,1.33139,331,0,0
2026-07-24 01:30:00,1.33139,1.33144,1.33132,1.3314300000000001,372,0,0
2026-07-24 01:35:00,1.3314300000000001,1.33147,1.33139,1.33142,263,0,0
2026-07-24 01:40:00,1.33142,1.33147,1.33142,1.33144,194,0,0
2026-07-24 01:45:00,1.33144,1.33148,1.3314300000000001,1.3314599999999999,245,0,0
2026-07-24 01:50:00,1.3314599999999999,1.33158,1.33145,1.33154,271,0,0
2026-07-24 01:55:00,1.3315299999999999,1.33163,1.33152,1.33161,332,0,0
2026-07-24 02:00:00,1.33161,1.33166,1.3314300000000001,1.33144,346,0,0
2026-07-24 02:05:00,1.33145,1.33147,1.3314,1.33141,222,0,0
2026-07-24 02:10:00,1.33142,1.33147,1.3314,1.33141,179,0,0
2026-07-24 02:15:00,1.33141,1.33148,1.3314,1.33148,120,0,0
2026-07-24 02:20:00,1.33148,1.33156,1.33147,1.33156,261,0,0
2026-07-24 02:25:00,1.33156,1.33157,1.33152,1.3315299999999999,204,0,0
2026-07-24 02:30:00,1.3315299999999999,1.33161,1.33151,1.3315299999999999,206,0,0
2026-07-24 02:35:00,1.3315299999999999,1.33155,1.33144,1.3314599999999999,248,0,0
2026-07-24 02:40:00,1.33144,1.33148,1.3311899999999999,1.33132,694,0,0
2026-07-24 02:45:00,1.33132,1.33154,1.33132,1.33139,996,0,0
2026-07-24 02:50:00,1.33139,1.3314300000000001,1.3311,1.33112,1003,0,0
2026-07-24 02:55:00,1.33112,1.33137,1.3311,1.33121,1287,0,0
2026-07-24 03:00:00,1.3312,1.33157,1.33112,1.33137,2334,0,0
2026-07-24 03:05:00,1.33137,1.33174,1.33129,1.33161,1570,0,0
2026-07-24 03:10:00,1.33162,1.33172,1.33151,1.3315299999999999,1484,0,0
2026-07-24 03:15:00,1.3315299999999999,1.33161,1.33144,1.33157,1380,0,0
2026-07-24 03:20:00,1.33157,1.33178,1.33148,1.33168,1490,0,0
2026-07-24 03:25:00,1.33168,1.33175,1.33159,1.33166,1420,0,0
2026-07-24 03:30:00,1.33166,1.33173,1.33151,1.33157,1076,0,0
2026-07-24 03:35:00,1.33156,1.33165,1.33149,1.33154,962,0,0
2026-07-24 03:40:00,1.33154,1.33159,1.33142,1.3314599999999999,1203,0,0
2026-07-24 03:45:00,1.3314599999999999,1.33164,1.33137,1.33154,1144,0,0
2026-07-24 03:50:00,1.33154,1.33174,1.33147,1.33161,1270,0,0
2026-07-24 03:55:00,1.33163,1.3324799999999999,1.33159,1.3324799999999999,1393,0,0
2026-07-24 04:00:00,1.3324799999999999,1.3326799999999999,1.33235,1.3324500000000001,1616,0,0
2026-07-24 04:05:00,1.3324500000000001,1.33247,1.33225,1.33235,916,0,0
2026-07-24 04:10:00,1.33235,1.3324,1.33226,1.33239,795,0,0
2026-07-24 04:15:00,1.33239,1.3324500000000001,1.33217,1.33244,1281,0,0
2026-07-24 04:20:00,1.33244,1.3324799999999999,1.33232,1.33244,1049,0,0
2026-07-24 04:25:00,1.33244,1.33246,1.33201,1.33203,1352,0,0
2026-07-24 04:30:00,1.33203,1.33236,1.33195,1.33224,1537,0,0
2026-07-24 04:35:00,1.33224,1.33244,1.3322,1.33226,1208,0,0
2026-07-24 04:40:00,1.33227,1.33259,1.33227,1.33254,1176,0,0
2026-07-24 04:45:00,1.33254,1.33258,1.33237,1.33242,682,0,0
2026-07-24 04:50:00,1.33242,1.33244,1.3323,1.33239,1215,0,0
2026-07-24 04:55:00,1.33239,1.33243,1.33201,1.33206,1156,0,0
2026-07-24 05:00:00,1.3320699999999999,1.33219,1.3319,1.33201,1510,0,0
2026-07-24 05:05:00,1.33201,1.33203,1.33179,1.33185,1466,0,0
2026-07-24 05:10:00,1.33186,1.3321,1.3317999999999999,1.3320400000000001,1031,0,0
2026-07-24 05:15:00,1.3320400000000001,1.3321100000000001,1.33183,1.33185,994,0,0
2026-07-24 05:20:00,1.33186,1.33205,1.33179,1.3318400000000001,1085,0,0
2026-07-24 05:25:00,1.3318400000000001,1.33199,1.33181,1.33192,1437,0,0
2026-07-24 05:30:00,1.33192,1.33227,1.33189,1.3321100000000001,1534,0,0
2026-07-24 05:35:00,1.3321100000000001,1.33215,1.3319,1.3319,753,0,0
2026-07-24 05:40:00,1.33191,1.33196,1.3318400000000001,1.3318400000000001,882,0,0
2026-07-24 05:45:00,1.3318400000000001,1.33188,1.33151,1.33152,1223,0,0
2026-07-24 05:50:00,1.33152,1.33169,1.33145,1.33148,1065,0,0
2026-07-24 05:55:00,1.33148,1.33164,1.3314,1.33141,1190,0,0
2026-07-24 06:00:00,1.33141,1.33148,1.3312599999999999,1.33134,1050,0,0
2026-07-24 06:05:00,1.33134,1.3314300000000001,1.33127,1.33132,748,0,0
2026-07-24 06:10:00,1.33132,1.33133,1.33112,1.33122,803,0,0
2026-07-24 06:15:00,1.33122,1.33134,1.3312,1.33122,869,0,0
2026-07-24 06:20:00,1.33122,1.33128,1.33112,1.33113,691,0,0
2026-07-24 06:25:00,1.33113,1.33128,1.33112,1.33117,1160,0,0
2026-07-24 06:30:00,1.33117,1.3314300000000001,1.33113,1.3314300000000001,1203,0,0
2026-07-24 06:35:00,1.3314300000000001,1.33148,1.33131,1.33134,946,0,0
2026-07-24 06:40:00,1.33134,1.33152,1.33133,1.3314300000000001,818,0,0
2026-07-24 06:45:00,1.3314300000000001,1.33145,1.33133,1.33136,820,0,0
2026-07-24 06:50:00,1.33136,1.33154,1.33133,1.33145,621,0,0
2026-07-24 06:55:00,1.33145,1.33147,1.33132,1.33142,830,0,0
2026-07-24 07:00:00,1.33142,1.33151,1.33136,1.33144,660,0,0
2026-07-24 07:05:00,1.33144,1.3315000000000001,1.33134,1.3314599999999999,659,0,0
2026-07-24 07:10:00,1.3314599999999999,1.33147,1.33133,1.3314300000000001,547,0,0
2026-07-24 07:15:00,1.3314300000000001,1.33151,1.33135,1.3314,629,0,0
2026-07-24 07:20:00,1.3314,1.3314599999999999,1.33129,1.3313,831,0,0
2026-07-24 07:25:00,1.33131,1.33132,1.33121,1.3312300000000001,623,0,0
2026-07-24 07:30:00,1.3312300000000001,1.3313,1.33111,1.3311600000000001,561,0,0
2026-07-24 07:35:00,1.3311600000000001,1.3312,1.33109,1.33114,595,0,0
2026-07-24 07:40:00,1.33114,1.33117,1.3309,1.33091,655,0,0
2026-07-24 07:45:00,1.33091,1.33098,1.33075,1.33081,701,0,0
2026-07-24 07:50:00,1.33081,1.33087,1.33064,1.3308,659,0,0
2026-07-24 07:55:00,1.3308,1.33107,1.33079,1.33103,817,0,0
2026-07-24 08:00:00,1.33103,1.33114,1.33093,1.33109,994,0,0
2026-07-24 08:05:00,1.33108,1.3312599999999999,1.33108,1.33118,890,0,0
2026-07-24 08:10:00,1.33118,1.33132,1.33111,1.3311899999999999,952,0,0
2026-07-24 08:15:00,1.3311899999999999,1.33129,1.33112,1.33122,932,0,0
2026-07-24 08:20:00,1.33122,1.33144,1.33121,1.33138,841,0,0
2026-07-24 08:25:00,1.33138,1.33151,1.33133,1.33141,698,0,0
2026-07-24 08:30:00,1.33142,1.33168,1.33142,1.33156,1055,0,0
2026-07-24 08:35:00,1.33156,1.33166,1.33144,1.33155,1032,0,0
2026-07-24 08:40:00,1.33155,1.33166,1.33138,1.33145,938,0,0
2026-07-24 08:45:00,1.33144,1.33157,1.33136,1.33151,774,0,0
2026-07-24 08:50:00,1.33151,1.33155,1.33114,1.33117,838,0,0
2026-07-24 08:55:00,1.33115,1.33124,1.3308499999999999,1.33088,1326,0,0
2026-07-24 09:00:00,1.33088,1.33131,1.3308499999999999,1.33122,1221,0,0
2026-07-24 09:05:00,1.33122,1.33132,1.331,1.33118,1429,0,0
2026-07-24 09:10:00,1.33118,1.33125,1.3308200000000001,1.3312,1505,0,0
2026-07-24 09:15:00,1.3312,1.33186,1.33117,1.33183,1606,0,0
2026-07-24 09:20:00,1.33183,1.3321,1.3317999999999999,1.33197,1031,0,0
2026-07-24 09:25:00,1.33197,1.3323,1.3319,1.33208,1639,0,0
2026-07-24 09:30:00,1.33208,1.3323,1.3318699999999999,1.33228,1411,0,0
2026-07-24 09:35:00,1.33228,1.33246,1.33216,1.3324099999999999,1213,0,0
2026-07-24 09:40:00,1.3324099999999999,1.33249,1.33201,1.3320699999999999,1064,0,0
2026-07-24 09:45:00,1.3320699999999999,1.33237,1.33201,1.3321100000000001,1097,0,0
2026-07-24 09:50:00,1.3321100000000001,1.33234,1.33188,1.33212,1433,0,0
2026-07-24 09:55:00,1.33212,1.3326,1.33203,1.33258,2238,0,0
2026-07-24 10:00:00,1.33259,1.33277,1.33226,1.33267,1608,0,0
2026-07-24 10:05:00,1.33267,1.33341,1.33262,1.33341,1133,0,0
2026-07-24 10:10:00,1.33341,1.33388,1.33335,1.33376,1116,0,0
2026-07-24 10:15:00,1.33376,1.33389,1.33312,1.33344,1283,0,0
2026-07-24 10:20:00,1.33344,1.33384,1.33342,1.3338,1072,0,0
2026-07-24 10:25:00,1.3338,1.33418,1.33377,1.334,1039,0,0
2026-07-24 10:30:00,1.334,1.33444,1.3338700000000001,1.3341,1177,0,0
2026-07-24 10:35:00,1.3341,1.3342,1.33359,1.3336299999999999,1381,0,0
2026-07-24 10:40:00,1.3336299999999999,1.33369,1.33311,1.33324,1338,0,0
2026-07-24 10:45:00,1.33324,1.33347,1.3330199999999999,1.33345,1173,0,0
2026-07-24 10:50:00,1.33345,1.33379,1.33325,1.33379,1075,0,0
2026-07-24 10:55:00,1.33379,1.33381,1.33349,1.33357,1051,0,0
2026-07-24 11:00:00,1.33356,1.33372,1.33316,1.3332,1226,0,0
2026-07-24 11:05:00,1.3332,1.33355,1.33304,1.33348,1474,0,0
2026-07-24 11:10:00,1.33348,1.3336700000000001,1.33343,1.3336000000000001,1205,0,0
2026-07-24 11:15:00,1.3336000000000001,1.3336000000000001,1.33301,1.33318,1239,0,0
2026-07-24 11:20:00,1.33318,1.33318,1.33277,1.33295,1418,0,0
2026-07-24 11:25:00,1.33295,1.33331,1.3327499999999999,1.33322,1330,0,0
2026-07-24 11:30:00,1.33322,1.33347,1.33292,1.33293,1068,0,0
2026-07-24 11:35:00,1.33292,1.3329900000000001,1.33259,1.33282,1279,0,0
2026-07-24 11:40:00,1.33282,1.33296,1.33264,1.33276,1332,0,0
2026-07-24 11:45:00,1.33276,1.33278,1.33222,1.33222,1235,0,0
2026-07-24 11:50:00,1.33222,1.33263,1.3321100000000001,1.33259,1555,0,0
2026-07-24 11:55:00,1.33259,1.33259,1.332,1.33212,1448,0,0
2026-07-24 12:00:00,1.33212,1.33222,1.33162,1.3317,1369,0,0
2026-07-24 12:05:00,1.3317,1.33224,1.33169,1.33223,964,0,0
2026-07-24 12:10:00,1.33223,1.33223,1.33149,1.3315299999999999,1004,0,0
2026-07-24 12:15:00,1.3315299999999999,1.33171,1.33128,1.33159,1135,0,0
2026-07-24 12:20:00,1.33159,1.33159,1.33132,1.3315299999999999,791,0,0
2026-07-24 12:25:00,1.3315299999999999,1.33194,1.33145,1.3319,1234,0,0
2026-07-24 12:30:00,1.3319,1.33222,1.33171,1.33215,978,0,0
2026-07-24 12:35:00,1.33215,1.33215,1.3317999999999999,1.3318699999999999,962,0,0
2026-07-24 12:40:00,1.3318699999999999,1.3320400000000001,1.3317,1.33188,1172,0,0
2026-07-24 12:45:00,1.33188,1.3320400000000001,1.33164,1.33168,997,0,0
2026-07-24 12:50:00,1.33168,1.33174,1.33137,1.33171,929,0,0
2026-07-24 12:55:00,1.33171,1.33194,1.33169,1.33192,1294,0,0
2026-07-24 13:00:00,1.33192,1.33198,1.3315299999999999,1.33166,1599,0,0
2026-07-24 13:05:00,1.33166,1.33167,1.33131,1.33165,939,0,0
2026-07-24 13:10:00,1.33165,1.33172,1.33152,1.3316,1312,0,0
2026-07-24 13:15:00,1.3316,1.33192,1.33156,1.33185,1027,0,0
2026-07-24 13:20:00,1.33185,1.33247,1.33178,1.33244,1443,0,0
2026-07-24 13:25:00,1.33244,1.33287,1.33243,1.33254,1565,0,0
2026-07-24 13:30:00,1.33254,1.33287,1.33252,1.33277,993,0,0
2026-07-24 13:35:00,1.33277,1.33278,1.33254,1.33258,731,0,0
2026-07-24 13:40:00,1.33258,1.3326500000000001,1.3323800000000001,1.33246,973,0,0
2026-07-24 13:45:00,1.33246,1.3326500000000001,1.33239,1.3325,942,0,0
2026-07-24 13:50:00,1.3325,1.33253,1.33215,1.33216,892,0,0
2026-07-24 13:55:00,1.33216,1.33262,1.33191,1.33221,1355,0,0
2026-07-24 14:00:00,1.33222,1.33261,1.33202,1.33259,1458,0,0
2026-07-24 14:05:00,1.33259,1.3327200000000001,1.33231,1.33252,1172,0,0
2026-07-24 14:10:00,1.33252,1.3328,1.33252,1.33279,728,0,0
2026-07-24 14:15:00,1.33279,1.33279,1.33257,1.33258,873,0,0
2026-07-24 14:20:00,1.33258,1.33266,1.3324,1.33266,667,0,0
2026-07-24 14:25:00,1.3326500000000001,1.3327200000000001,1.3324500000000001,1.33246,848,0,0
2026-07-24 14:30:00,1.33246,1.33255,1.33237,1.3324500000000001,896,0,0
2026-07-24 14:35:00,1.3324500000000001,1.3324799999999999,1.3322,1.33227,1199,0,0
2026-07-24 14:40:00,1.33228,1.33231,1.33199,1.33216,1085,0,0
2026-07-24 14:45:00,1.33216,1.33239,1.33208,1.33223,1125,0,0
2026-07-24 14:50:00,1.33223,1.33232,1.33165,1.33181,1575,0,0
2026-07-24 14:55:00,1.33181,1.33253,1.33141,1.33231,2463,0,0
2026-07-24 15:00:00,1.33231,1.33255,1.3317700000000001,1.33202,2320,0,0
2026-07-24 15:05:00,1.33202,1.33246,1.33181,1.33239,1470,0,0
2026-07-24 15:10:00,1.33239,1.33255,1.33223,1.33244,1089,0,0
2026-07-24 15:15:00,1.33244,1.3324500000000001,1.33213,1.33217,1197,0,0
2026-07-24 15:20:00,1.33217,1.33217,1.3317700000000001,1.33179,1158,0,0
2026-07-24 15:25:00,1.33179,1.33182,1.33142,1.3316,1060,0,0
2026-07-24 15:30:00,1.3316,1.33173,1.33099,1.33102,1359,0,0
2026-07-24 15:35:00,1.33102,1.3314300000000001,1.33102,1.3313,1375,0,0
2026-07-24 15:40:00,1.3313,1.33132,1.3307,1.33088,1419,0,0
2026-07-24 15:45:00,1.33088,1.33121,1.3305799999999999,1.33088,1494,0,0
2026-07-24 15:50:00,1.33087,1.33133,1.33087,1.33122,1220,0,0
2026-07-24 15:55:00,1.33122,1.3312599999999999,1.33088,1.33104,1239,0,0
2026-07-24 16:00:00,1.33103,1.33115,1.33091,1.33104,748,0,0
2026-07-24 16:05:00,1.33104,1.33111,1.33069,1.3307,1820,0,0
2026-07-24 16:10:00,1.3307,1.3314599999999999,1.3305799999999999,1.33122,1852,0,0
2026-07-24 16:15:00,1.33122,1.33136,1.33115,1.33129,1445,0,0
2026-07-24 16:20:00,1.33129,1.33145,1.33108,1.33128,1233,0,0
2026-07-24 16:25:00,1.33128,1.33185,1.33118,1.33181,1699,0,0
2026-07-24 16:30:00,1.33181,1.33195,1.33158,1.33161,2469,0,0
2026-07-24 16:35:00,1.33161,1.33197,1.33133,1.33183,2100,0,0
2026-07-24 16:40:00,1.33183,1.33206,1.33168,1.33188,1787,0,0
2026-07-24 16:45:00,1.33188,1.33224,1.33163,1.33208,2197,0,0
2026-07-24 16:50:00,1.33208,1.33254,1.33181,1.33253,2768,0,0
2026-07-24 16:55:00,1.33253,1.33269,1.33237,1.33255,1483,0,0
2026-07-24 17:00:00,1.33255,1.33297,1.33236,1.33237,1724,0,0
2026-07-24 17:05:00,1.33237,1.3324500000000001,1.33197,1.33244,2217,0,0
2026-07-24 17:10:00,1.33243,1.33276,1.3323800000000001,1.33253,1928,0,0
2026-07-24 17:15:00,1.33253,1.33273,1.3321,1.3324,1885,0,0
2026-07-24 17:20:00,1.3324,1.33295,1.33222,1.33295,1991,0,0
2026-07-24 17:25:00,1.33295,1.33315,1.33257,1.33258,1660,0,0
2026-07-24 17:30:00,1.33258,1.33282,1.33243,1.33276,2072,0,0
2026-07-24 17:35:00,1.33276,1.33291,1.3323800000000001,1.33242,1543,0,0
2026-07-24 17:40:00,1.33242,1.33277,1.33239,1.3325,1439,0,0
2026-07-24 17:45:00,1.3325,1.33285,1.33239,1.33276,1564,0,0
2026-07-24 17:50:00,1.33276,1.33301,1.33257,1.33293,2095,0,0
2026-07-24 17:55:00,1.33293,1.33344,1.33262,1.3326500000000001,2734,0,0
2026-07-24 18:00:00,1.3326500000000001,1.33319,1.33243,1.33308,2787,0,0
2026-07-24 18:05:00,1.33308,1.3339400000000001,1.3330600000000001,1.33386,1659,0,0
2026-07-24 18:10:00,1.3338700000000001,1.33454,1.33377,1.3343,3117,0,0
2026-07-24 18:15:00,1.3343,1.3348900000000001,1.33403,1.33413,2702,0,0
2026-07-24 18:20:00,1.33413,1.3344,1.33395,1.33408,1530,0,0
2026-07-24 18:25:00,1.33408,1.33435,1.3338999999999999,1.33429,1839,0,0
2026-07-24 18:30:00,1.33429,1.33434,1.33389,1.3341,1850,0,0
2026-07-24 18:35:00,1.3341,1.3345,1.33395,1.33447,1497,0,0
2026-07-24 18:40:00,1.33447,1.33453,1.33381,1.3339699999999999,1642,0,0
2026-07-24 18:45:00,1.3339699999999999,1.3342100000000001,1.3338999999999999,1.33398,1729,0,0
2026-07-24 18:50:00,1.33399,1.33441,1.33399,1.33423,1144,0,0
2026-07-24 18:55:00,1.33423,1.33436,1.33398,1.3342100000000001,1291,0,0
2026-07-24 19:00:00,1.3342100000000001,1.33429,1.33405,1.33419,1117,0,0
2026-07-24 19:05:00,1.33419,1.33446,1.3339699999999999,1.33438,864,0,0
2026-07-24 19:10:00,1.33438,1.33447,1.33427,1.33437,983,0,0
2026-07-24 19:15:00,1.33437,1.3345500000000001,1.3343,1.3344,870,0,0
2026-07-24 19:20:00,1.3344,1.3344,1.33417,1.3343,917,0,0
2026-07-24 19:25:00,1.3343,1.33432,1.33401,1.33402,1007,0,0
2026-07-24 19:30:00,1.33402,1.33413,1.33378,1.33409,1363,0,0
2026-07-24 19:35:00,1.33409,1.33413,1.33373,1.33378,928,0,0
2026-07-24 19:40:00,1.3338,1.33381,1.33357,1.3336000000000001,813,0,0
2026-07-24 19:45:00,1.3336000000000001,1.33362,1.33325,1.33338,1100,0,0
2026-07-24 19:50:00,1.33338,1.33338,1.33312,1.33331,993,0,0
2026-07-24 19:55:00,1.33331,1.33347,1.33325,1.33325,872,0,0
2026-07-24 20:00:00,1.33325,1.3333,1.33304,1.3330600000000001,1086,0,0
2026-07-24 20:05:00,1.3330600000000001,1.33311,1.33237,1.33249,1552,0,0
2026-07-24 20:10:00,1.3324799999999999,1.33263,1.33235,1.33256,1518,0,0
2026-07-24 20:15:00,1.33256,1.33263,1.33231,1.33232,1166,0,0
2026-07-24 20:20:00,1.33232,1.33246,1.33217,1.33239,1018,0,0
2026-07-24 20:25:00,1.33239,1.33264,1.33236,1.33263,955,0,0
2026-07-24 20:30:00,1.33263,1.3327499999999999,1.33255,1.33258,805,0,0
2026-07-24 20:35:00,1.33258,1.3326,1.33224,1.33227,907,0,0
2026-07-24 20:40:00,1.33227,1.33243,1.33216,1.33236,821,0,0
2026-07-24 20:45:00,1.33236,1.3324,1.33221,1.3323,549,0,0
2026-07-24 20:50:00,1.3323,1.33236,1.33216,1.33231,832,0,0
2026-07-24 20:55:00,1.33231,1.33262,1.33231,1.33249,985,0,0
2026-07-24 21:00:00,1.33249,1.33262,1.3324500000000001,1.33257,959,0,0
2026-07-24 21:05:00,1.3326,1.33271,1.33252,1.33271,819,0,0
2026-07-24 21:10:00,1.33271,1.33285,1.33267,1.33282,830,0,0
2026-07-24 21:15:00,1.33282,1.33295,1.33276,1.3328,714,0,0
2026-07-24 21:20:00,1.3328,1.33281,1.33257,1.33269,907,0,0
2026-07-24 21:25:00,1.3326799999999999,1.33273,1.33255,1.3326,1303,0,0
2026-07-24 21:30:00,1.3326,1.33273,1.33239,1.33246,1424,0,0
2026-07-24 21:35:00,1.33246,1.33261,1.3323800000000001,1.3325,1322,0,0
2026-07-24 21:40:00,1.3325,1.33261,1.3324099999999999,1.33253,1012,0,0
2026-07-24 21:45:00,1.33253,1.33285,1.33251,1.33262,629,0,0
2026-07-24 21:50:00,1.33262,1.3327200000000001,1.33252,1.33254,654,0,0
2026-07-24 21:55:00,1.33254,1.3326500000000001,1.3325,1.33256,979,0,0
2026-07-24 22:00:00,1.33256,1.33276,1.33256,1.3326799999999999,1385,0,0
2026-07-24 22:05:00,1.3326799999999999,1.33273,1.33258,1.3326,952,0,0
2026-07-24 22:10:00,1.3326,1.33271,1.3325,1.33255,821,0,0
2026-07-24 22:15:00,1.33256,1.33262,1.33243,1.33252,745,0,0
2026-07-24 22:20:00,1.33252,1.3326500000000001,1.33227,1.3323,904,0,0
2026-07-24 22:25:00,1.3323,1.33236,1.33222,1.33233,1053,0,0
2026-07-24 22:30:00,1.33233,1.33257,1.33227,1.3324500000000001,1330,0,0
2026-07-24 22:35:00,1.3324500000000001,1.3326799999999999,1.3324,1.33244,1533,0,0
2026-07-24 22:40:00,1.33244,1.33253,1.33235,1.33242,645,0,0
2026-07-24 22:45:00,1.33242,1.33246,1.33213,1.33233,915,0,0
2026-07-24 22:50:00,1.33232,1.33237,1.33217,1.33227,879,0,0
2026-07-24 22:55:00,1.33227,1.3323,1.33213,1.33216,740,0,0
2026-07-24 23:00:00,1.33216,1.33224,1.3321,1.33221,522,0,0
2026-07-24 23:05:00,1.33221,1.33223,1.33203,1.33209,477,0,0
2026-07-24 23:10:00,1.33209,1.33212,1.33205,1.3320699999999999,468,0,0
2026-07-24 23:15:00,1.33208,1.33212,1.33199,1.332,361,0,0
2026-07-24 23:20:00,1.332,1.3320699999999999,1.33199,1.3320400000000001,217,0,0
2026-07-24 23:25:00,1.3320400000000001,1.3320699999999999,1.33193,1.33195,356,0,0
2026-07-24 23:30:00,1.33195,1.33197,1.33188,1.33191,144,0,0
2026-07-24 23:35:00,1.33191,1.33197,1.33167,1.33172,232,0,0
2026-07-24 23:40:00,1.33172,1.33192,1.33168,1.3318400000000001,236,0,0
2026-07-24 23:45:00,1.3318400000000001,1.33205,1.33181,1.33194,621,0,0
2026-07-24 23:50:00,1.33194,1.3321399999999999,1.3318699999999999,1.33197,1343,0,0
2026-07-24 23:55:00,1.33197,1.33283,1.33194,1.3324,1107,0,0
2026-07-27 00:00:00,1.33137,1.33368,1.33137,1.33368,15,0,0
2026-07-27 00:05:00,1.33368,1.33381,1.3324099999999999,1.33381,45,0,0
2026-07-27 00:10:00,1.33381,1.33381,1.3332600000000001,1.3333,49,0,0
2026-07-27 00:15:00,1.3333,1.33355,1.33322,1.33355,29,0,0
2026-07-27 00:20:00,1.33355,1.33355,1.33346,1.33355,8,0,0
2026-07-27 00:25:00,1.33355,1.33355,1.33346,1.33355,11,0,0
2026-07-27 00:30:00,1.33359,1.33362,1.33349,1.33361,11,0,0
2026-07-27 00:35:00,1.33355,1.3336700000000001,1.33312,1.33314,90,0,0
2026-07-27 00:40:00,1.33314,1.33365,1.33311,1.33365,42,0,0
2026-07-27 00:45:00,1.33365,1.33403,1.33365,1.33403,48,0,0
2026-07-27 00:50:00,1.33403,1.33409,1.3336299999999999,1.3338,60,0,0
2026-07-27 00:55:00,1.3338,1.3344,1.33352,1.33361,105,0,0
2026-07-27 01:00:00,1.33361,1.3357,1.33355,1.33535,921,0,0
2026-07-27 01:05:00,1.33535,1.33563,1.33506,1.33506,850,0,0
2026-07-27 01:10:00,1.33506,1.33511,1.33459,1.3347,924,0,0
2026-07-27 01:15:00,1.3347,1.33493,1.33454,1.3348,841,0,0
2026-07-27 01:20:00,1.3348,1.33491,1.33447,1.33448,561,0,0
2026-07-27 01:25:00,1.33448,1.33473,1.33437,1.3347,737,0,0
2026-07-27 01:30:00,1.3347,1.33473,1.33454,1.33457,447,0,0
2026-07-27 01:35:00,1.33457,1.33462,1.33438,1.33442,389,0,0
2026-07-27 01:40:00,1.33442,1.33459,1.33438,1.33456,394,0,0
2026-07-27 01:45:00,1.33457,1.3346,1.33436,1.33441,495,0,0
2026-07-27 01:50:00,1.33442,1.3345,1.33437,1.33439,424,0,0
2026-07-27 01:55:00,1.33439,1.33439,1.33416,1.3343,400,0,0
2026-07-27 02:00:00,1.3343,1.33453,1.3342100000000001,1.3344,572,0,0
2026-07-27 02:05:00,1.3344,1.3345799999999999,1.3344,1.33442,397,0,0
2026-07-27 02:10:00,1.33442,1.3345099999999999,1.33432,1.33444,276,0,0
2026-07-27 02:15:00,1.33444,1.33453,1.33435,1.33436,356,0,0
2026-07-27 02:20:00,1.33436,1.33444,1.33427,1.33427,220,0,0
2026-07-27 02:25:00,1.33427,1.33445,1.33426,1.33443,313,0,0
2026-07-27 02:30:00,1.33443,1.33467,1.3344,1.33463,294,0,0
2026-07-27 02:35:00,1.33463,1.33475,1.33462,1.3347,170,0,0
2026-07-27 02:40:00,1.3347,1.3349199999999999,1.33467,1.33481,378,0,0
2026-07-27 02:45:00,1.33481,1.33497,1.3347,1.33495,838,0,0
2026-07-27 02:50:00,1.33495,1.33498,1.3347,1.33472,853,0,0
2026-07-27 02:55:00,1.33472,1.3352,1.33469,1.33507,929,0,0
2026-07-27 03:00:00,1.33507,1.3354300000000001,1.33498,1.3351899999999999,2504,0,0
2026-07-27 03:05:00,1.3351899999999999,1.33523,1.33497,1.3351,1341,0,0
2026-07-27 03:10:00,1.3351,1.33587,1.33501,1.33585,2015,0,0
2026-07-27 03:15:00,1.33585,1.33595,1.33551,1.33568,1776,0,0
2026-07-27 03:20:00,1.33568,1.33595,1.33548,1.3358400000000001,1219,0,0
2026-07-27 03:25:00,1.3358400000000001,1.33617,1.3357700000000001,1.33606,1795,0,0
2026-07-27 03:30:00,1.33606,1.33632,1.33598,1.3361,1892,0,0
2026-07-27 03:35:00,1.3361,1.33612,1.33569,1.3357700000000001,1355,0,0
2026-07-27 03:40:00,1.3357700000000001,1.33587,1.33568,1.33575,1268,0,0
2026-07-27 03:45:00,1.33575,1.3358400000000001,1.33544,1.3354599999999999,1329,0,0
2026-07-27 03:50:00,1.3354599999999999,1.3355000000000001,1.33506,1.33507,1472,0,0
2026-07-27 03:55:00,1.33507,1.33524,1.33503,1.3351,1541,0,0
2026-07-27 04:00:00,1.3351199999999999,1.33555,1.3351,1.33531,1709,0,0
2026-07-27 04:05:00,1.33531,1.33568,1.3353,1.3355299999999999,1569,0,0
2026-07-27 04:10:00,1.3355299999999999,1.33565,1.3354300000000001,1.3354300000000001,1391,0,0
2026-07-27 04:15:00,1.3354300000000001,1.33569,1.33539,1.33556,1448,0,0
2026-07-27 04:20:00,1.33556,1.33563,1.33533,1.33544,1501,0,0
2026-07-27 04:25:00,1.33544,1.33547,1.33531,1.33541,1379,0,0
2026-07-27 04:30:00,1.33541,1.33578,1.33541,1.33555,1552,0,0
2026-07-27 04:35:00,1.33555,1.33557,1.3352,1.33535,1281,0,0
2026-07-27 04:40:00,1.33535,1.33567,1.33531,1.33555,1329,0,0
2026-07-27 04:45:00,1.33555,1.33593,1.3355299999999999,1.33591,1368,0,0
2026-07-27 04:50:00,1.33591,1.33595,1.3356,1.33572,972,0,0
2026-07-27 04:55:00,1.33572,1.33635,1.33568,1.3363399999999999,1494,0,0
2026-07-27 05:00:00,1.3363399999999999,1.33637,1.33602,1.3360699999999999,1802,0,0
2026-07-27 05:05:00,1.3360699999999999,1.33618,1.33602,1.3360699999999999,1303,0,0
2026-07-27 05:10:00,1.3360699999999999,1.33615,1.33593,1.33595,1037,0,0
2026-07-27 05:15:00,1.33595,1.33603,1.33564,1.33575,1024,0,0
2026-07-27 05:20:00,1.3357299999999999,1.33593,1.33566,1.33591,818,0,0
2026-07-27 05:25:00,1.33591,1.3360400000000001,1.33588,1.33596,800,0,0
2026-07-27 05:30:00,1.33596,1.33597,1.3357299999999999,1.33592,1059,0,0
2026-07-27 05:35:00,1.33592,1.33602,1.3356,1.33562,913,0,0
2026-07-27 05:40:00,1.33562,1.33582,1.33562,1.33572,687,0,0
2026-07-27 05:45:00,1.33572,1.33578,1.33556,1.33565,835,0,0
2026-07-27 05:50:00,1.33564,1.33572,1.33557,1.33565,1005,0,0
2026-07-27 05:55:00,1.33565,1.33565,1.3354599999999999,1.33549,1332,0,0
2026-07-27 06:00:00,1.33549,1.33569,1.3354,1.33544,1594,0,0
2026-07-27 06:05:00,1.33544,1.3356,1.33526,1.33551,964,0,0
2026-07-27 06:10:00,1.3355000000000001,1.33552,1.33528,1.33532,834,0,0
2026-07-27 06:15:00,1.33532,1.33549,1.33525,1.33542,651,0,0
2026-07-27 06:20:00,1.33542,1.33544,1.3353,1.33537,582,0,0
2026-07-27 06:25:00,1.33537,1.33549,1.33524,1.33527,668,0,0
2026-07-27 06:30:00,1.33527,1.33528,1.335,1.33509,1070,0,0
2026-07-27 06:35:00,1.33509,1.33517,1.33502,1.33511,723,0,0
2026-07-27 06:40:00,1.33511,1.33522,1.33506,1.33517,676,0,0
2026-07-27 06:45:00,1.33517,1.33531,1.33513,1.33517,488,0,0
2026-07-27 06:50:00,1.33517,1.33528,1.33509,1.33517,933,0,0
2026-07-27 06:55:00,1.33517,1.33527,1.33514,1.33525,415,0,0
2026-07-27 07:00:00,1.33525,1.33547,1.33523,1.33538,761,0,0
2026-07-27 07:05:00,1.33538,1.33542,1.33528,1.3353,663,0,0
2026-07-27 07:10:00,1.3353,1.33542,1.33526,1.33539,514,0,0
2026-07-27 07:15:00,1.33539,1.33548,1.33533,1.3354599999999999,498,0,0
2026-07-27 07:20:00,1.3354599999999999,1.33549,1.33515,1.33517,554,0,0
2026-07-27 07:25:00,1.33517,1.33521,1.335,1.33507,525,0,0
2026-07-27 07:30:00,1.33507,1.33526,1.33506,1.33523,552,0,0
2026-07-27 07:35:00,1.33523,1.33527,1.33518,1.33524,1007,0,0
2026-07-27 07:40:00,1.33524,1.3354300000000001,1.33517,1.33521,572,0,0
2026-07-27 07:45:00,1.33521,1.33527,1.3351600000000001,1.33517,499,0,0
2026-07-27 07:50:00,1.33517,1.33521,1.33505,1.3351199999999999,456,0,0
2026-07-27 07:55:00,1.3351199999999999,1.33532,1.33507,1.33509,716,0,0
2026-07-27 08:00:00,1.33509,1.33523,1.33498,1.3351199999999999,687,0,0
2026-07-27 08:05:00,1.3351199999999999,1.33534,1.33507,1.33529,679,0,0
2026-07-27 08:10:00,1.33529,1.33561,1.33526,1.33557,634,0,0
2026-07-27 08:15:00,1.33557,1.33561,1.3354,1.33549,949,0,0
2026-07-27 08:20:00,1.33549,1.33552,1.33531,1.33533,874,0,0
2026-07-27 08:25:00,1.33533,1.3354300000000001,1.33521,1.33542,1066,0,0
2026-07-27 08:30:00,1.33542,1.33554,1.33522,1.33528,875,0,0
2026-07-27 08:35:00,1.33528,1.33542,1.3351899999999999,1.33532,975,0,0
2026-07-27 08:40:00,1.33533,1.3354300000000001,1.33522,1.33526,932,0,0
2026-07-27 08:45:00,1.33526,1.33542,1.3351899999999999,1.33536,703,0,0
2026-07-27 08:50:00,1.33536,1.33561,1.33532,1.33556,728,0,0
2026-07-27 08:55:00,1.33556,1.33563,1.33526,1.33529,899,0,0
2026-07-27 09:00:00,1.33529,1.33578,1.33514,1.33559,2111,0,0
2026-07-27 09:05:00,1.33559,1.33567,1.33538,1.33563,1237,0,0
2026-07-27 09:10:00,1.33563,1.33588,1.33547,1.33563,1116,0,0
2026-07-27 09:15:00,1.33563,1.33565,1.33521,1.33524,1783,0,0
2026-07-27 09:20:00,1.33523,1.3355299999999999,1.3351600000000001,1.33549,1194,0,0
2026-07-27 09:25:00,1.3355000000000001,1.33589,1.33549,1.3358400000000001,1148,0,0
2026-07-27 09:30:00,1.3358400000000001,1.33588,1.33545,1.33564,1248,0,0
2026-07-27 09:35:00,1.33564,1.33594,1.3354599999999999,1.3359,936,0,0
2026-07-27 09:40:00,1.3359,1.3361,1.33565,1.33581,1367,0,0
2026-07-27 09:45:00,1.33581,1.33592,1.3354599999999999,1.33547,889,0,0
2026-07-27 09:50:00,1.33547,1.33556,1.33513,1.3351600000000001,1072,0,0
2026-07-27 09:55:00,1.3351600000000001,1.3351899999999999,1.3348,1.33495,1861,0,0
2026-07-27 10:00:00,1.33495,1.33525,1.3342800000000001,1.33452,2258,0,0
2026-07-27 10:05:00,1.3345099999999999,1.33464,1.3343,1.3343,1719,0,0
2026-07-27 10:10:00,1.3343,1.3348200000000001,1.33406,1.33479,1472,0,0
2026-07-27 10:15:00,1.33479,1.33483,1.33429,1.33435,1661,0,0
2026-07-27 10:20:00,1.33434,1.33483,1.33411,1.3345099999999999,1671,0,0
2026-07-27 10:25:00,1.3345099999999999,1.33497,1.33446,1.33474,1859,0,0
2026-07-27 10:30:00,1.33474,1.33476,1.33426,1.33453,1902,0,0
2026-07-27 10:35:00,1.33453,1.33471,1.33423,1.33429,1832,0,0
2026-07-27 10:40:00,1.33429,1.33461,1.33399,1.3342,1509,0,0
2026-07-27 10:45:00,1.3342,1.33429,1.3339699999999999,1.33413,1188,0,0
2026-07-27 10:50:00,1.33413,1.33432,1.334,1.33401,1753,0,0
2026-07-27 10:55:00,1.33401,1.33409,1.33342,1.33347,1404,0,0
2026-07-27 11:00:00,1.33347,1.33384,1.33342,1.3336000000000001,1408,0,0
2026-07-27 11:05:00,1.3336000000000001,1.33374,1.33321,1.33325,1946,0,0
2026-07-27 11:10:00,1.3332600000000001,1.33356,1.33322,1.33332,1391,0,0
2026-07-27 11:15:00,1.33332,1.33342,1.3330600000000001,1.3332899999999999,1280,0,0
2026-07-27 11:20:00,1.3332899999999999,1.33334,1.3330600000000001,1.33332,1445,0,0
2026-07-27 11:25:00,1.33332,1.3335,1.33325,1.33335,1239,0,0
2026-07-27 11:30:00,1.33335,1.33351,1.33317,1.3333599999999999,1114,0,0
2026-07-27 11:35:00,1.3333599999999999,1.33372,1.3333599999999999,1.33364,945,0,0
2026-07-27 11:40:00,1.33364,1.3339400000000001,1.33349,1.33359,1158,0,0
2026-07-27 11:45:00,1.33358,1.33374,1.33351,1.33352,883,0,0
2026-07-27 11:50:00,1.33352,1.3338700000000001,1.33343,1.33382,1085,0,0
2026-07-27 11:55:00,1.33382,1.33404,1.33378,1.33378,1188,0,0
2026-07-27 12:00:00,1.33378,1.33399,1.3336000000000001,1.33398,972,0,0
2026-07-27 12:05:00,1.33398,1.33411,1.33375,1.33377,1261,0,0
2026-07-27 12:10:00,1.33378,1.33384,1.33317,1.33328,1145,0,0
2026-07-27 12:15:00,1.33328,1.33343,1.33316,1.33323,1181,0,0
2026-07-27 12:20:00,1.33323,1.3334,1.33311,1.33317,1045,0,0
2026-07-27 12:25:00,1.33317,1.33343,1.33305,1.33313,1097,0,0
2026-07-27 12:30:00,1.33313,1.33332,1.33298,1.3332,1258,0,0
2026-07-27 12:35:00,1.33321,1.33344,1.3330600000000001,1.33342,1095,0,0
2026-07-27 12:40:00,1.33342,1.33355,1.3333300000000001,1.33338,1145,0,0
2026-07-27 12:45:00,1.33338,1.33346,1.33327,1.33328,726,0,0
2026-07-27 12:50:00,1.33327,1.33332,1.33298,1.33318,862,0,0
2026-07-27 12:55:00,1.33318,1.33342,1.33308,1.3330899999999999,1288,0,0
2026-07-27 13:00:00,1.3330899999999999,1.33365,1.33297,1.33361,1340,0,0
2026-07-27 13:05:00,1.33361,1.3336299999999999,1.33323,1.33325,1251,0,0
2026-07-27 13:10:00,1.33325,1.3333300000000001,1.3327499999999999,1.3329900000000001,1796,0,0
2026-07-27 13:15:00,1.3329900000000001,1.3333599999999999,1.33295,1.333,1555,0,0
2026-07-27 13:20:00,1.333,1.33332,1.333,1.33321,1045,0,0
2026-07-27 13:25:00,1.33321,1.33327,1.33286,1.33287,1007,0,0
2026-07-27 13:30:00,1.33287,1.3330199999999999,1.33276,1.33288,1197,0,0
2026-07-27 13:35:00,1.33288,1.33294,1.33276,1.33291,771,0,0
2026-07-27 13:40:00,1.33291,1.33331,1.33289,1.33308,1195,0,0
2026-07-27 13:45:00,1.33308,1.3330899999999999,1.3328,1.33293,1158,0,0
2026-07-27 13:50:00,1.33293,1.3329900000000001,1.33246,1.3326,1094,0,0
2026-07-27 13:55:00,1.3326,1.3327,1.33167,1.33189,1542,0,0
2026-07-27 14:00:00,1.33188,1.33215,1.33166,1.33176,1716,0,0
2026-07-27 14:05:00,1.33176,1.33176,1.33106,1.3311600000000001,1431,0,0
2026-07-27 14:10:00,1.3311600000000001,1.33139,1.33102,1.33132,952,0,0
2026-07-27 14:15:00,1.33132,1.33182,1.33124,1.33169,976,0,0
2026-07-27 14:20:00,1.33169,1.33194,1.33148,1.3315000000000001,638,0,0
2026-07-27 14:25:00,1.3315000000000001,1.33181,1.3314,1.3314,950,0,0
2026-07-27 14:30:00,1.3314,1.33202,1.33096,1.33142,1994,0,0
2026-07-27 14:35:00,1.33142,1.33173,1.33138,1.33149,1086,0,0
2026-07-27 14:40:00,1.33149,1.3318400000000001,1.33141,1.33158,1595,0,0
2026-07-27 14:45:00,1.33158,1.33168,1.33137,1.33147,1288,0,0
2026-07-27 14:50:00,1.33147,1.33162,1.33124,1.33138,1212,0,0
2026-07-27 14:55:00,1.33138,1.33149,1.3311600000000001,1.33138,1213,0,0
2026-07-27 15:00:00,1.33138,1.3317,1.33138,1.33159,1584,0,0
2026-07-27 15:05:00,1.33159,1.33182,1.33149,1.33168,999,0,0
2026-07-27 15:10:00,1.33168,1.33168,1.33081,1.33091,1887,0,0
2026-07-27 15:15:00,1.33091,1.33114,1.33075,1.33111,1402,0,0
2026-07-27 15:20:00,1.33111,1.33133,1.33105,1.33121,1469,0,0
2026-07-27 15:25:00,1.33121,1.33152,1.3312,1.33129,713,0,0
2026-07-27 15:30:00,1.33129,1.33139,1.33084,1.33115,949,0,0
2026-07-27 15:35:00,1.33115,1.3311600000000001,1.33045,1.33057,1131,0,0
2026-07-27 15:40:00,1.3305799999999999,1.33102,1.33043,1.33097,1487,0,0
2026-07-27 15:45:00,1.33098,1.33131,1.33087,1.33113,1337,0,0
2026-07-27 15:50:00,1.33113,1.33166,1.33097,1.33108,1752,0,0
2026-07-27 15:55:00,1.33106,1.33174,1.33097,1.33137,1854,0,0
2026-07-27 16:00:00,1.33137,1.33142,1.33097,1.33102,2236,0,0
2026-07-27 16:05:00,1.33102,1.33129,1.33087,1.33127,1489,0,0
2026-07-27 16:10:00,1.33127,1.33169,1.3311,1.3315299999999999,1261,0,0
2026-07-27 16:15:00,1.3315299999999999,1.33155,1.33115,1.33128,1146,0,0
2026-07-27 16:20:00,1.33128,1.3315000000000001,1.33117,1.33135,1291,0,0
2026-07-27 16:25:00,1.33135,1.3314300000000001,1.3311899999999999,1.33138,1314,0,0
2026-07-27 16:30:00,1.33138,1.33212,1.33138,1.33167,2063,0,0
2026-07-27 16:35:00,1.33167,1.33188,1.33156,1.33173,1691,0,0
2026-07-27 16:40:00,1.33173,1.33198,1.3314599999999999,1.33167,1943,0,0
2026-07-27 16:45:00,1.33167,1.33188,1.33155,1.3317700000000001,2043,0,0
2026-07-27 16:50:00,1.3317700000000001,1.33183,1.33118,1.33118,1756,0,0
2026-07-27 16:55:00,1.33118,1.33122,1.33084,1.33106,2176,0,0
2026-07-27 17:00:00,1.33106,1.33142,1.3306,1.3313,2375,0,0
2026-07-27 17:05:00,1.3313,1.33141,1.33109,1.33125,1856,0,0
2026-07-27 17:10:00,1.33125,1.33173,1.33113,1.3317,1755,0,0
2026-07-27 17:15:00,1.3317,1.33172,1.33125,1.3312599999999999,1554,0,0
2026-07-27 17:20:00,1.3312599999999999,1.33133,1.33106,1.33128,1655,0,0
2026-07-27 17:25:00,1.33128,1.3313,1.3305799999999999,1.33059,2054,0,0
2026-07-27 17:30:00,1.33059,1.33101,1.3305799999999999,1.3308900000000001,2116,0,0
2026-07-27 17:35:00,1.3308900000000001,1.33103,1.3307,1.33097,2015,0,0
2026-07-27 17:40:00,1.33097,1.33112,1.33048,1.33052,1871,0,0
2026-07-27 17:45:00,1.33052,1.33091,1.3305,1.33079,1706,0,0
2026-07-27 17:50:00,1.33079,1.3309,1.3303,1.33038,1796,0,0
2026-07-27 17:55:00,1.33038,1.33042,1.32991,1.33027,2247,0,0
2026-07-27 18:00:00,1.33027,1.3305500000000001,1.32998,1.3305,2233,0,0
2026-07-27 18:05:00,1.3305,1.3305500000000001,1.33017,1.33019,1918,0,0
2026-07-27 18:10:00,1.33019,1.33036,1.32993,1.3303,2309,0,0
2026-07-27 18:15:00,1.3303,1.3305500000000001,1.33025,1.33046,2118,0,0
2026-07-27 18:20:00,1.33046,1.33072,1.33037,1.3306,1865,0,0
2026-07-27 18:25:00,1.33061,1.3306499999999999,1.33037,1.3305799999999999,1706,0,0
2026-07-27 18:30:00,1.3305799999999999,1.3306,1.33016,1.33036,1858,0,0
2026-07-27 18:35:00,1.33036,1.33056,1.33027,1.33049,1591,0,0
2026-07-27 18:40:00,1.33049,1.33059,1.3303,1.3304,1343,0,0
2026-07-27 18:45:00,1.33041,1.33043,1.33002,1.33008,1598,0,0
2026-07-27 18:50:00,1.33008,1.33066,1.33008,1.33042,1546,0,0
2026-07-27 18:55:00,1.33042,1.33061,1.33019,1.3302,1368,0,0
2026-07-27 19:00:00,1.33019,1.33044,1.3300100000000001,1.3302800000000001,2041,0,0
2026-07-27 19:05:00,1.3302800000000001,1.33033,1.32996,1.33012,1480,0,0
2026-07-27 19:10:00,1.33012,1.3302800000000001,1.33004,1.33014,1224,0,0
2026-07-27 19:15:00,1.33014,1.33061,1.33006,1.33056,1321,0,0
2026-07-27 19:20:00,1.33056,1.33081,1.33049,1.33076,1444,0,0
2026-07-27 19:25:00,1.33076,1.33144,1.33074,1.33105,3001,0,0
2026-07-27 19:30:00,1.33105,1.33117,1.3308499999999999,1.33107,1621,0,0
2026-07-27 19:35:00,1.33107,1.33111,1.33079,1.33086,1474,0,0
2026-07-27 19:40:00,1.33086,1.33098,1.33066,1.33068,1122,0,0
2026-07-27 19:45:00,1.33068,1.33069,1.33029,1.33032,973,0,0
2026-07-27 19:50:00,1.33032,1.33043,1.33026,1.33038,1540,0,0
2026-07-27 19:55:00,1.33038,1.33053,1.33015,1.3303099999999999,1544,0,0
2026-07-27 20:00:00,1.3303099999999999,1.33036,1.32865,1.32895,1989,0,0
2026-07-27 20:05:00,1.32895,1.32922,1.32858,1.32912,2056,0,0
2026-07-27 20:10:00,1.32912,1.32938,1.3290899999999999,1.32916,1172,0,0
2026-07-27 20:15:00,1.32916,1.32921,1.32871,1.32874,1266,0,0
2026-07-27 20:20:00,1.32874,1.32892,1.32853,1.32858,1093,0,0
2026-07-27 20:25:00,1.32858,1.32871,1.3284500000000001,1.32855,1133,0,0
2026-07-27 20:30:00,1.32855,1.329,1.32842,1.32886,1189,0,0
2026-07-27 20:35:00,1.32886,1.32889,1.32853,1.32861,1124,0,0
2026-07-27 20:40:00,1.32861,1.32866,1.32844,1.32858,1061,0,0
2026-07-27 20:45:00,1.32858,1.32882,1.32852,1.32876,884,0,0
2026-07-27 20:50:00,1.32876,1.3290600000000001,1.32874,1.32904,540,0,0
2026-07-27 20:55:00,1.32904,1.32918,1.32893,1.32913,922,0,0
2026-07-27 21:00:00,1.32913,1.32924,1.32898,1.32918,1028,0,0
2026-07-27 21:05:00,1.32918,1.32925,1.32905,1.32915,763,0,0
2026-07-27 21:10:00,1.32915,1.32923,1.32905,1.32915,870,0,0
2026-07-27 21:15:00,1.32915,1.32919,1.3289900000000001,1.329,1411,0,0
2026-07-27 21:20:00,1.329,1.3290600000000001,1.3288,1.32892,1253,0,0
2026-07-27 21:25:00,1.32892,1.3290199999999999,1.32883,1.32897,1162,0,0
2026-07-27 21:30:00,1.32897,1.32912,1.32889,1.3289,965,0,0
2026-07-27 21:35:00,1.3289,1.3290199999999999,1.32884,1.32891,878,0,0
2026-07-27 21:40:00,1.32892,1.32941,1.3287900000000001,1.329,1555,0,0
2026-07-27 21:45:00,1.329,1.32922,1.3288,1.32885,1037,0,0
2026-07-27 21:50:00,1.32885,1.32908,1.32881,1.3290199999999999,1045,0,0
2026-07-27 21:55:00,1.3290199999999999,1.32915,1.32869,1.32884,1463,0,0
2026-07-27 22:00:00,1.32884,1.32914,1.32882,1.32888,772,0,0
2026-07-27 22:05:00,1.32887,1.32901,1.32885,1.32897,684,0,0
2026-07-27 22:10:00,1.32897,1.32913,1.32888,1.32893,570,0,0
2026-07-27 22:15:00,1.32893,1.32908,1.32893,1.3290199999999999,517,0,0
2026-07-27 22:20:00,1.3290199999999999,1.32923,1.3290199999999999,1.32921,453,0,0
2026-07-27 22:25:00,1.32921,1.32931,1.32916,1.3293,496,0,0
2026-07-27 22:30:00,1.3293,1.32951,1.32924,1.3293599999999999,765,0,0
2026-07-27 22:35:00,1.3293599999999999,1.32957,1.32934,1.32955,589,0,0
2026-07-27 22:40:00,1.32955,1.3296700000000001,1.32941,1.32951,639,0,0
2026-07-27 22:45:00,1.32951,1.3296000000000001,1.3292,1.32925,911,0,0
2026-07-27 22:50:00,1.32925,1.32939,1.32923,1.32932,856,0,0
2026-07-27 22:55:00,1.32931,1.32931,1.32915,1.32918,1209,0,0
2026-07-27 23:00:00,1.32918,1.32929,1.32912,1.32915,568,0,0
2026-07-27 23:05:00,1.32914,1.32916,1.32898,1.3290600000000001,497,0,0
2026-07-27 23:10:00,1.3290600000000001,1.32921,1.3290199999999999,1.32918,520,0,0
2026-07-27 23:15:00,1.32918,1.3292,1.3290600000000001,1.3290600000000001,288,0,0
2026-07-27 23:20:00,1.32907,1.3291,1.32895,1.32901,292,0,0
2026-07-27 23:25:00,1.32901,1.3291,1.3289900000000001,1.3290199999999999,249,0,0
2026-07-27 23:30:00,1.3290199999999999,1.3290199999999999,1.32868,1.3287,261,0,0
2026-07-27 23:35:00,1.3287,1.3287900000000001,1.32864,1.32873,292,0,0
2026-07-27 23:40:00,1.32873,1.32881,1.32865,1.32868,572,0,0
2026-07-27 23:45:00,1.32868,1.32871,1.3286,1.32868,344,0,0
2026-07-27 23:50:00,1.32867,1.32881,1.32867,1.3287200000000001,258,0,0
2026-07-27 23:55:00,1.3287200000000001,1.32894,1.32867,1.32878,317,0,0
2026-07-28 00:00:00,1.3287200000000001,1.32935,1.3287200000000001,1.32921,64,12,0
2026-07-28 00:05:00,1.32921,1.32992,1.32883,1.32991,66,0,0
2026-07-28 00:10:00,1.32991,1.33007,1.32896,1.3290199999999999,152,0,0
2026-07-28 00:15:00,1.32903,1.32923,1.32883,1.32904,146,0,0
2026-07-28 00:20:00,1.32904,1.33037,1.32904,1.33036,100,11,0
2026-07-28 00:25:00,1.33036,1.3305,1.3293300000000001,1.33047,18,1,0
2026-07-28 00:30:00,1.33047,1.33047,1.3289900000000001,1.329,194,0,0
2026-07-28 00:35:00,1.329,1.32947,1.3289900000000001,1.32922,270,0,0
2026-07-28 00:40:00,1.32922,1.32975,1.32911,1.3293300000000001,812,0,0
2026-07-28 00:45:00,1.3293300000000001,1.3296000000000001,1.32905,1.32912,140,0,0
2026-07-28 00:50:00,1.32912,1.32952,1.3289900000000001,1.32917,148,0,0
2026-07-28 00:55:00,1.32918,1.32944,1.32901,1.32913,289,0,0
2026-07-28 01:00:00,1.32913,1.3294000000000001,1.32893,1.32903,424,0,0
2026-07-28 01:05:00,1.32903,1.32912,1.3290199999999999,1.32907,274,0,0
2026-07-28 01:10:00,1.32907,1.32907,1.32876,1.329,491,0,0
2026-07-28 01:15:00,1.329,1.3290600000000001,1.32895,1.3289900000000001,411,0,0
2026-07-28 01:20:00,1.3289900000000001,1.32901,1.32892,1.32896,365,0,0
2026-07-28 01:25:00,1.32896,1.3289900000000001,1.32889,1.32889,243,0,0
2026-07-28 01:30:00,1.32889,1.32901,1.32889,1.32892,298,0,0
2026-07-28 01:35:00,1.32892,1.32901,1.32891,1.32896,191,0,0
2026-07-28 01:40:00,1.32896,1.32897,1.32887,1.32888,139,0,0
2026-07-28 01:45:00,1.32888,1.32891,1.32886,1.32888,134,0,0
2026-07-28 01:50:00,1.32888,1.32891,1.32887,1.32889,113,0,0
2026-07-28 01:55:00,1.3289,1.3289,1.3287900000000001,1.32886,166,0,0
2026-07-28 02:00:00,1.32886,1.32889,1.32869,1.3287900000000001,363,0,0
2026-07-28 02:05:00,1.3287900000000001,1.32896,1.3287900000000001,1.3289,370,0,0
2026-07-28 02:10:00,1.3289,1.32892,1.32884,1.32889,128,0,0
2026-07-28 02:15:00,1.32889,1.32895,1.32887,1.32889,175,0,0
2026-07-28 02:20:00,1.32889,1.32891,1.32885,1.32889,128,0,0
2026-07-28 02:25:00,1.32888,1.329,1.32887,1.32897,207,0,0
2026-07-28 02:30:00,1.32897,1.3290199999999999,1.32889,1.3289900000000001,216,0,0
2026-07-28 02:35:00,1.3289900000000001,1.32901,1.32889,1.32894,197,0,0
2026-07-28 02:40:00,1.32894,1.3290199999999999,1.32894,1.32897,353,0,0
2026-07-28 02:45:00,1.32897,1.32904,1.32871,1.32876,565,0,0
2026-07-28 02:50:00,1.32876,1.32889,1.3287499999999999,1.32878,563,0,0
2026-07-28 02:55:00,1.32878,1.3289900000000001,1.32877,1.3289900000000001,490,0,0
2026-07-28 03:00:00,1.3289900000000001,1.32907,1.32871,1.32873,1842,0,0
2026-07-28 03:05:00,1.32873,1.32892,1.32857,1.32889,1516,0,0
2026-07-28 03:10:00,1.32889,1.32891,1.3287200000000001,1.32878,1188,0,0
2026-07-28 03:15:00,1.32878,1.32908,1.32874,1.32905,1351,0,0
2026-07-28 03:20:00,1.32905,1.32915,1.32897,1.32908,1322,0,0
2026-07-28 03:25:00,1.32908,1.3293300000000001,1.3290600000000001,1.32925,1376,0,0
2026-07-28 03:30:00,1.32925,1.32932,1.32913,1.32926,962,0,0
2026-07-28 03:35:00,1.32926,1.3294000000000001,1.32918,1.32934,815,0,0
2026-07-28 03:40:00,1.32934,1.3293599999999999,1.32908,1.32915,702,0,0
2026-07-28 03:45:00,1.32915,1.32917,1.3289900000000001,1.32911,1221,0,0
2026-07-28 03:50:00,1.32911,1.32912,1.32885,1.32893,920,0,0
2026-07-28 03:55:00,1.32893,1.3293599999999999,1.32886,1.32932,1479,0,0
2026-07-28 04:00:00,1.32932,1.32982,1.32926,1.3295,1617,0,0
2026-07-28 04:05:00,1.3295,1.32964,1.32945,1.32956,817,0,0
2026-07-28 04:10:00,1.32956,1.32959,1.32928,1.3293300000000001,831,0,0
2026-07-28 04:15:00,1.32932,1.32947,1.32916,1.32939,783,0,0
2026-07-28 04:20:00,1.32939,1.3295,1.32937,1.3294000000000001,1318,0,0
2026-07-28 04:25:00,1.3294000000000001,1.32953,1.32928,1.32946,612,0,0
2026-07-28 04:30:00,1.32947,1.32957,1.32937,1.3295,900,0,0
2026-07-28 04:35:00,1.3295,1.32958,1.3293599999999999,1.32938,878,0,0
2026-07-28 04:40:00,1.32938,1.32943,1.3292,1.32929,908,0,0
2026-07-28 04:45:00,1.32929,1.3293599999999999,1.32918,1.32925,928,0,0
2026-07-28 04:50:00,1.32925,1.3293,1.32897,1.3290899999999999,1107,0,0
2026-07-28 04:55:00,1.3290899999999999,1.32924,1.3290899999999999,1.32919,683,0,0
2026-07-28 05:00:00,1.32919,1.32928,1.32908,1.32919,764,0,0
2026-07-28 05:05:00,1.32919,1.32959,1.32917,1.32953,960,0,0
2026-07-28 05:10:00,1.32953,1.32962,1.32944,1.32951,945,0,0
2026-07-28 05:15:00,1.3295,1.32953,1.3294000000000001,1.32949,838,0,0
2026-07-28 05:20:00,1.32949,1.3296299999999999,1.32943,1.32956,838,0,0
2026-07-28 05:25:00,1.32956,1.32956,1.32925,1.32928,793,0,0
2026-07-28 05:30:00,1.32928,1.32941,1.32922,1.32929,713,0,0
2026-07-28 05:35:00,1.32928,1.32938,1.32926,1.32931,635,0,0
2026-07-28 05:40:00,1.32931,1.32948,1.32927,1.32944,1050,0,0
2026-07-28 05:45:00,1.32944,1.32962,1.32931,1.32959,1063,0,0
2026-07-28 05:50:00,1.32959,1.33009,1.32958,1.32995,1304,0,0
2026-07-28 05:55:00,1.32995,1.32999,1.3298,1.32984,1395,0,0
2026-07-28 06:00:00,1.32984,1.32996,1.32975,1.32986,1011,0,0
2026-07-28 06:05:00,1.32986,1.32987,1.32971,1.32974,1034,0,0
2026-07-28 06:10:00,1.32974,1.32978,1.32952,1.32974,933,0,0
2026-07-28 06:15:00,1.32974,1.3301,1.32969,1.33003,922,0,0
2026-07-28 06:20:00,1.33002,1.33012,1.32998,1.33007,533,0,0
2026-07-28 06:25:00,1.33007,1.33013,1.33002,1.33008,1035,0,0
2026-07-28 06:30:00,1.33008,1.33044,1.33006,1.33039,1033,0,0
2026-07-28 06:35:00,1.33038,1.3304,1.33,1.33012,1338,0,0
2026-07-28 06:40:00,1.33012,1.33022,1.33,1.33009,834,0,0
2026-07-28 06:45:00,1.33009,1.33009,1.32996,1.33004,1009,0,0
2026-07-28 06:50:00,1.33004,1.33005,1.32983,1.32991,727,0,0
2026-07-28 06:55:00,1.32991,1.32991,1.32971,1.32982,727,0,0
2026-07-28 07:00:00,1.32982,1.32983,1.3294000000000001,1.32955,1313,0,0
2026-07-28 07:05:00,1.32954,1.32964,1.32944,1.3295,956,0,0
2026-07-28 07:10:00,1.3295,1.32956,1.32925,1.32931,734,0,0
2026-07-28 07:15:00,1.32931,1.32961,1.32926,1.32957,1131,0,0
2026-07-28 07:20:00,1.32957,1.3296000000000001,1.32934,1.32939,922,0,0
2026-07-28 07:25:00,1.32938,1.32948,1.32927,1.32945,1144,0,0
2026-07-28 07:30:00,1.32945,1.3295,1.3293599999999999,1.32947,640,0,0
2026-07-28 07:35:00,1.32947,1.3295,1.32931,1.3294000000000001,797,0,0
2026-07-28 07:40:00,1.3294000000000001,1.32948,1.3293599999999999,1.32946,727,0,0
2026-07-28 07:45:00,1.32946,1.3296299999999999,1.32942,1.32956,562,0,0
2026-07-28 07:50:00,1.32956,1.32962,1.32928,1.32929,663,0,0
2026-07-28 07:55:00,1.32929,1.32943,1.32924,1.32943,913,0,0
2026-07-28 08:00:00,1.32943,1.32953,1.32935,1.32949,908,0,0
2026-07-28 08:05:00,1.32949,1.32951,1.32903,1.3291,1410,0,0
2026-07-28 08:10:00,1.3291,1.32912,1.3287200000000001,1.32877,899,0,0
2026-07-28 08:15:00,1.32877,1.32884,1.32869,1.32874,712,0,0
2026-07-28 08:20:00,1.32874,1.32886,1.32865,1.32874,865,0,0
2026-07-28 08:25:00,1.32874,1.3290600000000001,1.32869,1.32905,799,0,0
2026-07-28 08:30:00,1.32905,1.32912,1.32885,1.32886,1061,0,0
2026-07-28 08:35:00,1.32886,1.32891,1.32857,1.3287,755,0,0
2026-07-28 08:40:00,1.3287,1.32903,1.32858,1.32893,879,0,0
2026-07-28 08:45:00,1.32893,1.32897,1.32861,1.32864,1065,0,0
2026-07-28 08:50:00,1.32864,1.32882,1.32859,1.32877,767,0,0
2026-07-28 08:55:00,1.32877,1.32888,1.32874,1.3287900000000001,972,0,0
2026-07-28 09:00:00,1.32878,1.3290199999999999,1.32869,1.32871,1842,0,0
2026-07-28 09:05:00,1.32871,1.32882,1.32861,1.32871,1367,0,0
2026-07-28 09:10:00,1.32871,1.32903,1.32866,1.32901,1173,0,0
2026-07-28 09:15:00,1.32901,1.32912,1.32895,1.329,1721,0,0
2026-07-28 09:20:00,1.329,1.32919,1.32895,1.32914,1397,0,0
2026-07-28 09:25:00,1.32915,1.32961,1.3289900000000001,1.32957,1369,0,0
2026-07-28 09:30:00,1.32957,1.32973,1.32928,1.32928,1345,0,0
2026-07-28 09:35:00,1.32928,1.3295,1.3292,1.3294000000000001,1116,0,0
2026-07-28 09:40:00,1.3294000000000001,1.3296299999999999,1.32927,1.3295,1012,0,0
2026-07-28 09:45:00,1.3295,1.32952,1.32923,1.32925,1030,0,0
2026-07-28 09:50:00,1.32925,1.32989,1.32925,1.32988,871,0,0
2026-07-28 09:55:00,1.32988,1.33018,1.32965,1.32988,1536,0,0
2026-07-28 10:00:00,1.32988,1.32989,1.32937,1.32952,1422,0,0
2026-07-28 10:05:00,1.32953,1.33022,1.32943,1.33008,803,0,0
2026-07-28 10:10:00,1.33008,1.33022,1.3299,1.33018,1290,0,0
2026-07-28 10:15:00,1.33018,1.33033,1.33013,1.33017,820,0,0
2026-07-28 10:20:00,1.33017,1.33042,1.33013,1.33025,1071,0,0
2026-07-28 10:25:00,1.33026,1.33049,1.33025,1.3303,1031,0,0
2026-07-28 10:30:00,1.3303,1.33046,1.3302800000000001,1.33035,757,0,0
2026-07-28 10:35:00,1.33035,1.33052,1.32992,1.33,718,0,0
2026-07-28 10:40:00,1.33,1.33022,1.32972,1.32981,764,0,0
2026-07-28 10:45:00,1.32981,1.32983,1.32934,1.32937,864,0,0
2026-07-28 10:50:00,1.3293599999999999,1.32955,1.32918,1.3294000000000001,1395,0,0
2026-07-28 10:55:00,1.3294000000000001,1.3296299999999999,1.32916,1.32917,1200,0,0
2026-07-28 11:00:00,1.32917,1.33015,1.32914,1.33013,1423,0,0
2026-07-28 11:05:00,1.33013,1.33027,1.33003,1.33013,1187,0,0
2026-07-28 11:10:00,1.33013,1.33015,1.32971,1.32991,1556,0,0
2026-07-28 11:15:00,1.32991,1.33042,1.32991,1.33006,1522,0,0
2026-07-28 11:20:00,1.33006,1.33054,1.33005,1.33034,1040,0,0
2026-07-28 11:25:00,1.33034,1.33035,1.3299,1.33012,990,0,0
2026-07-28 11:30:00,1.33013,1.33019,1.32998,1.33009,1083,0,0
2026-07-28 11:35:00,1.33009,1.33013,1.3296700000000001,1.32971,868,0,0
2026-07-28 11:40:00,1.3296999999999999,1.33005,1.32966,1.33003,913,0,0
2026-07-28 11:45:00,1.33003,1.33034,1.32988,1.3302800000000001,1037,0,0
2026-07-28 11:50:00,1.3302800000000001,1.33034,1.32995,1.3299699999999999,760,0,0
2026-07-28 11:55:00,1.3299699999999999,1.3303099999999999,1.32993,1.33027,1015,0,0
2026-07-28 12:00:00,1.33027,1.33033,1.33008,1.33018,941,0,0
2026-07-28 12:05:00,1.33018,1.33022,1.32956,1.32961,753,0,0
2026-07-28 12:10:00,1.32961,1.3296299999999999,1.32927,1.32944,844,0,0
2026-07-28 12:15:00,1.32944,1.32959,1.32937,1.32941,985,0,0
2026-07-28 12:20:00,1.32941,1.32949,1.32928,1.32939,687,0,0
2026-07-28 12:25:00,1.32939,1.32953,1.32921,1.32928,841,0,0
2026-07-28 12:30:00,1.32928,1.3293,1.32897,1.32904,834,0,0
2026-07-28 12:35:00,1.32904,1.32934,1.32901,1.32917,894,0,0
2026-07-28 12:40:00,1.32917,1.32934,1.3287900000000001,1.32882,1102,0,0
2026-07-28 12:45:00,1.32882,1.32891,1.32856,1.32861,795,0,0
2026-07-28 12:50:00,1.32861,1.32869,1.32806,1.3281399999999999,781,0,0
2026-07-28 12:55:00,1.3281399999999999,1.32825,1.32798,1.32802,1113,0,0
2026-07-28 13:00:00,1.32801,1.32801,1.32771,1.32778,833,0,0
2026-07-28 13:05:00,1.32778,1.32781,1.32752,1.32755,796,0,0
2026-07-28 13:10:00,1.32755,1.3277700000000001,1.32736,1.32769,910,0,0
2026-07-28 13:15:00,1.32769,1.32769,1.32735,1.32739,693,0,0
2026-07-28 13:20:00,1.32739,1.32803,1.32738,1.32786,893,0,0
2026-07-28 13:25:00,1.32785,1.32793,1.3277,1.32779,835,0,0
2026-07-28 13:30:00,1.32779,1.3281100000000001,1.32775,1.32805,1004,0,0
2026-07-28 13:35:00,1.32805,1.32819,1.32766,1.3281100000000001,1606,0,0
2026-07-28 13:40:00,1.3281100000000001,1.32816,1.32768,1.3277,1314,0,0
2026-07-28 13:45:00,1.3277,1.32781,1.32755,1.32756,938,0,0
2026-07-28 13:50:00,1.32756,1.32793,1.32747,1.32786,1012,0,0
2026-07-28 13:55:00,1.32785,1.32826,1.32782,1.32795,1721,0,0
2026-07-28 14:00:00,1.32795,1.32816,1.3276,1.32769,1391,0,0
2026-07-28 14:05:00,1.32769,1.32782,1.32751,1.32769,1150,0,0
2026-07-28 14:10:00,1.32769,1.32779,1.32745,1.32758,1056,0,0
2026-07-28 14:15:00,1.32758,1.32812,1.32755,1.3278400000000001,1573,0,0
2026-07-28 14:20:00,1.3278400000000001,1.3281800000000001,1.3277700000000001,1.32817,1184,0,0
2026-07-28 14:25:00,1.32817,1.3283,1.32798,1.32805,1262,0,0
2026-07-28 14:30:00,1.32805,1.32817,1.32798,1.32805,672,0,0
2026-07-28 14:35:00,1.32805,1.3283800000000001,1.32801,1.32816,1004,0,0
2026-07-28 14:40:00,1.32816,1.32834,1.328,1.328,947,0,0
2026-07-28 14:45:00,1.328,1.32815,1.3277999999999999,1.32782,1074,0,0
2026-07-28 14:50:00,1.32781,1.3279,1.32743,1.3277999999999999,1661,0,0
2026-07-28 14:55:00,1.3277999999999999,1.32813,1.32778,1.32793,1423,0,0
2026-07-28 15:00:00,1.32793,1.32842,1.32791,1.32832,1573,0,0
2026-07-28 15:05:00,1.32832,1.32865,1.32821,1.32865,1120,0,0
2026-07-28 15:10:00,1.32865,1.3287200000000001,1.32827,1.32855,942,0,0
2026-07-28 15:15:00,1.32855,1.3287200000000001,1.32851,1.32865,851,0,0
2026-07-28 15:20:00,1.32867,1.329,1.32847,1.32862,1261,0,0
2026-07-28 15:25:00,1.32862,1.32866,1.32843,1.32851,980,0,0
2026-07-28 15:30:00,1.32851,1.32884,1.32835,1.32883,838,0,0
2026-07-28 15:35:00,1.32883,1.3290600000000001,1.32873,1.32897,1231,0,0
2026-07-28 15:40:00,1.32897,1.32946,1.3289,1.32938,1073,0,0
2026-07-28 15:45:00,1.32938,1.32985,1.3293599999999999,1.32984,1014,0,0
2026-07-28 15:50:00,1.32984,1.32991,1.32942,1.32956,970,0,0
2026-07-28 15:55:00,1.32956,1.32993,1.32954,1.32981,859,0,0
2026-07-28 16:00:00,1.32981,1.33033,1.32977,1.32991,973,0,0
2026-07-28 16:05:00,1.32991,1.33019,1.32987,1.33007,1213,0,0
2026-07-28 16:10:00,1.33007,1.33018,1.32957,1.32966,876,0,0
2026-07-28 16:15:00,1.32966,1.32971,1.32944,1.32956,953,0,0
2026-07-28 16:20:00,1.32957,1.3300100000000001,1.32955,1.32979,1166,0,0
2026-07-28 16:25:00,1.32979,1.3299,1.3296000000000001,1.32964,810,0,0
2026-07-28 16:30:00,1.32964,1.3299,1.32961,1.32979,1279,0,0
2026-07-28 16:35:00,1.32978,1.32987,1.32942,1.32957,1308,0,0
2026-07-28 16:40:00,1.32957,1.32988,1.32954,1.32969,1473,0,0
2026-07-28 16:45:00,1.32969,1.33033,1.32954,1.33025,1407,0,0
2026-07-28 16:50:00,1.33025,1.33033,1.32992,1.32999,1754,0,0
2026-07-28 16:55:00,1.32999,1.33012,1.32977,1.33003,1260,0,0
2026-07-28 17:00:00,1.33004,1.3302100000000001,1.32995,1.33007,1359,0,0
2026-07-28 17:05:00,1.33006,1.3302,1.32971,1.32993,1477,0,0
2026-07-28 17:10:00,1.32993,1.33,1.32948,1.32951,1270,0,0
2026-07-28 17:15:00,1.32951,1.32959,1.32917,1.32922,1317,0,0
2026-07-28 17:20:00,1.32922,1.32951,1.32915,1.32927,1525,0,0
2026-07-28 17:25:00,1.32927,1.32964,1.32924,1.32958,1573,0,0
2026-07-28 17:30:00,1.32958,1.3299,1.32945,1.32946,1608,0,0
2026-07-28 17:35:00,1.32946,1.3296299999999999,1.32931,1.32935,1606,0,0
2026-07-28 17:40:00,1.32935,1.32954,1.32919,1.3293300000000001,1413,0,0
2026-07-28 17:45:00,1.3293300000000001,1.32946,1.329,1.3294000000000001,1524,0,0
2026-07-28 17:50:00,1.3294000000000001,1.32941,1.32855,1.3293599999999999,2418,0,0
2026-07-28 17:55:00,1.3293599999999999,1.3293599999999999,1.32883,1.32916,2684,0,0
2026-07-28 18:00:00,1.32916,1.32961,1.32904,1.3290600000000001,2223,0,0
2026-07-28 18:05:00,1.3290600000000001,1.32957,1.32885,1.32948,1709,0,0
2026-07-28 18:10:00,1.32947,1.33054,1.32941,1.3302100000000001,3525,0,0
2026-07-28 18:15:00,1.3302100000000001,1.33048,1.33006,1.33043,2394,0,0
2026-07-28 18:20:00,1.33041,1.33073,1.33018,1.3302,2457,0,0
2026-07-28 18:25:00,1.3302,1.33069,1.3301,1.33042,1880,0,0
2026-07-28 18:30:00,1.33042,1.33083,1.33025,1.3307,1918,0,0
2026-07-28 18:35:00,1.33071,1.33077,1.33035,1.33036,1648,0,0
2026-07-28 18:40:00,1.33036,1.33105,1.33035,1.33097,1743,0,0
2026-07-28 18:45:00,1.33096,1.33105,1.33084,1.33097,1140,0,0
2026-07-28 18:50:00,1.33097,1.33112,1.33051,1.33073,1658,0,0
2026-07-28 18:55:00,1.33073,1.33098,1.3305,1.3309199999999999,1850,0,0
2026-07-28 19:00:00,1.3309199999999999,1.33112,1.33076,1.3308900000000001,2042,0,0
2026-07-28 19:05:00,1.3308900000000001,1.33104,1.3307,1.33084,1661,0,0
2026-07-28 19:10:00,1.3308499999999999,1.3308499999999999,1.33061,1.33069,1474,0,0
2026-07-28 19:15:00,1.33069,1.33083,1.3305,1.33057,1040,0,0
2026-07-28 19:20:00,1.33057,1.3308499999999999,1.33054,1.33076,1214,0,0
2026-07-28 19:25:00,1.33076,1.3309,1.3307,1.33079,1040,0,0
2026-07-28 19:30:00,1.3308,1.3308,1.33045,1.3307,1491,0,0
2026-07-28 19:35:00,1.3307,1.33102,1.33069,1.33091,1083,0,0
2026-07-28 19:40:00,1.33091,1.3309199999999999,1.33047,1.33047,1278,0,0
2026-07-28 19:45:00,1.33048,1.3305799999999999,1.33005,1.33014,1527,0,0
2026-07-28 19:50:00,1.33013,1.33038,1.33012,1.3302800000000001,1115,0,0
2026-07-28 19:55:00,1.3302800000000001,1.33034,1.33011,1.33012,1163,0,0
2026-07-28 20:00:00,1.33012,1.33033,1.33007,1.3302800000000001,1309,0,0
2026-07-28 20:05:00,1.3302800000000001,1.33051,1.33007,1.33013,1593,0,0
2026-07-28 20:10:00,1.33013,1.33014,1.32981,1.33,1497,0,0
2026-07-28 20:15:00,1.33,1.33014,1.3299400000000001,1.33007,1288,0,0
2026-07-28 20:20:00,1.33007,1.33059,1.32989,1.32989,1508,0,0
2026-07-28 20:25:00,1.32989,1.33008,1.32986,1.32996,1195,0,0
2026-07-28 20:30:00,1.32996,1.33004,1.32983,1.33,1055,0,0
2026-07-28 20:35:00,1.33,1.33003,1.32973,1.3298,703,0,0
2026-07-28 20:40:00,1.3298,1.3298,1.32953,1.32959,822,0,0
2026-07-28 20:45:00,1.32959,1.32964,1.32924,1.32942,1022,0,0
2026-07-28 20:50:00,1.32942,1.32944,1.32931,1.32934,719,0,0
2026-07-28 20:55:00,1.3293300000000001,1.3294000000000001,1.3290899999999999,1.32917,1194,0,0
2026-07-28 21:00:00,1.32917,1.32934,1.32894,1.32907,1161,0,0
2026-07-28 21:05:00,1.32907,1.32912,1.32893,1.32907,854,0,0
2026-07-28 21:10:00,1.32907,1.32917,1.32887,1.32905,803,0,0
2026-07-28 21:15:00,1.32905,1.32922,1.3290199999999999,1.32914,963,0,0
2026-07-28 21:20:00,1.32914,1.32914,1.32887,1.32892,971,0,0
2026-07-28 21:25:00,1.32892,1.32895,1.32864,1.32878,814,0,0
2026-07-28 21:30:00,1.32878,1.32896,1.32877,1.32889,1191,0,0
2026-07-28 21:35:00,1.3289,1.3291,1.32887,1.3289900000000001,797,0,0
2026-07-28 21:40:00,1.3289900000000001,1.32912,1.32894,1.3290600000000001,778,0,0
2026-07-28 21:45:00,1.3290600000000001,1.3290899999999999,1.32878,1.32889,1059,0,0
2026-07-28 21:50:00,1.32888,1.32904,1.32888,1.3289900000000001,896,0,0
2026-07-28 21:55:00,1.3289900000000001,1.32904,1.32885,1.32889,1051,0,0
2026-07-28 22:00:00,1.32889,1.32908,1.32883,1.3290600000000001,914,0,0
2026-07-28 22:05:00,1.3290600000000001,1.32932,1.32905,1.32924,655,0,0
2026-07-28 22:10:00,1.32924,1.32929,1.3290600000000001,1.32912,503,0,0
2026-07-28 22:15:00,1.32911,1.32942,1.3290600000000001,1.32939,785,0,0
2026-07-28 22:20:00,1.3294000000000001,1.32951,1.3293,1.32939,652,0,0
2026-07-28 22:25:00,1.32939,1.32942,1.32905,1.32907,959,0,0
2026-07-28 22:30:00,1.32907,1.32924,1.32904,1.32916,910,0,0
2026-07-28 22:35:00,1.32916,1.32917,1.3290199999999999,1.32916,686,0,0
2026-07-28 22:40:00,1.32916,1.32922,1.3290600000000001,1.32918,1122,0,0
2026-07-28 22:45:00,1.32918,1.32953,1.32915,1.3294000000000001,990,0,0
2026-07-28 22:50:00,1.3294000000000001,1.32941,1.3292,1.32938,846,0,0
2026-07-28 22:55:00,1.32938,1.32938,1.32876,1.3287900000000001,1120,0,0
2026-07-28 23:00:00,1.3287900000000001,1.32892,1.32874,1.3287900000000001,1459,0,0
2026-07-28 23:05:00,1.3287900000000001,1.329,1.32873,1.32898,691,0,0
2026-07-28 23:10:00,1.32898,1.3291,1.32897,1.32907,200,0,0
2026-07-28 23:15:00,1.32907,1.32915,1.32895,1.32895,545,0,0
2026-07-28 23:20:00,1.32895,1.329,1.32886,1.32892,334,0,0
2026-07-28 23:25:00,1.3289,1.32893,1.32867,1.32883,320,0,0
2026-07-28 23:30:00,1.32884,1.32884,1.32866,1.3287200000000001,289,0,0
2026-07-28 23:35:00,1.3287200000000001,1.32888,1.32863,1.32876,358,0,0
2026-07-28 23:40:00,1.32876,1.32888,1.32866,1.32886,700,0,0
2026-07-28 23:45:00,1.32886,1.32886,1.3287200000000001,1.3287499999999999,458,0,0
2026-07-28 23:50:00,1.3287499999999999,1.32885,1.32866,1.3287200000000001,189,0,0
2026-07-28 23:55:00,1.32871,1.32912,1.32868,1.3288,712,0,0
2026-07-29 00:00:00,1.3288,1.33005,1.32825,1.33002,43,0,0
2026-07-29 00:05:00,1.33,1.33006,1.32868,1.32887,115,0,0
2026-07-29 00:10:00,1.32878,1.32907,1.32878,1.32891,50,3,0
2026-07-29 00:15:00,1.32891,1.32987,1.32891,1.3295,143,0,0
2026-07-29 00:20:00,1.32951,1.32955,1.3294000000000001,1.32941,87,3,0
2026-07-29 00:25:00,1.32941,1.32942,1.3290899999999999,1.32923,105,3,0
2026-07-29 00:30:00,1.32923,1.32926,1.32901,1.32916,280,0,0
2026-07-29 00:35:00,1.32916,1.3293599999999999,1.32904,1.32913,180,0,0
2026-07-29 00:40:00,1.32913,1.3292,1.3289900000000001,1.32908,220,6,0
2026-07-29 00:45:00,1.32914,1.32919,1.32907,1.32918,190,0,0
2026-07-29 00:50:00,1.32918,1.32919,1.3290600000000001,1.32919,114,0,0
2026-07-29 00:55:00,1.32919,1.32921,1.32877,1.3287900000000001,217,0,0
2026-07-29 01:00:00,1.3287900000000001,1.3290199999999999,1.3287499999999999,1.32894,584,0,0
2026-07-29 01:05:00,1.32894,1.32912,1.32894,1.32907,156,0,0
2026-07-29 01:10:00,1.32907,1.32914,1.32878,1.32878,394,0,0
2026-07-29 01:15:00,1.3287900000000001,1.3289,1.32868,1.32869,491,0,0
2026-07-29 01:20:00,1.32869,1.32869,1.32836,1.3283800000000001,396,0,0
2026-07-29 01:25:00,1.3283800000000001,1.32855,1.32833,1.32849,526,0,0
2026-07-29 01:30:00,1.32849,1.32861,1.3283800000000001,1.32859,509,0,0
2026-07-29 01:35:00,1.32858,1.3286,1.32834,1.32837,424,0,0
2026-07-29 01:40:00,1.32837,1.32847,1.32833,1.32839,454,0,0
2026-07-29 01:45:00,1.32839,1.32842,1.32832,1.3283800000000001,356,0,0
2026-07-29 01:50:00,1.32839,1.32849,1.32834,1.32844,460,0,0
2026-07-29 01:55:00,1.32844,1.32851,1.32842,1.32849,340,0,0
2026-07-29 02:00:00,1.32849,1.32849,1.32819,1.3283800000000001,516,0,0
2026-07-29 02:05:00,1.3283800000000001,1.3283800000000001,1.3280699999999999,1.32808,480,0,0
2026-07-29 02:10:00,1.32808,1.32842,1.32808,1.3283800000000001,500,0,0
2026-07-29 02:15:00,1.3283800000000001,1.3284500000000001,1.32829,1.32834,559,0,0
2026-07-29 02:20:00,1.32834,1.32852,1.32828,1.32851,475,0,0
2026-07-29 02:25:00,1.32851,1.32851,1.3283800000000001,1.3285,351,0,0
2026-07-29 02:30:00,1.3284799999999999,1.32851,1.3284099999999999,1.32842,378,0,0
2026-07-29 02:35:00,1.32842,1.32849,1.32837,1.3284,287,0,0
2026-07-29 02:40:00,1.3284,1.32869,1.32835,1.32865,397,0,0
2026-07-29 02:45:00,1.32865,1.3287,1.3284500000000001,1.32867,1186,0,0
2026-07-29 02:50:00,1.32866,1.3287200000000001,1.32855,1.32856,829,0,0
2026-07-29 02:55:00,1.32856,1.32871,1.32854,1.32867,687,0,0
2026-07-29 03:00:00,1.32868,1.3288,1.3283,1.32863,1835,0,0
2026-07-29 03:05:00,1.32862,1.32881,1.32856,1.32857,1341,0,0
2026-07-29 03:10:00,1.32857,1.32863,1.32842,1.32853,1197,0,0
2026-07-29 03:15:00,1.32853,1.32894,1.32849,1.32888,1158,0,0
2026-07-29 03:20:00,1.32888,1.32929,1.32883,1.32896,1475,0,0
2026-07-29 03:25:00,1.32896,1.3292,1.32896,1.32914,1350,0,0
2026-07-29 03:30:00,1.32914,1.32925,1.32904,1.32907,1239,0,0
2026-07-29 03:35:00,1.32907,1.32923,1.3289900000000001,1.32915,1164,0,0
2026-07-29 03:40:00,1.32915,1.32921,1.32903,1.3292,1270,0,0
2026-07-29 03:45:00,1.3292,1.32934,1.32897,1.32898,1140,0,0
2026-07-29 03:50:00,1.32898,1.32919,1.32887,1.32917,1473,0,0
2026-07-29 03:55:00,1.32916,1.32945,1.3290199999999999,1.32924,1285,0,0
2026-07-29 04:00:00,1.32925,1.3294000000000001,1.32917,1.32922,1574,0,0
2026-07-29 04:05:00,1.32922,1.32934,1.32895,1.32897,1200,0,0
2026-07-29 04:10:00,1.32897,1.3290199999999999,1.3287200000000001,1.32878,1136,0,0
2026-07-29 04:15:00,1.32878,1.32913,1.32869,1.3290899999999999,1335,0,0
2026-07-29 04:20:00,1.3290899999999999,1.32928,1.32908,1.3290899999999999,1315,0,0
2026-07-29 04:25:00,1.3290899999999999,1.32913,1.32888,1.32889,1344,0,0
2026-07-29 04:30:00,1.32889,1.3289,1.3283,1.32878,2176,0,0
2026-07-29 04:35:00,1.32878,1.32885,1.32825,1.32837,1916,0,0
2026-07-29 04:40:00,1.32837,1.32842,1.32817,1.32828,1670,0,0
2026-07-29 04:45:00,1.32828,1.32851,1.32822,1.32847,1703,0,0
2026-07-29 04:50:00,1.32847,1.32861,1.32837,1.32855,1392,0,0
2026-07-29 04:55:00,1.32855,1.32892,1.32855,1.32886,1330,0,0
2026-07-29 05:00:00,1.32886,1.32896,1.32876,1.32881,1532,0,0
2026-07-29 05:05:00,1.32881,1.32925,1.32881,1.32921,1343,0,0
2026-07-29 05:10:00,1.32921,1.32939,1.32919,1.32925,1251,0,0
2026-07-29 05:15:00,1.32925,1.32951,1.32925,1.32943,1102,0,0
2026-07-29 05:20:00,1.32943,1.32978,1.3294000000000001,1.3296999999999999,1322,0,0
2026-07-29 05:25:00,1.3296999999999999,1.32982,1.32941,1.32947,1348,0,0
2026-07-29 05:30:00,1.32947,1.32957,1.32944,1.32951,1245,0,0
2026-07-29 05:35:00,1.32951,1.3298,1.32949,1.3296999999999999,1025,0,0
2026-07-29 05:40:00,1.3296999999999999,1.32972,1.32949,1.3296299999999999,1027,0,0
2026-07-29 05:45:00,1.3296299999999999,1.32964,1.32939,1.3294000000000001,794,0,0
2026-07-29 05:50:00,1.3294000000000001,1.32948,1.32928,1.32928,960,0,0
2026-07-29 05:55:00,1.32928,1.32955,1.32928,1.3294000000000001,857,0,0
2026-07-29 06:00:00,1.3294000000000001,1.32954,1.32935,1.32943,868,0,0
2026-07-29 06:05:00,1.32943,1.32966,1.32937,1.3296000000000001,1083,0,0
2026-07-29 06:10:00,1.3296000000000001,1.3296700000000001,1.3295,1.32953,1645,0,0
2026-07-29 06:15:00,1.32953,1.32979,1.3295,1.32974,1242,0,0
2026-07-29 06:20:00,1.32974,1.32984,1.3296999999999999,1.32973,1101,0,0
2026-07-29 06:25:00,1.32973,1.32981,1.3296700000000001,1.32975,1524,0,0
2026-07-29 06:30:00,1.32975,1.3298,1.32962,1.32973,1350,0,0
2026-07-29 06:35:00,1.32973,1.32983,1.32962,1.32976,988,0,0
2026-07-29 06:40:00,1.32976,1.3298,1.32968,1.32977,1169,0,0
2026-07-29 06:45:00,1.32977,1.3299400000000001,1.32971,1.32988,958,0,0
2026-07-29 06:50:00,1.32988,1.32993,1.32958,1.32966,1116,0,0
2026-07-29 06:55:00,1.32966,1.32966,1.3294000000000001,1.32952,1381,0,0
2026-07-29 07:00:00,1.32952,1.32973,1.32943,1.32972,1549,0,0
2026-07-29 07:05:00,1.32971,1.32985,1.32966,1.32984,927,0,0
2026-07-29 07:10:00,1.32984,1.32992,1.32977,1.32981,1146,0,0
2026-07-29 07:15:00,1.32981,1.32993,1.32979,1.32985,1188,0,0
2026-07-29 07:20:00,1.32985,1.3299699999999999,1.32978,1.32992,1065,0,0
2026-07-29 07:25:00,1.32991,1.3300100000000001,1.32964,1.32973,1508,0,0
2026-07-29 07:30:00,1.32973,1.32996,1.32965,1.3299,1452,0,0
2026-07-29 07:35:00,1.32991,1.3301,1.32987,1.32995,1163,0,0
2026-07-29 07:40:00,1.32995,1.33015,1.32992,1.33,1156,0,0
2026-07-29 07:45:00,1.33,1.3301,1.3296000000000001,1.32961,1364,0,0
2026-07-29 07:50:00,1.32962,1.32983,1.32955,1.32961,1032,0,0
2026-07-29 07:55:00,1.32961,1.32985,1.3296000000000001,1.32976,792,0,0
2026-07-29 08:00:00,1.32976,1.3299699999999999,1.32975,1.32996,1352,0,0
2026-07-29 08:05:00,1.32995,1.33006,1.3299,1.32992,1176,0,0
2026-07-29 08:10:00,1.32995,1.33013,1.32992,1.3301,913,0,0
2026-07-29 08:15:00,1.3301,1.33013,1.32996,1.33003,1142,0,0
2026-07-29 08:20:00,1.33003,1.3301,1.32996,1.33006,962,0,0
2026-07-29 08:25:00,1.33007,1.3301,1.32979,1.32979,932,0,0
2026-07-29 08:30:00,1.32979,1.32984,1.32964,1.32977,1214,0,0
2026-07-29 08:35:00,1.32977,1.32993,1.32974,1.32983,806,0,0
2026-07-29 08:40:00,1.32983,1.32999,1.32978,1.32996,766,0,0
2026-07-29 08:45:00,1.32996,1.33003,1.32987,1.33,912,0,0
2026-07-29 08:50:00,1.33,1.3302,1.3299699999999999,1.33016,955,0,0
2026-07-29 08:55:00,1.33016,1.3302,1.32984,1.32989,945,0,0
2026-07-29 09:00:00,1.32988,1.33035,1.32986,1.33025,1582,0,0
2026-07-29 09:05:00,1.3302399999999999,1.33027,1.32982,1.32987,1527,0,0
2026-07-29 09:10:00,1.32987,1.33023,1.32971,1.33023,1265,0,0
2026-07-29 09:15:00,1.33023,1.33043,1.32981,1.32982,1507,0,0
2026-07-29 09:20:00,1.32982,1.32987,1.3295,1.32962,1252,0,0
2026-07-29 09:25:00,1.32962,1.32971,1.32947,1.32961,1387,0,0
2026-07-29 09:30:00,1.32962,1.3299400000000001,1.32947,1.32979,1543,0,0
2026-07-29 09:35:00,1.32979,1.32986,1.32971,1.32982,1458,0,0
2026-07-29 09:40:00,1.32982,1.32995,1.32973,1.32992,1430,0,0
2026-07-29 09:45:00,1.32991,1.32993,1.32951,1.3296000000000001,1158,0,0
2026-07-29 09:50:00,1.3296000000000001,1.32993,1.32959,1.3298,1083,0,0
2026-07-29 09:55:00,1.3298,1.32983,1.32951,1.32971,1647,0,0
2026-07-29 10:00:00,1.32971,1.33004,1.32951,1.32995,1531,0,0
2026-07-29 10:05:00,1.32995,1.33013,1.32981,1.32995,1045,0,0
2026-07-29 10:10:00,1.32995,1.33003,1.32955,1.32968,1087,0,0
2026-07-29 10:15:00,1.32968,1.33004,1.3296700000000001,1.33,1016,0,0
2026-07-29 10:20:00,1.33,1.33034,1.33,1.33032,1256,0,0
2026-07-29 10:25:00,1.33032,1.33035,1.33007,1.3302399999999999,893,0,0
2026-07-29 10:30:00,1.33025,1.33038,1.33,1.33034,997,0,0
2026-07-29 10:35:00,1.33034,1.33075,1.33033,1.3305799999999999,1469,0,0
2026-07-29 10:40:00,1.3305799999999999,1.33063,1.33027,1.33032,1101,0,0
2026-07-29 10:45:00,1.3303099999999999,1.3303099999999999,1.33002,1.3302,1121,0,0
2026-07-29 10:50:00,1.3302,1.3303099999999999,1.33008,1.33025,901,0,0
2026-07-29 10:55:00,1.33025,1.33025,1.32993,1.33022,1024,0,0
2026-07-29 11:00:00,1.33022,1.33025,1.3299400000000001,1.33022,1262,0,0
2026-07-29 11:05:00,1.3302,1.33049,1.33013,1.33015,953,0,0
2026-07-29 11:10:00,1.33015,1.33045,1.3296700000000001,1.32969,1143,0,0
2026-07-29 11:15:00,1.32969,1.33034,1.32968,1.33034,1007,0,0
2026-07-29 11:20:00,1.33034,1.33042,1.3301,1.3302100000000001,1273,0,0
2026-07-29 11:25:00,1.33022,1.3302399999999999,1.32987,1.33018,812,0,0
2026-07-29 11:30:00,1.33018,1.33019,1.3299,1.3299400000000001,717,0,0
2026-07-29 11:35:00,1.3299400000000001,1.33009,1.32982,1.33007,968,0,0
2026-07-29 11:40:00,1.33007,1.33064,1.33007,1.33063,998,0,0
2026-07-29 11:45:00,1.33063,1.3309,1.3305500000000001,1.33087,975,0,0
2026-07-29 11:50:00,1.33087,1.3309,1.3305799999999999,1.33067,987,0,0
2026-07-29 11:55:00,1.33067,1.33084,1.33051,1.3306,1077,0,0
2026-07-29 12:00:00,1.3306,1.3306,1.33026,1.33043,1233,0,0
2026-07-29 12:05:00,1.33043,1.33047,1.33018,1.33044,1285,0,0
2026-07-29 12:10:00,1.33044,1.33054,1.33027,1.33047,827,0,0
2026-07-29 12:15:00,1.33048,1.3305500000000001,1.3303099999999999,1.33043,1045,0,0
2026-07-29 12:20:00,1.33043,1.33052,1.33015,1.33047,1103,0,0
2026-07-29 12:25:00,1.33047,1.33047,1.3303,1.33039,928,0,0
2026-07-29 12:30:00,1.33038,1.33041,1.33016,1.33022,974,0,0
2026-07-29 12:35:00,1.33022,1.33023,1.32958,1.3296000000000001,951,0,0
2026-07-29 12:40:00,1.3296000000000001,1.3302,1.32953,1.3302,987,0,0
2026-07-29 12:45:00,1.3302,1.33025,1.32993,1.33016,1183,0,0
2026-07-29 12:50:00,1.33016,1.33016,1.3296999999999999,1.3298,1001,0,0
2026-07-29 12:55:00,1.3298,1.32995,1.32968,1.32971,1364,0,0
2026-07-29 13:00:00,1.3296999999999999,1.32974,1.32937,1.32957,1483,0,0
2026-07-29 13:05:00,1.32957,1.32964,1.32915,1.32923,1403,0,0
2026-07-29 13:10:00,1.32923,1.3294000000000001,1.3291,1.32922,1185,0,0
2026-07-29 13:15:00,1.32924,1.32942,1.32916,1.32921,1158,0,0
2026-07-29 13:20:00,1.32921,1.3293300000000001,1.3289900000000001,1.32907,1086,0,0
2026-07-29 13:25:00,1.32907,1.32919,1.32889,1.32907,1194,0,0
2026-07-29 13:30:00,1.32907,1.32931,1.32904,1.32908,1025,0,0
2026-07-29 13:35:00,1.32908,1.32934,1.32901,1.32912,1174,0,0
2026-07-29 13:40:00,1.32912,1.32943,1.329,1.32942,921,0,0
2026-07-29 13:45:00,1.32942,1.32942,1.32907,1.3290899999999999,828,0,0
2026-07-29 13:50:00,1.3290899999999999,1.32912,1.32886,1.32891,929,0,0
2026-07-29 13:55:00,1.32891,1.32911,1.32885,1.3290899999999999,884,0,0
2026-07-29 14:00:00,1.3290899999999999,1.32932,1.3290899999999999,1.32926,1158,0,0
2026-07-29 14:05:00,1.32926,1.32928,1.32901,1.32918,895,0,0
2026-07-29 14:10:00,1.32918,1.32951,1.32916,1.32948,770,0,0
2026-07-29 14:15:00,1.32948,1.32954,1.3293,1.32937,712,0,0
2026-07-29 14:20:00,1.32937,1.32937,1.32918,1.3293,788,0,0
2026-07-29 14:25:00,1.3293,1.32974,1.32929,1.32973,937,0,0
2026-07-29 14:30:00,1.32973,1.32979,1.3295,1.3295,979,0,0
2026-07-29 14:35:00,1.3295,1.32964,1.32942,1.32954,811,0,0
2026-07-29 14:40:00,1.32954,1.32956,1.32916,1.32934,1138,0,0
2026-07-29 14:45:00,1.32934,1.32952,1.32919,1.32941,1147,0,0
2026-07-29 14:50:00,1.32941,1.32955,1.3293,1.32931,1297,0,0
2026-07-29 14:55:00,1.32931,1.3294000000000001,1.32898,1.32929,1461,0,0
2026-07-29 15:00:00,1.32929,1.3294000000000001,1.32896,1.32915,1743,0,0
2026-07-29 15:05:00,1.32914,1.32918,1.32867,1.32883,1258,0,0
2026-07-29 15:10:00,1.32883,1.32888,1.32839,1.32858,1304,0,0
2026-07-29 15:15:00,1.32858,1.32861,1.3278699999999999,1.32832,2312,0,0
2026-07-29 15:20:00,1.32832,1.3286,1.32813,1.32837,1147,0,0
2026-07-29 15:25:00,1.3283800000000001,1.32861,1.32832,1.32836,1370,0,0
2026-07-29 15:30:00,1.32835,1.32864,1.32806,1.32858,1547,0,0
2026-07-29 15:35:00,1.32858,1.32881,1.3284799999999999,1.32876,1470,0,0
2026-07-29 15:40:00,1.32876,1.32881,1.32853,1.32864,1162,0,0
2026-07-29 15:45:00,1.32864,1.3287900000000001,1.3284099999999999,1.3284799999999999,976,0,0
2026-07-29 15:50:00,1.3284799999999999,1.32854,1.3281,1.32837,1075,0,0
2026-07-29 15:55:00,1.32837,1.32842,1.32815,1.32839,943,0,0
2026-07-29 16:00:00,1.32839,1.32858,1.32826,1.32849,1568,0,0
2026-07-29 16:05:00,1.32849,1.32853,1.32816,1.32827,1090,0,0
2026-07-29 16:10:00,1.32826,1.32835,1.3280699999999999,1.32833,1149,0,0
2026-07-29 16:15:00,1.32833,1.32846,1.3281399999999999,1.32815,1328,0,0
2026-07-29 16:20:00,1.32815,1.3287200000000001,1.32813,1.32867,1262,0,0
2026-07-29 16:25:00,1.32867,1.32892,1.32859,1.32881,1410,0,0
2026-07-29 16:30:00,1.32881,1.32924,1.3284099999999999,1.32844,1931,0,0
2026-07-29 16:35:00,1.32844,1.3287,1.32825,1.32858,1169,0,0
2026-07-29 16:40:00,1.32858,1.32892,1.32837,1.32889,1640,0,0
2026-07-29 16:45:00,1.3289,1.32914,1.32876,1.32914,1536,0,0
2026-07-29 16:50:00,1.32914,1.32937,1.32889,1.32934,1974,0,0
2026-07-29 16:55:00,1.32934,1.32944,1.32904,1.32941,1506,0,0
2026-07-29 17:00:00,1.32943,1.32965,1.3294000000000001,1.32962,1533,0,0
2026-07-29 17:05:00,1.32962,1.3296700000000001,1.32919,1.32921,1678,0,0
2026-07-29 17:10:00,1.3292,1.32938,1.32908,1.32918,1432,0,0
2026-07-29 17:15:00,1.32919,1.32929,1.3288,1.32907,1512,0,0
2026-07-29 17:20:00,1.32907,1.32972,1.32891,1.32972,1372,0,0
2026-07-29 17:25:00,1.32972,1.32992,1.32955,1.32981,1176,0,0
2026-07-29 17:30:00,1.32981,1.33002,1.32972,1.32993,1030,0,0
2026-07-29 17:35:00,1.32993,1.33042,1.32987,1.33023,1269,0,0
2026-07-29 17:40:00,1.33023,1.33045,1.32944,1.32986,1463,0,0
2026-07-29 17:45:00,1.32986,1.32991,1.32922,1.32924,1912,0,0
2026-07-29 17:50:00,1.32924,1.3293300000000001,1.32817,1.32881,2028,0,0
2026-07-29 17:55:00,1.32883,1.32916,1.32867,1.3287,2693,0,0
2026-07-29 18:00:00,1.3287,1.32883,1.3284,1.32863,2610,0,0
2026-07-29 18:05:00,1.32863,1.32927,1.32863,1.32923,1556,0,0
2026-07-29 18:10:00,1.32923,1.3293,1.3288,1.32898,1633,0,0
2026-07-29 18:15:00,1.32898,1.32931,1.32849,1.32851,1839,0,0
2026-07-29 18:20:00,1.32852,1.3287200000000001,1.32833,1.32865,2210,0,0
2026-07-29 18:25:00,1.32865,1.32865,1.32819,1.3284799999999999,1743,0,0
2026-07-29 18:30:00,1.3284799999999999,1.32881,1.32843,1.32869,1825,0,0
2026-07-29 18:35:00,1.32869,1.32903,1.32856,1.32858,1527,0,0
2026-07-29 18:40:00,1.32858,1.32882,1.32847,1.3288,1793,0,0
2026-07-29 18:45:00,1.3287900000000001,1.32892,1.32867,1.32887,1462,0,0
2026-07-29 18:50:00,1.32887,1.32894,1.32869,1.32885,1113,0,0
2026-07-29 18:55:00,1.32885,1.32889,1.32847,1.32863,1834,0,0
2026-07-29 19:00:00,1.32863,1.3287499999999999,1.32849,1.32853,1594,0,0
2026-07-29 19:05:00,1.32853,1.3287900000000001,1.32825,1.32871,1350,0,0
2026-07-29 19:10:00,1.32871,1.32871,1.3281100000000001,1.3281399999999999,1325,0,0
2026-07-29 19:15:00,1.3281399999999999,1.32835,1.32803,1.32828,1147,0,0
2026-07-29 19:20:00,1.32829,1.32853,1.32828,1.32847,1528,0,0
2026-07-29 19:25:00,1.32847,1.32861,1.32847,1.3285,1987,0,0
2026-07-29 19:30:00,1.3285,1.32853,1.32808,1.3282,1632,0,0
2026-07-29 19:35:00,1.3282,1.32825,1.32798,1.3281399999999999,1228,0,0
2026-07-29 19:40:00,1.3281399999999999,1.32834,1.32813,1.32829,987,0,0
2026-07-29 19:45:00,1.32828,1.3284500000000001,1.32822,1.32844,1193,0,0
2026-07-29 19:50:00,1.32844,1.32882,1.3284,1.32868,1157,0,0
2026-07-29 19:55:00,1.32868,1.32894,1.32864,1.32888,1355,0,0
2026-07-29 20:00:00,1.32888,1.32914,1.32878,1.3290600000000001,1722,0,0
2026-07-29 20:05:00,1.32907,1.32955,1.32888,1.3295,1229,0,0
2026-07-29 20:10:00,1.32949,1.32958,1.32934,1.32951,1218,0,0
2026-07-29 20:15:00,1.32951,1.32971,1.32939,1.32965,1218,0,0
2026-07-29 20:20:00,1.32965,1.33004,1.32959,1.32986,1161,0,0
2026-07-29 20:25:00,1.32986,1.32996,1.32955,1.32979,1512,0,0
2026-07-29 20:30:00,1.3298,1.33035,1.32969,1.3302399999999999,1442,0,0
2026-07-29 20:35:00,1.3302399999999999,1.33032,1.32993,1.33003,1334,0,0
2026-07-29 20:40:00,1.33003,1.33056,1.33002,1.33042,1238,0,0
2026-07-29 20:45:00,1.33042,1.3307,1.33019,1.3306200000000001,1310,0,0
2026-07-29 20:50:00,1.3306200000000001,1.33066,1.33034,1.33038,1219,0,0
2026-07-29 20:55:00,1.33039,1.33039,1.32999,1.3301,987,0,0
2026-07-29 21:00:00,1.3301,1.33461,1.32917,1.33301,5077,0,0
2026-07-29 21:05:00,1.33301,1.33374,1.3326500000000001,1.33303,4429,0,0
2026-07-29 21:10:00,1.33304,1.33389,1.33255,1.33382,3422,0,0
2026-07-29 21:15:00,1.33382,1.33402,1.33304,1.33307,3020,0,0
2026-07-29 21:20:00,1.3330899999999999,1.3331,1.33262,1.33269,2929,0,0
2026-07-29 21:25:00,1.33269,1.33314,1.33234,1.33313,1954,0,0
2026-07-29 21:30:00,1.33313,1.33381,1.33131,1.33236,4863,0,0
2026-07-29 21:35:00,1.33236,1.3339400000000001,1.3318400000000001,1.3336700000000001,2445,0,0
2026-07-29 21:40:00,1.3336700000000001,1.33478,1.33353,1.33466,4959,0,0
2026-07-29 21:45:00,1.33466,1.336,1.33449,1.33586,4373,0,0
2026-07-29 21:50:00,1.33587,1.3363,1.33524,1.33625,3540,0,0
2026-07-29 21:55:00,1.33625,1.33662,1.33572,1.33652,3162,0,0
2026-07-29 22:00:00,1.33652,1.33691,1.33594,1.33623,3798,0,0
2026-07-29 22:05:00,1.33623,1.3364,1.33555,1.33572,3507,0,0
2026-07-29 22:10:00,1.33572,1.33708,1.33558,1.33701,3606,0,0
2026-07-29 22:15:00,1.33701,1.33874,1.33685,1.33833,2973,0,0
2026-07-29 22:20:00,1.33833,1.33837,1.33632,1.33663,3893,0,0
2026-07-29 22:25:00,1.33663,1.33667,1.33574,1.33591,3099,0,0
2026-07-29 22:30:00,1.33592,1.33602,1.33499,1.3354599999999999,3593,0,0
2026-07-29 22:35:00,1.3354599999999999,1.33618,1.33525,1.33555,3277,0,0
2026-07-29 22:40:00,1.33556,1.33606,1.3353,1.33576,3645,0,0
2026-07-29 22:45:00,1.33575,1.33597,1.33557,1.3359,3322,0,0
2026-07-29 22:50:00,1.33589,1.33589,1.3349,1.33504,3241,0,0
2026-07-29 22:55:00,1.33504,1.33514,1.33462,1.33464,2660,0,0
2026-07-29 23:00:00,1.33464,1.3351199999999999,1.33452,1.33477,2283,0,0
2026-07-29 23:05:00,1.33477,1.33495,1.33453,1.33461,1823,0,0
2026-07-29 23:10:00,1.33461,1.33505,1.33427,1.3347,1984,0,0
2026-07-29 23:15:00,1.3347,1.3348499999999999,1.33441,1.3348200000000001,861,0,0
2026-07-29 23:20:00,1.3348200000000001,1.33501,1.33468,1.33477,609,0,0
2026-07-29 23:25:00,1.33477,1.33494,1.33454,1.33463,867,0,0
2026-07-29 23:30:00,1.33463,1.33533,1.3345099999999999,1.33533,979,0,0
2026-07-29 23:35:00,1.33533,1.33561,1.33523,1.33559,1072,0,0
2026-07-29 23:40:00,1.33559,1.3363,1.33558,1.33623,711,0,0
2026-07-29 23:45:00,1.33623,1.3366,1.33615,1.33624,1765,0,0
2026-07-29 23:50:00,1.33624,1.3366500000000001,1.3360699999999999,1.33637,1494,0,0
2026-07-29 23:55:00,1.33637,1.3369,1.3363399999999999,1.33677,1324,0,0
2026-07-30 00:00:00,1.33677,1.33677,1.3338,1.33603,106,0,0
2026-07-30 00:05:00,1.33603,1.33703,1.33527,1.33527,118,0,0
2026-07-30 00:10:00,1.33527,1.33749,1.33527,1.33603,240,0,0
2026-07-30 00:15:00,1.33603,1.3363,1.33595,1.33623,247,11,0
2026-07-30 00:20:00,1.33623,1.33667,1.33599,1.33644,623,0,0
2026-07-30 00:25:00,1.33644,1.33673,1.33613,1.33632,252,0,0
2026-07-30 00:30:00,1.33632,1.3366799999999999,1.33601,1.33612,111,0,0
2026-07-30 00:35:00,1.33612,1.33666,1.33602,1.33624,141,6,0
2026-07-30 00:40:00,1.33624,1.33669,1.33606,1.3362,438,0,0
2026-07-30 00:45:00,1.3363800000000001,1.33682,1.3361100000000001,1.33643,727,0,0
2026-07-30 00:50:00,1.33643,1.33677,1.33639,1.33644,319,0,0
2026-07-30 00:55:00,1.33644,1.33674,1.33581,1.33621,1126,0,0
2026-07-30 01:00:00,1.33621,1.3369900000000001,1.33597,1.33693,1625,0,0
2026-07-30 01:05:00,1.33693,1.33704,1.33667,1.33697,1306,0,0
2026-07-30 01:10:00,1.33697,1.33705,1.33677,1.33686,757,0,0
2026-07-30 01:15:00,1.33686,1.33687,1.33666,1.33671,420,0,0
2026-07-30 01:20:00,1.33671,1.33679,1.33667,1.3367200000000001,346,0,0
2026-07-30 01:25:00,1.3367200000000001,1.33676,1.33671,1.33674,367,0,0
2026-07-30 01:30:00,1.33674,1.33689,1.3367200000000001,1.33689,631,0,0
2026-07-30 01:35:00,1.33689,1.33691,1.33673,1.33674,356,0,0
2026-07-30 01:40:00,1.33674,1.33684,1.33673,1.33684,273,0,0
2026-07-30 01:45:00,1.33684,1.33692,1.33683,1.33684,256,0,0
2026-07-30 01:50:00,1.33684,1.33684,1.33673,1.33683,324,0,0
2026-07-30 01:55:00,1.33683,1.3369900000000001,1.33682,1.33697,385,0,0
2026-07-30 02:00:00,1.33697,1.3373300000000001,1.33694,1.33732,819,0,0
2026-07-30 02:05:00,1.3373300000000001,1.33758,1.33721,1.33751,645,0,0
2026-07-30 02:10:00,1.33751,1.33753,1.33694,1.33695,1084,0,0
2026-07-30 02:15:00,1.33695,1.33698,1.33682,1.33683,659,0,0
2026-07-30 02:20:00,1.33683,1.33687,1.3366799999999999,1.33669,413,0,0
2026-07-30 02:25:00,1.33669,1.33669,1.33658,1.33662,358,0,0
2026-07-30 02:30:00,1.33662,1.3367499999999999,1.33648,1.33673,477,0,0
2026-07-30 02:35:00,1.3367200000000001,1.33676,1.33663,1.33664,332,0,0
2026-07-30 02:40:00,1.33664,1.3367200000000001,1.3365,1.33655,833,0,0
2026-07-30 02:45:00,1.33655,1.3367499999999999,1.3364099999999999,1.33671,819,0,0
2026-07-30 02:50:00,1.33671,1.33691,1.33666,1.3367200000000001,1329,0,0
2026-07-30 02:55:00,1.3367200000000001,1.33683,1.33662,1.33667,1275,0,0
2026-07-30 03:00:00,1.33667,1.33685,1.33632,1.3364099999999999,2345,0,0
2026-07-30 03:05:00,1.3364099999999999,1.33671,1.33625,1.33658,1901,0,0
2026-07-30 03:10:00,1.33658,1.33667,1.3364099999999999,1.33661,1477,0,0
2026-07-30 03:15:00,1.3366,1.3367200000000001,1.33619,1.3362,2271,0,0
2026-07-30 03:20:00,1.3362,1.33626,1.33594,1.33608,2212,0,0
2026-07-30 03:25:00,1.3360699999999999,1.3361100000000001,1.33535,1.33545,2195,0,0
2026-07-30 03:30:00,1.3354599999999999,1.3357299999999999,1.33544,1.33556,1707,0,0
2026-07-30 03:35:00,1.33556,1.33565,1.33529,1.33534,1345,0,0
2026-07-30 03:40:00,1.33534,1.33556,1.3353,1.3354300000000001,1399,0,0
2026-07-30 03:45:00,1.3354300000000001,1.33562,1.33539,1.33552,1496,0,0
2026-07-30 03:50:00,1.33552,1.33561,1.33535,1.3355000000000001,1687,0,0
2026-07-30 03:55:00,1.33551,1.33559,1.33534,1.33552,1206,0,0
2026-07-30 04:00:00,1.33552,1.33588,1.33551,1.33572,2138,0,0
2026-07-30 04:05:00,1.33572,1.33594,1.3356,1.33571,1249,0,0
2026-07-30 04:10:00,1.33571,1.3358400000000001,1.33555,1.3357700000000001,1056,0,0
2026-07-30 04:15:00,1.3357700000000001,1.3357700000000001,1.33549,1.33561,1188,0,0
2026-07-30 04:20:00,1.33561,1.33568,1.33523,1.33539,1241,0,0
2026-07-30 04:25:00,1.33539,1.33551,1.33529,1.33544,1105,0,0
2026-07-30 04:30:00,1.33544,1.33587,1.33533,1.3357299999999999,937,0,0
2026-07-30 04:35:00,1.3357299999999999,1.3357999999999999,1.3356,1.33569,1238,0,0
2026-07-30 04:40:00,1.33569,1.33582,1.33542,1.33544,1237,0,0
2026-07-30 04:45:00,1.33544,1.3357299999999999,1.33539,1.33555,1197,0,0
2026-07-30 04:50:00,1.33555,1.33559,1.33528,1.33534,1147,0,0
2026-07-30 04:55:00,1.33534,1.33539,1.3351199999999999,1.33522,973,0,0
2026-07-30 05:00:00,1.33522,1.33562,1.33521,1.33555,1423,0,0
2026-07-30 05:05:00,1.33555,1.33558,1.3353,1.33539,1068,0,0
2026-07-30 05:10:00,1.33539,1.33547,1.3351899999999999,1.33524,946,0,0
2026-07-30 05:15:00,1.33524,1.33527,1.3349199999999999,1.3351,1010,0,0
2026-07-30 05:20:00,1.3351,1.3351600000000001,1.3348900000000001,1.33497,995,0,0
2026-07-30 05:25:00,1.33497,1.335,1.33488,1.33495,444,0,0
2026-07-30 05:30:00,1.33495,1.33518,1.3348900000000001,1.33506,1005,0,0
2026-07-30 05:35:00,1.33506,1.33517,1.3349,1.33511,920,0,0
2026-07-30 05:40:00,1.33511,1.33517,1.335,1.33506,868,0,0
2026-07-30 05:45:00,1.33506,1.33523,1.33502,1.3351199999999999,891,0,0
2026-07-30 05:50:00,1.3351199999999999,1.33527,1.33508,1.33514,714,0,0
2026-07-30 05:55:00,1.33515,1.33517,1.33487,1.33488,844,0,0
2026-07-30 06:00:00,1.33488,1.33503,1.33483,1.3349,951,0,0
2026-07-30 06:05:00,1.3349,1.33496,1.33473,1.33476,921,0,0
2026-07-30 06:10:00,1.33476,1.3348,1.33443,1.33456,1494,0,0
2026-07-30 06:15:00,1.33456,1.33459,1.3343099999999999,1.33435,1006,0,0
2026-07-30 06:20:00,1.33435,1.33453,1.33417,1.33448,1205,0,0
2026-07-30 06:25:00,1.33448,1.33457,1.33441,1.33445,1127,0,0
2026-07-30 06:30:00,1.33445,1.3347,1.33435,1.33468,1395,0,0
2026-07-30 06:35:00,1.33467,1.3348,1.3346,1.3346,1038,0,0
2026-07-30 06:40:00,1.3346,1.33481,1.3345500000000001,1.33472,1211,0,0
2026-07-30 06:45:00,1.33472,1.33481,1.33461,1.33471,933,0,0
2026-07-30 06:50:00,1.33471,1.33476,1.33464,1.33474,747,0,0
2026-07-30 06:55:00,1.33474,1.33477,1.33452,1.33454,903,0,0
2026-07-30 07:00:00,1.33454,1.33468,1.3344,1.3345799999999999,1350,0,0
2026-07-30 07:05:00,1.3345799999999999,1.33467,1.33453,1.33463,972,0,0
2026-07-30 07:10:00,1.33462,1.3348,1.3345799999999999,1.33476,843,0,0
2026-07-30 07:15:00,1.33476,1.33486,1.33468,1.33476,1015,0,0
2026-07-30 07:20:00,1.33476,1.3348499999999999,1.33474,1.33477,1032,0,0
2026-07-30 07:25:00,1.33477,1.3348499999999999,1.33472,1.33484,1093,0,0
2026-07-30 07:30:00,1.33484,1.33487,1.33478,1.3348200000000001,594,0,0
2026-07-30 07:35:00,1.3348200000000001,1.33484,1.33461,1.33467,572,0,0
2026-07-30 07:40:00,1.33467,1.33493,1.3345799999999999,1.3346,777,0,0
2026-07-30 07:45:00,1.3346,1.33476,1.33453,1.3345799999999999,607,0,0
2026-07-30 07:50:00,1.3345799999999999,1.33461,1.33443,1.33452,1185,0,0
2026-07-30 07:55:00,1.33452,1.33454,1.33436,1.33442,887,0,0
2026-07-30 08:00:00,1.33442,1.33461,1.3343099999999999,1.3345099999999999,1193,0,0
2026-07-30 08:05:00,1.3345099999999999,1.33476,1.33449,1.33466,1118,0,0
2026-07-30 08:10:00,1.33466,1.33487,1.33462,1.33471,1239,0,0
2026-07-30 08:15:00,1.33471,1.3348,1.33469,1.33475,879,0,0
2026-07-30 08:20:00,1.33476,1.33513,1.33475,1.33511,1172,0,0
2026-07-30 08:25:00,1.33511,1.33563,1.33509,1.33556,623,0,0
2026-07-30 08:30:00,1.33555,1.33558,1.33533,1.33539,855,0,0
2026-07-30 08:35:00,1.33538,1.3354300000000001,1.33515,1.33536,978,0,0
2026-07-30 08:40:00,1.33536,1.3354599999999999,1.33529,1.33544,714,0,0
2026-07-30 08:45:00,1.33544,1.3357,1.33514,1.33526,1573,0,0
2026-07-30 08:50:00,1.33526,1.33527,1.33505,1.33518,1127,0,0
2026-07-30 08:55:00,1.33518,1.33518,1.33465,1.33493,1676,0,0
2026-07-30 09:00:00,1.33493,1.33523,1.33463,1.33481,2119,0,0
2026-07-30 09:05:00,1.33481,1.33495,1.33433,1.33436,1501,0,0
2026-07-30 09:10:00,1.33436,1.3345,1.33344,1.3336299999999999,2195,0,0
2026-07-30 09:15:00,1.3336299999999999,1.3339699999999999,1.33361,1.33373,1573,0,0
2026-07-30 09:20:00,1.33373,1.33383,1.33349,1.33379,1470,0,0
2026-07-30 09:25:00,1.33379,1.33393,1.33352,1.33362,1300,0,0
2026-07-30 09:30:00,1.33362,1.33371,1.3332899999999999,1.33361,1228,0,0
2026-07-30 09:35:00,1.33359,1.33405,1.33345,1.33401,1629,0,0
2026-07-30 09:40:00,1.33401,1.33404,1.33374,1.33377,1269,0,0
2026-07-30 09:45:00,1.33377,1.33435,1.33373,1.3343,1292,0,0
2026-07-30 09:50:00,1.3343,1.33449,1.33419,1.33439,1100,0,0
2026-07-30 09:55:00,1.33439,1.3345500000000001,1.33411,1.3342100000000001,1255,0,0
2026-07-30 10:00:00,1.33422,1.33509,1.33414,1.335,2906,0,0
2026-07-30 10:05:00,1.335,1.33508,1.33469,1.33483,2403,0,0
2026-07-30 10:10:00,1.33483,1.33497,1.33444,1.33454,2235,0,0
2026-07-30 10:15:00,1.33453,1.33479,1.33435,1.33439,1351,0,0
2026-07-30 10:20:00,1.33439,1.335,1.33436,1.33486,1609,0,0
2026-07-30 10:25:00,1.33486,1.3348900000000001,1.33389,1.3339400000000001,1343,0,0
2026-07-30 10:30:00,1.3339400000000001,1.33405,1.33364,1.33382,1559,0,0
2026-07-30 10:35:00,1.33382,1.33417,1.33381,1.33415,1146,0,0
2026-07-30 10:40:00,1.33415,1.3344,1.33411,1.33415,1496,0,0
2026-07-30 10:45:00,1.33415,1.3343,1.3339699999999999,1.33417,1194,0,0
2026-07-30 10:50:00,1.33417,1.33441,1.33391,1.33391,1308,0,0
2026-07-30 10:55:00,1.33391,1.33417,1.33371,1.33381,1147,0,0
2026-07-30 11:00:00,1.33381,1.33471,1.33378,1.33448,1859,0,0
2026-07-30 11:05:00,1.33448,1.33486,1.33441,1.33484,1886,0,0
2026-07-30 11:10:00,1.33483,1.3351199999999999,1.3348200000000001,1.3349199999999999,1408,0,0
2026-07-30 11:15:00,1.3349199999999999,1.33531,1.3348499999999999,1.33494,1702,0,0
2026-07-30 11:20:00,1.33494,1.33535,1.33488,1.33526,1714,0,0
2026-07-30 11:25:00,1.33526,1.3357299999999999,1.3351199999999999,1.33567,1858,0,0
2026-07-30 11:30:00,1.33568,1.33616,1.33559,1.3357700000000001,1743,0,0
2026-07-30 11:35:00,1.3357700000000001,1.33585,1.33521,1.33521,1409,0,0
2026-07-30 11:40:00,1.33521,1.33592,1.3351600000000001,1.3359,1520,0,0
2026-07-30 11:45:00,1.3359,1.33623,1.33576,1.33578,1312,0,0
2026-07-30 11:50:00,1.33578,1.33589,1.33552,1.3355299999999999,1279,0,0
2026-07-30 11:55:00,1.33554,1.33574,1.33541,1.33558,1250,0,0
2026-07-30 12:00:00,1.33558,1.3362,1.33556,1.3361399999999999,1277,0,0
2026-07-30 12:05:00,1.3361399999999999,1.33664,1.33601,1.33662,1299,0,0
2026-07-30 12:10:00,1.33662,1.33716,1.3365,1.33712,1795,0,0
2026-07-30 12:15:00,1.33712,1.33744,1.33703,1.3373599999999999,1596,0,0
2026-07-30 12:20:00,1.33737,1.33751,1.33725,1.3372899999999999,1200,0,0
2026-07-30 12:25:00,1.3372899999999999,1.3376299999999999,1.33711,1.33734,1189,0,0
2026-07-30 12:30:00,1.33734,1.33747,1.33715,1.3372899999999999,1319,0,0
2026-07-30 12:35:00,1.3372899999999999,1.33804,1.3372899999999999,1.3376700000000001,1554,0,0
2026-07-30 12:40:00,1.3376700000000001,1.33802,1.33757,1.33793,1301,0,0
2026-07-30 12:45:00,1.33793,1.33832,1.33761,1.33829,1957,0,0
2026-07-30 12:50:00,1.33829,1.33844,1.33791,1.33802,1484,0,0
2026-07-30 12:55:00,1.33802,1.33823,1.33795,1.33806,1618,0,0
2026-07-30 13:00:00,1.33806,1.33822,1.33769,1.33775,1826,0,0
2026-07-30 13:05:00,1.33773,1.33807,1.3376000000000001,1.33788,1732,0,0
2026-07-30 13:10:00,1.33788,1.33886,1.33788,1.33872,1920,0,0
2026-07-30 13:15:00,1.33872,1.3396,1.33856,1.33857,2946,0,0
2026-07-30 13:20:00,1.33857,1.33863,1.3376700000000001,1.33779,1865,0,0
2026-07-30 13:25:00,1.33779,1.3382800000000001,1.33773,1.33823,2274,0,0
2026-07-30 13:30:00,1.33823,1.33866,1.33815,1.33861,1544,0,0
2026-07-30 13:35:00,1.33861,1.33952,1.33859,1.33948,1549,0,0
2026-07-30 13:40:00,1.33948,1.34023,1.3394300000000001,1.33987,2414,0,0
2026-07-30 13:45:00,1.33987,1.34071,1.33974,1.34062,2097,0,0
2026-07-30 13:50:00,1.34062,1.3407,1.3391899999999999,1.3393,1929,0,0
2026-07-30 13:55:00,1.3393,1.33958,1.33898,1.33906,1688,0,0
2026-07-30 14:00:00,1.33906,1.34019,1.33893,1.33928,2115,0,0
2026-07-30 14:05:00,1.33929,1.33931,1.33829,1.33888,1958,0,0
2026-07-30 14:10:00,1.33888,1.33888,1.33816,1.33826,1214,0,0
2026-07-30 14:15:00,1.33825,1.33847,1.33779,1.33781,1265,0,0
2026-07-30 14:20:00,1.33781,1.33811,1.33737,1.33766,1405,0,0
2026-07-30 14:25:00,1.33766,1.3378999999999999,1.33744,1.3376700000000001,1610,0,0
2026-07-30 14:30:00,1.33768,1.33773,1.33743,1.33755,1403,0,0
2026-07-30 14:35:00,1.33753,1.33804,1.33752,1.33792,1121,0,0
2026-07-30 14:40:00,1.33792,1.33796,1.33731,1.3373599999999999,1451,0,0
2026-07-30 14:45:00,1.3373599999999999,1.33777,1.33732,1.33773,1247,0,0
2026-07-30 14:50:00,1.33773,1.33837,1.33772,1.33832,1349,0,0
2026-07-30 14:55:00,1.33832,1.33883,1.33819,1.33879,1111,0,0
2026-07-30 15:00:00,1.33879,1.33922,1.33875,1.3391199999999999,1412,0,0
2026-07-30 15:05:00,1.3391199999999999,1.33925,1.33876,1.3388200000000001,1980,0,0
2026-07-30 15:10:00,1.3388200000000001,1.33951,1.33877,1.33923,1985,0,0
2026-07-30 15:15:00,1.33923,1.33925,1.3382800000000001,1.3386,1612,0,0
2026-07-30 15:20:00,1.3386,1.33905,1.33847,1.33886,1942,0,0
2026-07-30 15:25:00,1.33886,1.33945,1.33876,1.3389,1544,0,0
2026-07-30 15:30:00,1.3389,1.33956,1.33808,1.33868,1992,0,0
2026-07-30 15:35:00,1.33868,1.33954,1.33857,1.33941,2769,0,0
2026-07-30 15:40:00,1.33941,1.33945,1.33751,1.33871,4350,0,0
2026-07-30 15:45:00,1.33871,1.33876,1.33751,1.3377,3267,0,0
2026-07-30 15:50:00,1.3377,1.33793,1.33715,1.33719,2938,0,0
2026-07-30 15:55:00,1.33718,1.3377,1.33671,1.33713,3083,0,0
2026-07-30 16:00:00,1.33713,1.33734,1.3368,1.33722,3330,0,0
2026-07-30 16:05:00,1.33722,1.33799,1.33722,1.33744,3000,0,0
2026-07-30 16:10:00,1.33744,1.33775,1.33693,1.3370199999999999,2681,0,0
2026-07-30 16:15:00,1.3370199999999999,1.3373,1.3367200000000001,1.33719,2130,0,0
2026-07-30 16:20:00,1.33719,1.33765,1.33686,1.33756,1972,0,0
2026-07-30 16:25:00,1.33756,1.3376299999999999,1.33694,1.33723,2314,0,0
2026-07-30 16:30:00,1.3372,1.33807,1.33691,1.3373300000000001,3420,0,0
2026-07-30 16:35:00,1.3373300000000001,1.33968,1.33719,1.33964,6674,0,0
2026-07-30 16:40:00,1.33965,1.34173,1.3391,1.34144,6584,0,0
2026-07-30 16:45:00,1.34143,1.34191,1.34082,1.3409,5029,0,0
2026-07-30 16:50:00,1.3409,1.34209,1.34006,1.34202,5635,0,0
2026-07-30 16:55:00,1.34202,1.3428499999999999,1.34164,1.3428200000000001,5098,0,0
2026-07-30 17:00:00,1.34283,1.3448,1.34266,1.34432,5505,0,0
2026-07-30 17:05:00,1.34432,1.34461,1.3428200000000001,1.34348,5838,0,0
2026-07-30 17:10:00,1.34348,1.34453,1.3434300000000001,1.34447,5201,0,0
2026-07-30 17:15:00,1.34446,1.34451,1.3441,1.34426,3039,0,0
2026-07-30 17:20:00,1.34426,1.34443,1.34347,1.34361,2287,0,0
2026-07-30 17:25:00,1.34363,1.3437299999999999,1.3428499999999999,1.34314,5127,0,0
2026-07-30 17:30:00,1.34314,1.34361,1.3428,1.34337,3152,0,0
2026-07-30 17:35:00,1.34337,1.3436,1.34314,1.34332,1813,0,0
2026-07-30 17:40:00,1.34332,1.3434599999999999,1.34235,1.34315,2813,0,0
2026-07-30 17:45:00,1.34315,1.34344,1.3429,1.34322,3278,0,0
2026-07-30 17:50:00,1.34322,1.34333,1.34277,1.34295,2640,0,0
2026-07-30 17:55:00,1.34296,1.34336,1.34239,1.3424800000000001,3831,0,0
2026-07-30 18:00:00,1.3425,1.34299,1.34228,1.34235,4052,0,0
2026-07-30 18:05:00,1.34235,1.34341,1.34235,1.34273,3687,0,0
2026-07-30 18:10:00,1.34273,1.3431600000000001,1.34216,1.34311,3376,0,0
2026-07-30 18:15:00,1.34311,1.34385,1.34308,1.34384,3496,0,0
2026-07-30 18:20:00,1.34384,1.34424,1.34379,1.34392,2773,0,0
2026-07-30 18:25:00,1.34391,1.3443399999999999,1.34376,1.34428,2749,0,0
2026-07-30 18:30:00,1.34428,1.34509,1.34395,1.3449900000000001,2586,0,0
2026-07-30 18:35:00,1.34501,1.34542,1.34487,1.34525,2343,0,0
2026-07-30 18:40:00,1.34523,1.34579,1.34508,1.34571,2164,0,0
2026-07-30 18:45:00,1.34571,1.34612,1.3455,1.34602,1993,0,0
2026-07-30 18:50:00,1.34602,1.34623,1.34575,1.3458700000000001,1950,0,0
2026-07-30 18:55:00,1.3458700000000001,1.34631,1.3458700000000001,1.3458999999999999,1901,0,0
2026-07-30 19:00:00,1.3458999999999999,1.34669,1.3458999999999999,1.3465099999999999,2936,0,0
2026-07-30 19:05:00,1.34649,1.3465799999999999,1.34616,1.34653,2524,0,0
2026-07-30 19:10:00,1.34653,1.34662,1.34609,1.34645,2414,0,0
2026-07-30 19:15:00,1.34644,1.34696,1.34631,1.34689,1743,0,0
2026-07-30 19:20:00,1.34689,1.34702,1.3465500000000001,1.34659,1532,0,0
2026-07-30 19:25:00,1.34659,1.3467799999999999,1.34638,1.34667,1741,0,0
2026-07-30 19:30:00,1.34667,1.34702,1.34653,1.3468,1667,0,0
2026-07-30 19:35:00,1.3468,1.34706,1.3466,1.3467799999999999,1701,0,0
2026-07-30 19:40:00,1.3467799999999999,1.34686,1.34608,1.34609,1740,0,0
2026-07-30 19:45:00,1.34609,1.3462100000000001,1.34598,1.34606,1459,0,0
2026-07-30 19:50:00,1.34606,1.34613,1.3457,1.34589,1095,0,0
2026-07-30 19:55:00,1.34589,1.34647,1.3458700000000001,1.34647,1205,0,0
2026-07-30 20:00:00,1.34647,1.34671,1.3462100000000001,1.34629,1831,0,0
2026-07-30 20:05:00,1.34628,1.34643,1.3461699999999999,1.34636,1669,0,0
2026-07-30 20:10:00,1.34635,1.3464800000000001,1.34608,1.34611,1562,0,0
2026-07-30 20:15:00,1.34612,1.3462,1.34588,1.34612,1593,0,0
2026-07-30 20:20:00,1.34612,1.34622,1.34593,1.34607,1261,0,0
2026-07-30 20:25:00,1.34607,1.3461,1.34576,1.34582,1571,0,0
2026-07-30 20:30:00,1.34582,1.34595,1.34567,1.34567,1497,0,0
2026-07-30 20:35:00,1.34567,1.34673,1.34544,1.34666,4183,0,0
2026-07-30 20:40:00,1.34666,1.34703,1.3461,1.34703,3026,0,0
2026-07-30 20:45:00,1.34702,1.3471,1.34668,1.34677,2025,0,0
2026-07-30 20:50:00,1.34677,1.34735,1.34664,1.34697,1795,0,0
2026-07-30 20:55:00,1.34697,1.34725,1.34683,1.34724,1390,0,0
2026-07-30 21:00:00,1.34724,1.34742,1.3471199999999999,1.34723,1483,0,0
2026-07-30 21:05:00,1.34723,1.34735,1.3467,1.3472,1463,0,0
2026-07-30 21:10:00,1.3472,1.34733,1.34699,1.34729,1371,0,0
2026-07-30 21:15:00,1.34729,1.3473,1.34694,1.34697,1432,0,0
2026-07-30 21:20:00,1.34697,1.34705,1.34667,1.3467,1631,0,0
2026-07-30 21:25:00,1.3467,1.347,1.34661,1.34696,1142,0,0
2026-07-30 21:30:00,1.34695,1.34727,1.34688,1.34713,1355,0,0
2026-07-30 21:35:00,1.3471199999999999,1.34722,1.3468499999999999,1.34689,993,0,0
2026-07-30 21:40:00,1.34689,1.34705,1.3467799999999999,1.34701,931,0,0
2026-07-30 21:45:00,1.34701,1.34735,1.347,1.34735,840,0,0
2026-07-30 21:50:00,1.34735,1.34747,1.34714,1.34732,1269,0,0
2026-07-30 21:55:00,1.34732,1.34761,1.34727,1.34759,1379,0,0
2026-07-30 22:00:00,1.3476,1.34763,1.3474300000000001,1.3475,1426,0,0
2026-07-30 22:05:00,1.3475,1.34768,1.34734,1.34742,908,0,0
2026-07-30 22:10:00,1.34742,1.3474599999999999,1.34698,1.34704,1302,0,0
2026-07-30 22:15:00,1.34704,1.3475,1.34688,1.3474300000000001,1138,0,0
2026-07-30 22:20:00,1.3474300000000001,1.34757,1.34734,1.34745,1092,0,0
2026-07-30 22:25:00,1.34745,1.34754,1.34714,1.3471899999999999,1153,0,0
2026-07-30 22:30:00,1.3471899999999999,1.34724,1.347,1.34713,1386,0,0
2026-07-30 22:35:00,1.34713,1.34724,1.34705,1.34713,905,0,0
2026-07-30 22:40:00,1.34713,1.34729,1.3471,1.34718,1038,0,0
2026-07-30 22:45:00,1.34718,1.34735,1.3471199999999999,1.34723,1040,0,0
2026-07-30 22:50:00,1.34723,1.3473,1.34697,1.34698,937,0,0
2026-07-30 22:55:00,1.34698,1.34718,1.34667,1.34699,1979,0,0
2026-07-30 23:00:00,1.34699,1.34728,1.34681,1.34727,1394,0,0
2026-07-30 23:05:00,1.34727,1.3473,1.34698,1.3471,554,0,0
2026-07-30 23:10:00,1.3471,1.34718,1.34705,1.34707,413,0,0
2026-07-30 23:15:00,1.34707,1.34711,1.34679,1.34681,519,0,0
2026-07-30 23:20:00,1.34683,1.34684,1.3465099999999999,1.3465500000000001,535,0,0
2026-07-30 23:25:00,1.3465500000000001,1.34672,1.3465099999999999,1.34654,394,0,0
2026-07-30 23:30:00,1.34653,1.34703,1.34647,1.34676,640,0,0
2026-07-30 23:35:00,1.34676,1.34679,1.34662,1.34671,755,0,0
2026-07-30 23:40:00,1.34671,1.34676,1.34668,1.34669,343,0,0
2026-07-30 23:45:00,1.34669,1.3468,1.3465799999999999,1.34663,658,0,0
2026-07-30 23:50:00,1.34663,1.34674,1.3465799999999999,1.34666,387,0,0
2026-07-30 23:55:00,1.34666,1.3467500000000001,1.34635,1.34652,1278,0,0
2026-07-31 00:00:00,1.34642,1.3465500000000001,1.3459400000000001,1.3465500000000001,15,11,0
2026-07-31 00:05:00,1.3465500000000001,1.34662,1.3462100000000001,1.3463,25,11,0
2026-07-31 00:10:00,1.3463,1.3464800000000001,1.34603,1.34631,73,3,0
2026-07-31 00:15:00,1.34634,1.34635,1.34604,1.34604,67,5,0
2026-07-31 00:20:00,1.34604,1.34627,1.34601,1.34626,57,6,0
2026-07-31 00:25:00,1.34626,1.34626,1.34619,1.34625,30,11,0
2026-07-31 00:30:00,1.34625,1.3463,1.34612,1.3462,85,0,0
2026-07-31 00:35:00,1.3462,1.3463,1.34605,1.34625,163,0,0
2026-07-31 00:40:00,1.34625,1.34632,1.34601,1.34618,192,0,0
2026-07-31 00:45:00,1.34618,1.34638,1.34616,1.3462100000000001,38,0,0
2026-07-31 00:50:00,1.3462100000000001,1.34633,1.34613,1.3462100000000001,41,0,0
2026-07-31 00:55:00,1.3462100000000001,1.3463,1.34612,1.34615,121,0,0
2026-07-31 01:00:00,1.34615,1.34687,1.34615,1.34686,668,0,0
2026-07-31 01:05:00,1.34686,1.34694,1.34654,1.34668,261,0,0
2026-07-31 01:10:00,1.34668,1.34671,1.34654,1.3466,180,0,0
2026-07-31 01:15:00,1.3466,1.34676,1.34656,1.34663,289,0,0
2026-07-31 01:20:00,1.34663,1.34665,1.34649,1.3466,268,0,0
2026-07-31 01:25:00,1.3466,1.34666,1.34657,1.34666,201,0,0
2026-07-31 01:30:00,1.34666,1.34669,1.3465099999999999,1.34667,317,0,0
2026-07-31 01:35:00,1.34667,1.34713,1.34664,1.34698,405,0,0
2026-07-31 01:40:00,1.34698,1.34701,1.34676,1.34687,295,0,0
2026-07-31 01:45:00,1.34687,1.34692,1.34677,1.34687,281,0,0
2026-07-31 01:50:00,1.34687,1.34687,1.3467500000000001,1.34677,162,0,0
2026-07-31 01:55:00,1.34677,1.3467799999999999,1.3465799999999999,1.34673,342,0,0
2026-07-31 02:00:00,1.34673,1.34696,1.34661,1.34666,669,0,0
2026-07-31 02:05:00,1.34667,1.34674,1.3464,1.34644,343,0,0
2026-07-31 02:10:00,1.34644,1.3464800000000001,1.34622,1.34635,428,0,0
2026-07-31 02:15:00,1.34635,1.34641,1.3461400000000001,1.34637,578,0,0
2026-07-31 02:20:00,1.34637,1.34657,1.34635,1.34644,580,0,0
2026-07-31 02:25:00,1.34644,1.3465500000000001,1.3461699999999999,1.3461699999999999,435,0,0
2026-07-31 02:30:00,1.3461699999999999,1.34631,1.34611,1.34622,462,0,0
2026-07-31 02:35:00,1.34622,1.34622,1.34591,1.34604,931,0,0
2026-07-31 02:40:00,1.34603,1.34619,1.346,1.34616,627,0,0
2026-07-31 02:45:00,1.34616,1.34641,1.34616,1.34622,655,0,0
2026-07-31 02:50:00,1.34622,1.3462399999999999,1.34605,1.34608,860,0,0
2026-07-31 02:55:00,1.34608,1.3462399999999999,1.34603,1.34607,1086,0,0
2026-07-31 03:00:00,1.34607,1.34632,1.3458700000000001,1.3462399999999999,2262,0,0
2026-07-31 03:05:00,1.3462399999999999,1.34626,1.34573,1.34601,1983,0,0
2026-07-31 03:10:00,1.346,1.34628,1.34591,1.34607,1889,0,0
2026-07-31 03:15:00,1.34607,1.3462399999999999,1.34581,1.34605,1792,0,0
2026-07-31 03:20:00,1.34605,1.3465,1.34591,1.34637,1805,0,0
2026-07-31 03:25:00,1.34637,1.34641,1.34608,1.3461400000000001,1292,0,0
2026-07-31 03:30:00,1.3461400000000001,1.34627,1.34579,1.34579,1435,0,0
2026-07-31 03:35:00,1.34579,1.34588,1.34562,1.3456299999999999,1707,0,0
2026-07-31 03:40:00,1.3456299999999999,1.34567,1.34536,1.34559,1459,0,0
2026-07-31 03:45:00,1.34559,1.34566,1.3453,1.34552,1286,0,0
2026-07-31 03:50:00,1.34552,1.34599,1.3455,1.34578,1525,0,0
2026-07-31 03:55:00,1.34578,1.34611,1.34578,1.34584,1676,0,0
2026-07-31 04:00:00,1.34584,1.34627,1.34583,1.34607,1928,0,0
2026-07-31 04:05:00,1.34607,1.34615,1.34576,1.34601,1333,0,0
2026-07-31 04:10:00,1.34602,1.3462,1.34559,1.34578,1676,0,0
2026-07-31 04:15:00,1.34578,1.34582,1.34551,1.34552,1582,0,0
2026-07-31 04:20:00,1.34551,1.34577,1.34541,1.34564,1708,0,0
2026-07-31 04:25:00,1.34564,1.34584,1.34561,1.34566,1371,0,0
2026-07-31 04:30:00,1.34565,1.34604,1.34552,1.3458700000000001,1726,0,0
2026-07-31 04:35:00,1.3458700000000001,1.34588,1.3452600000000001,1.34528,1591,0,0
2026-07-31 04:40:00,1.34528,1.34536,1.34516,1.34518,1121,0,0
2026-07-31 04:45:00,1.34518,1.34528,1.34484,1.34489,1212,0,0
2026-07-31 04:50:00,1.3449,1.34507,1.34482,1.34503,1412,0,0
2026-07-31 04:55:00,1.34503,1.34524,1.34501,1.3451,1349,0,0
2026-07-31 05:00:00,1.3451,1.34541,1.345,1.34535,1791,0,0
2026-07-31 05:05:00,1.34535,1.34583,1.34532,1.34565,1901,0,0
2026-07-31 05:10:00,1.34565,1.346,1.34561,1.34583,1658,0,0
2026-07-31 05:15:00,1.34583,1.34583,1.3456000000000001,1.34572,1252,0,0
2026-07-31 05:20:00,1.34572,1.3458999999999999,1.34549,1.34551,1247,0,0
2026-07-31 05:25:00,1.34551,1.34567,1.34541,1.3455599999999999,1212,0,0
2026-07-31 05:30:00,1.34557,1.34576,1.3455300000000001,1.34566,1116,0,0
2026-07-31 05:35:00,1.34566,1.34566,1.34518,1.34521,1082,0,0
2026-07-31 05:40:00,1.34523,1.34538,1.34516,1.34532,787,0,0
2026-07-31 05:45:00,1.34532,1.34532,1.34507,1.34518,1148,0,0
2026-07-31 05:50:00,1.34518,1.34532,1.34496,1.34513,1247,0,0
2026-07-31 05:55:00,1.34513,1.34525,1.3449499999999999,1.34507,1281,0,0
2026-07-31 06:00:00,1.34507,1.3451,1.34477,1.34488,1087,0,0
2026-07-31 06:05:00,1.34489,1.34517,1.34487,1.3451,666,0,0
2026-07-31 06:10:00,1.3451,1.34523,1.34458,1.34471,1937,0,0
2026-07-31 06:15:00,1.34471,1.34483,1.34452,1.3446500000000001,1121,0,0
2026-07-31 06:20:00,1.3446500000000001,1.34482,1.34462,1.34481,888,0,0
2026-07-31 06:25:00,1.34481,1.34494,1.34459,1.34463,1049,0,0
2026-07-31 06:30:00,1.34463,1.3449200000000001,1.34457,1.34483,1114,0,0
2026-07-31 06:35:00,1.34483,1.34493,1.3447200000000001,1.34479,898,0,0
2026-07-31 06:40:00,1.3448,1.34483,1.34456,1.34479,1042,0,0
2026-07-31 06:45:00,1.34479,1.34515,1.34477,1.34496,1385,0,0
2026-07-31 06:50:00,1.34496,1.34511,1.34491,1.34504,1003,0,0
2026-07-31 06:55:00,1.34504,1.34516,1.34498,1.34515,1128,0,0
2026-07-31 07:00:00,1.34515,1.3452600000000001,1.345,1.34522,1116,0,0
2026-07-31 07:05:00,1.34522,1.34527,1.3450199999999999,1.34509,975,0,0
2026-07-31 07:10:00,1.34509,1.34517,1.3449,1.34503,1675,0,0
2026-07-31 07:15:00,1.34503,1.34504,1.34483,1.34497,1191,0,0
2026-07-31 07:20:00,1.34497,1.34506,1.34485,1.345,1157,0,0
2026-07-31 07:25:00,1.345,1.34511,1.3448,1.34481,1240,0,0
2026-07-31 07:30:00,1.34481,1.34488,1.3446,1.34478,1457,0,0
2026-07-31 07:35:00,1.34478,1.34486,1.34455,1.34464,1147,0,0
2026-07-31 07:40:00,1.34463,1.3446799999999999,1.3443800000000001,1.3444099999999999,1425,0,0
2026-07-31 07:45:00,1.3444099999999999,1.34447,1.3442,1.34426,795,0,0
2026-07-31 07:50:00,1.34426,1.34454,1.34425,1.3445,928,0,0
2026-07-31 07:55:00,1.3445,1.34462,1.34439,1.34459,1151,0,0
2026-07-31 08:00:00,1.34458,1.3447200000000001,1.34446,1.34462,1134,0,0
2026-07-31 08:05:00,1.34462,1.34471,1.34454,1.34469,1348,0,0
2026-07-31 08:10:00,1.34469,1.34494,1.34459,1.34461,1447,0,0
2026-07-31 08:15:00,1.34461,1.3447200000000001,1.34455,1.34463,1140,0,0
2026-07-31 08:20:00,1.34463,1.34466,1.3443100000000001,1.3445,1293,0,0
2026-07-31 08:25:00,1.3445,1.34451,1.3443100000000001,1.3443399999999999,1125,0,0
2026-07-31 08:30:00,1.3443399999999999,1.3447200000000001,1.3443,1.34446,1684,0,0
2026-07-31 08:35:00,1.34446,1.34454,1.34421,1.3444,1280,0,0
2026-07-31 08:40:00,1.3444,1.3446,1.34424,1.3443,1462,0,0
2026-07-31 08:45:00,1.3443,1.3443100000000001,1.34406,1.34412,1308,0,0
2026-07-31 08:50:00,1.34412,1.34429,1.3440400000000001,1.34419,1284,0,0
2026-07-31 08:55:00,1.34419,1.34453,1.34414,1.3443,1363,0,0
2026-07-31 09:00:00,1.3443,1.34485,1.34428,1.34482,1494,0,0
2026-07-31 09:05:00,1.34482,1.34547,1.3448,1.34532,1857,0,0
2026-07-31 09:10:00,1.34532,1.34547,1.34504,1.34544,1490,0,0
2026-07-31 09:15:00,1.34544,1.34557,1.3451,1.34539,1777,0,0
2026-07-31 09:20:00,1.34538,1.34561,1.34511,1.3456000000000001,1487,0,0
2026-07-31 09:25:00,1.34559,1.34612,1.3455599999999999,1.34598,1667,0,0
2026-07-31 09:30:00,1.34598,1.34598,1.34505,1.34507,2100,0,0
2026-07-31 09:35:00,1.34507,1.3452,1.34455,1.34486,2302,0,0
2026-07-31 09:40:00,1.34486,1.345,1.3446500000000001,1.34493,2073,0,0
2026-07-31 09:45:00,1.34494,1.34551,1.34491,1.34543,2320,0,0
2026-07-31 09:50:00,1.34543,1.34612,1.34535,1.3458999999999999,3103,0,0
2026-07-31 09:55:00,1.34591,1.34616,1.34501,1.34511,2586,0,0
2026-07-31 10:00:00,1.34511,1.34546,1.3450199999999999,1.34544,2314,0,0
2026-07-31 10:05:00,1.34544,1.3455,1.34512,1.34525,1901,0,0
2026-07-31 10:10:00,1.34525,1.3455599999999999,1.34521,1.34548,1874,0,0
2026-07-31 10:15:00,1.34548,1.3455300000000001,1.34477,1.34483,1935,0,0
2026-07-31 10:20:00,1.34483,1.34498,1.34448,1.3446799999999999,2101,0,0
2026-07-31 10:25:00,1.3446799999999999,1.34538,1.34456,1.34512,1359,0,0
2026-07-31 10:30:00,1.34512,1.34516,1.34479,1.34488,1429,0,0
2026-07-31 10:35:00,1.34488,1.34507,1.34457,1.3450199999999999,1445,0,0
2026-07-31 10:40:00,1.3450199999999999,1.34522,1.34488,1.34513,1412,0,0
2026-07-31 10:45:00,1.34513,1.34625,1.34509,1.34598,2019,0,0
2026-07-31 10:50:00,1.34599,1.34618,1.34508,1.34509,1392,0,0
2026-07-31 10:55:00,1.34509,1.34539,1.34503,1.34524,1745,0,0
2026-07-31 11:00:00,1.34524,1.34532,1.34469,1.34501,1741,0,0
2026-07-31 11:05:00,1.34501,1.34501,1.3442,1.34427,1583,0,0
2026-07-31 11:10:00,1.34427,1.34446,1.3439999999999999,1.34425,1441,0,0
2026-07-31 11:15:00,1.34425,1.34466,1.34419,1.34464,1315,0,0
2026-07-31 11:20:00,1.3446500000000001,1.3446799999999999,1.34389,1.34392,1371,0,0
2026-07-31 11:25:00,1.34392,1.3442,1.34365,1.3437299999999999,1779,0,0
2026-07-31 11:30:00,1.3437299999999999,1.3439,1.34353,1.34367,1267,0,0
2026-07-31 11:35:00,1.34367,1.34427,1.34367,1.34397,1116,0,0
2026-07-31 11:40:00,1.34397,1.34455,1.34397,1.34446,1413,0,0
2026-07-31 11:45:00,1.34446,1.34507,1.3444,1.34504,1613,0,0
2026-07-31 11:50:00,1.34504,1.34523,1.3449,1.345,1459,0,0
2026-07-31 11:55:00,1.345,1.34644,1.3449,1.34595,3852,0,0
2026-07-31 12:00:00,1.34595,1.34681,1.34578,1.34606,3737,0,0
2026-07-31 12:05:00,1.34606,1.3465500000000001,1.34576,1.34593,3223,0,0
2026-07-31 12:10:00,1.3459400000000001,1.34604,1.34561,1.3458,2094,0,0
2026-07-31 12:15:00,1.3458,1.3461699999999999,1.3456000000000001,1.34583,1949,0,0
2026-07-31 12:20:00,1.34583,1.34623,1.34575,1.3459699999999999,1780,0,0
2026-07-31 12:25:00,1.3459699999999999,1.34601,1.34537,1.34543,2057,0,0
2026-07-31 12:30:00,1.34542,1.34571,1.34518,1.34528,2294,0,0
2026-07-31 12:35:00,1.34528,1.3454,1.34513,1.3452600000000001,1756,0,0
2026-07-31 12:40:00,1.3452600000000001,1.34531,1.34461,1.34464,1380,0,0
2026-07-31 12:45:00,1.34462,1.34527,1.34459,1.34521,1573,0,0
2026-07-31 12:50:00,1.34521,1.34542,1.3451,1.34522,1208,0,0
2026-07-31 12:55:00,1.34521,1.34532,1.34481,1.34501,1615,0,0
2026-07-31 13:00:00,1.34501,1.34523,1.34475,1.34496,1586,0,0
2026-07-31 13:05:00,1.34496,1.34511,1.34447,1.34449,1364,0,0
2026-07-31 13:10:00,1.34449,1.3449200000000001,1.34442,1.34482,1211,0,0
2026-07-31 13:15:00,1.34483,1.34487,1.34437,1.3444099999999999,1165,0,0
2026-07-31 13:20:00,1.3444099999999999,1.34478,1.3443100000000001,1.3446500000000001,1112,0,0
2026-07-31 13:25:00,1.3446500000000001,1.34501,1.34455,1.34457,1508,0,0
2026-07-31 13:30:00,1.34457,1.34471,1.34446,1.34464,1311,0,0
2026-07-31 13:35:00,1.34466,1.3449200000000001,1.34462,1.34471,1298,0,0
2026-07-31 13:40:00,1.34471,1.34493,1.34463,1.34476,1477,0,0
2026-07-31 13:45:00,1.34476,1.34491,1.34453,1.3446,1091,0,0
2026-07-31 13:50:00,1.3446,1.3447200000000001,1.34447,1.34455,1051,0,0
2026-07-31 13:55:00,1.34455,1.34476,1.34437,1.34444,1354,0,0
2026-07-31 14:00:00,1.34444,1.34445,1.34366,1.34415,1769,0,0
2026-07-31 14:05:00,1.34415,1.34447,1.3439999999999999,1.34424,1219,0,0
2026-07-31 14:10:00,1.34424,1.34426,1.34406,1.34406,1304,0,0
2026-07-31 14:15:00,1.34405,1.3441,1.34366,1.34372,1728,0,0
2026-07-31 14:20:00,1.34372,1.34386,1.34336,1.3434599999999999,1757,0,0
2026-07-31 14:25:00,1.3434599999999999,1.34376,1.34335,1.34335,1501,0,0
2026-07-31 14:30:00,1.34335,1.3434599999999999,1.34267,1.34273,1582,0,0
2026-07-31 14:35:00,1.34272,1.3431,1.34259,1.34286,1591,0,0
2026-07-31 14:40:00,1.34286,1.34304,1.34225,1.34239,1341,0,0
2026-07-31 14:45:00,1.34239,1.34253,1.34195,1.34218,1446,0,0
2026-07-31 14:50:00,1.34218,1.34225,1.3418,1.34195,1418,0,0
2026-07-31 14:55:00,1.34195,1.34205,1.34173,1.3418,1511,0,0
2026-07-31 15:00:00,1.3418,1.34207,1.3415300000000001,1.34189,1804,0,0
2026-07-31 15:05:00,1.34189,1.34233,1.34189,1.3421699999999999,1376,0,0
2026-07-31 15:10:00,1.3421699999999999,1.34225,1.34186,1.34209,1263,0,0
2026-07-31 15:15:00,1.34209,1.34225,1.3418700000000001,1.34198,1354,0,0
2026-07-31 15:20:00,1.34198,1.34218,1.34186,1.34192,1293,0,0
2026-07-31 15:25:00,1.34192,1.34208,1.34178,1.34182,826,0,0
2026-07-31 15:30:00,1.34182,1.3422100000000001,1.34142,1.34219,1254,0,0
2026-07-31 15:35:00,1.34219,1.34223,1.34181,1.3419699999999999,1676,0,0
2026-07-31 15:40:00,1.3419699999999999,1.34215,1.34189,1.3419699999999999,1443,0,0
2026-07-31 15:45:00,1.3419699999999999,1.34277,1.3419699999999999,1.3425799999999999,1463,0,0
2026-07-31 15:50:00,1.3425799999999999,1.3428200000000001,1.34239,1.34262,1362,0,0
2026-07-31 15:55:00,1.34262,1.34265,1.34204,1.34206,1847,0,0
2026-07-31 16:00:00,1.34207,1.34242,1.34196,1.34216,1772,0,0
2026-07-31 16:05:00,1.34216,1.34234,1.34183,1.3418999999999999,1599,0,0
2026-07-31 16:10:00,1.3418999999999999,1.34195,1.34142,1.3415,1606,0,0
2026-07-31 16:15:00,1.34149,1.34184,1.3409499999999999,1.34172,1554,0,0
2026-07-31 16:20:00,1.34172,1.34318,1.34165,1.34313,4323,0,0
2026-07-31 16:25:00,1.34313,1.34333,1.34268,1.34308,3377,0,0
2026-07-31 16:30:00,1.34308,1.34326,1.342,1.34205,3386,0,0
2026-07-31 16:35:00,1.34206,1.3422,1.34025,1.3403399999999999,4225,0,0
2026-07-31 16:40:00,1.3403399999999999,1.34121,1.34003,1.34119,3138,0,0
2026-07-31 16:45:00,1.34119,1.3414,1.34055,1.3409200000000001,3005,0,0
2026-07-31 16:50:00,1.3409200000000001,1.34182,1.34084,1.34172,2929,0,0
2026-07-31 16:55:00,1.34172,1.34213,1.3407,1.34081,2466,0,0
2026-07-31 17:00:00,1.34081,1.34145,1.34021,1.34089,3797,0,0
2026-07-31 17:05:00,1.34089,1.3411,1.34058,1.34074,3499,0,0
2026-07-31 17:10:00,1.34073,1.34173,1.34066,1.34172,3356,0,0
2026-07-31 17:15:00,1.34172,1.34204,1.34125,1.34149,3587,0,0
2026-07-31 17:20:00,1.3415,1.3422399999999999,1.34143,1.34211,2622,0,0
2026-07-31 17:25:00,1.34211,1.34238,1.3418999999999999,1.34228,2818,0,0
2026-07-31 17:30:00,1.34228,1.3428499999999999,1.34227,1.3427799999999999,2229,0,0
2026-07-31 17:35:00,1.3427799999999999,1.3439,1.34274,1.34384,2188,0,0
2026-07-31 17:40:00,1.34384,1.34458,1.34383,1.34453,2324,0,0
2026-07-31 17:45:00,1.34453,1.34574,1.34449,1.34543,2640,0,0
2026-07-31 17:50:00,1.34542,1.34608,1.34396,1.34509,4205,0,0
2026-07-31 17:55:00,1.34509,1.34586,1.34439,1.34564,3629,0,0
2026-07-31 18:00:00,1.34564,1.34612,1.34538,1.34552,2883,0,0
2026-07-31 18:05:00,1.34552,1.34659,1.34552,1.3458700000000001,2793,0,0
2026-07-31 18:10:00,1.3458700000000001,1.34634,1.34558,1.34632,2514,0,0
2026-07-31 18:15:00,1.34632,1.34687,1.34586,1.34598,1957,0,0
2026-07-31 18:20:00,1.34599,1.34632,1.34579,1.34608,1955,0,0
2026-07-31 18:25:00,1.34608,1.34672,1.34591,1.34615,2025,0,0
2026-07-31 18:30:00,1.34615,1.3464,1.34585,1.34599,2464,0,0
2026-07-31 18:35:00,1.34599,1.34687,1.3459400000000001,1.34659,2510,0,0
2026-07-31 18:40:00,1.34659,1.34684,1.3463,1.3465,1860,0,0
2026-07-31 18:45:00,1.3465,1.34687,1.34626,1.34677,2202,0,0
2026-07-31 18:50:00,1.34677,1.34728,1.34676,1.34701,2205,0,0
2026-07-31 18:55:00,1.34701,1.3470900000000001,1.34646,1.3467799999999999,1954,0,0
2026-07-31 19:00:00,1.34679,1.34701,1.34637,1.34654,2017,0,0
2026-07-31 19:05:00,1.34654,1.34666,1.34637,1.3465799999999999,1702,0,0
2026-07-31 19:10:00,1.3465799999999999,1.3471,1.34639,1.34679,2278,0,0
2026-07-31 19:15:00,1.34679,1.34701,1.3465099999999999,1.34653,1946,0,0
2026-07-31 19:20:00,1.34653,1.34663,1.34618,1.34631,1961,0,0
2026-07-31 19:25:00,1.34631,1.34667,1.34615,1.3463,2107,0,0
2026-07-31 19:30:00,1.3463,1.34656,1.34626,1.34654,1390,0,0
2026-07-31 19:35:00,1.34654,1.34677,1.34646,1.3464800000000001,1281,0,0
2026-07-31 19:40:00,1.34647,1.34665,1.34634,1.3464,1329,0,0
2026-07-31 19:45:00,1.3464,1.34664,1.34638,1.34659,1121,0,0
2026-07-31 19:50:00,1.34659,1.34686,1.34653,1.34669,1243,0,0
2026-07-31 19:55:00,1.34669,1.34671,1.34639,1.34647,1780,0,0
2026-07-31 20:00:00,1.34647,1.34679,1.34645,1.34666,2041,0,0
2026-07-31 20:05:00,1.34666,1.34697,1.34656,1.34677,1492,0,0
2026-07-31 20:10:00,1.34677,1.3474300000000001,1.34676,1.34722,1491,0,0
2026-07-31 20:15:00,1.34722,1.34724,1.34695,1.34696,1368,0,0
2026-07-31 20:20:00,1.34696,1.34768,1.34689,1.3473899999999999,1500,0,0
2026-07-31 20:25:00,1.3473899999999999,1.34776,1.34702,1.34771,3400,0,0
2026-07-31 20:30:00,1.34771,1.34825,1.34768,1.34816,3260,0,0
2026-07-31 20:35:00,1.34816,1.34836,1.34789,1.34822,2181,0,0
2026-07-31 20:40:00,1.34823,1.34848,1.3481,1.34843,2049,0,0
2026-07-31 20:45:00,1.34843,1.34846,1.3474599999999999,1.34811,3339,0,0
2026-07-31 20:50:00,1.34811,1.34867,1.34799,1.3486,3043,0,0
2026-07-31 20:55:00,1.34859,1.34881,1.34833,1.34835,2367,0,0
2026-07-31 21:00:00,1.34835,1.34884,1.34823,1.34835,2707,0,0
2026-07-31 21:05:00,1.34835,1.3484099999999999,1.34789,1.3479999999999999,2876,0,0
2026-07-31 21:10:00,1.3479999999999999,1.34802,1.34754,1.34762,1571,0,0
2026-07-31 21:15:00,1.34762,1.34782,1.3474599999999999,1.34771,1433,0,0
2026-07-31 21:20:00,1.34772,1.34799,1.34766,1.34799,1305,0,0
2026-07-31 21:25:00,1.34798,1.3480400000000001,1.34768,1.34785,1521,0,0
2026-07-31 21:30:00,1.34785,1.34788,1.34759,1.34771,1450,0,0
2026-07-31 21:35:00,1.34771,1.34789,1.34761,1.34776,1190,0,0
2026-07-31 21:40:00,1.34776,1.3479999999999999,1.3477000000000001,1.3477299999999999,934,0,0
2026-07-31 21:45:00,1.3477299999999999,1.34784,1.34749,1.34762,1017,0,0
2026-07-31 21:50:00,1.34762,1.34802,1.34756,1.34791,1143,0,0
2026-07-31 21:55:00,1.34791,1.34833,1.34789,1.34827,2281,0,0
2026-07-31 22:00:00,1.34826,1.34869,1.34826,1.3486,1296,0,0
2026-07-31 22:05:00,1.3486,1.34862,1.34836,1.34846,841,0,0
2026-07-31 22:10:00,1.34846,1.34852,1.34833,1.34836,1093,0,0
2026-07-31 22:15:00,1.34835,1.34836,1.34814,1.34817,1004,0,0
2026-07-31 22:20:00,1.34817,1.34827,1.34811,1.34816,701,0,0
2026-07-31 22:25:00,1.34816,1.34839,1.34815,1.34829,789,0,0
2026-07-31 22:30:00,1.34829,1.3483100000000001,1.34794,1.3480699999999999,1137,0,0
2026-07-31 22:35:00,1.34806,1.3481,1.34782,1.3479700000000001,933,0,0
2026-07-31 22:40:00,1.3479700000000001,1.3486500000000001,1.34795,1.34863,1165,0,0
2026-07-31 22:45:00,1.34863,1.34872,1.3483,1.34846,1878,0,0
2026-07-31 22:50:00,1.34846,1.34854,1.34829,1.3484,1187,0,0
2026-07-31 22:55:00,1.3484,1.34852,1.34766,1.34768,1609,0,0
2026-07-31 23:00:00,1.34768,1.34768,1.3474,1.34742,1605,0,0
2026-07-31 23:05:00,1.34742,1.34761,1.34728,1.34748,1414,0,0
2026-07-31 23:10:00,1.34748,1.34785,1.3473,1.34783,1543,0,0
2026-07-31 23:15:00,1.34785,1.34839,1.34779,1.3483399999999999,2988,0,0
2026-07-31 23:20:00,1.3483399999999999,1.34883,1.3483,1.34867,2549,0,0
2026-07-31 23:25:00,1.34867,1.34883,1.34819,1.34844,1939,0,0
2026-07-31 23:30:00,1.34845,1.34878,1.3483399999999999,1.3485,1602,0,0
2026-07-31 23:35:00,1.3485,1.34913,1.34846,1.34887,1576,0,0
2026-07-31 23:40:00,1.34887,1.34918,1.34874,1.34913,1631,0,0
2026-07-31 23:45:00,1.34913,1.34936,1.34903,1.34918,2843,0,0
2026-07-31 23:50:00,1.34917,1.34952,1.34835,1.34923,4966,0,0
2026-07-31 23:55:00,1.34923,1.34923,1.34788,1.34799,2763,0,0
2026-08-03 00:00:00,1.34911,1.34939,1.34905,1.34938,19,9,0
2026-08-03 00:05:00,1.34938,1.34946,1.3493,1.34932,69,0,0
2026-08-03 00:10:00,1.34932,1.34932,1.34877,1.34877,119,0,0
2026-08-03 00:15:00,1.34877,1.34898,1.34877,1.34893,44,0,0
2026-08-03 00:20:00,1.34893,1.34904,1.34893,1.3490199999999999,13,0,0
2026-08-03 00:25:00,1.3490199999999999,1.34906,1.34881,1.34901,28,0,0
2026-08-03 00:30:00,1.34901,1.3492,1.3485,1.3491900000000001,63,0,0
2026-08-03 00:35:00,1.3491900000000001,1.34933,1.34866,1.34867,85,0,0
2026-08-03 00:40:00,1.34867,1.34927,1.34867,1.34906,78,0,0
2026-08-03 00:45:00,1.3491,1.34933,1.34906,1.34917,58,0,0
2026-08-03 00:50:00,1.34917,1.34923,1.34878,1.34915,123,0,0
2026-08-03 00:55:00,1.34915,1.34935,1.34866,1.34897,234,0,0
2026-08-03 01:00:00,1.34897,1.35005,1.34886,1.35,787,0,0
2026-08-03 01:05:00,1.35,1.35005,1.34988,1.34995,350,0,0
2026-08-03 01:10:00,1.34995,1.35064,1.34993,1.35049,1386,0,0
2026-08-03 01:15:00,1.35049,1.35056,1.34969,1.34975,1620,0,0
2026-08-03 01:20:00,1.34975,1.35002,1.34969,1.34979,1211,0,0
2026-08-03 01:25:00,1.34979,1.35006,1.34971,1.35001,939,0,0
2026-08-03 01:30:00,1.35001,1.3501,1.34966,1.34967,919,0,0
2026-08-03 01:35:00,1.34966,1.35003,1.34966,1.34988,938,0,0
2026-08-03 01:40:00,1.34988,1.34997,1.34945,1.34955,787,0,0
2026-08-03 01:45:00,1.34955,1.34971,1.34939,1.3497,753,0,0
2026-08-03 01:50:00,1.3497,1.34995,1.34964,1.3498,661,0,0
2026-08-03 01:55:00,1.3498,1.3498299999999999,1.34955,1.34958,633,0,0
2026-08-03 02:00:00,1.34958,1.34978,1.34915,1.34937,1159,0,0
2026-08-03 02:05:00,1.34937,1.34939,1.34905,1.34911,716,0,0
2026-08-03 02:10:00,1.34911,1.3493,1.34904,1.34921,921,0,0
2026-08-03 02:15:00,1.34921,1.34928,1.34904,1.34908,803,0,0
2026-08-03 02:20:00,1.34908,1.3491,1.3489499999999999,1.34903,848,0,0
2026-08-03 02:25:00,1.34903,1.34925,1.34897,1.3491900000000001,981,0,0
2026-08-03 02:30:00,1.3491900000000001,1.34934,1.3489499999999999,1.34908,776,0,0
2026-08-03 02:35:00,1.34907,1.34933,1.34903,1.34904,625,0,0
2026-08-03 02:40:00,1.34904,1.3493,1.34884,1.34925,852,0,0
2026-08-03 02:45:00,1.34925,1.34928,1.34903,1.34916,1039,0,0
2026-08-03 02:50:00,1.34917,1.34933,1.3491,1.3491900000000001,1372,0,0
2026-08-03 02:55:00,1.3491900000000001,1.34931,1.3490199999999999,1.34912,1484,0,0
2026-08-03 03:00:00,1.34911,1.34916,1.34847,1.34873,2319,0,0
2026-08-03 03:05:00,1.34873,1.34893,1.34852,1.34853,1628,0,0
2026-08-03 03:10:00,1.34853,1.3486099999999999,1.3483,1.34842,1799,0,0
2026-08-03 03:15:00,1.34842,1.34877,1.3483800000000001,1.3486500000000001,1707,0,0
2026-08-03 03:20:00,1.3486500000000001,1.34879,1.3483800000000001,1.34876,1192,0,0
2026-08-03 03:25:00,1.34876,1.34965,1.34847,1.34947,2830,0,0
2026-08-03 03:30:00,1.34945,1.34998,1.34928,1.34993,3867,0,0
2026-08-03 03:35:00,1.34993,1.35011,1.3494,1.34994,3241,0,0
2026-08-03 03:40:00,1.34993,1.35029,1.34967,1.35013,3549,0,0
2026-08-03 03:45:00,1.35013,1.3502399999999999,1.34931,1.34944,3711,0,0
2026-08-03 03:50:00,1.34944,1.34971,1.34891,1.34893,4299,0,0
2026-08-03 03:55:00,1.34893,1.34904,1.34856,1.34875,3189,0,0
2026-08-03 04:00:00,1.34875,1.34917,1.3484,1.34866,4067,0,0
2026-08-03 04:05:00,1.34866,1.34872,1.34783,1.34805,2529,0,0
2026-08-03 04:10:00,1.34805,1.34811,1.34757,1.34759,2402,0,0
2026-08-03 04:15:00,1.34759,1.34775,1.34718,1.3472,2087,0,0
2026-08-03 04:20:00,1.3472,1.34748,1.3470900000000001,1.34735,2113,0,0
2026-08-03 04:25:00,1.34735,1.34758,1.34727,1.34727,2262,0,0
2026-08-03 04:30:00,1.34727,1.34751,1.3471899999999999,1.34728,2117,0,0
2026-08-03 04:35:00,1.34728,1.34738,1.34707,1.34708,2105,0,0
2026-08-03 04:40:00,1.34708,1.34744,1.34707,1.34741,1955,0,0
2026-08-03 04:45:00,1.34741,1.34741,1.34718,1.34721,1600,0,0
2026-08-03 04:50:00,1.34721,1.34737,1.34702,1.3471600000000001,1311,0,0
2026-08-03 04:55:00,1.3471600000000001,1.34744,1.34713,1.34737,1044,0,0
2026-08-03 05:00:00,1.34737,1.34767,1.34734,1.34749,1348,0,0
2026-08-03 05:05:00,1.34749,1.34764,1.34721,1.34725,1544,0,0
2026-08-03 05:10:00,1.34725,1.3473899999999999,1.34706,1.3470900000000001,1287,0,0
2026-08-03 05:15:00,1.3470900000000001,1.3474,1.34692,1.3473899999999999,1385,0,0
2026-08-03 05:20:00,1.3473899999999999,1.3473899999999999,1.347,1.34706,1510,0,0
2026-08-03 05:25:00,1.34706,1.34721,1.34701,1.3471600000000001,1789,0,0
2026-08-03 05:30:00,1.34718,1.34728,1.34711,1.34724,1227,0,0
2026-08-03 05:35:00,1.34724,1.34757,1.3472,1.34749,1738,0,0
2026-08-03 05:40:00,1.34747,1.34753,1.3471,1.34713,1559,0,0
2026-08-03 05:45:00,1.34713,1.34724,1.34708,1.34722,1337,0,0
2026-08-03 05:50:00,1.34722,1.34724,1.34688,1.34694,1688,0,0
2026-08-03 05:55:00,1.34694,1.34708,1.34684,1.34702,1220,0,0
2026-08-03 06:00:00,1.34702,1.34713,1.34671,1.34679,1655,0,0
2026-08-03 06:05:00,1.34679,1.34701,1.34677,1.3468499999999999,1161,0,0
2026-08-03 06:10:00,1.34684,1.3469,1.34662,1.3468200000000001,1223,0,0
2026-08-03 06:15:00,1.3468200000000001,1.34683,1.3465500000000001,1.3467500000000001,1746,0,0
2026-08-03 06:20:00,1.3467500000000001,1.3468200000000001,1.34662,1.34668,1055,0,0
2026-08-03 06:25:00,1.34668,1.34689,1.34666,1.34681,1371,0,0
2026-08-03 06:30:00,1.34681,1.34683,1.34656,1.34661,1206,0,0
2026-08-03 06:35:00,1.34661,1.34677,1.34639,1.34657,1590,0,0
2026-08-03 06:40:00,1.34656,1.34667,1.34645,1.34656,1330,0,0
2026-08-03 06:45:00,1.34656,1.34674,1.3465,1.34661,1425,0,0
2026-08-03 06:50:00,1.34661,1.3467,1.34656,1.3465799999999999,1171,0,0
2026-08-03 06:55:00,1.3465799999999999,1.34683,1.34653,1.3467500000000001,958,0,0
2026-08-03 07:00:00,1.3467500000000001,1.34702,1.3467500000000001,1.34688,1181,0,0
2026-08-03 07:05:00,1.34688,1.34693,1.34668,1.34669,1683,0,0
2026-08-03 07:10:00,1.34669,1.34694,1.34666,1.34691,993,0,0
2026-08-03 07:15:00,1.34691,1.34701,1.34679,1.3468200000000001,1155,0,0
2026-08-03 07:20:00,1.3468200000000001,1.3469,1.34672,1.34676,1481,0,0
2026-08-03 07:25:00,1.34676,1.34693,1.34672,1.34687,1229,0,0
2026-08-03 07:30:00,1.34687,1.34699,1.3467799999999999,1.34697,785,0,0
2026-08-03 07:35:00,1.34697,1.34723,1.34695,1.34717,1240,0,0
2026-08-03 07:40:00,1.34717,1.34738,1.34703,1.34738,1070,0,0
2026-08-03 07:45:00,1.34738,1.34738,1.34715,1.34722,961,0,0
2026-08-03 07:50:00,1.34722,1.34723,1.34699,1.3471,654,0,0
2026-08-03 07:55:00,1.3471,1.34726,1.347,1.34723,671,0,0
2026-08-03 08:00:00,1.34723,1.34742,1.34718,1.3472,1005,0,0
2026-08-03 08:05:00,1.3472,1.34733,1.34698,1.347,1043,0,0
2026-08-03 08:10:00,1.347,1.34723,1.34697,1.3471899999999999,797,0,0
2026-08-03 08:15:00,1.3471899999999999,1.34725,1.3471,1.34714,975,0,0
2026-08-03 08:20:00,1.34714,1.34723,1.34707,1.34717,630,0,0
2026-08-03 08:25:00,1.34718,1.34725,1.3470900000000001,1.34724,694,0,0
2026-08-03 08:30:00,1.34724,1.34751,1.3472,1.34747,1244,0,0
2026-08-03 08:35:00,1.34747,1.3475,1.34732,1.34735,1226,0,0
2026-08-03 08:40:00,1.3473600000000001,1.34761,1.3472,1.34755,1187,0,0
2026-08-03 08:45:00,1.34755,1.34766,1.34731,1.3473600000000001,1235,0,0
2026-08-03 08:50:00,1.3473600000000001,1.34749,1.34731,1.34748,879,0,0
2026-08-03 08:55:00,1.34748,1.34778,1.34747,1.34759,753,0,0
2026-08-03 09:00:00,1.34759,1.34778,1.34745,1.34758,1314,0,0
2026-08-03 09:05:00,1.34758,1.34779,1.34729,1.3473899999999999,1709,0,0
2026-08-03 09:10:00,1.3473899999999999,1.3477299999999999,1.34735,1.3473600000000001,1028,0,0
2026-08-03 09:15:00,1.3473600000000001,1.34755,1.34723,1.34741,1796,0,0
2026-08-03 09:20:00,1.34741,1.34751,1.34695,1.3471199999999999,2022,0,0
2026-08-03 09:25:00,1.34713,1.34723,1.34693,1.34721,1552,0,0
2026-08-03 09:30:00,1.34721,1.34728,1.34641,1.34647,1740,0,0
2026-08-03 09:35:00,1.34647,1.34657,1.34601,1.34619,1747,0,0
2026-08-03 09:40:00,1.34619,1.34625,1.34586,1.34596,1522,0,0
2026-08-03 09:45:00,1.34596,1.34603,1.34575,1.34585,1202,0,0
2026-08-03 09:50:00,1.34585,1.34627,1.34577,1.34615,1398,0,0
2026-08-03 09:55:00,1.34616,1.34635,1.34601,1.34607,1853,0,0
2026-08-03 10:00:00,1.34607,1.3464800000000001,1.34598,1.34616,1833,0,0
2026-08-03 10:05:00,1.34616,1.3463,1.34579,1.34604,1807,0,0
2026-08-03 10:10:00,1.34603,1.34652,1.34599,1.3465,1522,0,0
2026-08-03 10:15:00,1.3465,1.34663,1.34531,1.34573,2505,0,0
2026-08-03 10:20:00,1.34573,1.34605,1.3456000000000001,1.34603,1758,0,0
2026-08-03 10:25:00,1.34603,1.34649,1.34599,1.34642,1113,0,0
2026-08-03 10:30:00,1.34642,1.34699,1.34641,1.34695,1222,0,0
2026-08-03 10:35:00,1.34695,1.34705,1.3467,1.34684,1693,0,0
2026-08-03 10:40:00,1.34684,1.3468499999999999,1.3463,1.3465500000000001,1518,0,0
2026-08-03 10:45:00,1.3465500000000001,1.34662,1.3462100000000001,1.34626,1453,0,0
2026-08-03 10:50:00,1.34626,1.34633,1.34593,1.34625,1604,0,0
2026-08-03 10:55:00,1.3462399999999999,1.34631,1.34591,1.34611,1575,0,0
2026-08-03 11:00:00,1.34611,1.3461400000000001,1.3456299999999999,1.3458700000000001,1216,0,0
2026-08-03 11:05:00,1.3458700000000001,1.3462399999999999,1.3458700000000001,1.34593,1128,0,0
2026-08-03 11:10:00,1.34593,1.3462,1.34573,1.3461400000000001,952,0,0
2026-08-03 11:15:00,1.34613,1.34613,1.34576,1.3458700000000001,1334,0,0
2026-08-03 11:20:00,1.3458700000000001,1.34611,1.34561,1.34602,1751,0,0
2026-08-03 11:25:00,1.34602,1.34603,1.34569,1.3457,1552,0,0
2026-08-03 11:30:00,1.34574,1.34593,1.3456000000000001,1.34586,1346,0,0
2026-08-03 11:35:00,1.34586,1.3461400000000001,1.3457,1.34592,2003,0,0
2026-08-03 11:40:00,1.34592,1.34604,1.34581,1.34591,1237,0,0
2026-08-03 11:45:00,1.34591,1.34592,1.34566,1.34569,1307,0,0
2026-08-03 11:50:00,1.34569,1.34577,1.34538,1.34562,1638,0,0
2026-08-03 11:55:00,1.34562,1.34583,1.34541,1.34547,1297,0,0
2026-08-03 12:00:00,1.34546,1.34562,1.34496,1.34503,1317,0,0
2026-08-03 12:05:00,1.34503,1.34545,1.345,1.34543,1204,0,0
2026-08-03 12:10:00,1.34543,1.34576,1.3453,1.34544,1475,0,0
2026-08-03 12:15:00,1.34544,1.34545,1.34493,1.3450199999999999,1165,0,0
2026-08-03 12:20:00,1.3450199999999999,1.34555,1.345,1.34548,1469,0,0
2026-08-03 12:25:00,1.34548,1.3455300000000001,1.34512,1.34542,1899,0,0
2026-08-03 12:30:00,1.34542,1.34561,1.3452600000000001,1.3453300000000001,1565,0,0
2026-08-03 12:35:00,1.3453300000000001,1.3455300000000001,1.3451,1.34539,1242,0,0
2026-08-03 12:40:00,1.34538,1.34572,1.34536,1.34566,1360,0,0
2026-08-03 12:45:00,1.34566,1.34591,1.34544,1.34567,1129,0,0
2026-08-03 12:50:00,1.34567,1.34573,1.3455599999999999,1.34567,1203,0,0
2026-08-03 12:55:00,1.34567,1.34586,1.34498,1.3449900000000001,1755,0,0
2026-08-03 13:00:00,1.3449900000000001,1.34519,1.34481,1.34517,1436,0,0
2026-08-03 13:05:00,1.34517,1.34535,1.3450199999999999,1.3453300000000001,1296,0,0
2026-08-03 13:10:00,1.3453300000000001,1.34541,1.34506,1.34532,1186,0,0
2026-08-03 13:15:00,1.34532,1.34547,1.34486,1.34516,1529,0,0
2026-08-03 13:20:00,1.34516,1.34564,1.34509,1.34562,1555,0,0
2026-08-03 13:25:00,1.34561,1.34576,1.34548,1.34566,1286,0,0
2026-08-03 13:30:00,1.34566,1.34615,1.34547,1.34611,1383,0,0
2026-08-03 13:35:00,1.34611,1.34623,1.34593,1.34602,1033,0,0
2026-08-03 13:40:00,1.34602,1.34608,1.3458700000000001,1.34602,973,0,0
2026-08-03 13:45:00,1.34602,1.34605,1.34559,1.34585,1095,0,0
2026-08-03 13:50:00,1.34585,1.34629,1.3458,1.34604,1573,0,0
2026-08-03 13:55:00,1.34604,1.34619,1.34585,1.34596,1542,0,0
2026-08-03 14:00:00,1.34595,1.34639,1.34592,1.34612,1855,0,0
2026-08-03 14:05:00,1.34612,1.34643,1.3461,1.34639,1041,0,0
2026-08-03 14:10:00,1.34638,1.34653,1.34633,1.3465,969,0,0
2026-08-03 14:15:00,1.3465,1.3465,1.34609,1.3462100000000001,1227,0,0
2026-08-03 14:20:00,1.3462100000000001,1.34622,1.34555,1.34562,1403,0,0
2026-08-03 14:25:00,1.34562,1.34591,1.3456000000000001,1.34585,1232,0,0
2026-08-03 14:30:00,1.34585,1.34626,1.34576,1.34619,1067,0,0
2026-08-03 14:35:00,1.3462,1.3462100000000001,1.34584,1.3459699999999999,986,0,0
2026-08-03 14:40:00,1.3459699999999999,1.34635,1.3459400000000001,1.34629,1157,0,0
2026-08-03 14:45:00,1.3463,1.34647,1.34623,1.34645,1290,0,0
2026-08-03 14:50:00,1.34645,1.34667,1.34631,1.34641,2063,0,0
2026-08-03 14:55:00,1.34641,1.3468,1.34635,1.3467799999999999,1589,0,0
2026-08-03 15:00:00,1.3467799999999999,1.34704,1.34664,1.34698,2112,0,0
2026-08-03 15:05:00,1.34698,1.34704,1.34681,1.34697,1802,0,0
2026-08-03 15:10:00,1.34697,1.34704,1.34647,1.34665,1730,0,0
2026-08-03 15:15:00,1.34665,1.3468,1.34647,1.34654,1499,0,0
2026-08-03 15:20:00,1.34653,1.34662,1.34625,1.3464800000000001,1574,0,0
2026-08-03 15:25:00,1.3464800000000001,1.34661,1.3462,1.34626,1180,0,0
2026-08-03 15:30:00,1.34626,1.34713,1.34623,1.3470900000000001,1548,0,0
2026-08-03 15:35:00,1.3470900000000001,1.34715,1.34647,1.34667,1274,0,0
2026-08-03 15:40:00,1.34668,1.34672,1.34603,1.34616,1359,0,0
2026-08-03 15:45:00,1.34616,1.34631,1.34586,1.3458999999999999,1437,0,0
2026-08-03 15:50:00,1.3458999999999999,1.3465,1.34583,1.34627,1747,0,0
2026-08-03 15:55:00,1.34627,1.34657,1.3461400000000001,1.34643,1802,0,0
2026-08-03 16:00:00,1.34643,1.34659,1.34616,1.3464800000000001,2148,0,0
2026-08-03 16:05:00,1.3464800000000001,1.3467,1.34619,1.34639,1517,0,0
2026-08-03 16:10:00,1.34639,1.34673,1.34602,1.34607,1774,0,0
2026-08-03 16:15:00,1.34607,1.34627,1.3458999999999999,1.34598,2066,0,0
2026-08-03 16:20:00,1.34598,1.34647,1.34583,1.34601,2229,0,0
2026-08-03 16:25:00,1.346,1.3465799999999999,1.34591,1.34654,1987,0,0
2026-08-03 16:30:00,1.34656,1.34656,1.34574,1.34581,2565,0,0
2026-08-03 16:35:00,1.34581,1.34609,1.34548,1.34557,2599,0,0
2026-08-03 16:40:00,1.34557,1.34588,1.34542,1.34558,2239,0,0
2026-08-03 16:45:00,1.34557,1.34561,1.3449200000000001,1.34512,1941,0,0
2026-08-03 16:50:00,1.34511,1.3452899999999999,1.3448,1.34496,2481,0,0
2026-08-03 16:55:00,1.34496,1.3452899999999999,1.34476,1.3452,1632,0,0
2026-08-03 17:00:00,1.34521,1.3456299999999999,1.3447200000000001,1.34503,1997,0,0
2026-08-03 17:05:00,1.34503,1.34551,1.3449200000000001,1.3449900000000001,2183,0,0
2026-08-03 17:10:00,1.3449900000000001,1.34522,1.3445,1.34452,2395,0,0
2026-08-03 17:15:00,1.34452,1.3455300000000001,1.34447,1.34479,2705,0,0
2026-08-03 17:20:00,1.3448,1.34525,1.34477,1.34497,2207,0,0
2026-08-03 17:25:00,1.34497,1.34535,1.34481,1.345,1877,0,0
2026-08-03 17:30:00,1.345,1.34524,1.34451,1.34483,1769,0,0
2026-08-03 17:35:00,1.34483,1.34527,1.34475,1.3449,1757,0,0
2026-08-03 17:40:00,1.3449,1.34505,1.34427,1.34467,1829,0,0
2026-08-03 17:45:00,1.3446799999999999,1.34473,1.34421,1.34467,1733,0,0
2026-08-03 17:50:00,1.34467,1.34498,1.34406,1.3443100000000001,2090,0,0
2026-08-03 17:55:00,1.34432,1.3443800000000001,1.3437299999999999,1.3437700000000001,2370,0,0
2026-08-03 18:00:00,1.3437700000000001,1.3437999999999999,1.3431600000000001,1.3431600000000001,2339,0,0
2026-08-03 18:05:00,1.34317,1.34351,1.34288,1.34296,1949,0,0
2026-08-03 18:10:00,1.34296,1.34304,1.3424800000000001,1.34268,1939,0,0
2026-08-03 18:15:00,1.34268,1.34295,1.3426,1.34286,1669,0,0
2026-08-03 18:20:00,1.34286,1.34297,1.34264,1.3428,1567,0,0
2026-08-03 18:25:00,1.3428,1.34284,1.34236,1.3425,2131,0,0
2026-08-03 18:30:00,1.3425,1.34298,1.34243,1.34284,2331,0,0
2026-08-03 18:35:00,1.34284,1.34299,1.34226,1.34277,1692,0,0
2026-08-03 18:40:00,1.34277,1.34296,1.34256,1.34261,1522,0,0
2026-08-03 18:45:00,1.34261,1.34298,1.34245,1.34288,2032,0,0
2026-08-03 18:50:00,1.34288,1.34317,1.34281,1.3431199999999999,2193,0,0
2026-08-03 18:55:00,1.3431199999999999,1.3434599999999999,1.34302,1.3433899999999999,1454,0,0
2026-08-03 19:00:00,1.3433899999999999,1.34364,1.34329,1.34353,1624,0,0
2026-08-03 19:05:00,1.34351,1.34358,1.34308,1.3433,1326,0,0
2026-08-03 19:10:00,1.3433,1.34349,1.34306,1.34317,1415,0,0
2026-08-03 19:15:00,1.34317,1.3431899999999999,1.34263,1.34281,1690,0,0
2026-08-03 19:20:00,1.34281,1.34303,1.34269,1.3428,902,0,0
2026-08-03 19:25:00,1.3428,1.34305,1.34269,1.3427,1590,0,0
2026-08-03 19:30:00,1.3427,1.34288,1.3424800000000001,1.34284,1367,0,0
2026-08-03 19:35:00,1.34284,1.34297,1.34274,1.34296,949,0,0
2026-08-03 19:40:00,1.34297,1.34306,1.34283,1.34287,1149,0,0
2026-08-03 19:45:00,1.34287,1.34294,1.3425099999999999,1.3426,1231,0,0
2026-08-03 19:50:00,1.34262,1.3428499999999999,1.3425500000000001,1.34271,1211,0,0
2026-08-03 19:55:00,1.34271,1.34292,1.3424800000000001,1.34254,1136,0,0
2026-08-03 20:00:00,1.34254,1.34262,1.3424,1.3424800000000001,1654,0,0
2026-08-03 20:05:00,1.3424800000000001,1.34274,1.34247,1.34259,1521,0,0
2026-08-03 20:10:00,1.3425799999999999,1.34269,1.34247,1.34263,1169,0,0
2026-08-03 20:15:00,1.34263,1.34263,1.34218,1.34235,1522,0,0
2026-08-03 20:20:00,1.34235,1.34254,1.34232,1.34236,1293,0,0
2026-08-03 20:25:00,1.34236,1.34256,1.34234,1.34244,1244,0,0
2026-08-03 20:30:00,1.34244,1.34257,1.34236,1.34252,1605,0,0
2026-08-03 20:35:00,1.34252,1.34256,1.3422399999999999,1.34225,1203,0,0
2026-08-03 20:40:00,1.34226,1.34239,1.34223,1.34231,1310,0,0
2026-08-03 20:45:00,1.34231,1.34254,1.34223,1.34234,1388,0,0
2026-08-03 20:50:00,1.34234,1.34235,1.34202,1.3421,1379,0,0
2026-08-03 20:55:00,1.3421,1.34214,1.34185,1.34191,1012,0,0
2026-08-03 21:00:00,1.34191,1.34199,1.34176,1.34186,1241,0,0
2026-08-03 21:05:00,1.34186,1.3422100000000001,1.34182,1.34219,1247,0,0
2026-08-03 21:10:00,1.34219,1.3423,1.34207,1.34208,1331,0,0
2026-08-03 21:15:00,1.34208,1.34264,1.34208,1.34259,1740,0,0
2026-08-03 21:20:00,1.3426,1.34273,1.3425099999999999,1.3425799999999999,1458,0,0
2026-08-03 21:25:00,1.34259,1.34266,1.3425099999999999,1.34259,1110,0,0
2026-08-03 21:30:00,1.34259,1.34276,1.34257,1.34272,1131,0,0
2026-08-03 21:35:00,1.34272,1.3428,1.34254,1.34256,819,0,0
2026-08-03 21:40:00,1.34256,1.34294,1.3425,1.34293,1102,0,0
2026-08-03 21:45:00,1.34293,1.34306,1.34281,1.34305,827,0,0
2026-08-03 21:50:00,1.34305,1.34324,1.34294,1.34324,840,0,0
2026-08-03 21:55:00,1.34323,1.34325,1.34287,1.34313,1662,0,0
2026-08-03 22:00:00,1.34314,1.34344,1.34304,1.34338,1816,0,0
2026-08-03 22:05:00,1.34338,1.3434599999999999,1.34317,1.3432,995,0,0
2026-08-03 22:10:00,1.3432,1.34334,1.34311,1.34331,1000,0,0
2026-08-03 22:15:00,1.34332,1.34342,1.34322,1.34329,1235,0,0
2026-08-03 22:20:00,1.34329,1.34344,1.34326,1.3434,940,0,0
2026-08-03 22:25:00,1.3434,1.34345,1.34328,1.34331,1066,0,0
2026-08-03 22:30:00,1.34331,1.34333,1.3430900000000001,1.3431600000000001,1226,0,0
2026-08-03 22:35:00,1.3431600000000001,1.34326,1.3431600000000001,1.3432,778,0,0
2026-08-03 22:40:00,1.3432,1.34333,1.3431199999999999,1.34325,1124,0,0
2026-08-03 22:45:00,1.34325,1.34336,1.34313,1.34335,738,0,0
2026-08-03 22:50:00,1.34335,1.34337,1.34318,1.3432,832,0,0
2026-08-03 22:55:00,1.3431899999999999,1.34326,1.34306,1.34311,1090,0,0
2026-08-03 23:00:00,1.34311,1.34324,1.34307,1.34321,845,0,0
2026-08-03 23:05:00,1.34321,1.34332,1.3431,1.3431199999999999,734,0,0
2026-08-03 23:10:00,1.3431199999999999,1.3431600000000001,1.34293,1.34295,840,0,0
2026-08-03 23:15:00,1.34295,1.34298,1.34283,1.34288,593,0,0
2026-08-03 23:20:00,1.34288,1.34317,1.34286,1.3431,250,0,0
2026-08-03 23:25:00,1.3431,1.34313,1.34283,1.34294,281,0,0
2026-08-03 23:30:00,1.34294,1.34308,1.34289,1.34306,276,0,0
2026-08-03 23:35:00,1.34306,1.34318,1.34303,1.3430900000000001,289,0,0
2026-08-03 23:40:00,1.3430900000000001,1.3431600000000001,1.34307,1.3431,232,0,0
2026-08-03 23:45:00,1.3431,1.3431600000000001,1.34307,1.3431,330,0,0
2026-08-03 23:50:00,1.3431,1.34313,1.34299,1.34303,154,0,0
2026-08-03 23:55:00,1.34303,1.34345,1.34301,1.34322,857,0,0
2026-08-04 00:00:00,1.3426,1.3427,1.34216,1.34261,30,11,0
2026-08-04 00:05:00,1.34261,1.34307,1.34236,1.34306,62,0,0
2026-08-04 00:10:00,1.34301,1.34327,1.34297,1.34301,28,0,0
2026-08-04 00:15:00,1.34301,1.34301,1.34265,1.34289,23,0,0
2026-08-04 00:20:00,1.34289,1.34298,1.34286,1.34287,25,4,0
2026-08-04 00:25:00,1.34287,1.34293,1.34267,1.34279,46,6,0
2026-08-04 00:30:00,1.34279,1.3430900000000001,1.34276,1.34307,148,11,0
2026-08-04 00:35:00,1.34307,1.34308,1.3427799999999999,1.34289,364,11,0
2026-08-04 00:40:00,1.34289,1.3431,1.34279,1.34297,377,11,0
2026-08-04 00:45:00,1.34297,1.34311,1.34277,1.34296,222,4,0
2026-08-04 00:50:00,1.34296,1.34306,1.34271,1.34287,122,1,0
2026-08-04 00:55:00,1.34287,1.3431899999999999,1.34276,1.34306,302,0,0
2026-08-04 01:00:00,1.34306,1.34322,1.3428499999999999,1.34289,246,0,0
2026-08-04 01:05:00,1.34289,1.34292,1.34286,1.34291,70,0,0
2026-08-04 01:10:00,1.34291,1.34301,1.3428,1.34281,206,0,0
2026-08-04 01:15:00,1.34281,1.343,1.3428,1.34299,348,0,0
2026-08-04 01:20:00,1.343,1.34301,1.34289,1.3429,245,0,0
2026-08-04 01:25:00,1.3429,1.34291,1.3428200000000001,1.34284,189,0,0
2026-08-04 01:30:00,1.34284,1.343,1.3428,1.3429,405,0,0
2026-08-04 01:35:00,1.3429,1.34292,1.3428200000000001,1.3428499999999999,424,0,0
2026-08-04 01:40:00,1.3428499999999999,1.34303,1.3428200000000001,1.34298,286,0,0
2026-08-04 01:45:00,1.34298,1.34302,1.34292,1.34301,252,0,0
2026-08-04 01:50:00,1.34301,1.3431,1.34299,1.34307,267,0,0
2026-08-04 01:55:00,1.34307,1.34307,1.34296,1.343,158,0,0
2026-08-04 02:00:00,1.343,1.3430900000000001,1.34288,1.34291,439,0,0
2026-08-04 02:05:00,1.34291,1.34304,1.34289,1.34301,245,0,0
2026-08-04 02:10:00,1.34301,1.34305,1.34297,1.34302,243,0,0
2026-08-04 02:15:00,1.34302,1.34314,1.34301,1.34302,376,0,0
2026-08-04 02:20:00,1.34302,1.34304,1.34292,1.34293,247,0,0
2026-08-04 02:25:00,1.34293,1.34301,1.34291,1.34292,252,0,0
2026-08-04 02:30:00,1.34291,1.34298,1.34287,1.34289,376,0,0
2026-08-04 02:35:00,1.34289,1.34291,1.34269,1.34279,456,0,0
2026-08-04 02:40:00,1.34279,1.3428200000000001,1.3426,1.34268,447,0,0
2026-08-04 02:45:00,1.34267,1.34272,1.34243,1.34267,997,0,0
2026-08-04 02:50:00,1.34267,1.3428499999999999,1.3426,1.34262,1213,0,0
2026-08-04 02:55:00,1.34262,1.34276,1.34259,1.3427,934,0,0
2026-08-04 03:00:00,1.34269,1.34293,1.3425799999999999,1.34279,2384,0,0
2026-08-04 03:05:00,1.34279,1.3432,1.34268,1.34318,1394,0,0
2026-08-04 03:10:00,1.34318,1.34323,1.34268,1.34273,1373,0,0
2026-08-04 03:15:00,1.34273,1.34291,1.34267,1.34281,1141,0,0
2026-08-04 03:20:00,1.34281,1.34305,1.34279,1.34296,1269,0,0
2026-08-04 03:25:00,1.34296,1.34299,1.34283,1.34287,1464,0,0
2026-08-04 03:30:00,1.34287,1.34318,1.34276,1.34311,1393,0,0
2026-08-04 03:35:00,1.34311,1.3433,1.34304,1.34321,915,0,0
2026-08-04 03:40:00,1.34321,1.34324,1.34301,1.34314,1158,0,0
2026-08-04 03:45:00,1.34314,1.34315,1.34281,1.34281,1168,0,0
2026-08-04 03:50:00,1.34281,1.34294,1.34261,1.34287,1894,0,0
2026-08-04 03:55:00,1.34287,1.34292,1.34238,1.34244,1932,0,0
2026-08-04 04:00:00,1.34244,1.34245,1.34202,1.3422,2280,0,0
2026-08-04 04:05:00,1.3422,1.34233,1.34208,1.3422,1556,0,0
2026-08-04 04:10:00,1.3422,1.3425099999999999,1.34219,1.34236,1417,0,0
2026-08-04 04:15:00,1.34236,1.34267,1.34233,1.34263,1238,0,0
2026-08-04 04:20:00,1.34263,1.3427,1.34241,1.34261,936,0,0
2026-08-04 04:25:00,1.34261,1.34271,1.34246,1.3425,1365,0,0
2026-08-04 04:30:00,1.3425,1.34295,1.34249,1.34289,1916,0,0
2026-08-04 04:35:00,1.3429,1.34294,1.3427,1.34286,1808,0,0
2026-08-04 04:40:00,1.34286,1.34314,1.34283,1.34311,1863,0,0
2026-08-04 04:45:00,1.34311,1.34314,1.34286,1.34288,1391,0,0
2026-08-04 04:50:00,1.34288,1.343,1.34275,1.34291,1807,0,0
2026-08-04 04:55:00,1.34291,1.34301,1.34275,1.34277,1669,0,0
2026-08-04 05:00:00,1.34277,1.34303,1.34261,1.34265,1707,0,0
2026-08-04 05:05:00,1.34265,1.343,1.34256,1.34291,1212,0,0
2026-08-04 05:10:00,1.34291,1.3431899999999999,1.34277,1.34303,1410,0,0
2026-08-04 05:15:00,1.34303,1.3432,1.34302,1.34306,1280,0,0
2026-08-04 05:20:00,1.34306,1.34315,1.34283,1.34284,1313,0,0
2026-08-04 05:25:00,1.3428499999999999,1.34291,1.34259,1.34277,1453,0,0
2026-08-04 05:30:00,1.34277,1.3429,1.34268,1.3427799999999999,1179,0,0
2026-08-04 05:35:00,1.3427799999999999,1.34302,1.34277,1.34294,952,0,0
2026-08-04 05:40:00,1.34294,1.34304,1.34288,1.343,1278,0,0
2026-08-04 05:45:00,1.343,1.34324,1.34295,1.3431899999999999,1156,0,0
2026-08-04 05:50:00,1.3431899999999999,1.34331,1.34299,1.34301,991,0,0
2026-08-04 05:55:00,1.34301,1.34304,1.34265,1.34273,1257,0,0
2026-08-04 06:00:00,1.34271,1.34315,1.3427,1.34284,1225,0,0
2026-08-04 06:05:00,1.34284,1.3428499999999999,1.34263,1.34272,1004,0,0
2026-08-04 06:10:00,1.34273,1.34289,1.34271,1.34274,1197,0,0
2026-08-04 06:15:00,1.34274,1.34298,1.34269,1.34283,1000,0,0
2026-08-04 06:20:00,1.34283,1.3430900000000001,1.34281,1.34307,1282,0,0
2026-08-04 06:25:00,1.34307,1.34317,1.34299,1.34308,1566,0,0
2026-08-04 06:30:00,1.34308,1.34323,1.34302,1.3431,1195,0,0
2026-08-04 06:35:00,1.34311,1.34331,1.34271,1.34272,1941,0,0
2026-08-04 06:40:00,1.34272,1.34275,1.34249,1.34257,1450,0,0
2026-08-04 06:45:00,1.34257,1.3427,1.34253,1.34262,1327,0,0
2026-08-04 06:50:00,1.34262,1.34281,1.34262,1.34279,1206,0,0
2026-08-04 06:55:00,1.3427799999999999,1.34279,1.3425799999999999,1.34262,1246,0,0
2026-08-04 07:00:00,1.34262,1.34272,1.34254,1.3425799999999999,1176,0,0
2026-08-04 07:05:00,1.3425799999999999,1.3425799999999999,1.34238,1.3425099999999999,810,0,0
2026-08-04 07:10:00,1.3425099999999999,1.34259,1.34237,1.3425,636,0,0
2026-08-04 07:15:00,1.3425,1.34261,1.3425,1.34254,759,0,0
2026-08-04 07:20:00,1.34254,1.3426,1.34247,1.3425799999999999,733,0,0
2026-08-04 07:25:00,1.3425799999999999,1.34266,1.34246,1.34247,632,0,0
2026-08-04 07:30:00,1.34247,1.34259,1.34247,1.3425099999999999,725,0,0
2026-08-04 07:35:00,1.3425099999999999,1.34252,1.34237,1.34249,658,0,0
2026-08-04 07:40:00,1.34249,1.34256,1.34242,1.34243,637,0,0
2026-08-04 07:45:00,1.34243,1.34259,1.34242,1.3425099999999999,771,0,0
2026-08-04 07:50:00,1.3425099999999999,1.34264,1.34241,1.3426,657,0,0
2026-08-04 07:55:00,1.3426,1.34273,1.34257,1.34262,872,0,0
2026-08-04 08:00:00,1.34262,1.34263,1.34247,1.34257,1183,0,0
2026-08-04 08:05:00,1.34257,1.34262,1.3424,1.34241,1057,0,0
2026-08-04 08:10:00,1.34241,1.34246,1.3421699999999999,1.34219,1063,0,0
2026-08-04 08:15:00,1.3422100000000001,1.34227,1.3421,1.34225,1039,0,0
2026-08-04 08:20:00,1.34225,1.3424800000000001,1.3422100000000001,1.34246,1223,0,0
2026-08-04 08:25:00,1.34246,1.34254,1.34243,1.34249,952,0,0
2026-08-04 08:30:00,1.34249,1.34268,1.34232,1.34237,1354,0,0
2026-08-04 08:35:00,1.34237,1.34243,1.34214,1.34219,1056,0,0
2026-08-04 08:40:00,1.34218,1.34226,1.34206,1.34215,897,0,0
2026-08-04 08:45:00,1.34215,1.34216,1.34195,1.34214,1158,0,0
2026-08-04 08:50:00,1.34214,1.34222,1.34207,1.34218,949,0,0
2026-08-04 08:55:00,1.34218,1.34266,1.34215,1.3425099999999999,1619,0,0
2026-08-04 09:00:00,1.3425099999999999,1.3425500000000001,1.34231,1.34245,1775,0,0
2026-08-04 09:05:00,1.34245,1.34265,1.34231,1.3425799999999999,1239,0,0
2026-08-04 09:10:00,1.3425799999999999,1.34279,1.34235,1.3427799999999999,1597,0,0
2026-08-04 09:15:00,1.34279,1.34295,1.34259,1.34274,1711,0,0
2026-08-04 09:20:00,1.34274,1.34324,1.3427,1.3431,1403,0,0
2026-08-04 09:25:00,1.3431,1.34324,1.34274,1.34277,1682,0,0
2026-08-04 09:30:00,1.34277,1.34322,1.34268,1.34314,1640,0,0
2026-08-04 09:35:00,1.34314,1.34324,1.34294,1.34297,1401,0,0
2026-08-04 09:40:00,1.34297,1.34301,1.3427,1.3428200000000001,1581,0,0
2026-08-04 09:45:00,1.3428200000000001,1.343,1.3427,1.3429,1700,0,0
2026-08-04 09:50:00,1.3429,1.34294,1.34269,1.3427,1296,0,0
2026-08-04 09:55:00,1.3427,1.34302,1.34269,1.3428200000000001,1453,0,0
2026-08-04 10:00:00,1.3428200000000001,1.34331,1.34273,1.34329,1908,0,0
2026-08-04 10:05:00,1.34329,1.34332,1.34288,1.3432,1709,0,0
2026-08-04 10:10:00,1.3432,1.34334,1.34308,1.3431899999999999,1530,0,0
2026-08-04 10:15:00,1.3431899999999999,1.34353,1.3430900000000001,1.3434300000000001,1603,0,0
2026-08-04 10:20:00,1.3434300000000001,1.3439,1.3434,1.34387,1649,0,0
2026-08-04 10:25:00,1.34387,1.3439,1.34328,1.34342,2159,0,0
2026-08-04 10:30:00,1.34342,1.3437700000000001,1.34331,1.34367,2067,0,0
2026-08-04 10:35:00,1.34367,1.3437700000000001,1.34333,1.34354,1913,0,0
2026-08-04 10:40:00,1.34354,1.34366,1.34337,1.3434300000000001,1473,0,0
2026-08-04 10:45:00,1.3434300000000001,1.34354,1.3432,1.3433899999999999,1296,0,0
2026-08-04 10:50:00,1.3433899999999999,1.34385,1.34337,1.34372,1428,0,0
2026-08-04 10:55:00,1.34372,1.34385,1.34357,1.34362,1344,0,0
2026-08-04 11:00:00,1.34362,1.34391,1.34357,1.34375,1503,0,0
2026-08-04 11:05:00,1.34375,1.34381,1.34349,1.34365,1148,0,0
2026-08-04 11:10:00,1.34365,1.34366,1.34329,1.34341,1062,0,0
2026-08-04 11:15:00,1.34341,1.3437299999999999,1.34336,1.34344,1239,0,0
2026-08-04 11:20:00,1.34344,1.34368,1.3433899999999999,1.34353,1250,0,0
2026-08-04 11:25:00,1.34353,1.34402,1.34329,1.34389,1898,0,0
2026-08-04 11:30:00,1.34389,1.34392,1.3433899999999999,1.34363,1509,0,0
2026-08-04 11:35:00,1.34363,1.34382,1.3434,1.34379,1264,0,0
2026-08-04 11:40:00,1.34379,1.34409,1.34376,1.34403,1374,0,0
2026-08-04 11:45:00,1.34403,1.34412,1.34359,1.34399,1541,0,0
2026-08-04 11:50:00,1.34399,1.34416,1.34397,1.34401,1008,0,0
2026-08-04 11:55:00,1.34401,1.34425,1.34392,1.34421,1337,0,0
2026-08-04 12:00:00,1.34421,1.34427,1.34389,1.34392,1454,0,0
2026-08-04 12:05:00,1.34392,1.34395,1.34361,1.34391,1368,0,0
2026-08-04 12:10:00,1.34391,1.3440699999999999,1.3437000000000001,1.34399,1344,0,0
2026-08-04 12:15:00,1.34399,1.34409,1.34384,1.34405,1085,0,0
2026-08-04 12:20:00,1.34406,1.34416,1.34389,1.3441100000000001,1178,0,0
2026-08-04 12:25:00,1.3441100000000001,1.3443100000000001,1.34408,1.3442,1571,0,0
2026-08-04 12:30:00,1.34423,1.34427,1.34396,1.34422,1221,0,0
2026-08-04 12:35:00,1.34422,1.34425,1.34389,1.34389,870,0,0
2026-08-04 12:40:00,1.34389,1.3440400000000001,1.34389,1.34393,1089,0,0
2026-08-04 12:45:00,1.34394,1.34428,1.3437700000000001,1.34417,1425,0,0
2026-08-04 12:50:00,1.34417,1.3442,1.34385,1.34394,816,0,0
2026-08-04 12:55:00,1.34394,1.3442,1.34388,1.34416,1050,0,0
2026-08-04 13:00:00,1.34416,1.34432,1.34405,1.34422,1026,0,0
2026-08-04 13:05:00,1.34422,1.34447,1.3441100000000001,1.34427,1196,0,0
2026-08-04 13:10:00,1.34427,1.3444099999999999,1.34424,1.34435,1124,0,0
2026-08-04 13:15:00,1.34436,1.34436,1.34396,1.34401,1040,0,0
2026-08-04 13:20:00,1.34401,1.34422,1.34398,1.34413,904,0,0
2026-08-04 13:25:00,1.34413,1.34421,1.34392,1.34399,1019,0,0
2026-08-04 13:30:00,1.34399,1.34414,1.34375,1.34383,1036,0,0
2026-08-04 13:35:00,1.34383,1.34412,1.3437700000000001,1.34387,1097,0,0
2026-08-04 13:40:00,1.34387,1.34471,1.34378,1.34439,1337,0,0
2026-08-04 13:45:00,1.34439,1.34488,1.34436,1.34455,3005,0,0
2026-08-04 13:50:00,1.34455,1.34456,1.3442,1.34437,1832,0,0
2026-08-04 13:55:00,1.34437,1.3445,1.34423,1.34427,1766,0,0
2026-08-04 14:00:00,1.34427,1.34437,1.34412,1.34418,1620,0,0
2026-08-04 14:05:00,1.34418,1.34427,1.34403,1.34418,1598,0,0
2026-08-04 14:10:00,1.34417,1.34449,1.34413,1.34439,1278,0,0
2026-08-04 14:15:00,1.34439,1.34457,1.34435,1.34443,1229,0,0
2026-08-04 14:20:00,1.34443,1.3448,1.34443,1.3446500000000001,1378,0,0
2026-08-04 14:25:00,1.3446500000000001,1.34498,1.34463,1.34496,1463,0,0
2026-08-04 14:30:00,1.34494,1.34535,1.34485,1.34513,1670,0,0
2026-08-04 14:35:00,1.34513,1.34545,1.3450199999999999,1.3454,1376,0,0
2026-08-04 14:40:00,1.3454,1.34549,1.34481,1.34523,2472,0,0
2026-08-04 14:45:00,1.34523,1.34527,1.34457,1.34463,2369,0,0
2026-08-04 14:50:00,1.34462,1.3449,1.34446,1.34453,1997,0,0
2026-08-04 14:55:00,1.34453,1.34501,1.34448,1.34466,2324,0,0
2026-08-04 15:00:00,1.34466,1.3449499999999999,1.34451,1.34456,2401,0,0
2026-08-04 15:05:00,1.34456,1.34479,1.34445,1.34456,2012,0,0
2026-08-04 15:10:00,1.34458,1.34483,1.34457,1.34463,1636,0,0
2026-08-04 15:15:00,1.34462,1.34478,1.34451,1.3446,1664,0,0
2026-08-04 15:20:00,1.3446,1.34482,1.34445,1.3448,1187,0,0
2026-08-04 15:25:00,1.3448,1.3449200000000001,1.3445,1.34451,789,0,0
2026-08-04 15:30:00,1.34451,1.34517,1.34451,1.34512,1024,0,0
2026-08-04 15:35:00,1.34512,1.34534,1.34506,1.34522,1509,0,0
2026-08-04 15:40:00,1.34522,1.34543,1.34516,1.3452600000000001,1472,0,0
2026-08-04 15:45:00,1.3452600000000001,1.34527,1.34486,1.3449200000000001,1193,0,0
2026-08-04 15:50:00,1.3449200000000001,1.34501,1.34436,1.3443800000000001,1473,0,0
2026-08-04 15:55:00,1.3443800000000001,1.3445,1.34417,1.34427,1580,0,0
2026-08-04 16:00:00,1.34427,1.3444099999999999,1.34386,1.34396,1948,0,0
2026-08-04 16:05:00,1.34396,1.3441,1.34388,1.34391,1066,0,0
2026-08-04 16:10:00,1.34391,1.34423,1.34389,1.34421,1008,0,0
2026-08-04 16:15:00,1.34421,1.34426,1.34378,1.34386,1366,0,0
2026-08-04 16:20:00,1.34386,1.34509,1.3437700000000001,1.34469,3640,0,0
2026-08-04 16:25:00,1.3447,1.34481,1.34427,1.34428,1992,0,0
2026-08-04 16:30:00,1.34428,1.34471,1.34425,1.3446799999999999,2698,0,0
2026-08-04 16:35:00,1.3446799999999999,1.3449,1.34457,1.3449,2605,0,0
2026-08-04 16:40:00,1.3449,1.34504,1.34477,1.3449499999999999,2424,0,0
2026-08-04 16:45:00,1.3449499999999999,1.34525,1.34486,1.34497,2114,0,0
2026-08-04 16:50:00,1.34497,1.345,1.34457,1.34481,2152,0,0
2026-08-04 16:55:00,1.34481,1.34493,1.34449,1.3446799999999999,1633,0,0
2026-08-04 17:00:00,1.3446799999999999,1.34511,1.34461,1.34506,1826,0,0
2026-08-04 17:05:00,1.34506,1.3455300000000001,1.34488,1.3452899999999999,1946,0,0
2026-08-04 17:10:00,1.3452899999999999,1.34539,1.3451,1.34516,1677,0,0
2026-08-04 17:15:00,1.34517,1.3455599999999999,1.34506,1.34508,1800,0,0
2026-08-04 17:20:00,1.34508,1.34541,1.34496,1.34518,1950,0,0
2026-08-04 17:25:00,1.34518,1.3453300000000001,1.34509,1.34515,1776,0,0
2026-08-04 17:30:00,1.34516,1.34527,1.34496,1.34503,1872,0,0
2026-08-04 17:35:00,1.34503,1.34539,1.34473,1.3451,2219,0,0
2026-08-04 17:40:00,1.3451,1.34539,1.3450199999999999,1.34513,1402,0,0
2026-08-04 17:45:00,1.34513,1.34516,1.34451,1.34471,1566,0,0
2026-08-04 17:50:00,1.34471,1.34514,1.34459,1.3446500000000001,1921,0,0
2026-08-04 17:55:00,1.3446500000000001,1.34477,1.34425,1.34474,2319,0,0
2026-08-04 18:00:00,1.34474,1.3449,1.34449,1.34483,2484,0,0
2026-08-04 18:05:00,1.34483,1.34487,1.34453,1.34458,1781,0,0
2026-08-04 18:10:00,1.34458,1.34473,1.34439,1.34442,1599,0,0
2026-08-04 18:15:00,1.34442,1.34447,1.34419,1.34422,2012,0,0
2026-08-04 18:20:00,1.34422,1.34451,1.34421,1.34446,1528,0,0
2026-08-04 18:25:00,1.34446,1.3446500000000001,1.34439,1.34459,1818,0,0
2026-08-04 18:30:00,1.34458,1.3447,1.3444099999999999,1.34449,1962,0,0
2026-08-04 18:35:00,1.34449,1.34512,1.3442,1.34487,2344,0,0
2026-08-04 18:40:00,1.34487,1.3450199999999999,1.34478,1.34498,1949,0,0
2026-08-04 18:45:00,1.34498,1.34522,1.34491,1.34504,1729,0,0
2026-08-04 18:50:00,1.34504,1.34534,1.34498,1.34518,1616,0,0
2026-08-04 18:55:00,1.34518,1.34554,1.34518,1.34543,1451,0,0
2026-08-04 19:00:00,1.34543,1.34551,1.34498,1.34506,1665,0,0
2026-08-04 19:05:00,1.34506,1.34511,1.34481,1.34509,1487,0,0
2026-08-04 19:10:00,1.34508,1.3456299999999999,1.34505,1.3453,1685,0,0
2026-08-04 19:15:00,1.34531,1.34534,1.34498,1.3452600000000001,1684,0,0
2026-08-04 19:20:00,1.3452600000000001,1.34541,1.34504,1.34506,1438,0,0
2026-08-04 19:25:00,1.34506,1.34532,1.34504,1.34514,1074,0,0
2026-08-04 19:30:00,1.34514,1.34514,1.34491,1.34494,1034,0,0
2026-08-04 19:35:00,1.34494,1.345,1.34476,1.34478,1149,0,0
2026-08-04 19:40:00,1.34478,1.3449499999999999,1.3446799999999999,1.34494,1289,0,0
2026-08-04 19:45:00,1.34494,1.34506,1.34477,1.34486,923,0,0
2026-08-04 19:50:00,1.34486,1.3449200000000001,1.34461,1.3446500000000001,1048,0,0
2026-08-04 19:55:00,1.3446500000000001,1.34473,1.34456,1.34464,1292,0,0
2026-08-04 20:00:00,1.34464,1.34486,1.3446,1.34467,1440,0,0
2026-08-04 20:05:00,1.34467,1.34477,1.34447,1.34449,931,0,0
2026-08-04 20:10:00,1.34449,1.3446799999999999,1.3444099999999999,1.3446500000000001,1429,0,0
2026-08-04 20:15:00,1.34466,1.34469,1.34426,1.3444099999999999,1327,0,0
2026-08-04 20:20:00,1.3444099999999999,1.34454,1.34426,1.34433,1213,0,0
2026-08-04 20:25:00,1.34433,1.34437,1.34418,1.34422,1235,0,0
2026-08-04 20:30:00,1.34422,1.3443,1.34409,1.34415,977,0,0
2026-08-04 20:35:00,1.34415,1.34435,1.34415,1.3443399999999999,720,0,0
2026-08-04 20:40:00,1.3443399999999999,1.34458,1.34429,1.34451,1057,0,0
2026-08-04 20:45:00,1.3445,1.34457,1.3443800000000001,1.34449,782,0,0
2026-08-04 20:50:00,1.34449,1.34454,1.34436,1.34443,1076,0,0
2026-08-04 20:55:00,1.34443,1.34457,1.34433,1.34433,936,0,0
2026-08-04 21:00:00,1.34433,1.34444,1.34418,1.34433,1197,0,0
2026-08-04 21:05:00,1.34433,1.34446,1.34428,1.3443100000000001,1776,0,0
2026-08-04 21:10:00,1.3443100000000001,1.3443100000000001,1.34408,1.34414,1499,0,0
2026-08-04 21:15:00,1.34414,1.34422,1.3440699999999999,1.34415,1870,0,0
2026-08-04 21:20:00,1.34414,1.34433,1.34408,1.34423,1564,0,0
2026-08-04 21:25:00,1.34424,1.34425,1.34408,1.3441100000000001,686,0,0
2026-08-04 21:30:00,1.3441100000000001,1.34415,1.34396,1.34406,519,0,0
2026-08-04 21:35:00,1.34406,1.34419,1.34406,1.34418,610,0,0
2026-08-04 21:40:00,1.34418,1.3443399999999999,1.3440699999999999,1.3443100000000001,791,0,0
2026-08-04 21:45:00,1.3443100000000001,1.3444099999999999,1.34429,1.3443800000000001,693,0,0
2026-08-04 21:50:00,1.3443800000000001,1.34489,1.34437,1.34477,1184,0,0
2026-08-04 21:55:00,1.34477,1.34531,1.34476,1.34514,1379,0,0
2026-08-04 22:00:00,1.34514,1.3452899999999999,1.34508,1.34513,1473,0,0
2026-08-04 22:05:00,1.34513,1.34542,1.34508,1.3453300000000001,1109,0,0
2026-08-04 22:10:00,1.3453300000000001,1.34539,1.34503,1.34505,1020,0,0
2026-08-04 22:15:00,1.34505,1.34515,1.34497,1.3449900000000001,1876,0,0
2026-08-04 22:20:00,1.3449900000000001,1.34509,1.3449,1.34497,1189,0,0
2026-08-04 22:25:00,1.34497,1.34515,1.3449,1.34514,1789,0,0
2026-08-04 22:30:00,1.34512,1.34517,1.34489,1.34494,1549,0,0
2026-08-04 22:35:00,1.34493,1.34514,1.34486,1.34511,1385,0,0
2026-08-04 22:40:00,1.34511,1.34515,1.3449900000000001,1.34503,1658,0,0
2026-08-04 22:45:00,1.34503,1.34512,1.3449900000000001,1.3450199999999999,1093,0,0
2026-08-04 22:50:00,1.34503,1.3451,1.34487,1.3449499999999999,1648,0,0
2026-08-04 22:55:00,1.3449499999999999,1.34512,1.3449200000000001,1.34503,1852,0,0
2026-08-04 23:00:00,1.34503,1.34518,1.34501,1.34512,1631,0,0
2026-08-04 23:05:00,1.34512,1.34523,1.34508,1.3452,2104,0,0
2026-08-04 23:10:00,1.3452,1.34524,1.34516,1.34517,1177,0,0
2026-08-04 23:15:00,1.34517,1.34532,1.34509,1.34521,863,0,0
2026-08-04 23:20:00,1.34521,1.34542,1.34521,1.34532,468,0,0
2026-08-04 23:25:00,1.34532,1.34544,1.3452600000000001,1.34527,324,0,0
2026-08-04 23:30:00,1.34527,1.34527,1.34517,1.3452,264,0,0
2026-08-04 23:35:00,1.3452,1.34522,1.34509,1.34509,175,0,0
2026-08-04 23:40:00,1.34509,1.34514,1.34507,1.34509,181,0,0
2026-08-04 23:45:00,1.34509,1.34519,1.34507,1.34517,265,0,0
2026-08-04 23:50:00,1.34517,1.34522,1.34509,1.34518,198,0,0
2026-08-04 23:55:00,1.34518,1.34547,1.34516,1.34518,443,0,0
2026-08-05 00:00:00,1.34505,1.34505,1.34409,1.34456,32,11,0
2026-08-05 00:05:00,1.34456,1.34497,1.34456,1.34475,36,0,0
2026-08-05 00:10:00,1.34483,1.3449,1.34469,1.34483,56,0,0
2026-08-05 00:15:00,1.34483,1.34542,1.34483,1.34528,127,0,0
2026-08-05 00:20:00,1.34528,1.34537,1.34498,1.34503,90,0,0
2026-08-05 00:25:00,1.34503,1.34503,1.34479,1.34497,19,0,0
2026-08-05 00:30:00,1.34497,1.34503,1.34486,1.3449900000000001,28,0,0
2026-08-05 00:35:00,1.3449200000000001,1.3449900000000001,1.3446,1.34476,87,0,0
2026-08-05 00:40:00,1.34476,1.34496,1.34475,1.3449499999999999,78,0,0
2026-08-05 00:45:00,1.34482,1.34504,1.34463,1.34485,107,0,0
2026-08-05 00:50:00,1.34485,1.34524,1.34485,1.34512,576,0,0
2026-08-05 00:55:00,1.34512,1.34525,1.34481,1.34501,194,0,0
2026-08-05 01:00:00,1.34501,1.3452600000000001,1.34475,1.34491,591,0,0
2026-08-05 01:05:00,1.34491,1.34507,1.34484,1.34501,175,0,0
2026-08-05 01:10:00,1.34501,1.34512,1.34498,1.34511,113,0,0
2026-08-05 01:15:00,1.34511,1.34512,1.34503,1.34505,137,0,0
2026-08-05 01:20:00,1.34505,1.34511,1.345,1.34508,212,0,0
2026-08-05 01:25:00,1.34508,1.3451,1.3450199999999999,1.34509,222,0,0
2026-08-05 01:30:00,1.34509,1.34519,1.34508,1.34519,156,0,0
2026-08-05 01:35:00,1.34519,1.34528,1.34515,1.34525,188,0,0
2026-08-05 01:40:00,1.34524,1.34528,1.34518,1.34518,193,0,0
2026-08-05 01:45:00,1.34518,1.34525,1.34496,1.34503,521,0,0
2026-08-05 01:50:00,1.3450199999999999,1.34511,1.34501,1.34507,367,0,0
2026-08-05 01:55:00,1.34507,1.34518,1.345,1.34514,453,0,0
2026-08-05 02:00:00,1.34514,1.34515,1.34481,1.34498,593,0,0
2026-08-05 02:05:00,1.34498,1.34521,1.34498,1.34516,343,0,0
2026-08-05 02:10:00,1.34516,1.34518,1.34506,1.3451,378,0,0
2026-08-05 02:15:00,1.3451,1.34513,1.34496,1.34497,325,0,0
2026-08-05 02:20:00,1.34498,1.3450199999999999,1.34493,1.3449900000000001,281,0,0
2026-08-05 02:25:00,1.3449900000000001,1.3450199999999999,1.34487,1.34488,471,0,0
2026-08-05 02:30:00,1.34488,1.34496,1.34487,1.34489,320,0,0
2026-08-05 02:35:00,1.34489,1.34491,1.34477,1.34487,348,0,0
2026-08-05 02:40:00,1.34487,1.34488,1.34476,1.3448,273,0,0
2026-08-05 02:45:00,1.3448,1.34494,1.34479,1.34491,426,0,0
2026-08-05 02:50:00,1.34491,1.34498,1.34483,1.34487,703,0,0
2026-08-05 02:55:00,1.34487,1.34512,1.34487,1.34504,625,0,0
2026-08-05 03:00:00,1.34504,1.34519,1.34496,1.34512,1947,0,0
2026-08-05 03:05:00,1.34512,1.3453,1.34508,1.34517,1679,0,0
2026-08-05 03:10:00,1.34517,1.34519,1.34497,1.34513,1305,0,0
2026-08-05 03:15:00,1.34513,1.34531,1.34506,1.34522,1394,0,0
2026-08-05 03:20:00,1.34522,1.3456000000000001,1.34519,1.34548,1100,0,0
2026-08-05 03:25:00,1.34548,1.34555,1.3454,1.3455300000000001,969,0,0
2026-08-05 03:30:00,1.3455300000000001,1.34564,1.3454,1.34541,1213,0,0
2026-08-05 03:35:00,1.3454,1.3455599999999999,1.3453,1.34554,905,0,0
2026-08-05 03:40:00,1.34554,1.34558,1.34518,1.34519,961,0,0
2026-08-05 03:45:00,1.34519,1.34523,1.34487,1.34488,1309,0,0
2026-08-05 03:50:00,1.34488,1.34528,1.34487,1.34524,1583,0,0
2026-08-05 03:55:00,1.34524,1.3453300000000001,1.34498,1.34507,1580,0,0
2026-08-05 04:00:00,1.34507,1.34514,1.34476,1.34482,1788,0,0
2026-08-05 04:05:00,1.34482,1.34514,1.34481,1.3451,1290,0,0
2026-08-05 04:10:00,1.3451,1.34514,1.34479,1.34493,841,0,0
2026-08-05 04:15:00,1.34493,1.34504,1.34487,1.34498,1383,0,0
2026-08-05 04:20:00,1.345,1.345,1.34456,1.34459,1146,0,0
2026-08-05 04:25:00,1.34459,1.34466,1.34447,1.34463,1028,0,0
2026-08-05 04:30:00,1.34463,1.34471,1.34451,1.34464,1087,0,0
2026-08-05 04:35:00,1.34464,1.34466,1.3445,1.34455,972,0,0
2026-08-05 04:40:00,1.34455,1.34457,1.3444,1.34456,709,0,0
2026-08-05 04:45:00,1.34456,1.34467,1.34447,1.34451,585,0,0
2026-08-05 04:50:00,1.34451,1.34471,1.34446,1.3446,945,0,0
2026-08-05 04:55:00,1.3446,1.34467,1.34453,1.34456,786,0,0
2026-08-05 05:00:00,1.34456,1.3449499999999999,1.34451,1.3447200000000001,2234,0,0
2026-08-05 05:05:00,1.3447200000000001,1.34507,1.34466,1.3449200000000001,1561,0,0
2026-08-05 05:10:00,1.3449200000000001,1.34493,1.34471,1.34481,1287,0,0
2026-08-05 05:15:00,1.34481,1.34493,1.3447200000000001,1.3449,1254,0,0
2026-08-05 05:20:00,1.3449,1.34521,1.34489,1.34514,1181,0,0
2026-08-05 05:25:00,1.34514,1.34539,1.34511,1.34513,1711,0,0
2026-08-05 05:30:00,1.34513,1.34538,1.34508,1.34531,1407,0,0
2026-08-05 05:35:00,1.3453300000000001,1.3456299999999999,1.34524,1.34545,1507,0,0
2026-08-05 05:40:00,1.34545,1.34583,1.34543,1.34578,1874,0,0
2026-08-05 05:45:00,1.34578,1.34584,1.34557,1.34559,1429,0,0
2026-08-05 05:50:00,1.34559,1.34564,1.34542,1.3455300000000001,1690,0,0
2026-08-05 05:55:00,1.34554,1.34572,1.3453,1.3453,1393,0,0
2026-08-05 06:00:00,1.3453,1.34575,1.3452899999999999,1.3457,1269,0,0
2026-08-05 06:05:00,1.3457,1.34598,1.34569,1.3459400000000001,1039,0,0
2026-08-05 06:10:00,1.3459400000000001,1.346,1.3458700000000001,1.3458999999999999,998,0,0
2026-08-05 06:15:00,1.3458999999999999,1.3459699999999999,1.3458,1.34581,928,0,0
2026-08-05 06:20:00,1.34581,1.34591,1.34573,1.34585,866,0,0
2026-08-05 06:25:00,1.34585,1.34585,1.3456000000000001,1.34564,1166,0,0
2026-08-05 06:30:00,1.34564,1.34567,1.34552,1.3456299999999999,978,0,0
2026-08-05 06:35:00,1.3456299999999999,1.34564,1.34552,1.34552,1040,0,0
2026-08-05 06:40:00,1.34552,1.34561,1.34548,1.3455300000000001,944,0,0
2026-08-05 06:45:00,1.3455300000000001,1.34565,1.34551,1.34555,752,0,0
2026-08-05 06:50:00,1.34555,1.3457,1.34555,1.34562,691,0,0
2026-08-05 06:55:00,1.34562,1.34567,1.3455300000000001,1.34557,918,0,0
2026-08-05 07:00:00,1.34557,1.34581,1.3455599999999999,1.34576,1224,0,0
2026-08-05 07:05:00,1.34576,1.34588,1.34573,1.34582,1202,0,0
2026-08-05 07:10:00,1.34582,1.34585,1.34572,1.34582,967,0,0
2026-08-05 07:15:00,1.34582,1.3459699999999999,1.34574,1.34589,747,0,0
2026-08-05 07:20:00,1.34589,1.34599,1.34585,1.3459400000000001,904,0,0
2026-08-05 07:25:00,1.3459400000000001,1.34598,1.34581,1.34592,791,0,0
2026-08-05 07:30:00,1.34592,1.3459699999999999,1.34578,1.34578,714,0,0
2026-08-05 07:35:00,1.34578,1.34589,1.34562,1.34573,863,0,0
2026-08-05 07:40:00,1.34571,1.34583,1.34562,1.3456299999999999,939,0,0
2026-08-05 07:45:00,1.3456299999999999,1.34576,1.34558,1.34559,998,0,0
2026-08-05 07:50:00,1.34559,1.34565,1.34539,1.34544,874,0,0
2026-08-05 07:55:00,1.34544,1.34559,1.34538,1.34548,1016,0,0
2026-08-05 08:00:00,1.34548,1.3455,1.34512,1.34517,1216,0,0
2026-08-05 08:05:00,1.34517,1.34534,1.34517,1.3453,790,0,0
2026-08-05 08:10:00,1.3453,1.34543,1.34522,1.34543,616,0,0
2026-08-05 08:15:00,1.34543,1.34552,1.34537,1.34551,748,0,0
2026-08-05 08:20:00,1.34551,1.3455300000000001,1.3454,1.34549,834,0,0
2026-08-05 08:25:00,1.34549,1.34565,1.34543,1.34544,1280,0,0
2026-08-05 08:30:00,1.34544,1.34565,1.34543,1.34548,1096,0,0
2026-08-05 08:35:00,1.34546,1.34569,1.34542,1.34562,1134,0,0
2026-08-05 08:40:00,1.34562,1.34564,1.34554,1.34558,1253,0,0
2026-08-05 08:45:00,1.34558,1.34586,1.3455599999999999,1.34567,1129,0,0
2026-08-05 08:50:00,1.34567,1.34575,1.3454,1.34548,1370,0,0
2026-08-05 08:55:00,1.34548,1.34578,1.34548,1.3456000000000001,1166,0,0
2026-08-05 09:00:00,1.3456000000000001,1.34578,1.34552,1.34577,1742,0,0
2026-08-05 09:05:00,1.34578,1.34582,1.34566,1.34578,1363,0,0
2026-08-05 09:10:00,1.34578,1.34593,1.34573,1.34579,1426,0,0
2026-08-05 09:15:00,1.34578,1.34579,1.34515,1.34534,2394,0,0
2026-08-05 09:20:00,1.34534,1.3455300000000001,1.34528,1.34549,1611,0,0
2026-08-05 09:25:00,1.34549,1.34549,1.34522,1.34538,1640,0,0
2026-08-05 09:30:00,1.34538,1.3455599999999999,1.34509,1.34551,1547,0,0
2026-08-05 09:35:00,1.34552,1.34608,1.34548,1.34604,2048,0,0
2026-08-05 09:40:00,1.34604,1.34642,1.34598,1.34636,1613,0,0
2026-08-05 09:45:00,1.34636,1.34668,1.34632,1.34654,1317,0,0
2026-08-05 09:50:00,1.34654,1.3465799999999999,1.34627,1.34633,924,0,0
2026-08-05 09:55:00,1.34633,1.34681,1.34631,1.34673,1565,0,0
2026-08-05 10:00:00,1.34673,1.34695,1.34626,1.34628,2298,0,0
2026-08-05 10:05:00,1.34628,1.3465099999999999,1.34612,1.34625,1780,0,0
2026-08-05 10:10:00,1.3462399999999999,1.34633,1.34573,1.3458,1589,0,0
2026-08-05 10:15:00,1.3458,1.34608,1.34579,1.34602,2212,0,0
2026-08-05 10:20:00,1.34602,1.3462399999999999,1.34596,1.34598,1568,0,0
2026-08-05 10:25:00,1.34598,1.34615,1.34578,1.34582,1370,0,0
2026-08-05 10:30:00,1.34582,1.34603,1.34576,1.346,1295,0,0
2026-08-05 10:35:00,1.346,1.34612,1.34581,1.34603,1893,0,0
2026-08-05 10:40:00,1.34603,1.3464,1.34601,1.3462,1509,0,0
2026-08-05 10:45:00,1.3462,1.34623,1.34598,1.34608,1152,0,0
2026-08-05 10:50:00,1.34608,1.34622,1.3459699999999999,1.34608,1133,0,0
2026-08-05 10:55:00,1.34608,1.34683,1.34607,1.34679,1703,0,0
2026-08-05 11:00:00,1.34679,1.34706,1.34654,1.3466,1134,0,0
2026-08-05 11:05:00,1.3466,1.34661,1.34625,1.34637,1061,0,0
2026-08-05 11:10:00,1.34637,1.34645,1.34609,1.34611,1353,0,0
2026-08-05 11:15:00,1.34611,1.3467799999999999,1.34611,1.34668,1564,0,0
2026-08-05 11:20:00,1.34668,1.34683,1.34647,1.34656,1865,0,0
2026-08-05 11:25:00,1.34656,1.34676,1.3465,1.34669,1561,0,0
2026-08-05 11:30:00,1.3467,1.34699,1.34659,1.3466,1028,0,0
2026-08-05 11:35:00,1.3466,1.3467,1.34601,1.34603,1124,0,0
2026-08-05 11:40:00,1.34605,1.34608,1.3456299999999999,1.34584,1461,0,0
2026-08-05 11:45:00,1.34584,1.34584,1.34541,1.3456000000000001,1400,0,0
2026-08-05 11:50:00,1.3456000000000001,1.34577,1.34541,1.34547,1351,0,0
2026-08-05 11:55:00,1.34547,1.34591,1.34537,1.34566,1804,0,0
2026-08-05 12:00:00,1.34566,1.34601,1.34548,1.34569,1636,0,0
2026-08-05 12:05:00,1.34569,1.3461,1.34569,1.34602,1082,0,0
2026-08-05 12:10:00,1.34602,1.34615,1.3458700000000001,1.34599,1011,0,0
2026-08-05 12:15:00,1.34599,1.34611,1.34586,1.34592,1060,0,0
2026-08-05 12:20:00,1.34592,1.34623,1.34588,1.34608,1352,0,0
2026-08-05 12:25:00,1.34608,1.34642,1.34607,1.34634,1311,0,0
2026-08-05 12:30:00,1.34634,1.34649,1.3461,1.34642,1341,0,0
2026-08-05 12:35:00,1.34643,1.3467500000000001,1.3464,1.34668,1160,0,0
2026-08-05 12:40:00,1.34668,1.34671,1.3464800000000001,1.34659,836,0,0
2026-08-05 12:45:00,1.34659,1.3467,1.34644,1.34652,1082,0,0
2026-08-05 12:50:00,1.34652,1.34673,1.34649,1.34666,955,0,0
2026-08-05 12:55:00,1.34668,1.3467799999999999,1.34649,1.34667,1157,0,0
2026-08-05 13:00:00,1.34667,1.34699,1.34662,1.3468200000000001,1332,0,0
2026-08-05 13:05:00,1.3468200000000001,1.34693,1.34667,1.3467,1236,0,0
2026-08-05 13:10:00,1.3467,1.34674,1.34639,1.34652,1252,0,0
2026-08-05 13:15:00,1.34652,1.34691,1.34644,1.34688,1388,0,0
2026-08-05 13:20:00,1.34688,1.34692,1.34649,1.34657,1807,0,0
2026-08-05 13:25:00,1.34657,1.34668,1.34637,1.34649,1790,0,0
2026-08-05 13:30:00,1.3465,1.3466,1.34631,1.34641,1136,0,0
2026-08-05 13:35:00,1.34642,1.34656,1.34633,1.34644,954,0,0
2026-08-05 13:40:00,1.34644,1.34666,1.3463,1.3464800000000001,1530,0,0
2026-08-05 13:45:00,1.3464800000000001,1.3466,1.34633,1.34641,941,0,0
2026-08-05 13:50:00,1.3464,1.34661,1.34632,1.34653,1063,0,0
2026-08-05 13:55:00,1.34653,1.34681,1.34649,1.34669,1300,0,0
2026-08-05 14:00:00,1.34669,1.34707,1.34669,1.34702,966,0,0
2026-08-05 14:05:00,1.34702,1.3472,1.34699,1.34718,1073,0,0
2026-08-05 14:10:00,1.34718,1.3476,1.34711,1.34757,1259,0,0
2026-08-05 14:15:00,1.34757,1.3477000000000001,1.34732,1.34767,950,0,0
2026-08-05 14:20:00,1.34767,1.34792,1.34761,1.34763,1379,0,0
2026-08-05 14:25:00,1.34763,1.34799,1.34753,1.34753,1477,0,0
2026-08-05 14:30:00,1.34755,1.3479700000000001,1.34747,1.34787,1706,0,0
2026-08-05 14:35:00,1.34787,1.34825,1.34783,1.34806,1752,0,0
2026-08-05 14:40:00,1.34806,1.34825,1.34786,1.34796,1132,0,0
2026-08-05 14:45:00,1.34795,1.34803,1.3477000000000001,1.34781,1132,0,0
2026-08-05 14:50:00,1.34781,1.3479999999999999,1.3477000000000001,1.34789,1296,0,0
2026-08-05 14:55:00,1.34789,1.34814,1.34782,1.3479,1240,0,0
2026-08-05 15:00:00,1.3479,1.34813,1.3477299999999999,1.3480699999999999,1595,0,0
2026-08-05 15:05:00,1.3480699999999999,1.3481,1.3477999999999999,1.34786,1530,0,0
2026-08-05 15:10:00,1.34787,1.34788,1.3474,1.34748,1157,0,0
2026-08-05 15:15:00,1.34748,1.3481,1.34748,1.34794,1077,0,0
2026-08-05 15:20:00,1.34794,1.3483800000000001,1.34792,1.34822,1484,0,0
2026-08-05 15:25:00,1.34822,1.34825,1.34802,1.34818,1304,0,0
2026-08-05 15:30:00,1.34818,1.34833,1.34763,1.34771,1540,0,0
2026-08-05 15:35:00,1.34771,1.3484099999999999,1.34766,1.34808,1219,0,0
2026-08-05 15:40:00,1.34808,1.3481,1.34747,1.3475,1221,0,0
2026-08-05 15:45:00,1.34751,1.34752,1.34731,1.34751,1292,0,0
2026-08-05 15:50:00,1.34751,1.34766,1.34702,1.34707,1272,0,0
2026-08-05 15:55:00,1.34707,1.3471899999999999,1.34671,1.34698,1565,0,0
2026-08-05 16:00:00,1.34698,1.34724,1.3467799999999999,1.34717,2773,0,0
2026-08-05 16:05:00,1.3471600000000001,1.34729,1.34703,1.3470900000000001,1388,0,0
2026-08-05 16:10:00,1.3470900000000001,1.34723,1.34697,1.34703,1051,0,0
2026-08-05 16:15:00,1.34704,1.34713,1.34663,1.34686,1445,0,0
2026-08-05 16:20:00,1.34686,1.3472,1.34668,1.3471199999999999,1388,0,0
2026-08-05 16:25:00,1.34711,1.34748,1.34704,1.34741,1263,0,0
2026-08-05 16:30:00,1.34741,1.34762,1.34728,1.3473,2065,0,0
2026-08-05 16:35:00,1.3473,1.34751,1.34671,1.34722,2411,0,0
2026-08-05 16:40:00,1.34722,1.34725,1.34662,1.34669,3125,0,0
2026-08-05 16:45:00,1.34671,1.34676,1.3459699999999999,1.34619,2435,0,0
2026-08-05 16:50:00,1.34619,1.34663,1.34601,1.34659,2435,0,0
2026-08-05 16:55:00,1.3465799999999999,1.3469,1.3462399999999999,1.34644,1971,0,0
2026-08-05 17:00:00,1.34644,1.34742,1.34639,1.3473,2307,0,0
2026-08-05 17:05:00,1.3473,1.34822,1.34729,1.34792,3608,0,0
2026-08-05 17:10:00,1.34792,1.34818,1.34749,1.34784,2216,0,0
2026-08-05 17:15:00,1.34784,1.34859,1.34778,1.34839,2351,0,0
2026-08-05 17:20:00,1.34839,1.34862,1.34801,1.34818,2026,0,0
2026-08-05 17:25:00,1.34818,1.34855,1.3479700000000001,1.34803,2144,0,0
2026-08-05 17:30:00,1.34803,1.34811,1.3475,1.34759,2196,0,0
2026-08-05 17:35:00,1.34757,1.34789,1.34756,1.34761,1656,0,0
2026-08-05 17:40:00,1.34761,1.34793,1.34749,1.34772,1911,0,0
2026-08-05 17:45:00,1.34772,1.34784,1.34742,1.34781,2058,0,0
2026-08-05 17:50:00,1.34781,1.34783,1.34698,1.34727,2610,0,0
2026-08-05 17:55:00,1.34727,1.34793,1.34703,1.34786,2875,0,0
2026-08-05 18:00:00,1.34786,1.3483399999999999,1.3476,1.34771,3021,0,0
2026-08-05 18:05:00,1.34771,1.3477299999999999,1.3473,1.34752,2492,0,0
2026-08-05 18:10:00,1.34752,1.34754,1.34696,1.34697,2003,0,0
2026-08-05 18:15:00,1.34697,1.34697,1.34659,1.34679,2265,0,0
2026-08-05 18:20:00,1.34679,1.34696,1.34669,1.34672,2163,0,0
2026-08-05 18:25:00,1.34672,1.34693,1.34661,1.34677,2249,0,0
2026-08-05 18:30:00,1.34677,1.3468499999999999,1.34636,1.34643,1735,0,0
2026-08-05 18:35:00,1.34642,1.34684,1.34638,1.3468200000000001,1409,0,0
2026-08-05 18:40:00,1.3468200000000001,1.34694,1.3465799999999999,1.34661,2071,0,0
2026-08-05 18:45:00,1.34661,1.34662,1.34569,1.3457,2123,0,0
2026-08-05 18:50:00,1.3457,1.34596,1.3457,1.34593,1628,0,0
2026-08-05 18:55:00,1.34593,1.34645,1.34581,1.3462100000000001,2141,0,0
2026-08-05 19:00:00,1.3462100000000001,1.34638,1.34605,1.34613,2329,0,0
2026-08-05 19:05:00,1.34613,1.3465,1.34595,1.34645,2869,0,0
2026-08-05 19:10:00,1.34645,1.3466,1.3462399999999999,1.34642,2237,0,0
2026-08-05 19:15:00,1.34642,1.34674,1.34626,1.34661,1702,0,0
2026-08-05 19:20:00,1.34661,1.3467799999999999,1.3465099999999999,1.34659,1003,0,0
2026-08-05 19:25:00,1.3465799999999999,1.3466,1.3464,1.34646,1060,0,0
2026-08-05 19:30:00,1.34646,1.3464800000000001,1.3462,1.3463,1154,0,0
2026-08-05 19:35:00,1.34631,1.34643,1.34625,1.34629,846,0,0
2026-08-05 19:40:00,1.34629,1.34637,1.34615,1.34633,1070,0,0
2026-08-05 19:45:00,1.34633,1.34637,1.34601,1.34611,1016,0,0
2026-08-05 19:50:00,1.3461,1.34633,1.34609,1.34628,1146,0,0
2026-08-05 19:55:00,1.34628,1.3463,1.34592,1.34599,1484,0,0
2026-08-05 20:00:00,1.34599,1.34612,1.34569,1.34582,1497,0,0
2026-08-05 20:05:00,1.34582,1.34584,1.34552,1.3456299999999999,1470,0,0
2026-08-05 20:10:00,1.34562,1.34591,1.34561,1.34585,1106,0,0
2026-08-05 20:15:00,1.34585,1.34607,1.34582,1.34602,949,0,0
2026-08-05 20:20:00,1.34602,1.34609,1.3458999999999999,1.34606,1100,0,0
2026-08-05 20:25:00,1.34606,1.3465,1.346,1.34646,1510,0,0
2026-08-05 20:30:00,1.34646,1.34659,1.3463,1.34657,998,0,0
2026-08-05 20:35:00,1.34657,1.34676,1.34654,1.3467500000000001,915,0,0
2026-08-05 20:40:00,1.3467500000000001,1.34695,1.34663,1.3469,848,0,0
2026-08-05 20:45:00,1.3469,1.34707,1.3468200000000001,1.34691,979,0,0
2026-08-05 20:50:00,1.34691,1.34699,1.34683,1.34691,1000,0,0
2026-08-05 20:55:00,1.34691,1.34714,1.34679,1.34699,1301,0,0
2026-08-05 21:00:00,1.34699,1.34714,1.34684,1.3470900000000001,1394,0,0
2026-08-05 21:05:00,1.3470900000000001,1.3471899999999999,1.34687,1.34694,1065,0,0
2026-08-05 21:10:00,1.34694,1.3471199999999999,1.34687,1.34688,930,0,0
2026-08-05 21:15:00,1.34688,1.34691,1.34676,1.34689,1063,0,0
2026-08-05 21:20:00,1.34688,1.34711,1.34687,1.34699,1043,0,0
2026-08-05 21:25:00,1.34699,1.34729,1.34696,1.34728,1420,0,0
2026-08-05 21:30:00,1.34728,1.34734,1.34689,1.34697,1315,0,0
2026-08-05 21:35:00,1.34697,1.34703,1.34684,1.34694,1116,0,0
2026-08-05 21:40:00,1.34694,1.34699,1.34668,1.3467,1449,0,0
2026-08-05 21:45:00,1.3467,1.34703,1.34667,1.34689,1145,0,0
2026-08-05 21:50:00,1.34689,1.34694,1.3467799999999999,1.34684,1232,0,0
2026-08-05 21:55:00,1.34684,1.34707,1.34681,1.34689,1412,0,0
2026-08-05 22:00:00,1.34689,1.3471,1.34686,1.347,930,0,0
2026-08-05 22:05:00,1.347,1.34701,1.34676,1.34679,612,0,0
2026-08-05 22:10:00,1.34679,1.34681,1.34662,1.34668,682,0,0
2026-08-05 22:15:00,1.34669,1.34671,1.34638,1.3464,594,0,0
2026-08-05 22:20:00,1.3464,1.34654,1.34637,1.34646,760,0,0
2026-08-05 22:25:00,1.34646,1.34659,1.34635,1.34639,775,0,0
2026-08-05 22:30:00,1.34639,1.34656,1.34639,1.3465,732,0,0
2026-08-05 22:35:00,1.3465,1.34654,1.3464,1.34642,513,0,0
2026-08-05 22:40:00,1.34642,1.3466,1.34638,1.34649,820,0,0
2026-08-05 22:45:00,1.34649,1.34656,1.34636,1.3464,732,0,0
2026-08-05 22:50:00,1.3464,1.34644,1.34629,1.34641,814,0,0
2026-08-05 22:55:00,1.34641,1.34657,1.34636,1.34638,1030,0,0
2026-08-05 23:00:00,1.34638,1.34664,1.34638,1.3466,480,0,0
2026-08-05 23:05:00,1.3466,1.34665,1.3465099999999999,1.34659,800,0,0
2026-08-05 23:10:00,1.34659,1.34665,1.34636,1.34639,325,0,0
2026-08-05 23:15:00,1.34639,1.3464,1.34618,1.34627,261,0,0
2026-08-05 23:20:00,1.34627,1.34633,1.3461699999999999,1.3463,113,0,0
2026-08-05 23:25:00,1.3463,1.34649,1.3463,1.34644,157,0,0
2026-08-05 23:30:00,1.34644,1.34669,1.3464,1.34661,373,0,0
2026-08-05 23:35:00,1.34661,1.34668,1.3465799999999999,1.34666,224,0,0
2026-08-05 23:40:00,1.34666,1.34669,1.3465,1.34652,282,0,0
2026-08-05 23:45:00,1.34652,1.34664,1.34652,1.34659,244,0,0
2026-08-05 23:50:00,1.34659,1.34671,1.34657,1.34669,183,0,0
2026-08-05 23:55:00,1.34669,1.34694,1.34667,1.3467500000000001,591,0,0
2026-08-06 00:00:00,1.34667,1.34698,1.34603,1.34695,11,11,0
2026-08-06 00:05:00,1.34695,1.34707,1.34656,1.34659,82,0,0
2026-08-06 00:10:00,1.34659,1.34694,1.34631,1.34671,57,0,0
2026-08-06 00:15:00,1.34671,1.34715,1.34622,1.34714,192,0,0
2026-08-06 00:20:00,1.34714,1.34714,1.34609,1.3464,129,0,0
2026-08-06 00:25:00,1.34641,1.34681,1.34609,1.34672,103,10,0
2026-08-06 00:30:00,1.34672,1.34688,1.3458999999999999,1.3465,122,0,0
2026-08-06 00:35:00,1.34644,1.3469,1.34612,1.34637,340,0,0
2026-08-06 00:40:00,1.34637,1.34689,1.34622,1.34625,427,0,0
2026-08-06 00:45:00,1.34625,1.34664,1.34622,1.34634,112,0,0
2026-08-06 00:50:00,1.34634,1.3468499999999999,1.34626,1.34644,222,0,0
2026-08-06 00:55:00,1.34644,1.3467,1.34618,1.34629,254,0,0
2026-08-06 01:00:00,1.34646,1.3467500000000001,1.34645,1.34659,641,0,0
2026-08-06 01:05:00,1.34659,1.34668,1.34645,1.3465099999999999,325,0,0
2026-08-06 01:10:00,1.3465099999999999,1.3467,1.3464800000000001,1.34662,519,0,0
2026-08-06 01:15:00,1.34662,1.34679,1.34662,1.3467799999999999,470,0,0
2026-08-06 01:20:00,1.3467799999999999,1.34679,1.34665,1.34669,149,0,0
2026-08-06 01:25:00,1.34669,1.34679,1.34667,1.34673,238,0,0
2026-08-06 01:30:00,1.34677,1.34679,1.34659,1.3467,335,0,0
2026-08-06 01:35:00,1.3467,1.34672,1.34662,1.34669,190,0,0
2026-08-06 01:40:00,1.34669,1.34673,1.34668,1.3467,129,0,0
2026-08-06 01:45:00,1.3467,1.34676,1.3467,1.3467500000000001,352,0,0
2026-08-06 01:50:00,1.3467500000000001,1.3467500000000001,1.3466,1.3466,241,0,0
2026-08-06 01:55:00,1.34661,1.34673,1.34661,1.34671,283,0,0
2026-08-06 02:00:00,1.34671,1.34679,1.34667,1.34668,309,0,0
2026-08-06 02:05:00,1.34668,1.34673,1.34666,1.34668,284,0,0
2026-08-06 02:10:00,1.34668,1.34692,1.34668,1.34688,313,0,0
2026-08-06 02:15:00,1.34688,1.3469,1.3468200000000001,1.34686,221,0,0
2026-08-06 02:20:00,1.34686,1.34687,1.3468,1.34684,311,0,0
2026-08-06 02:25:00,1.34684,1.3468499999999999,1.34673,1.3467500000000001,296,0,0
2026-08-06 02:30:00,1.3467500000000001,1.34681,1.34671,1.34672,374,0,0
2026-08-06 02:35:00,1.34672,1.34688,1.34672,1.34687,552,0,0
2026-08-06 02:40:00,1.34687,1.34689,1.3467799999999999,1.34687,323,0,0
2026-08-06 02:45:00,1.34687,1.34708,1.34687,1.34706,549,0,0
2026-08-06 02:50:00,1.34706,1.3471199999999999,1.34699,1.347,546,0,0
2026-08-06 02:55:00,1.347,1.347,1.34677,1.34694,659,0,0
2026-08-06 03:00:00,1.34694,1.347,1.34667,1.3468,2159,0,0
2026-08-06 03:05:00,1.34681,1.34686,1.34663,1.34673,1225,0,0
2026-08-06 03:10:00,1.3467500000000001,1.3467799999999999,1.34656,1.34667,1715,0,0
2026-08-06 03:15:00,1.34667,1.34686,1.34666,1.34674,1286,0,0
2026-08-06 03:20:00,1.34674,1.34701,1.34667,1.34698,1460,0,0
2026-08-06 03:25:00,1.34698,1.34698,1.34664,1.34667,1371,0,0
2026-08-06 03:30:00,1.34667,1.34687,1.34665,1.3468499999999999,1127,0,0
2026-08-06 03:35:00,1.3468499999999999,1.34701,1.34683,1.34689,1423,0,0
2026-08-06 03:40:00,1.34689,1.347,1.34676,1.34681,1371,0,0
2026-08-06 03:45:00,1.34681,1.34697,1.3468,1.34681,1515,0,0
2026-08-06 03:50:00,1.3468200000000001,1.34713,1.34679,1.34699,1491,0,0
2026-08-06 03:55:00,1.34699,1.34703,1.34657,1.34668,1863,0,0
2026-08-06 04:00:00,1.34668,1.34684,1.34647,1.34654,2624,0,0
2026-08-06 04:05:00,1.34654,1.34673,1.34636,1.34668,1445,0,0
2026-08-06 04:10:00,1.34668,1.34674,1.3464,1.34671,1938,0,0
2026-08-06 04:15:00,1.34671,1.34692,1.3465799999999999,1.3467799999999999,1992,0,0
2026-08-06 04:20:00,1.3467799999999999,1.34692,1.34672,1.34691,1295,0,0
2026-08-06 04:25:00,1.34691,1.34713,1.34671,1.34683,2230,0,0
2026-08-06 04:30:00,1.34683,1.34695,1.34676,1.34689,1625,0,0
2026-08-06 04:35:00,1.34689,1.34708,1.34683,1.34705,1927,0,0
2026-08-06 04:40:00,1.34705,1.34707,1.34694,1.34702,1429,0,0
2026-08-06 04:45:00,1.34702,1.34702,1.34676,1.3468499999999999,1791,0,0
2026-08-06 04:50:00,1.34686,1.34701,1.34683,1.34689,1559,0,0
2026-08-06 04:55:00,1.34689,1.34699,1.34677,1.34686,1079,0,0
2026-08-06 05:00:00,1.34686,1.34707,1.34683,1.34702,1594,0,0
2026-08-06 05:05:00,1.34702,1.34726,1.34701,1.3471899999999999,1391,0,0
2026-08-06 05:10:00,1.3471899999999999,1.34722,1.34687,1.34696,1357,0,0
2026-08-06 05:15:00,1.34696,1.34708,1.34686,1.34702,954,0,0
2026-08-06 05:20:00,1.34701,1.3471899999999999,1.34699,1.34706,978,0,0
2026-08-06 05:25:00,1.34706,1.3471,1.34683,1.34696,1659,0,0
2026-08-06 05:30:00,1.34695,1.34698,1.3468,1.34687,1481,0,0
2026-08-06 05:35:00,1.34687,1.34702,1.3468499999999999,1.34698,1032,0,0
2026-08-06 05:40:00,1.34698,1.34707,1.3469,1.34706,1056,0,0
2026-08-06 05:45:00,1.34706,1.3471,1.34679,1.34686,883,0,0
2026-08-06 05:50:00,1.34686,1.34692,1.34681,1.34688,1110,0,0
2026-08-06 05:55:00,1.34688,1.34688,1.34663,1.34674,1687,0,0
2026-08-06 06:00:00,1.34674,1.34676,1.34661,1.34666,1286,0,0
2026-08-06 06:05:00,1.34666,1.3467,1.34653,1.34657,1087,0,0
2026-08-06 06:10:00,1.34657,1.3465799999999999,1.34643,1.34646,931,0,0
2026-08-06 06:15:00,1.34646,1.3465,1.34632,1.34641,1281,0,0
2026-08-06 06:20:00,1.34641,1.34642,1.34609,1.34612,1240,0,0
2026-08-06 06:25:00,1.34612,1.34623,1.34606,1.34615,987,0,0
2026-08-06 06:30:00,1.34615,1.34633,1.34611,1.34628,999,0,0
2026-08-06 06:35:00,1.34627,1.34627,1.34605,1.34608,774,0,0
2026-08-06 06:40:00,1.34608,1.34613,1.3458999999999999,1.34592,819,0,0
2026-08-06 06:45:00,1.34592,1.34601,1.34588,1.34598,928,0,0
2026-08-06 06:50:00,1.34598,1.34602,1.3458700000000001,1.3458999999999999,954,0,0
2026-08-06 06:55:00,1.34588,1.34603,1.34581,1.34603,1370,0,0
2026-08-06 07:00:00,1.34603,1.34619,1.34599,1.34615,811,0,0
2026-08-06 07:05:00,1.34615,1.34616,1.34603,1.34608,1052,0,0
2026-08-06 07:10:00,1.34608,1.34619,1.34602,1.3461400000000001,927,0,0
2026-08-06 07:15:00,1.3461400000000001,1.3461699999999999,1.34606,1.34607,761,0,0
2026-08-06 07:20:00,1.34607,1.34611,1.3459699999999999,1.34602,621,0,0
2026-08-06 07:25:00,1.34602,1.3461,1.34593,1.346,789,0,0
2026-08-06 07:30:00,1.346,1.34612,1.3459699999999999,1.34601,963,0,0
2026-08-06 07:35:00,1.34601,1.34605,1.34586,1.34588,717,0,0
2026-08-06 07:40:00,1.34588,1.34599,1.34586,1.3459400000000001,1022,0,0
2026-08-06 07:45:00,1.3459400000000001,1.346,1.34582,1.3459699999999999,1013,0,0
2026-08-06 07:50:00,1.3459699999999999,1.34605,1.34588,1.3458999999999999,903,0,0
2026-08-06 07:55:00,1.3458999999999999,1.34605,1.34588,1.34602,1011,0,0
2026-08-06 08:00:00,1.34602,1.34605,1.34579,1.34584,938,0,0
2026-08-06 08:05:00,1.34584,1.3458700000000001,1.34576,1.34577,654,0,0
2026-08-06 08:10:00,1.34577,1.34582,1.34558,1.34567,1045,0,0
2026-08-06 08:15:00,1.34567,1.34572,1.3456000000000001,1.34567,782,0,0
2026-08-06 08:20:00,1.34567,1.34571,1.34557,1.34562,825,0,0
2026-08-06 08:25:00,1.34562,1.34568,1.34558,1.3456000000000001,655,0,0
2026-08-06 08:30:00,1.3456000000000001,1.34578,1.34552,1.34573,1077,0,0
2026-08-06 08:35:00,1.34573,1.34603,1.34572,1.34601,1222,0,0
2026-08-06 08:40:00,1.34601,1.3461400000000001,1.3459699999999999,1.3461,708,0,0
2026-08-06 08:45:00,1.3461,1.3462399999999999,1.34605,1.34619,882,0,0
2026-08-06 08:50:00,1.34619,1.34634,1.34616,1.34633,1058,0,0
2026-08-06 08:55:00,1.34633,1.34634,1.3462100000000001,1.3463,1022,0,0
2026-08-06 09:00:00,1.3463,1.34656,1.3462399999999999,1.34647,1363,0,0
2026-08-06 09:05:00,1.34647,1.3465500000000001,1.34622,1.34626,1004,0,0
2026-08-06 09:10:00,1.34627,1.34627,1.34603,1.3461699999999999,1358,0,0
2026-08-06 09:15:00,1.3461699999999999,1.34619,1.34592,1.34618,2004,0,0
2026-08-06 09:20:00,1.34618,1.3462399999999999,1.34598,1.3461699999999999,1852,0,0
2026-08-06 09:25:00,1.3461699999999999,1.34618,1.3459400000000001,1.34609,1760,0,0
2026-08-06 09:30:00,1.34609,1.34611,1.3458700000000001,1.34593,1301,0,0
2026-08-06 09:35:00,1.34593,1.3459400000000001,1.34567,1.34573,1039,0,0
2026-08-06 09:40:00,1.34573,1.34585,1.34546,1.34585,1268,0,0
2026-08-06 09:45:00,1.34585,1.34604,1.34565,1.34567,1352,0,0
2026-08-06 09:50:00,1.34567,1.34589,1.3456299999999999,1.34575,1206,0,0
2026-08-06 09:55:00,1.34575,1.34601,1.34571,1.3459699999999999,1336,0,0
2026-08-06 10:00:00,1.3459699999999999,1.34604,1.34574,1.34577,1309,0,0
2026-08-06 10:05:00,1.34577,1.34592,1.3455599999999999,1.34561,1299,0,0
2026-08-06 10:10:00,1.34561,1.3461400000000001,1.3456000000000001,1.34606,1358,0,0
2026-08-06 10:15:00,1.34606,1.34625,1.34598,1.34599,1364,0,0
2026-08-06 10:20:00,1.34599,1.3462100000000001,1.3459699999999999,1.34605,1326,0,0
2026-08-06 10:25:00,1.34605,1.34626,1.3459699999999999,1.34608,1235,0,0
2026-08-06 10:30:00,1.34608,1.34611,1.3458700000000001,1.34596,1306,0,0
2026-08-06 10:35:00,1.34596,1.3459699999999999,1.34561,1.34569,1776,0,0
2026-08-06 10:40:00,1.34569,1.34595,1.34568,1.34584,1724,0,0
2026-08-06 10:45:00,1.34584,1.34584,1.34551,1.34569,1887,0,0
2026-08-06 10:50:00,1.34569,1.34602,1.34566,1.34593,1164,0,0
2026-08-06 10:55:00,1.34593,1.3461400000000001,1.3458700000000001,1.34596,1622,0,0
2026-08-06 11:00:00,1.34596,1.3461,1.34568,1.34599,1758,0,0
2026-08-06 11:05:00,1.34599,1.34629,1.3458999999999999,1.34626,1235,0,0
2026-08-06 11:10:00,1.34626,1.3465,1.34622,1.3462399999999999,1656,0,0
2026-08-06 11:15:00,1.3462399999999999,1.3465,1.34619,1.34647,1677,0,0
2026-08-06 11:20:00,1.34647,1.3465,1.34623,1.34636,1367,0,0
2026-08-06 11:25:00,1.34636,1.34643,1.34619,1.3462100000000001,1314,0,0
2026-08-06 11:30:00,1.3462100000000001,1.34641,1.3459699999999999,1.34626,1816,0,0
2026-08-06 11:35:00,1.34626,1.34644,1.34616,1.34623,1472,0,0
2026-08-06 11:40:00,1.34623,1.34659,1.3462,1.34643,1580,0,0
2026-08-06 11:45:00,1.34643,1.34647,1.3462399999999999,1.34628,1455,0,0
2026-08-06 11:50:00,1.34628,1.3465799999999999,1.34616,1.34635,1822,0,0
2026-08-06 11:55:00,1.34635,1.34646,1.34626,1.34642,1152,0,0
2026-08-06 12:00:00,1.34642,1.34664,1.34634,1.3465,1460,0,0
2026-08-06 12:05:00,1.3465,1.3466,1.34609,1.34616,1337,0,0
2026-08-06 12:10:00,1.34616,1.3465500000000001,1.34612,1.34649,1357,0,0
2026-08-06 12:15:00,1.34649,1.34649,1.34615,1.34631,1152,0,0
2026-08-06 12:20:00,1.34631,1.34657,1.34626,1.3464800000000001,859,0,0
2026-08-06 12:25:00,1.3464800000000001,1.3464800000000001,1.3462399999999999,1.34629,1025,0,0
2026-08-06 12:30:00,1.34628,1.34632,1.34611,1.34616,1250,0,0
2026-08-06 12:35:00,1.34616,1.34618,1.34561,1.34571,1316,0,0
2026-08-06 12:40:00,1.34571,1.34571,1.34527,1.3452899999999999,1624,0,0
2026-08-06 12:45:00,1.3452899999999999,1.34565,1.34521,1.3456299999999999,1032,0,0
2026-08-06 12:50:00,1.3456299999999999,1.34571,1.34555,1.34557,915,0,0
2026-08-06 12:55:00,1.34557,1.34573,1.34551,1.34566,1243,0,0
2026-08-06 13:00:00,1.34566,1.34569,1.34549,1.34566,1317,0,0
2026-08-06 13:05:00,1.34566,1.3457,1.34549,1.3456299999999999,1034,0,0
2026-08-06 13:10:00,1.3456299999999999,1.34575,1.3454,1.3455,1116,0,0
2026-08-06 13:15:00,1.34549,1.34565,1.3454,1.34554,1144,0,0
2026-08-06 13:20:00,1.34554,1.34596,1.3455300000000001,1.34593,1000,0,0
2026-08-06 13:25:00,1.34593,1.34615,1.34583,1.34601,1142,0,0
2026-08-06 13:30:00,1.34602,1.34612,1.3458999999999999,1.34605,981,0,0
2026-08-06 13:35:00,1.34605,1.34605,1.34589,1.34592,799,0,0
2026-08-06 13:40:00,1.34592,1.34599,1.3458,1.34595,799,0,0
2026-08-06 13:45:00,1.3459400000000001,1.34622,1.34588,1.34619,691,0,0
2026-08-06 13:50:00,1.34619,1.34623,1.34602,1.34606,997,0,0
2026-08-06 13:55:00,1.34606,1.34629,1.3459699999999999,1.34611,1301,0,0
2026-08-06 14:00:00,1.34611,1.3465500000000001,1.34611,1.34636,1531,0,0
2026-08-06 14:05:00,1.34636,1.34662,1.34626,1.34656,1618,0,0
2026-08-06 14:10:00,1.34656,1.34659,1.3463,1.34636,1271,0,0
2026-08-06 14:15:00,1.34634,1.34653,1.34626,1.34646,1474,0,0
2026-08-06 14:20:00,1.34646,1.3464800000000001,1.34629,1.34643,1465,0,0
2026-08-06 14:25:00,1.34642,1.34663,1.34639,1.34642,1666,0,0
2026-08-06 14:30:00,1.34642,1.3465099999999999,1.3462100000000001,1.34623,1484,0,0
2026-08-06 14:35:00,1.34623,1.34633,1.34589,1.34598,1209,0,0
2026-08-06 14:40:00,1.34598,1.34608,1.3458999999999999,1.3458999999999999,1302,0,0
2026-08-06 14:45:00,1.3458999999999999,1.34619,1.34577,1.34612,1856,0,0
2026-08-06 14:50:00,1.34612,1.3465500000000001,1.34599,1.34638,1627,0,0
2026-08-06 14:55:00,1.34638,1.34686,1.3463,1.34686,2173,0,0
2026-08-06 15:00:00,1.34686,1.34695,1.34659,1.34663,1806,0,0
2026-08-06 15:05:00,1.34663,1.3468200000000001,1.34656,1.34672,1383,0,0
2026-08-06 15:10:00,1.34672,1.3468,1.3462100000000001,1.34632,1570,0,0
2026-08-06 15:15:00,1.34632,1.34684,1.3463,1.34683,1461,0,0
2026-08-06 15:20:00,1.34683,1.34695,1.34672,1.3468,1698,0,0
2026-08-06 15:25:00,1.3468,1.34705,1.34677,1.34692,1256,0,0
2026-08-06 15:30:00,1.34692,1.34698,1.3467500000000001,1.34692,1026,0,0
2026-08-06 15:35:00,1.34692,1.34706,1.34681,1.34705,1619,0,0
2026-08-06 15:40:00,1.34705,1.3472,1.34693,1.3470900000000001,1275,0,0
2026-08-06 15:45:00,1.3470900000000001,1.3471199999999999,1.34656,1.34669,1556,0,0
2026-08-06 15:50:00,1.34669,1.34701,1.34649,1.34689,1674,0,0
2026-08-06 15:55:00,1.34689,1.34704,1.34672,1.34694,1952,0,0
2026-08-06 16:00:00,1.34694,1.34714,1.3469,1.3470900000000001,1845,0,0
2026-08-06 16:05:00,1.3470900000000001,1.3471199999999999,1.34669,1.34672,1735,0,0
2026-08-06 16:10:00,1.34672,1.34683,1.34647,1.3465799999999999,1852,0,0
2026-08-06 16:15:00,1.3465799999999999,1.34699,1.34646,1.34693,1396,0,0
2026-08-06 16:20:00,1.34693,1.3471,1.3468,1.34688,1453,0,0
2026-08-06 16:25:00,1.34688,1.34704,1.34665,1.3469,1350,0,0
2026-08-06 16:30:00,1.3469,1.34737,1.34686,1.34728,1957,0,0
2026-08-06 16:35:00,1.34728,1.34734,1.34697,1.34717,2307,0,0
2026-08-06 16:40:00,1.34717,1.34758,1.34717,1.34742,2316,0,0
2026-08-06 16:45:00,1.34742,1.34747,1.34711,1.3471199999999999,1887,0,0
2026-08-06 16:50:00,1.3471199999999999,1.34768,1.34708,1.34756,1884,0,0
2026-08-06 16:55:00,1.34756,1.34795,1.34755,1.34772,1890,0,0
2026-08-06 17:00:00,1.34774,1.34795,1.34762,1.34769,1431,0,0
2026-08-06 17:05:00,1.34769,1.34769,1.34679,1.34691,2289,0,0
2026-08-06 17:10:00,1.34691,1.34708,1.3465799999999999,1.3467,2670,0,0
2026-08-06 17:15:00,1.3467,1.34701,1.3465099999999999,1.34698,2259,0,0
2026-08-06 17:20:00,1.34698,1.3471600000000001,1.34669,1.3471,1989,0,0
2026-08-06 17:25:00,1.3471,1.34711,1.34681,1.34689,1972,0,0
2026-08-06 17:30:00,1.34689,1.34715,1.34687,1.34698,1671,0,0
2026-08-06 17:35:00,1.34698,1.34703,1.34659,1.34662,1728,0,0
2026-08-06 17:40:00,1.34662,1.3472,1.3465,1.34707,1862,0,0
2026-08-06 17:45:00,1.34707,1.34707,1.34647,1.34657,1850,0,0
2026-08-06 17:50:00,1.34657,1.34688,1.34636,1.3467799999999999,1813,0,0
2026-08-06 17:55:00,1.3467799999999999,1.34683,1.34639,1.3466,2286,0,0
2026-08-06 18:00:00,1.3466,1.34666,1.34625,1.34641,2793,0,0
2026-08-06 18:05:00,1.34641,1.34647,1.34595,1.34606,2076,0,0
2026-08-06 18:10:00,1.34606,1.3461699999999999,1.3457,1.34579,2271,0,0
2026-08-06 18:15:00,1.34579,1.34593,1.34534,1.34538,2516,0,0
2026-08-06 18:20:00,1.34538,1.34547,1.34523,1.34535,2289,0,0
2026-08-06 18:25:00,1.34535,1.34572,1.34517,1.34532,2352,0,0
2026-08-06 18:30:00,1.34532,1.34548,1.34522,1.3452600000000001,2314,0,0
2026-08-06 18:35:00,1.3452600000000001,1.34536,1.3449900000000001,1.3451,1677,0,0
2026-08-06 18:40:00,1.3451,1.34543,1.34494,1.3453300000000001,1539,0,0
2026-08-06 18:45:00,1.3453300000000001,1.34564,1.3453,1.34559,2048,0,0
2026-08-06 18:50:00,1.34559,1.34571,1.34504,1.34515,2502,0,0
2026-08-06 18:55:00,1.34514,1.34566,1.34513,1.34537,2823,0,0
2026-08-06 19:00:00,1.34537,1.34561,1.34519,1.34552,2657,0,0
2026-08-06 19:05:00,1.34552,1.34591,1.3455,1.34565,2051,0,0
2026-08-06 19:10:00,1.34565,1.3457,1.3452899999999999,1.34542,1894,0,0
2026-08-06 19:15:00,1.34542,1.3455300000000001,1.34494,1.34517,2558,0,0
2026-08-06 19:20:00,1.34517,1.3452899999999999,1.345,1.34527,1873,0,0
2026-08-06 19:25:00,1.34527,1.34559,1.34523,1.34557,1597,0,0
2026-08-06 19:30:00,1.34557,1.34562,1.3452600000000001,1.34541,1676,0,0
2026-08-06 19:35:00,1.34541,1.34547,1.34524,1.34546,1423,0,0
2026-08-06 19:40:00,1.34546,1.34546,1.34508,1.34516,1356,0,0
2026-08-06 19:45:00,1.34516,1.3452899999999999,1.34515,1.34524,1228,0,0
2026-08-06 19:50:00,1.34523,1.34571,1.34521,1.34567,1480,0,0
2026-08-06 19:55:00,1.34567,1.34575,1.34545,1.3456000000000001,1939,0,0
2026-08-06 20:00:00,1.3456000000000001,1.34573,1.3455599999999999,1.34566,1886,0,0
2026-08-06 20:05:00,1.34566,1.34581,1.3455,1.34581,1567,0,0
2026-08-06 20:10:00,1.34581,1.3458999999999999,1.34559,1.34562,1742,0,0
2026-08-06 20:15:00,1.34562,1.34562,1.34516,1.34535,1461,0,0
2026-08-06 20:20:00,1.34535,1.3455599999999999,1.34535,1.34543,1149,0,0
2026-08-06 20:25:00,1.34543,1.3456000000000001,1.34543,1.34559,1523,0,0
2026-08-06 20:30:00,1.34559,1.3456000000000001,1.34541,1.34551,1346,0,0
2026-08-06 20:35:00,1.34551,1.3455300000000001,1.34518,1.34535,1418,0,0
2026-08-06 20:40:00,1.34535,1.34543,1.3452600000000001,1.34531,1362,0,0
2026-08-06 20:45:00,1.34531,1.34548,1.34524,1.34537,1533,0,0
2026-08-06 20:50:00,1.34537,1.34565,1.34537,1.34555,1520,0,0
2026-08-06 20:55:00,1.34555,1.34565,1.34548,1.34561,956,0,0
2026-08-06 21:00:00,1.34561,1.34574,1.3455599999999999,1.34571,1155,0,0
2026-08-06 21:05:00,1.34571,1.3459400000000001,1.34568,1.34583,1297,0,0
2026-08-06 21:10:00,1.34583,1.34586,1.34572,1.34573,985,0,0
2026-08-06 21:15:00,1.34573,1.3458700000000001,1.34572,1.34579,1132,0,0
2026-08-06 21:20:00,1.34579,1.34583,1.34558,1.34558,882,0,0
2026-08-06 21:25:00,1.34558,1.34562,1.3454,1.34554,1002,0,0
2026-08-06 21:30:00,1.34554,1.34568,1.34547,1.34562,1012,0,0
2026-08-06 21:35:00,1.34562,1.3456299999999999,1.34542,1.34542,754,0,0
2026-08-06 21:40:00,1.34542,1.34551,1.34528,1.34535,815,0,0
2026-08-06 21:45:00,1.34535,1.34549,1.34527,1.34542,1233,0,0
2026-08-06 21:50:00,1.34542,1.34548,1.34523,1.34539,1167,0,0
2026-08-06 21:55:00,1.34539,1.34572,1.34537,1.34567,1307,0,0
2026-08-06 22:00:00,1.34566,1.3459400000000001,1.34566,1.34589,1157,0,0
2026-08-06 22:05:00,1.34589,1.3458999999999999,1.34578,1.34586,957,0,0
2026-08-06 22:10:00,1.34586,1.3459400000000001,1.3455300000000001,1.34562,1051,0,0
2026-08-06 22:15:00,1.34562,1.34575,1.3456000000000001,1.3457,934,0,0
2026-08-06 22:20:00,1.3457,1.34577,1.34525,1.34531,909,0,0
2026-08-06 22:25:00,1.34531,1.34539,1.34497,1.34514,2589,0,0
2026-08-06 22:30:00,1.34515,1.34531,1.34506,1.3452600000000001,1646,0,0
2026-08-06 22:35:00,1.34525,1.3452600000000001,1.3449499999999999,1.34498,1121,0,0
2026-08-06 22:40:00,1.34498,1.34505,1.34487,1.3449,1219,0,0
2026-08-06 22:45:00,1.34491,1.34506,1.34487,1.34501,890,0,0
2026-08-06 22:50:00,1.34501,1.34569,1.345,1.34554,1852,0,0
2026-08-06 22:55:00,1.34555,1.34557,1.34535,1.3455,1240,0,0
2026-08-06 23:00:00,1.34549,1.34552,1.34535,1.34549,595,0,0
2026-08-06 23:05:00,1.34549,1.34559,1.3452600000000001,1.34527,357,0,0
2026-08-06 23:10:00,1.34527,1.34532,1.34524,1.3452600000000001,280,0,0
2026-08-06 23:15:00,1.3452600000000001,1.34528,1.34508,1.34509,191,0,0
2026-08-06 23:20:00,1.34509,1.3451,1.34484,1.34485,376,0,0
2026-08-06 23:25:00,1.34485,1.34498,1.34484,1.34493,204,0,0
2026-08-06 23:30:00,1.34493,1.345,1.34486,1.34496,218,0,0
2026-08-06 23:35:00,1.34496,1.34507,1.3449499999999999,1.34498,252,0,0
2026-08-06 23:40:00,1.34498,1.34511,1.34491,1.3451,544,0,0
2026-08-06 23:45:00,1.3451,1.34521,1.34503,1.34512,705,0,0
2026-08-06 23:50:00,1.34512,1.34531,1.34511,1.34527,515,0,0
2026-08-06 23:55:00,1.34527,1.34552,1.34522,1.34536,623,0,0
2026-08-07 00:00:00,1.34535,1.34631,1.34489,1.34517,59,3,0
2026-08-07 00:05:00,1.34517,1.34532,1.34514,1.3452,12,0,0
2026-08-07 00:10:00,1.3452,1.34547,1.34513,1.34546,513,11,0
2026-08-07 00:15:00,1.34546,1.34547,1.3447200000000001,1.34475,73,0,0
2026-08-07 00:20:00,1.34475,1.34561,1.34463,1.3455599999999999,106,0,0
2026-08-07 00:25:00,1.3455599999999999,1.3456299999999999,1.3455300000000001,1.3455300000000001,27,0,0
2026-08-07 00:30:00,1.3455300000000001,1.34566,1.3453,1.34555,100,0,0
2026-08-07 00:35:00,1.34555,1.34558,1.34503,1.34504,120,0,0
2026-08-07 00:40:00,1.34507,1.34523,1.34481,1.34488,135,0,0
2026-08-07 00:45:00,1.34488,1.3449,1.34454,1.3447200000000001,86,0,0
2026-08-07 00:50:00,1.34475,1.34479,1.34464,1.34467,37,0,0
2026-08-07 00:55:00,1.34467,1.34554,1.34467,1.34546,370,0,0
2026-08-07 01:00:00,1.34546,1.34546,1.3450199999999999,1.34518,589,0,0
2026-08-07 01:05:00,1.34518,1.34519,1.3450199999999999,1.34509,157,0,0
2026-08-07 01:10:00,1.34509,1.34522,1.34505,1.34522,346,0,0
2026-08-07 01:15:00,1.34522,1.34522,1.34517,1.34519,248,0,0
2026-08-07 01:20:00,1.34519,1.34521,1.34509,1.34513,303,0,0
2026-08-07 01:25:00,1.34513,1.3452,1.34513,1.34517,339,0,0
2026-08-07 01:30:00,1.34517,1.3452,1.34509,1.34518,347,0,0
2026-08-07 01:35:00,1.34518,1.34521,1.34516,1.34518,107,0,0
2026-08-07 01:40:00,1.34518,1.3452,1.3451,1.34515,210,0,0
2026-08-07 01:45:00,1.34515,1.3452,1.3451,1.34511,185,0,0
2026-08-07 01:50:00,1.34511,1.34521,1.34509,1.34517,290,0,0
2026-08-07 01:55:00,1.34517,1.34518,1.34513,1.34514,262,0,0
2026-08-07 02:00:00,1.34514,1.34523,1.34513,1.34521,140,0,0
2026-08-07 02:05:00,1.34521,1.34531,1.34521,1.3452899999999999,260,0,0
2026-08-07 02:10:00,1.3452899999999999,1.34537,1.34528,1.34536,116,0,0
2026-08-07 02:15:00,1.34535,1.34542,1.3453300000000001,1.34535,362,0,0
2026-08-07 02:20:00,1.34535,1.34539,1.34531,1.34536,449,0,0
2026-08-07 02:25:00,1.34537,1.34542,1.34535,1.34537,242,0,0
2026-08-07 02:30:00,1.34537,1.34541,1.34531,1.34531,246,0,0
2026-08-07 02:35:00,1.34531,1.3453300000000001,1.34528,1.3453,116,0,0
2026-08-07 02:40:00,1.3453,1.34547,1.3452899999999999,1.34546,326,0,0
2026-08-07 02:45:00,1.34546,1.34555,1.34539,1.34552,318,0,0
2026-08-07 02:50:00,1.34552,1.3455300000000001,1.34538,1.34541,595,0,0
2026-08-07 02:55:00,1.34541,1.3455,1.34538,1.34546,601,0,0
2026-08-07 03:00:00,1.34546,1.34554,1.3453300000000001,1.34544,1550,0,0
2026-08-07 03:05:00,1.34544,1.34551,1.3453,1.3453300000000001,861,0,0
2026-08-07 03:10:00,1.3453300000000001,1.3453300000000001,1.34512,1.34517,924,0,0
2026-08-07 03:15:00,1.34517,1.34521,1.34504,1.34512,1090,0,0
2026-08-07 03:20:00,1.34512,1.34518,1.34501,1.34507,1071,0,0
2026-08-07 03:25:00,1.34507,1.34522,1.345,1.3451,1626,0,0
2026-08-07 03:30:00,1.3451,1.3452600000000001,1.34507,1.34524,1430,0,0
2026-08-07 03:35:00,1.34524,1.3452600000000001,1.34503,1.34508,1189,0,0
2026-08-07 03:40:00,1.34508,1.34512,1.3449900000000001,1.34507,1313,0,0
2026-08-07 03:45:00,1.34507,1.34513,1.34497,1.3450199999999999,1173,0,0
2026-08-07 03:50:00,1.34501,1.34517,1.34486,1.34493,1866,0,0
2026-08-07 03:55:00,1.34493,1.34507,1.34475,1.34498,1515,0,0
2026-08-07 04:00:00,1.34498,1.34513,1.34485,1.34491,1552,0,0
2026-08-07 04:05:00,1.34491,1.34523,1.34487,1.34513,1628,0,0
2026-08-07 04:10:00,1.34513,1.34532,1.34508,1.34525,1340,0,0
2026-08-07 04:15:00,1.34525,1.3452600000000001,1.3451,1.34516,719,0,0
2026-08-07 04:20:00,1.34516,1.3453,1.34513,1.34522,1297,0,0
2026-08-07 04:25:00,1.34522,1.34532,1.34516,1.34525,986,0,0
2026-08-07 04:30:00,1.34525,1.34531,1.3450199999999999,1.34518,1058,0,0
2026-08-07 04:35:00,1.34518,1.3453300000000001,1.34515,1.34523,1353,0,0
2026-08-07 04:40:00,1.34522,1.34567,1.34518,1.3455300000000001,1731,0,0
2026-08-07 04:45:00,1.3455300000000001,1.34559,1.34531,1.34537,1851,0,0
2026-08-07 04:50:00,1.34537,1.34541,1.3452600000000001,1.34531,1466,0,0
2026-08-07 04:55:00,1.34531,1.34544,1.34524,1.3452899999999999,1082,0,0
2026-08-07 05:00:00,1.3452899999999999,1.34543,1.34527,1.34537,1035,0,0
2026-08-07 05:05:00,1.34537,1.34542,1.34528,1.34528,548,0,0
2026-08-07 05:10:00,1.3453,1.34537,1.34525,1.34527,1016,0,0
2026-08-07 05:15:00,1.34527,1.34531,1.34516,1.34519,695,0,0
2026-08-07 05:20:00,1.34518,1.34541,1.34517,1.34538,825,0,0
2026-08-07 05:25:00,1.34538,1.34541,1.3453,1.34536,1331,0,0
2026-08-07 05:30:00,1.34536,1.3454,1.34521,1.34521,825,0,0
2026-08-07 05:35:00,1.34521,1.34527,1.34512,1.34522,1287,0,0
2026-08-07 05:40:00,1.34522,1.3452600000000001,1.34511,1.34513,569,0,0
2026-08-07 05:45:00,1.34512,1.3454,1.34508,1.34538,796,0,0
2026-08-07 05:50:00,1.34538,1.3454,1.34524,1.34528,604,0,0
2026-08-07 05:55:00,1.34528,1.3452899999999999,1.34512,1.34518,791,0,0
2026-08-07 06:00:00,1.34518,1.34532,1.34513,1.3452,774,0,0
2026-08-07 06:05:00,1.3452,1.34523,1.34508,1.34508,508,0,0
2026-08-07 06:10:00,1.34508,1.34517,1.34506,1.34516,1033,0,0
2026-08-07 06:15:00,1.34516,1.34518,1.34505,1.34514,920,0,0
2026-08-07 06:20:00,1.34514,1.34518,1.34506,1.34514,771,0,0
2026-08-07 06:25:00,1.34513,1.34517,1.34508,1.3451,766,0,0
2026-08-07 06:30:00,1.3451,1.3452,1.34506,1.34516,443,0,0
2026-08-07 06:35:00,1.34516,1.34523,1.34514,1.34519,358,0,0
2026-08-07 06:40:00,1.34519,1.34521,1.34505,1.34509,489,0,0
2026-08-07 06:45:00,1.34509,1.34517,1.34507,1.34515,484,0,0
2026-08-07 06:50:00,1.34515,1.34521,1.34506,1.34517,823,0,0
2026-08-07 06:55:00,1.34517,1.34532,1.34515,1.3453,666,0,0
2026-08-07 07:00:00,1.3453,1.34539,1.34521,1.34523,827,0,0
2026-08-07 07:05:00,1.34523,1.34532,1.34522,1.34525,1108,0,0
2026-08-07 07:10:00,1.34525,1.34531,1.3452,1.3452600000000001,1175,0,0
2026-08-07 07:15:00,1.3452600000000001,1.3453,1.34521,1.34524,1064,0,0
2026-08-07 07:20:00,1.34524,1.34545,1.3452,1.3453300000000001,722,0,0
2026-08-07 07:25:00,1.3453300000000001,1.34543,1.3453,1.34534,1041,0,0
2026-08-07 07:30:00,1.34534,1.34551,1.34527,1.34548,1357,0,0
2026-08-07 07:35:00,1.34548,1.3455,1.34538,1.34539,845,0,0
2026-08-07 07:40:00,1.34539,1.34546,1.3452899999999999,1.34541,608,0,0
2026-08-07 07:45:00,1.34541,1.34543,1.3452899999999999,1.3453300000000001,511,0,0
2026-08-07 07:50:00,1.3453300000000001,1.34544,1.34531,1.34544,503,0,0
2026-08-07 07:55:00,1.34544,1.34551,1.34535,1.34536,484,0,0
2026-08-07 08:00:00,1.34536,1.34551,1.34532,1.3455,643,0,0
2026-08-07 08:05:00,1.3455,1.34552,1.34544,1.34547,316,0,0
2026-08-07 08:10:00,1.34547,1.3456000000000001,1.34544,1.34555,648,0,0
2026-08-07 08:15:00,1.34555,1.3455599999999999,1.34537,1.34539,678,0,0
2026-08-07 08:20:00,1.34539,1.34541,1.34525,1.3452600000000001,460,0,0
2026-08-07 08:25:00,1.34527,1.34534,1.34516,1.34517,520,0,0
2026-08-07 08:30:00,1.34517,1.3453,1.34512,1.34523,1049,0,0
2026-08-07 08:35:00,1.34523,1.34541,1.3452,1.34537,596,0,0
2026-08-07 08:40:00,1.34537,1.34541,1.34519,1.34524,1266,0,0
2026-08-07 08:45:00,1.34524,1.34538,1.34514,1.34536,1554,0,0
2026-08-07 08:50:00,1.34536,1.34548,1.3452600000000001,1.3453300000000001,1395,0,0
2026-08-07 08:55:00,1.3453300000000001,1.34537,1.34521,1.34525,1237,0,0
2026-08-07 09:00:00,1.34525,1.3455599999999999,1.34523,1.3453300000000001,1395,0,0
2026-08-07 09:05:00,1.34534,1.34538,1.34516,1.3453,1406,0,0
2026-08-07 09:10:00,1.3453,1.34559,1.34527,1.34559,1171,0,0
2026-08-07 09:15:00,1.34559,1.34562,1.3452899999999999,1.34548,1512,0,0
2026-08-07 09:20:00,1.34547,1.34582,1.34543,1.34579,1450,0,0
2026-08-07 09:25:00,1.34579,1.34579,1.34545,1.34559,1567,0,0
2026-08-07 09:30:00,1.34561,1.3456299999999999,1.34527,1.34532,1824,0,0
2026-08-07 09:35:00,1.34532,1.34555,1.34525,1.34539,1024,0,0
2026-08-07 09:40:00,1.34539,1.34545,1.34524,1.3454,1201,0,0
2026-08-07 09:45:00,1.3454,1.34555,1.3453,1.34532,1101,0,0
2026-08-07 09:50:00,1.3453300000000001,1.3455,1.34525,1.34546,1318,0,0
2026-08-07 09:55:00,1.34546,1.34565,1.34534,1.34536,1151,0,0
2026-08-07 10:00:00,1.34536,1.34539,1.34515,1.34515,1509,0,0
2026-08-07 10:05:00,1.34516,1.34516,1.34484,1.34486,1488,0,0
2026-08-07 10:10:00,1.34486,1.34527,1.34486,1.34511,1441,0,0
2026-08-07 10:15:00,1.34511,1.3453300000000001,1.34501,1.34509,1299,0,0
2026-08-07 10:20:00,1.34509,1.34515,1.34485,1.34496,1099,0,0
2026-08-07 10:25:00,1.34496,1.34506,1.34479,1.34483,1375,0,0
2026-08-07 10:30:00,1.34483,1.34507,1.3448,1.34483,1227,0,0
2026-08-07 10:35:00,1.34483,1.34483,1.34466,1.34473,1193,0,0
2026-08-07 10:40:00,1.34473,1.34488,1.34455,1.34466,1129,0,0
2026-08-07 10:45:00,1.34466,1.3450199999999999,1.3446500000000001,1.3449200000000001,653,0,0
2026-08-07 10:50:00,1.3449200000000001,1.34507,1.34481,1.34493,978,0,0
2026-08-07 10:55:00,1.34493,1.3449900000000001,1.34476,1.34479,1009,0,0
2026-08-07 11:00:00,1.34479,1.34501,1.34469,1.34483,1319,0,0
2026-08-07 11:05:00,1.34484,1.34487,1.34459,1.3446799999999999,1159,0,0
2026-08-07 11:10:00,1.3446799999999999,1.34476,1.34447,1.34454,1097,0,0
2026-08-07 11:15:00,1.34454,1.34475,1.34448,1.34461,928,0,0
2026-08-07 11:20:00,1.34461,1.34464,1.34445,1.34455,815,0,0
2026-08-07 11:25:00,1.34455,1.34463,1.34443,1.34448,970,0,0
2026-08-07 11:30:00,1.34448,1.34482,1.34432,1.34477,1290,0,0
2026-08-07 11:35:00,1.34477,1.34481,1.34456,1.3446,1113,0,0
2026-08-07 11:40:00,1.3446,1.34491,1.34459,1.34483,973,0,0
2026-08-07 11:45:00,1.34483,1.34494,1.34459,1.34469,940,0,0
2026-08-07 11:50:00,1.34469,1.3449,1.34461,1.34464,1057,0,0
2026-08-07 11:55:00,1.34464,1.34473,1.34428,1.34428,1104,0,0
2026-08-07 12:00:00,1.34429,1.34453,1.34409,1.34409,1168,0,0
2026-08-07 12:05:00,1.34409,1.34433,1.34406,1.34427,1277,0,0
2026-08-07 12:10:00,1.34427,1.34462,1.34418,1.3446,1105,0,0
2026-08-07 12:15:00,1.3446,1.3446799999999999,1.34446,1.34453,1129,0,0
2026-08-07 12:20:00,1.34453,1.34464,1.34444,1.34454,1219,0,0
2026-08-07 12:25:00,1.34454,1.3446500000000001,1.34439,1.34443,1455,0,0
2026-08-07 12:30:00,1.34443,1.34444,1.34406,1.3441100000000001,1170,0,0
2026-08-07 12:35:00,1.3441100000000001,1.34414,1.34395,1.3439999999999999,901,0,0
2026-08-07 12:40:00,1.3439999999999999,1.34427,1.34396,1.3439999999999999,982,0,0
2026-08-07 12:45:00,1.3439999999999999,1.34424,1.34395,1.34422,984,0,0
2026-08-07 12:50:00,1.34422,1.34439,1.34412,1.34432,872,0,0
2026-08-07 12:55:00,1.34432,1.34436,1.34416,1.34419,1243,0,0
2026-08-07 13:00:00,1.34419,1.34429,1.34397,1.34401,965,0,0
2026-08-07 13:05:00,1.34401,1.34417,1.3439,1.34409,735,0,0
2026-08-07 13:10:00,1.34409,1.34417,1.34366,1.34371,880,0,0
2026-08-07 13:15:00,1.34371,1.34401,1.34365,1.34389,892,0,0
2026-08-07 13:20:00,1.34389,1.34391,1.34375,1.34383,834,0,0
2026-08-07 13:25:00,1.34383,1.34388,1.34367,1.34375,837,0,0
2026-08-07 13:30:00,1.34375,1.34388,1.34366,1.3437000000000001,778,0,0
2026-08-07 13:35:00,1.3437000000000001,1.34389,1.34364,1.34381,865,0,0
2026-08-07 13:40:00,1.34381,1.34385,1.34341,1.34345,845,0,0
2026-08-07 13:45:00,1.34345,1.3437000000000001,1.34344,1.34361,983,0,0
2026-08-07 13:50:00,1.34361,1.34388,1.34361,1.34378,982,0,0
2026-08-07 13:55:00,1.34378,1.34389,1.34371,1.34374,1069,0,0
2026-08-07 14:00:00,1.34374,1.34422,1.3437299999999999,1.34418,1321,0,0
2026-08-07 14:05:00,1.34418,1.3443399999999999,1.3440699999999999,1.3443100000000001,1128,0,0
2026-08-07 14:10:00,1.3443100000000001,1.3443399999999999,1.34415,1.34418,1227,0,0
2026-08-07 14:15:00,1.34418,1.3444099999999999,1.34413,1.34432,1177,0,0
2026-08-07 14:20:00,1.34432,1.34443,1.34398,1.3440699999999999,828,0,0
2026-08-07 14:25:00,1.3440699999999999,1.34415,1.3439,1.34394,661,0,0
2026-08-07 14:30:00,1.34394,1.34448,1.34393,1.3443,699,0,0
2026-08-07 14:35:00,1.3443,1.34449,1.34425,1.34447,705,0,0
2026-08-07 14:40:00,1.34447,1.34476,1.34446,1.34471,973,0,0
2026-08-07 14:45:00,1.34471,1.34476,1.34458,1.34466,788,0,0
2026-08-07 14:50:00,1.34466,1.3448,1.3446,1.3447200000000001,829,0,0
2026-08-07 14:55:00,1.3447,1.3449900000000001,1.34466,1.34497,1311,0,0
2026-08-07 15:00:00,1.34497,1.34523,1.34487,1.34506,1963,0,0
2026-08-07 15:05:00,1.34506,1.34516,1.34476,1.34497,915,0,0
2026-08-07 15:10:00,1.34497,1.34515,1.34471,1.34473,903,0,0
2026-08-07 15:15:00,1.34474,1.34506,1.3446799999999999,1.34477,1489,0,0
2026-08-07 15:20:00,1.34478,1.34496,1.3446799999999999,1.34479,1710,0,0
2026-08-07 15:25:00,1.3448,1.34501,1.34442,1.3446500000000001,1767,0,0
2026-08-07 15:30:00,1.3446500000000001,1.34974,1.34458,1.34961,4939,0,0
2026-08-07 15:35:00,1.34962,1.3496299999999999,1.34866,1.34951,4508,0,0
2026-08-07 15:40:00,1.34951,1.35036,1.34924,1.34985,3493,0,0
2026-08-07 15:45:00,1.34985,1.35068,1.34981,1.35054,2117,0,0
2026-08-07 15:50:00,1.35054,1.3507,1.35028,1.35047,1859,0,0
2026-08-07 15:55:00,1.35047,1.3505,1.35006,1.35029,1504,0,0
2026-08-07 16:00:00,1.35029,1.35039,1.34992,1.34994,1540,0,0
2026-08-07 16:05:00,1.34994,1.3503,1.34969,1.34978,1999,0,0
2026-08-07 16:10:00,1.34977,1.35037,1.34951,1.35032,2672,0,0
2026-08-07 16:15:00,1.35032,1.35032,1.34945,1.34975,2314,0,0
2026-08-07 16:20:00,1.34975,1.3507,1.34961,1.35061,2163,0,0
2026-08-07 16:25:00,1.35061,1.3509,1.35033,1.35038,1967,0,0
2026-08-07 16:30:00,1.35038,1.35053,1.34935,1.3496000000000001,2072,0,0
2026-08-07 16:35:00,1.3496000000000001,1.3504800000000001,1.34939,1.35041,2684,0,0
2026-08-07 16:40:00,1.35043,1.35083,1.35033,1.35039,2047,0,0
2026-08-07 16:45:00,1.3504,1.35045,1.34955,1.34974,2189,0,0
2026-08-07 16:50:00,1.34973,1.34976,1.3492199999999999,1.34954,2446,0,0
2026-08-07 16:55:00,1.34954,1.34968,1.34873,1.34897,2277,0,0
2026-08-07 17:00:00,1.34897,1.3492199999999999,1.34851,1.34852,2509,0,0
2026-08-07 17:05:00,1.34852,1.34932,1.3483100000000001,1.3492,2817,0,0
2026-08-07 17:10:00,1.34921,1.34943,1.34887,1.34938,2585,0,0
2026-08-07 17:15:00,1.34938,1.35007,1.3491900000000001,1.35004,2519,0,0
2026-08-07 17:20:00,1.35004,1.3501699999999999,1.34986,1.34999,1996,0,0
2026-08-07 17:25:00,1.34999,1.35003,1.34936,1.34942,1753,0,0
2026-08-07 17:30:00,1.34942,1.34966,1.34897,1.34957,1908,0,0
2026-08-07 17:35:00,1.34957,1.34966,1.34916,1.34946,1695,0,0
2026-08-07 17:40:00,1.34946,1.34961,1.34885,1.34904,2288,0,0
2026-08-07 17:45:00,1.34904,1.3492,1.3486,1.34862,2136,0,0
2026-08-07 17:50:00,1.34862,1.34903,1.34836,1.3486099999999999,2285,0,0
2026-08-07 17:55:00,1.3486099999999999,1.34914,1.34853,1.34888,2482,0,0
2026-08-07 18:00:00,1.34886,1.34909,1.3483100000000001,1.3483399999999999,2675,0,0
2026-08-07 18:05:00,1.3483399999999999,1.34891,1.34828,1.34886,1822,0,0
2026-08-07 18:10:00,1.34886,1.3495599999999999,1.34886,1.34955,2218,0,0
2026-08-07 18:15:00,1.34955,1.34991,1.34938,1.3498700000000001,2133,0,0
2026-08-07 18:20:00,1.3498700000000001,1.35002,1.34974,1.34976,1971,0,0
2026-08-07 18:25:00,1.34976,1.34992,1.34946,1.34947,2089,0,0
2026-08-07 18:30:00,1.34947,1.3495300000000001,1.34916,1.34925,1726,0,0
2026-08-07 18:35:00,1.34925,1.35005,1.34925,1.34973,2032,0,0
2026-08-07 18:40:00,1.34973,1.34998,1.3496000000000001,1.34984,2113,0,0
2026-08-07 18:45:00,1.34984,1.34996,1.34947,1.3495,1763,0,0
2026-08-07 18:50:00,1.3495,1.3496000000000001,1.34918,1.34954,2283,0,0
2026-08-07 18:55:00,1.34954,1.3498299999999999,1.34946,1.34961,1999,0,0
2026-08-07 19:00:00,1.34961,1.34977,1.34945,1.34975,2151,0,0
2026-08-07 19:05:00,1.34975,1.35003,1.34966,1.34968,1871,0,0
2026-08-07 19:10:00,1.34968,1.35016,1.34967,1.3501400000000001,1553,0,0
2026-08-07 19:15:00,1.3501400000000001,1.35015,1.34982,1.34986,1132,0,0
2026-08-07 19:20:00,1.34986,1.35038,1.34969,1.35009,2223,0,0
2026-08-07 19:25:00,1.35008,1.35027,1.3498299999999999,1.34993,2076,0,0
2026-08-07 19:30:00,1.34993,1.35005,1.34968,1.34971,1652,0,0
2026-08-07 19:35:00,1.34971,1.34992,1.34966,1.3498999999999999,1403,0,0
2026-08-07 19:40:00,1.3498999999999999,1.35007,1.34984,1.34993,1262,0,0
2026-08-07 19:45:00,1.34993,1.35039,1.34989,1.35037,1279,0,0
2026-08-07 19:50:00,1.35036,1.35039,1.34969,1.34979,1456,0,0
2026-08-07 19:55:00,1.34979,1.34984,1.34951,1.34964,1837,0,0
2026-08-07 20:00:00,1.34964,1.34976,1.34948,1.3495599999999999,1765,0,0
2026-08-07 20:05:00,1.3495599999999999,1.34964,1.34945,1.34957,1290,0,0
2026-08-07 20:10:00,1.3495599999999999,1.34973,1.34945,1.34967,1379,0,0
2026-08-07 20:15:00,1.34967,1.34972,1.3494,1.34951,1251,0,0
2026-08-07 20:20:00,1.34951,1.34971,1.34948,1.34965,1380,0,0
2026-08-07 20:25:00,1.34965,1.34984,1.3495300000000001,1.34962,1569,0,0
2026-08-07 20:30:00,1.34962,1.3498700000000001,1.34954,1.3495599999999999,1347,0,0
2026-08-07 20:35:00,1.3495599999999999,1.34976,1.34941,1.34972,1083,0,0
2026-08-07 20:40:00,1.34971,1.3498700000000001,1.34971,1.34977,879,0,0
2026-08-07 20:45:00,1.34977,1.34984,1.34973,1.34976,819,0,0
2026-08-07 20:50:00,1.34976,1.34988,1.34971,1.34975,836,0,0
2026-08-07 20:55:00,1.34975,1.3498,1.34951,1.3495300000000001,1130,0,0
2026-08-07 21:00:00,1.3495300000000001,1.34955,1.3491900000000001,1.34925,1086,0,0
2026-08-07 21:05:00,1.34925,1.34961,1.3492199999999999,1.34957,1078,0,0
2026-08-07 21:10:00,1.34957,1.34968,1.34933,1.34937,1148,0,0
2026-08-07 21:15:00,1.34937,1.34952,1.34935,1.34939,933,0,0
2026-08-07 21:20:00,1.34939,1.34942,1.34916,1.34928,1180,0,0
2026-08-07 21:25:00,1.34928,1.34957,1.3492600000000001,1.34955,1066,0,0
2026-08-07 21:30:00,1.34955,1.34977,1.3495300000000001,1.3497,980,0,0
2026-08-07 21:35:00,1.3497,1.34976,1.34962,1.34967,971,0,0
2026-08-07 21:40:00,1.34966,1.34989,1.34958,1.3498700000000001,773,0,0
2026-08-07 21:45:00,1.3498700000000001,1.34999,1.34985,1.34995,926,0,0
2026-08-07 21:50:00,1.34995,1.35007,1.3498999999999999,1.34995,710,0,0
2026-08-07 21:55:00,1.34995,1.34998,1.3498299999999999,1.34996,651,0,0
2026-08-07 22:00:00,1.34996,1.3503,1.34991,1.35005,1545,0,0
2026-08-07 22:05:00,1.35005,1.3501400000000001,1.34994,1.35012,1383,0,0
2026-08-07 22:10:00,1.35012,1.35016,1.34979,1.34991,1432,0,0
2026-08-07 22:15:00,1.34991,1.35027,1.34984,1.35002,2127,0,0
2026-08-07 22:20:00,1.35002,1.35038,1.35001,1.35033,1799,0,0
2026-08-07 22:25:00,1.35033,1.35034,1.35016,1.35026,1389,0,0
2026-08-07 22:30:00,1.35026,1.35035,1.3501699999999999,1.35026,1543,0,0
2026-08-07 22:35:00,1.35026,1.35029,1.35003,1.3501,1095,0,0
2026-08-07 22:40:00,1.3501,1.35012,1.3498700000000001,1.3498999999999999,1150,0,0
2026-08-07 22:45:00,1.3498999999999999,1.3501,1.34988,1.34996,1342,0,0
2026-08-07 22:50:00,1.34996,1.35,1.34964,1.34973,1336,0,0
2026-08-07 22:55:00,1.34973,1.34994,1.34964,1.34978,1796,0,0
2026-08-07 23:00:00,1.34978,1.34985,1.34965,1.34967,1363,0,0
2026-08-07 23:05:00,1.34967,1.34973,1.34951,1.34951,1080,0,0
2026-08-07 23:10:00,1.34951,1.34955,1.34934,1.34937,1191,0,0
2026-08-07 23:15:00,1.34937,1.3494,1.34911,1.3492899999999999,887,0,0
2026-08-07 23:20:00,1.34931,1.34931,1.34911,1.34916,567,0,0
2026-08-07 23:25:00,1.34916,1.3491900000000001,1.34905,1.34911,494,0,0
2026-08-07 23:30:00,1.34911,1.34911,1.34893,1.34898,249,0,0
2026-08-07 23:35:00,1.34898,1.34911,1.3489499999999999,1.34905,276,0,0
2026-08-07 23:40:00,1.34905,1.34916,1.3490199999999999,1.34906,255,0,0
2026-08-07 23:45:00,1.34906,1.3491900000000001,1.34896,1.34903,1448,0,0
2026-08-07 23:50:00,1.34904,1.34923,1.34901,1.34916,1788,0,0
2026-08-07 23:55:00,1.34916,1.34936,1.34896,1.34896,2058,0,0
2026-08-10 00:00:00,1.3490199999999999,1.34965,1.3490199999999999,1.3496299999999999,10,11,0
2026-08-10 00:05:00,1.3496299999999999,1.35001,1.34927,1.34938,20,0,0
2026-08-10 00:10:00,1.34938,1.34984,1.34938,1.34984,86,0,0
2026-08-10 00:15:00,1.34984,1.34984,1.34958,1.34961,197,0,0
2026-08-10 00:20:00,1.34961,1.34962,1.34959,1.34961,14,0,0
2026-08-10 00:25:00,1.34961,1.34973,1.34961,1.34969,15,0,0
2026-08-10 00:30:00,1.34969,1.3497,1.34952,1.34958,73,11,0
2026-08-10 00:35:00,1.34958,1.34975,1.3491900000000001,1.34925,357,1,0
2026-08-10 00:40:00,1.34925,1.34946,1.34883,1.3492199999999999,90,0,0
2026-08-10 00:45:00,1.3492199999999999,1.34941,1.34866,1.34909,696,0,0
2026-08-10 00:50:00,1.34909,1.3492199999999999,1.3489,1.34918,122,0,0
2026-08-10 00:55:00,1.34918,1.34934,1.3489200000000001,1.3492,1413,0,0
2026-08-10 01:00:00,1.3492,1.34938,1.3489499999999999,1.34897,332,0,0
2026-08-10 01:05:00,1.34897,1.34904,1.34885,1.34901,254,0,0
2026-08-10 01:10:00,1.34901,1.34914,1.34898,1.34908,423,0,0
2026-08-10 01:15:00,1.34908,1.34911,1.34898,1.3489900000000001,1095,0,0
2026-08-10 01:20:00,1.3489900000000001,1.34906,1.34898,1.34904,437,0,0
2026-08-10 01:25:00,1.34904,1.34909,1.34878,1.34881,409,0,0
2026-08-10 01:30:00,1.34881,1.34893,1.34881,1.34888,422,0,0
2026-08-10 01:35:00,1.34888,1.3490199999999999,1.34888,1.349,270,0,0
2026-08-10 01:40:00,1.349,1.34903,1.34898,1.3489900000000001,352,0,0
2026-08-10 01:45:00,1.3489900000000001,1.34908,1.34898,1.34903,269,0,0
2026-08-10 01:50:00,1.34903,1.3491,1.34887,1.34889,429,0,0
2026-08-10 01:55:00,1.34889,1.34898,1.34889,1.3489200000000001,196,0,0
2026-08-10 02:00:00,1.3489200000000001,1.34913,1.34891,1.34913,716,0,0
2026-08-10 02:05:00,1.34913,1.34925,1.34907,1.34909,567,0,0
2026-08-10 02:10:00,1.34909,1.3492899999999999,1.34905,1.34923,497,0,0
2026-08-10 02:15:00,1.34923,1.3492600000000001,1.34916,1.34918,232,0,0
2026-08-10 02:20:00,1.34918,1.34928,1.34916,1.34924,258,0,0
2026-08-10 02:25:00,1.34924,1.3493,1.34917,1.34917,526,0,0
2026-08-10 02:30:00,1.34917,1.34923,1.34893,1.34901,602,0,0
2026-08-10 02:35:00,1.34901,1.34903,1.34882,1.34893,485,0,0
2026-08-10 02:40:00,1.34893,1.34918,1.34893,1.34916,448,0,0
2026-08-10 02:45:00,1.34916,1.34923,1.34905,1.34914,856,0,0
2026-08-10 02:50:00,1.34914,1.34927,1.3491,1.3491900000000001,926,0,0
2026-08-10 02:55:00,1.3491900000000001,1.3492,1.34883,1.34885,890,0,0
2026-08-10 03:00:00,1.34885,1.3493,1.34885,1.34917,2371,0,0
2026-08-10 03:05:00,1.34917,1.34927,1.34907,1.34918,1707,0,0
2026-08-10 03:10:00,1.34918,1.34939,1.34903,1.34933,1521,0,0
2026-08-10 03:15:00,1.34933,1.34936,1.3489900000000001,1.34908,1179,0,0
2026-08-10 03:20:00,1.34908,1.34909,1.3489,1.3489900000000001,1371,0,0
2026-08-10 03:25:00,1.3489900000000001,1.34913,1.3489,1.34901,1497,0,0
2026-08-10 03:30:00,1.34901,1.34908,1.3489499999999999,1.34905,1125,0,0
2026-08-10 03:35:00,1.34905,1.3491,1.34886,1.34893,912,0,0
2026-08-10 03:40:00,1.34891,1.34896,1.34882,1.34883,800,0,0
2026-08-10 03:45:00,1.34884,1.34913,1.34879,1.34912,1275,0,0
2026-08-10 03:50:00,1.34912,1.34927,1.34903,1.3491,1795,0,0
2026-08-10 03:55:00,1.34911,1.3491900000000001,1.349,1.34906,1396,0,0
2026-08-10 04:00:00,1.34904,1.3491900000000001,1.34848,1.34864,2283,0,0
2026-08-10 04:05:00,1.34864,1.3487,1.34842,1.34857,1840,0,0
2026-08-10 04:10:00,1.34857,1.34875,1.34851,1.34869,1291,0,0
2026-08-10 04:15:00,1.34869,1.3489200000000001,1.34866,1.34877,1076,0,0
2026-08-10 04:20:00,1.34877,1.34887,1.3486500000000001,1.34883,1011,0,0
2026-08-10 04:25:00,1.34883,1.34896,1.34873,1.34879,832,0,0
2026-08-10 04:30:00,1.34879,1.3488,1.34849,1.34862,1265,0,0
2026-08-10 04:35:00,1.34862,1.3486799999999999,1.34844,1.34863,1409,0,0
2026-08-10 04:40:00,1.34863,1.34875,1.34859,1.34869,1256,0,0
2026-08-10 04:45:00,1.34869,1.3489900000000001,1.34866,1.34893,1487,0,0
2026-08-10 04:50:00,1.34893,1.34896,1.34878,1.34884,1157,0,0
2026-08-10 04:55:00,1.34883,1.34894,1.34869,1.34888,1630,0,0
2026-08-10 05:00:00,1.34888,1.34898,1.34882,1.34891,1461,0,0
2026-08-10 05:05:00,1.34891,1.3489499999999999,1.34877,1.3488,872,0,0
2026-08-10 05:10:00,1.3488,1.34884,1.34872,1.34879,973,0,0
2026-08-10 05:15:00,1.34879,1.34894,1.34878,1.34887,980,0,0
2026-08-10 05:20:00,1.34887,1.34887,1.34873,1.34876,1016,0,0
2026-08-10 05:25:00,1.34876,1.34884,1.34867,1.34879,772,0,0
2026-08-10 05:30:00,1.34879,1.34897,1.34875,1.34889,1016,0,0
2026-08-10 05:35:00,1.34888,1.34891,1.34876,1.34877,466,0,0
2026-08-10 05:40:00,1.34877,1.34881,1.34863,1.34863,877,0,0
2026-08-10 05:45:00,1.34864,1.34874,1.34863,1.3487,831,0,0
2026-08-10 05:50:00,1.3487,1.34876,1.34857,1.3486500000000001,784,0,0
2026-08-10 05:55:00,1.34867,1.34871,1.34853,1.3486,1034,0,0
2026-08-10 06:00:00,1.3486,1.34872,1.34843,1.34852,820,0,0
2026-08-10 06:05:00,1.34852,1.34854,1.34836,1.34836,677,0,0
2026-08-10 06:10:00,1.34836,1.34853,1.34832,1.34849,592,0,0
2026-08-10 06:15:00,1.34849,1.34853,1.3483800000000001,1.34849,675,0,0
2026-08-10 06:20:00,1.34849,1.34867,1.34849,1.34857,1058,0,0
2026-08-10 06:25:00,1.3485800000000001,1.34863,1.34837,1.34853,930,0,0
2026-08-10 06:30:00,1.34853,1.34855,1.34836,1.34839,755,0,0
2026-08-10 06:35:00,1.34839,1.34852,1.34837,1.3483800000000001,560,0,0
2026-08-10 06:40:00,1.3483800000000001,1.34847,1.34833,1.34842,670,0,0
2026-08-10 06:45:00,1.34842,1.34864,1.3484099999999999,1.3486,649,0,0
2026-08-10 06:50:00,1.3486,1.3486500000000001,1.34852,1.34864,712,0,0
2026-08-10 06:55:00,1.34864,1.34864,1.34849,1.34851,821,0,0
2026-08-10 07:00:00,1.34851,1.3486099999999999,1.34844,1.34856,743,0,0
2026-08-10 07:05:00,1.34856,1.3485800000000001,1.3483800000000001,1.34844,705,0,0
2026-08-10 07:10:00,1.34843,1.34854,1.34836,1.34853,741,0,0
2026-08-10 07:15:00,1.34853,1.34854,1.34842,1.34849,675,0,0
2026-08-10 07:20:00,1.34849,1.34859,1.34847,1.34856,607,0,0
2026-08-10 07:25:00,1.34856,1.34866,1.34854,1.34859,566,0,0
2026-08-10 07:30:00,1.34859,1.3486799999999999,1.34853,1.34863,633,0,0
2026-08-10 07:35:00,1.34863,1.34863,1.34846,1.34852,333,0,0
2026-08-10 07:40:00,1.34852,1.3486799999999999,1.3485,1.3486799999999999,654,0,0
2026-08-10 07:45:00,1.3486799999999999,1.3489200000000001,1.34864,1.34891,824,0,0
2026-08-10 07:50:00,1.34891,1.34903,1.34889,1.34891,519,0,0
2026-08-10 07:55:00,1.34891,1.3489900000000001,1.34881,1.34885,1123,0,0
2026-08-10 08:00:00,1.34885,1.34905,1.34874,1.34905,1231,0,0
2026-08-10 08:05:00,1.34904,1.34915,1.34894,1.34898,726,0,0
2026-08-10 08:10:00,1.34896,1.3490199999999999,1.3488,1.34893,988,0,0
2026-08-10 08:15:00,1.34893,1.34897,1.34878,1.34881,685,0,0
2026-08-10 08:20:00,1.34881,1.34888,1.34877,1.34885,846,0,0
2026-08-10 08:25:00,1.34885,1.34888,1.34875,1.34886,693,0,0
2026-08-10 08:30:00,1.34887,1.3489499999999999,1.34873,1.3489,1116,0,0
2026-08-10 08:35:00,1.3489,1.34918,1.34883,1.34908,1271,0,0
2026-08-10 08:40:00,1.34908,1.34918,1.3489,1.34897,1387,0,0
2026-08-10 08:45:00,1.34897,1.34914,1.34889,1.34908,1230,0,0
2026-08-10 08:50:00,1.34908,1.34933,1.34908,1.34925,1269,0,0
2026-08-10 08:55:00,1.34925,1.34946,1.3492199999999999,1.34939,1563,0,0
2026-08-10 09:00:00,1.34939,1.34961,1.34932,1.34937,1445,0,0
2026-08-10 09:05:00,1.34937,1.34972,1.34936,1.34967,1066,0,0
2026-08-10 09:10:00,1.34967,1.34971,1.34925,1.34941,1198,0,0
2026-08-10 09:15:00,1.34941,1.3498,1.34938,1.3495599999999999,1679,0,0
2026-08-10 09:20:00,1.3495599999999999,1.34969,1.3494,1.34951,1486,0,0
2026-08-10 09:25:00,1.34951,1.34964,1.34938,1.34958,1470,0,0
2026-08-10 09:30:00,1.34958,1.34969,1.34938,1.34949,1284,0,0
2026-08-10 09:35:00,1.34949,1.34955,1.34936,1.34942,1224,0,0
2026-08-10 09:40:00,1.34942,1.3495300000000001,1.3492,1.3493,1070,0,0
2026-08-10 09:45:00,1.3493,1.34949,1.34924,1.34938,800,0,0
2026-08-10 09:50:00,1.34938,1.34942,1.34918,1.34941,775,0,0
2026-08-10 09:55:00,1.34941,1.34952,1.34928,1.34949,1058,0,0
2026-08-10 10:00:00,1.34949,1.34952,1.34918,1.34925,1444,0,0
2026-08-10 10:05:00,1.34924,1.34962,1.3492,1.34954,1264,0,0
2026-08-10 10:10:00,1.34954,1.34976,1.34942,1.34944,1646,0,0
2026-08-10 10:15:00,1.34944,1.3496299999999999,1.34935,1.34949,1535,0,0
2026-08-10 10:20:00,1.34949,1.34954,1.3492,1.34949,1382,0,0
2026-08-10 10:25:00,1.34949,1.34957,1.34916,1.34918,1398,0,0
2026-08-10 10:30:00,1.34918,1.34934,1.34916,1.3493,1013,0,0
2026-08-10 10:35:00,1.3493,1.3498,1.3493,1.34952,1699,0,0
2026-08-10 10:40:00,1.34952,1.34988,1.34949,1.34986,1233,0,0
2026-08-10 10:45:00,1.34986,1.35015,1.34958,1.34959,1684,0,0
2026-08-10 10:50:00,1.34959,1.34972,1.34938,1.34949,1167,0,0
2026-08-10 10:55:00,1.34949,1.34965,1.34946,1.34961,1214,0,0
2026-08-10 11:00:00,1.34961,1.3497,1.34944,1.3496299999999999,1213,0,0
2026-08-10 11:05:00,1.3496299999999999,1.3501699999999999,1.3496000000000001,1.35009,1358,0,0
2026-08-10 11:10:00,1.35009,1.3505,1.34991,1.35046,1108,0,0
2026-08-10 11:15:00,1.35045,1.35056,1.35025,1.35039,902,0,0
2026-08-10 11:20:00,1.35039,1.3505099999999999,1.35028,1.35034,896,0,0
2026-08-10 11:25:00,1.35032,1.35034,1.3501400000000001,1.35032,775,0,0
2026-08-10 11:30:00,1.35032,1.35042,1.3501400000000001,1.35018,1252,0,0
2026-08-10 11:35:00,1.35018,1.3503,1.35011,1.3502399999999999,785,0,0
2026-08-10 11:40:00,1.3502399999999999,1.35039,1.35018,1.35018,995,0,0
2026-08-10 11:45:00,1.35018,1.35022,1.34998,1.35002,830,0,0
2026-08-10 11:50:00,1.35001,1.35036,1.34997,1.3502399999999999,1182,0,0
2026-08-10 11:55:00,1.3502399999999999,1.35036,1.35012,1.35034,959,0,0
2026-08-10 12:00:00,1.35034,1.35039,1.35018,1.3502,1430,0,0
2026-08-10 12:05:00,1.35019,1.35052,1.35019,1.3504,1016,0,0
2026-08-10 12:10:00,1.35039,1.35068,1.35022,1.35065,1203,0,0
2026-08-10 12:15:00,1.35065,1.35068,1.35031,1.35034,1266,0,0
2026-08-10 12:20:00,1.35034,1.3506,1.3503,1.35057,798,0,0
2026-08-10 12:25:00,1.35057,1.35061,1.3504399999999999,1.35054,799,0,0
2026-08-10 12:30:00,1.35054,1.35057,1.35015,1.35022,1187,0,0
2026-08-10 12:35:00,1.35022,1.35027,1.34955,1.34962,928,0,0
2026-08-10 12:40:00,1.34962,1.34976,1.3495599999999999,1.34968,825,0,0
2026-08-10 12:45:00,1.34968,1.34997,1.34959,1.3498,949,0,0
2026-08-10 12:50:00,1.3498,1.3498299999999999,1.34962,1.34981,905,0,0
2026-08-10 12:55:00,1.34981,1.3498999999999999,1.34952,1.34955,1383,0,0
2026-08-10 13:00:00,1.34954,1.34955,1.34924,1.34941,1746,0,0
2026-08-10 13:05:00,1.34941,1.34969,1.34932,1.34966,1302,0,0
2026-08-10 13:10:00,1.34966,1.34974,1.34957,1.3496000000000001,848,0,0
2026-08-10 13:15:00,1.3496000000000001,1.34965,1.34951,1.3496299999999999,751,0,0
2026-08-10 13:20:00,1.3496299999999999,1.34997,1.34962,1.34975,1326,0,0
2026-08-10 13:25:00,1.34975,1.34982,1.34966,1.34966,932,0,0
2026-08-10 13:30:00,1.34966,1.35001,1.3495,1.35001,988,0,0
2026-08-10 13:35:00,1.35001,1.35004,1.34976,1.34992,948,0,0
2026-08-10 13:40:00,1.34992,1.35004,1.34979,1.34998,1071,0,0
2026-08-10 13:45:00,1.34998,1.35015,1.3498700000000001,1.34997,955,0,0
2026-08-10 13:50:00,1.34997,1.35004,1.34988,1.34993,829,0,0
2026-08-10 13:55:00,1.34993,1.3501,1.34991,1.35007,1483,0,0
2026-08-10 14:00:00,1.35007,1.35025,1.35003,1.35007,1564,0,0
2026-08-10 14:05:00,1.35007,1.35011,1.34989,1.34993,900,0,0
2026-08-10 14:10:00,1.34992,1.34998,1.34962,1.34982,817,0,0
2026-08-10 14:15:00,1.34982,1.34999,1.34969,1.34994,933,0,0
2026-08-10 14:20:00,1.34994,1.35012,1.34981,1.34992,1148,0,0
2026-08-10 14:25:00,1.34991,1.35003,1.34981,1.3498700000000001,1101,0,0
2026-08-10 14:30:00,1.34988,1.34998,1.34976,1.34996,951,0,0
2026-08-10 14:35:00,1.34996,1.35029,1.3498999999999999,1.35026,906,0,0
2026-08-10 14:40:00,1.35026,1.35027,1.35004,1.35007,1327,0,0
2026-08-10 14:45:00,1.35008,1.3501400000000001,1.34978,1.34985,1057,0,0
2026-08-10 14:50:00,1.34985,1.34993,1.34978,1.34989,751,0,0
2026-08-10 14:55:00,1.34989,1.35013,1.34981,1.35012,1008,0,0
2026-08-10 15:00:00,1.35012,1.35013,1.34988,1.3498999999999999,1225,0,0
2026-08-10 15:05:00,1.3498999999999999,1.35041,1.34976,1.35041,1900,0,0
2026-08-10 15:10:00,1.35041,1.3504399999999999,1.34975,1.34982,1150,0,0
2026-08-10 15:15:00,1.34982,1.34992,1.34954,1.34965,1187,0,0
2026-08-10 15:20:00,1.34964,1.34977,1.34948,1.34952,922,0,0
2026-08-10 15:25:00,1.34952,1.34955,1.34928,1.34944,1243,0,0
2026-08-10 15:30:00,1.34943,1.34966,1.34934,1.34937,867,0,0
2026-08-10 15:35:00,1.34937,1.34947,1.34909,1.34916,1204,0,0
2026-08-10 15:40:00,1.34917,1.34955,1.3490199999999999,1.34923,1334,0,0
2026-08-10 15:45:00,1.34923,1.3496000000000001,1.34917,1.34954,1323,0,0
2026-08-10 15:50:00,1.34954,1.3496000000000001,1.34937,1.34942,1344,0,0
2026-08-10 15:55:00,1.34942,1.34973,1.3494,1.34949,1354,0,0
2026-08-10 16:00:00,1.34948,1.34979,1.34948,1.34957,1558,0,0
2026-08-10 16:05:00,1.34957,1.34988,1.34947,1.34986,1493,0,0
2026-08-10 16:10:00,1.34986,1.35039,1.34981,1.35036,1433,0,0
2026-08-10 16:15:00,1.35036,1.35068,1.35028,1.3504800000000001,1377,0,0
2026-08-10 16:20:00,1.3504800000000001,1.35077,1.3501699999999999,1.3502399999999999,1301,0,0
2026-08-10 16:25:00,1.3502399999999999,1.35056,1.3502,1.35039,965,0,0
2026-08-10 16:30:00,1.35039,1.35062,1.3501699999999999,1.35057,1918,0,0
2026-08-10 16:35:00,1.35057,1.3508200000000001,1.35023,1.35033,1765,0,0
2026-08-10 16:40:00,1.35033,1.35052,1.35022,1.35031,1538,0,0
2026-08-10 16:45:00,1.35031,1.35054,1.35007,1.35016,2140,0,0
2026-08-10 16:50:00,1.35016,1.35022,1.34984,1.35006,2219,0,0
2026-08-10 16:55:00,1.35005,1.35066,1.34988,1.35045,2387,0,0
2026-08-10 17:00:00,1.35046,1.35097,1.35039,1.35087,2076,0,0
2026-08-10 17:05:00,1.35087,1.35157,1.35086,1.3513899999999999,2158,0,0
2026-08-10 17:10:00,1.3513899999999999,1.35186,1.35134,1.3516599999999999,1576,0,0
2026-08-10 17:15:00,1.35167,1.35175,1.35128,1.3514599999999999,1300,0,0
2026-08-10 17:20:00,1.3514599999999999,1.35154,1.35125,1.35132,1216,0,0
2026-08-10 17:25:00,1.35132,1.35188,1.35128,1.3518,1878,0,0
2026-08-10 17:30:00,1.3518,1.3519,1.35157,1.35168,1277,0,0
2026-08-10 17:35:00,1.35168,1.35202,1.35167,1.35187,1130,0,0
2026-08-10 17:40:00,1.35187,1.3526,1.35179,1.35247,1542,0,0
2026-08-10 17:45:00,1.35247,1.35308,1.3523800000000001,1.35284,1664,0,0
2026-08-10 17:50:00,1.35284,1.35284,1.3517700000000001,1.35196,2345,0,0
2026-08-10 17:55:00,1.35196,1.35213,1.35189,1.3520699999999999,2359,0,0
2026-08-10 18:00:00,1.3520699999999999,1.35208,1.35168,1.3517000000000001,2675,0,0
2026-08-10 18:05:00,1.3517000000000001,1.3521,1.35156,1.35176,1666,0,0
2026-08-10 18:10:00,1.35176,1.35228,1.35171,1.35227,1849,0,0
2026-08-10 18:15:00,1.35227,1.35243,1.35211,1.3523,2170,0,0
2026-08-10 18:20:00,1.3523,1.35274,1.35224,1.35243,1760,0,0
2026-08-10 18:25:00,1.35244,1.35248,1.3518,1.35219,1764,0,0
2026-08-10 18:30:00,1.35219,1.35233,1.35209,1.3522,1855,0,0
2026-08-10 18:35:00,1.35219,1.35253,1.35218,1.35248,1741,0,0
2026-08-10 18:40:00,1.35248,1.35263,1.3523800000000001,1.3526099999999999,1818,0,0
2026-08-10 18:45:00,1.3526099999999999,1.35275,1.3523800000000001,1.3524,1619,0,0
2026-08-10 18:50:00,1.3524,1.35264,1.3521,1.35221,1482,0,0
2026-08-10 18:55:00,1.35221,1.3526,1.3521,1.35257,1356,0,0
2026-08-10 19:00:00,1.35257,1.3527,1.35226,1.35242,1341,0,0
2026-08-10 19:05:00,1.35242,1.35264,1.35236,1.35239,1037,0,0
2026-08-10 19:10:00,1.35239,1.3526099999999999,1.3523800000000001,1.3523800000000001,1052,0,0
2026-08-10 19:15:00,1.3523800000000001,1.35241,1.35199,1.35209,804,0,0
2026-08-10 19:20:00,1.35208,1.35217,1.3519,1.35199,731,0,0
2026-08-10 19:25:00,1.35199,1.35235,1.35192,1.35233,1185,0,0
2026-08-10 19:30:00,1.35233,1.35245,1.35172,1.3521,1990,0,0
2026-08-10 19:35:00,1.3521,1.35227,1.3519999999999999,1.3520400000000001,948,0,0
2026-08-10 19:40:00,1.3520400000000001,1.35205,1.35162,1.35167,1181,0,0
2026-08-10 19:45:00,1.35167,1.35172,1.3513600000000001,1.3514599999999999,1071,0,0
2026-08-10 19:50:00,1.3514599999999999,1.35168,1.35141,1.35152,1000,0,0
2026-08-10 19:55:00,1.35152,1.35156,1.35134,1.35138,634,0,0
2026-08-10 20:00:00,1.35138,1.35149,1.35111,1.3512,1178,0,0
2026-08-10 20:05:00,1.3512,1.35122,1.35095,1.3510900000000001,1325,0,0
2026-08-10 20:10:00,1.3510900000000001,1.35122,1.35102,1.35114,758,0,0
2026-08-10 20:15:00,1.35114,1.35115,1.3508499999999999,1.3509,928,0,0
2026-08-10 20:20:00,1.3509,1.35097,1.35068,1.35093,1417,0,0
2026-08-10 20:25:00,1.35093,1.35107,1.35081,1.35096,1703,0,0
2026-08-10 20:30:00,1.35094,1.35114,1.35092,1.351,1195,0,0
2026-08-10 20:35:00,1.351,1.3511,1.35097,1.35099,989,0,0
2026-08-10 20:40:00,1.35099,1.35108,1.3508499999999999,1.35086,946,0,0
2026-08-10 20:45:00,1.35086,1.35088,1.35053,1.35077,1000,0,0
2026-08-10 20:50:00,1.35077,1.35087,1.35065,1.35065,819,0,0
2026-08-10 20:55:00,1.35065,1.35071,1.35059,1.35065,891,0,0
2026-08-10 21:00:00,1.35065,1.35081,1.35058,1.35066,985,0,0
2026-08-10 21:05:00,1.35066,1.35072,1.35061,1.35069,682,0,0
2026-08-10 21:10:00,1.35069,1.35084,1.35068,1.35079,786,0,0
2026-08-10 21:15:00,1.35079,1.35091,1.35068,1.3507799999999999,671,0,0
2026-08-10 21:20:00,1.3507799999999999,1.35089,1.35072,1.35079,893,0,0
2026-08-10 21:25:00,1.35079,1.3508499999999999,1.35073,1.35079,603,0,0
2026-08-10 21:30:00,1.3507799999999999,1.35113,1.35066,1.35098,1298,0,0
2026-08-10 21:35:00,1.35098,1.35102,1.35079,1.35098,692,0,0
2026-08-10 21:40:00,1.35098,1.35119,1.35098,1.3511600000000001,627,0,0
2026-08-10 21:45:00,1.3511600000000001,1.35119,1.351,1.3510499999999999,1104,0,0
2026-08-10 21:50:00,1.35106,1.3510900000000001,1.3507,1.35074,1445,0,0
2026-08-10 21:55:00,1.35074,1.35103,1.35069,1.3509,1168,0,0
2026-08-10 22:00:00,1.3509,1.35098,1.35069,1.35069,985,0,0
2026-08-10 22:05:00,1.35069,1.35077,1.35066,1.35068,744,0,0
2026-08-10 22:10:00,1.35068,1.35081,1.3506,1.3508,893,0,0
2026-08-10 22:15:00,1.3508,1.3508,1.35063,1.3507500000000001,557,0,0
2026-08-10 22:20:00,1.3507500000000001,1.35095,1.3507500000000001,1.35084,566,0,0
2026-08-10 22:25:00,1.35084,1.35087,1.35072,1.35076,759,0,0
2026-08-10 22:30:00,1.35076,1.35088,1.35056,1.35057,1020,0,0
2026-08-10 22:35:00,1.35057,1.35077,1.35056,1.35065,657,0,0
2026-08-10 22:40:00,1.35065,1.35086,1.35065,1.3507500000000001,738,0,0
2026-08-10 22:45:00,1.35074,1.3509,1.35068,1.3508,566,0,0
2026-08-10 22:50:00,1.3508,1.35092,1.3507500000000001,1.35088,892,0,0
2026-08-10 22:55:00,1.35088,1.35092,1.35072,1.35079,1018,0,0
2026-08-10 23:00:00,1.35079,1.35101,1.35079,1.35091,583,0,0
2026-08-10 23:05:00,1.35091,1.35104,1.35089,1.35094,367,0,0
2026-08-10 23:10:00,1.35093,1.351,1.35089,1.3509,249,0,0
2026-08-10 23:15:00,1.3509,1.35093,1.35077,1.35079,166,0,0
2026-08-10 23:20:00,1.35079,1.35079,1.35068,1.35071,165,0,0
2026-08-10 23:25:00,1.35071,1.35077,1.35063,1.35063,272,0,0
2026-08-10 23:30:00,1.35063,1.3507,1.35061,1.35069,105,0,0
2026-08-10 23:35:00,1.35069,1.35077,1.35067,1.35074,238,0,0
2026-08-10 23:40:00,1.35074,1.35083,1.35072,1.3507799999999999,90,0,0
2026-08-10 23:45:00,1.35079,1.35081,1.3507,1.35074,446,0,0
2026-08-10 23:50:00,1.35074,1.35079,1.35059,1.35065,296,0,0
2026-08-10 23:55:00,1.35065,1.35081,1.35064,1.35067,278,0,0
2026-08-11 00:00:00,1.35064,1.35064,1.3498999999999999,1.3501699999999999,53,11,0
2026-08-11 00:05:00,1.3501699999999999,1.3504,1.35016,1.35031,20,0,0
2026-08-11 00:10:00,1.35031,1.3507500000000001,1.35031,1.35042,85,0,0
2026-08-11 00:15:00,1.35042,1.35062,1.35042,1.35062,20,11,0
2026-08-11 00:20:00,1.35043,1.35049,1.35042,1.35042,47,4,0
2026-08-11 00:25:00,1.35042,1.35107,1.35042,1.3507799999999999,148,3,0
2026-08-11 00:30:00,1.3507799999999999,1.3508499999999999,1.3504,1.35059,213,0,0
2026-08-11 00:35:00,1.35059,1.35086,1.35053,1.3507500000000001,139,5,0
2026-08-11 00:40:00,1.3507500000000001,1.3508499999999999,1.35062,1.35062,110,0,0
2026-08-11 00:45:00,1.35062,1.35076,1.35062,1.35067,203,0,0
2026-08-11 00:50:00,1.35067,1.35074,1.35059,1.35064,164,0,0
2026-08-11 00:55:00,1.35064,1.35069,1.35055,1.35066,86,0,0
2026-08-11 01:00:00,1.35066,1.35091,1.35062,1.35074,407,0,0
2026-08-11 01:05:00,1.35074,1.35083,1.35063,1.35069,142,0,0
2026-08-11 01:10:00,1.35069,1.35083,1.35068,1.3508,184,0,0
2026-08-11 01:15:00,1.3508,1.35083,1.3507,1.35072,139,0,0
2026-08-11 01:20:00,1.35072,1.35079,1.35064,1.35067,289,0,0
2026-08-11 01:25:00,1.35067,1.35071,1.35065,1.35069,240,0,0
2026-08-11 01:30:00,1.3507,1.3507799999999999,1.35067,1.35073,303,0,0
2026-08-11 01:35:00,1.35072,1.35081,1.35068,1.35079,311,0,0
2026-08-11 01:40:00,1.35079,1.35081,1.3507799999999999,1.35081,261,0,0
2026-08-11 01:45:00,1.35081,1.3509,1.35079,1.3508499999999999,196,0,0
2026-08-11 01:50:00,1.3508499999999999,1.35091,1.35083,1.35088,265,0,0
2026-08-11 01:55:00,1.35088,1.35093,1.3508499999999999,1.3509,187,0,0
2026-08-11 02:00:00,1.3509,1.35099,1.35079,1.35084,474,0,0
2026-08-11 02:05:00,1.35084,1.35088,1.3507799999999999,1.3508,498,0,0
2026-08-11 02:10:00,1.3508,1.35087,1.35077,1.35083,252,0,0
2026-08-11 02:15:00,1.35083,1.35083,1.35077,1.3508,333,0,0
2026-08-11 02:20:00,1.35079,1.35087,1.35079,1.3508200000000001,211,0,0
2026-08-11 02:25:00,1.3508200000000001,1.35084,1.35072,1.35077,326,0,0
2026-08-11 02:30:00,1.35077,1.3507799999999999,1.35068,1.35069,361,0,0
2026-08-11 02:35:00,1.35069,1.35086,1.35067,1.35084,315,0,0
2026-08-11 02:40:00,1.35084,1.35084,1.35064,1.35072,707,0,0
2026-08-11 02:45:00,1.35072,1.35096,1.35068,1.35092,780,0,0
2026-08-11 02:50:00,1.35092,1.35094,1.3508200000000001,1.35087,980,0,0
2026-08-11 02:55:00,1.35087,1.35117,1.3508200000000001,1.35108,1077,0,0
2026-08-11 03:00:00,1.35108,1.35121,1.35103,1.35119,1596,0,0
2026-08-11 03:05:00,1.35119,1.35124,1.35106,1.35123,1092,0,0
2026-08-11 03:10:00,1.35123,1.35133,1.3511600000000001,1.35119,1165,0,0
2026-08-11 03:15:00,1.35119,1.35127,1.3510900000000001,1.35117,1130,0,0
2026-08-11 03:20:00,1.3511600000000001,1.3513,1.35115,1.35118,1110,0,0
2026-08-11 03:25:00,1.35118,1.35135,1.35118,1.35132,769,0,0
2026-08-11 03:30:00,1.35132,1.35137,1.35121,1.35127,873,0,0
2026-08-11 03:35:00,1.35127,1.35131,1.3512,1.35129,909,0,0
2026-08-11 03:40:00,1.35129,1.35154,1.35127,1.3514599999999999,1305,0,0
2026-08-11 03:45:00,1.3514599999999999,1.3515,1.35126,1.35127,724,0,0
2026-08-11 03:50:00,1.35127,1.35137,1.35115,1.35117,914,0,0
2026-08-11 03:55:00,1.35117,1.3513,1.3510499999999999,1.35111,1029,0,0
2026-08-11 04:00:00,1.35111,1.3511199999999999,1.35061,1.35066,1529,0,0
2026-08-11 04:05:00,1.35066,1.35107,1.35062,1.35101,1061,0,0
2026-08-11 04:10:00,1.35101,1.35119,1.35091,1.35119,1249,0,0
2026-08-11 04:15:00,1.35118,1.35132,1.35108,1.35126,1317,0,0
2026-08-11 04:20:00,1.35125,1.35142,1.35121,1.35122,1089,0,0
2026-08-11 04:25:00,1.35121,1.3513600000000001,1.35118,1.35132,967,0,0
2026-08-11 04:30:00,1.35132,1.35151,1.35126,1.3515,824,0,0
2026-08-11 04:35:00,1.3515,1.35153,1.35127,1.35129,858,0,0
2026-08-11 04:40:00,1.35129,1.3513600000000001,1.35104,1.35106,1171,0,0
2026-08-11 04:45:00,1.3510499999999999,1.35137,1.35103,1.35135,1117,0,0
2026-08-11 04:50:00,1.35135,1.35142,1.35125,1.3514,883,0,0
2026-08-11 04:55:00,1.3514,1.35141,1.35106,1.35108,650,0,0
2026-08-11 05:00:00,1.35108,1.35113,1.35097,1.35111,1367,0,0
2026-08-11 05:05:00,1.35111,1.35118,1.35092,1.35095,938,0,0
2026-08-11 05:10:00,1.35095,1.35106,1.35084,1.35106,997,0,0
2026-08-11 05:15:00,1.35106,1.35108,1.3508499999999999,1.35088,869,0,0
2026-08-11 05:20:00,1.35088,1.35091,1.35061,1.35064,993,0,0
2026-08-11 05:25:00,1.35064,1.35088,1.3506,1.35068,908,0,0
2026-08-11 05:30:00,1.35068,1.3508,1.35061,1.3508,886,0,0
2026-08-11 05:35:00,1.3508,1.3508200000000001,1.35066,1.35073,821,0,0
2026-08-11 05:40:00,1.35073,1.3508200000000001,1.35069,1.35073,917,0,0
2026-08-11 05:45:00,1.35073,1.35077,1.35052,1.35064,903,0,0
2026-08-11 05:50:00,1.35064,1.35064,1.35047,1.3504800000000001,812,0,0
2026-08-11 05:55:00,1.35049,1.35052,1.35026,1.35047,757,0,0
2026-08-11 06:00:00,1.35047,1.35063,1.35047,1.35061,812,0,0
2026-08-11 06:05:00,1.35061,1.35086,1.35058,1.35077,879,0,0
2026-08-11 06:10:00,1.35077,1.35089,1.35074,1.3508499999999999,874,0,0
2026-08-11 06:15:00,1.3508499999999999,1.35098,1.35081,1.35096,1025,0,0
2026-08-11 06:20:00,1.35096,1.35102,1.35084,1.35092,590,0,0
2026-08-11 06:25:00,1.35092,1.35126,1.35088,1.35122,990,0,0
2026-08-11 06:30:00,1.35122,1.35131,1.35121,1.35125,902,0,0
2026-08-11 06:35:00,1.35125,1.35129,1.3511199999999999,1.35114,841,0,0
2026-08-11 06:40:00,1.35114,1.35121,1.35108,1.3510900000000001,550,0,0
2026-08-11 06:45:00,1.3510900000000001,1.3511199999999999,1.35104,1.35107,495,0,0
2026-08-11 06:50:00,1.35107,1.35108,1.35094,1.35106,718,0,0
2026-08-11 06:55:00,1.3510499999999999,1.35114,1.35098,1.35103,726,0,0
2026-08-11 07:00:00,1.35103,1.35113,1.351,1.35108,933,0,0
2026-08-11 07:05:00,1.35111,1.3512,1.35108,1.3510900000000001,588,0,0
2026-08-11 07:10:00,1.3510900000000001,1.35118,1.35106,1.35113,725,0,0
2026-08-11 07:15:00,1.35113,1.35127,1.3510900000000001,1.35118,673,0,0
2026-08-11 07:20:00,1.35118,1.3512,1.35111,1.3511600000000001,863,0,0
2026-08-11 07:25:00,1.3511600000000001,1.35128,1.3511600000000001,1.35125,274,0,0
2026-08-11 07:30:00,1.35126,1.3513899999999999,1.35102,1.35107,1591,0,0
2026-08-11 07:35:00,1.35107,1.35107,1.35097,1.35098,1678,0,0
2026-08-11 07:40:00,1.35098,1.35103,1.35083,1.35089,733,0,0
2026-08-11 07:45:00,1.3509,1.35111,1.35072,1.3507500000000001,1243,0,0
2026-08-11 07:50:00,1.3507500000000001,1.35102,1.3507,1.35099,1057,0,0
2026-08-11 07:55:00,1.35099,1.35117,1.35097,1.35117,865,0,0
2026-08-11 08:00:00,1.35117,1.35119,1.35101,1.35103,1144,0,0
2026-08-11 08:05:00,1.35103,1.35106,1.35093,1.35103,613,0,0
2026-08-11 08:10:00,1.35103,1.35107,1.35079,1.35087,756,0,0
2026-08-11 08:15:00,1.35087,1.35093,1.35083,1.35086,524,0,0
2026-08-11 08:20:00,1.35086,1.35093,1.3507500000000001,1.35092,597,0,0
2026-08-11 08:25:00,1.35092,1.35093,1.3507799999999999,1.3508499999999999,599,0,0
2026-08-11 08:30:00,1.3508499999999999,1.3510499999999999,1.35073,1.35103,1109,0,0
2026-08-11 08:35:00,1.35103,1.35134,1.35095,1.3513,808,0,0
2026-08-11 08:40:00,1.3513,1.3514300000000001,1.35126,1.3514,915,0,0
2026-08-11 08:45:00,1.3514,1.3514,1.35119,1.35126,1108,0,0
2026-08-11 08:50:00,1.35126,1.35132,1.35101,1.35107,1463,0,0
2026-08-11 08:55:00,1.35107,1.35127,1.35099,1.35125,1302,0,0
2026-08-11 09:00:00,1.35126,1.35159,1.35125,1.35145,1866,0,0
2026-08-11 09:05:00,1.35145,1.35147,1.35129,1.3514,1133,0,0
2026-08-11 09:10:00,1.35141,1.35154,1.35129,1.3513600000000001,1246,0,0
2026-08-11 09:15:00,1.35137,1.35152,1.3507799999999999,1.35083,1898,0,0
2026-08-11 09:20:00,1.35083,1.35083,1.35041,1.35045,1639,0,0
2026-08-11 09:25:00,1.35045,1.35077,1.35043,1.35068,1493,0,0
2026-08-11 09:30:00,1.35067,1.3508,1.3502,1.35037,1918,0,0
2026-08-11 09:35:00,1.35036,1.35084,1.35016,1.3507799999999999,1569,0,0
2026-08-11 09:40:00,1.3507799999999999,1.3509,1.35059,1.35064,1507,0,0
2026-08-11 09:45:00,1.35064,1.35067,1.35041,1.3506,1158,0,0
2026-08-11 09:50:00,1.3506,1.35064,1.35023,1.35031,942,0,0
2026-08-11 09:55:00,1.35031,1.35055,1.3502100000000001,1.35055,1700,0,0
2026-08-11 10:00:00,1.35055,1.3508200000000001,1.35045,1.35064,1607,0,0
2026-08-11 10:05:00,1.35064,1.35086,1.35055,1.3506,1294,0,0
2026-08-11 10:10:00,1.3506,1.35067,1.3504,1.35061,1079,0,0
2026-08-11 10:15:00,1.3506,1.3506,1.35027,1.35036,973,0,0
2026-08-11 10:20:00,1.35036,1.35042,1.3498700000000001,1.34997,1190,0,0
2026-08-11 10:25:00,1.34997,1.35018,1.34992,1.35008,1483,0,0
2026-08-11 10:30:00,1.35008,1.35025,1.34995,1.3502,1367,0,0
2026-08-11 10:35:00,1.3502,1.35025,1.34971,1.34972,1153,0,0
2026-08-11 10:40:00,1.34972,1.34979,1.34944,1.34967,1266,0,0
2026-08-11 10:45:00,1.34967,1.34994,1.34965,1.34993,1380,0,0
2026-08-11 10:50:00,1.34993,1.34999,1.34978,1.34982,1008,0,0
2026-08-11 10:55:00,1.34982,1.34993,1.34958,1.34964,1646,0,0
2026-08-11 11:00:00,1.34967,1.34981,1.3496000000000001,1.34975,1635,0,0
2026-08-11 11:05:00,1.34975,1.34999,1.3495300000000001,1.34996,1480,0,0
2026-08-11 11:10:00,1.34997,1.35004,1.34974,1.34991,1147,0,0
2026-08-11 11:15:00,1.34991,1.35018,1.34991,1.35007,1428,0,0
2026-08-11 11:20:00,1.35007,1.35022,1.34999,1.35015,1117,0,0
2026-08-11 11:25:00,1.35015,1.35022,1.35002,1.3501699999999999,1181,0,0
2026-08-11 11:30:00,1.35016,1.35056,1.35013,1.35049,1016,0,0
2026-08-11 11:35:00,1.35049,1.35066,1.35029,1.35064,923,0,0
2026-08-11 11:40:00,1.35064,1.35088,1.35059,1.35062,960,0,0
2026-08-11 11:45:00,1.35062,1.35077,1.3505,1.35062,1152,0,0
2026-08-11 11:50:00,1.35062,1.35063,1.3502,1.3502399999999999,1431,0,0
2026-08-11 11:55:00,1.3502399999999999,1.35047,1.35022,1.35041,1388,0,0
2026-08-11 12:00:00,1.35043,1.35045,1.35015,1.35033,1552,0,0
2026-08-11 12:05:00,1.35033,1.35033,1.35005,1.35009,1194,0,0
2026-08-11 12:10:00,1.35009,1.35023,1.34989,1.34992,1424,0,0
2026-08-11 12:15:00,1.34992,1.35009,1.34988,1.35004,1148,0,0
2026-08-11 12:20:00,1.35004,1.3502100000000001,1.34997,1.35002,1117,0,0
2026-08-11 12:25:00,1.35002,1.35006,1.3498700000000001,1.35002,952,0,0
2026-08-11 12:30:00,1.35002,1.35026,1.35,1.35015,1154,0,0
2026-08-11 12:35:00,1.35015,1.3502,1.35002,1.35006,873,0,0
2026-08-11 12:40:00,1.35006,1.35025,1.34994,1.35022,876,0,0
2026-08-11 12:45:00,1.35022,1.35054,1.3501699999999999,1.35047,883,0,0
2026-08-11 12:50:00,1.35047,1.3505099999999999,1.35033,1.35039,749,0,0
2026-08-11 12:55:00,1.35039,1.35053,1.35034,1.3504399999999999,1056,0,0
2026-08-11 13:00:00,1.3504399999999999,1.3504399999999999,1.35003,1.35031,1093,0,0
2026-08-11 13:05:00,1.35031,1.35053,1.35022,1.35032,847,0,0
2026-08-11 13:10:00,1.35032,1.35047,1.3501,1.35011,960,0,0
2026-08-11 13:15:00,1.35011,1.35018,1.34986,1.3498700000000001,717,0,0
2026-08-11 13:20:00,1.3498700000000001,1.35015,1.34974,1.34996,1440,0,0
2026-08-11 13:25:00,1.34996,1.35032,1.34991,1.35003,1714,0,0
2026-08-11 13:30:00,1.35003,1.35029,1.34999,1.3502100000000001,1245,0,0
2026-08-11 13:35:00,1.3502100000000001,1.3503,1.3501699999999999,1.35023,732,0,0
2026-08-11 13:40:00,1.35023,1.35029,1.35006,1.35007,927,0,0
2026-08-11 13:45:00,1.35007,1.35019,1.34995,1.34997,1092,0,0
2026-08-11 13:50:00,1.34997,1.35006,1.34968,1.34969,1128,0,0
2026-08-11 13:55:00,1.3497,1.34984,1.34965,1.34984,1453,0,0
2026-08-11 14:00:00,1.3498299999999999,1.35065,1.34966,1.35033,3732,0,0
2026-08-11 14:05:00,1.35034,1.35041,1.34992,1.35002,1842,0,0
2026-08-11 14:10:00,1.35002,1.3501,1.34982,1.34994,1807,0,0
2026-08-11 14:15:00,1.34994,1.3501,1.34976,1.3498,1361,0,0
2026-08-11 14:20:00,1.3498,1.34994,1.34972,1.34986,1055,0,0
2026-08-11 14:25:00,1.34986,1.3502,1.34981,1.35003,1228,0,0
2026-08-11 14:30:00,1.35003,1.35011,1.34978,1.35003,1333,0,0
2026-08-11 14:35:00,1.35003,1.35006,1.34978,1.34985,1304,0,0
2026-08-11 14:40:00,1.34985,1.34995,1.34968,1.34974,1593,0,0
2026-08-11 14:45:00,1.34974,1.34977,1.34939,1.3494,1250,0,0
2026-08-11 14:50:00,1.3494,1.34973,1.34935,1.34943,1137,0,0
2026-08-11 14:55:00,1.34943,1.34955,1.34931,1.34935,1180,0,0
2026-08-11 15:00:00,1.34935,1.34954,1.34921,1.34934,1529,0,0
2026-08-11 15:05:00,1.34934,1.35005,1.3492899999999999,1.34996,1544,0,0
2026-08-11 15:10:00,1.34996,1.35004,1.34951,1.3496299999999999,1336,0,0
2026-08-11 15:15:00,1.3496299999999999,1.34971,1.34947,1.34971,1356,0,0
2026-08-11 15:20:00,1.34971,1.34992,1.34927,1.34944,2474,0,0
2026-08-11 15:25:00,1.34944,1.34974,1.34944,1.34962,1593,0,0
2026-08-11 15:30:00,1.34962,1.35029,1.34961,1.35002,1609,0,0
2026-08-11 15:35:00,1.35002,1.35005,1.34965,1.3497,1264,0,0
2026-08-11 15:40:00,1.3497,1.34986,1.34961,1.34982,1538,0,0
2026-08-11 15:45:00,1.34982,1.35002,1.34969,1.34982,1259,0,0
2026-08-11 15:50:00,1.34982,1.34991,1.3497,1.34988,1449,0,0
2026-08-11 15:55:00,1.34988,1.35012,1.34974,1.34992,1520,0,0
2026-08-11 16:00:00,1.34992,1.3504,1.34991,1.34998,1826,0,0
2026-08-11 16:05:00,1.34998,1.35019,1.34986,1.35003,1569,0,0
2026-08-11 16:10:00,1.35003,1.35033,1.34992,1.34992,1332,0,0
2026-08-11 16:15:00,1.34992,1.35016,1.34979,1.3498299999999999,1538,0,0
2026-08-11 16:20:00,1.3498299999999999,1.35019,1.34976,1.35013,1480,0,0
2026-08-11 16:25:00,1.35013,1.35022,1.34999,1.35006,1285,0,0
2026-08-11 16:30:00,1.35007,1.35013,1.34968,1.34982,1811,0,0
2026-08-11 16:35:00,1.3498299999999999,1.35034,1.34981,1.35023,1906,0,0
2026-08-11 16:40:00,1.35023,1.35049,1.35011,1.3504,1564,0,0
2026-08-11 16:45:00,1.3504,1.3507,1.35038,1.3504800000000001,1997,0,0
2026-08-11 16:50:00,1.35047,1.35065,1.35028,1.35028,1733,0,0
2026-08-11 16:55:00,1.35028,1.3504399999999999,1.35007,1.35009,1300,0,0
2026-08-11 17:00:00,1.35009,1.35011,1.3498,1.35009,1445,0,0
2026-08-11 17:05:00,1.35009,1.35032,1.35001,1.35004,1982,0,0
2026-08-11 17:10:00,1.35004,1.3502100000000001,1.34982,1.3502100000000001,1486,0,0
2026-08-11 17:15:00,1.3502100000000001,1.3505099999999999,1.3501699999999999,1.3505,1590,0,0
2026-08-11 17:20:00,1.3505,1.35062,1.35019,1.35032,1691,0,0
2026-08-11 17:25:00,1.35032,1.35045,1.35016,1.35032,1743,0,0
2026-08-11 17:30:00,1.35031,1.35062,1.35023,1.35062,1480,0,0
2026-08-11 17:35:00,1.3506,1.3507500000000001,1.3504800000000001,1.35055,1558,0,0
2026-08-11 17:40:00,1.35055,1.3509,1.3504399999999999,1.35089,1573,0,0
2026-08-11 17:45:00,1.3509,1.35094,1.35057,1.35062,1289,0,0
2026-08-11 17:50:00,1.35062,1.351,1.3505,1.3509,1638,0,0
2026-08-11 17:55:00,1.3509,1.35097,1.35065,1.35086,1978,0,0
2026-08-11 18:00:00,1.35087,1.351,1.35069,1.3508200000000001,2014,0,0
2026-08-11 18:05:00,1.3508200000000001,1.3508499999999999,1.35062,1.35072,1543,0,0
2026-08-11 18:10:00,1.35072,1.35084,1.3503,1.35031,1275,0,0
2026-08-11 18:15:00,1.35031,1.3504,1.3502,1.35031,1718,0,0
2026-08-11 18:20:00,1.35031,1.35091,1.35028,1.35061,1654,0,0
2026-08-11 18:25:00,1.35061,1.35101,1.35058,1.35091,1291,0,0
2026-08-11 18:30:00,1.35091,1.3511600000000001,1.35062,1.3507500000000001,1787,0,0
2026-08-11 18:35:00,1.3507500000000001,1.35101,1.35068,1.35077,1939,0,0
2026-08-11 18:40:00,1.3507799999999999,1.35083,1.35036,1.35053,1717,0,0
2026-08-11 18:45:00,1.35053,1.3507500000000001,1.3505,1.35061,1515,0,0
2026-08-11 18:50:00,1.35061,1.35072,1.35046,1.3507,1444,0,0
2026-08-11 18:55:00,1.3507,1.35149,1.35068,1.35149,1785,0,0
2026-08-11 19:00:00,1.35149,1.35159,1.351,1.35101,1864,0,0
2026-08-11 19:05:00,1.35101,1.35103,1.3508499999999999,1.35098,962,0,0
2026-08-11 19:10:00,1.35098,1.3510499999999999,1.35076,1.35076,549,0,0
2026-08-11 19:15:00,1.35076,1.3508200000000001,1.35056,1.35057,904,0,0
2026-08-11 19:20:00,1.35057,1.35073,1.35056,1.35066,1186,0,0
2026-08-11 19:25:00,1.35066,1.35076,1.35061,1.35073,1266,0,0
2026-08-11 19:30:00,1.35074,1.35074,1.3505,1.3505099999999999,1065,0,0
2026-08-11 19:35:00,1.3505099999999999,1.35057,1.35041,1.35047,719,0,0
2026-08-11 19:40:00,1.35047,1.35062,1.35037,1.3505,705,0,0
2026-08-11 19:45:00,1.3505,1.35073,1.35041,1.35067,773,0,0
2026-08-11 19:50:00,1.35067,1.35074,1.35043,1.3505,521,0,0
2026-08-11 19:55:00,1.3505,1.35068,1.35047,1.35059,608,0,0
2026-08-11 20:00:00,1.35059,1.35067,1.35045,1.35047,794,0,0
2026-08-11 20:05:00,1.35047,1.35047,1.34999,1.35003,608,0,0
2026-08-11 20:10:00,1.35003,1.35003,1.34979,1.3498,846,0,0
2026-08-11 20:15:00,1.3498,1.35,1.3497,1.34999,830,0,0
2026-08-11 20:20:00,1.34999,1.35012,1.34988,1.3498999999999999,906,0,0
2026-08-11 20:25:00,1.3498999999999999,1.34995,1.34973,1.3498700000000001,845,0,0
2026-08-11 20:30:00,1.3498700000000001,1.34995,1.34975,1.34977,1096,0,0
2026-08-11 20:35:00,1.34977,1.35005,1.34975,1.35003,930,0,0
2026-08-11 20:40:00,1.35003,1.3502399999999999,1.35,1.35019,618,0,0
2026-08-11 20:45:00,1.35019,1.35043,1.35019,1.35041,385,0,0
2026-08-11 20:50:00,1.35041,1.35043,1.3502399999999999,1.35027,514,0,0
2026-08-11 20:55:00,1.35027,1.35027,1.35007,1.3502100000000001,634,0,0
2026-08-11 21:00:00,1.3502100000000001,1.35023,1.35,1.35,1091,0,0
2026-08-11 21:05:00,1.35,1.35002,1.34988,1.34989,731,0,0
2026-08-11 21:10:00,1.3498999999999999,1.34996,1.34985,1.34993,649,0,0
2026-08-11 21:15:00,1.34993,1.34995,1.34964,1.34979,824,0,0
2026-08-11 21:20:00,1.34979,1.34981,1.34968,1.3497,832,0,0
2026-08-11 21:25:00,1.3497,1.3498299999999999,1.34969,1.34973,766,0,0
2026-08-11 21:30:00,1.34973,1.35004,1.34968,1.35002,1059,0,0
2026-08-11 21:35:00,1.35002,1.35023,1.34993,1.35022,899,0,0
2026-08-11 21:40:00,1.35022,1.35031,1.35008,1.35026,989,0,0
2026-08-11 21:45:00,1.35026,1.35038,1.3502399999999999,1.35028,1134,0,0
2026-08-11 21:50:00,1.35028,1.35035,1.35007,1.35012,1158,0,0
2026-08-11 21:55:00,1.35012,1.35035,1.35012,1.35034,1058,0,0
2026-08-11 22:00:00,1.35034,1.3505,1.35028,1.35029,924,0,0
2026-08-11 22:05:00,1.35029,1.35046,1.35027,1.35038,736,0,0
2026-08-11 22:10:00,1.35038,1.35057,1.35032,1.35049,914,0,0
2026-08-11 22:15:00,1.35049,1.35052,1.35027,1.35031,657,0,0
2026-08-11 22:20:00,1.35031,1.3505,1.35027,1.3504800000000001,608,0,0
2026-08-11 22:25:00,1.3504800000000001,1.35063,1.35042,1.35058,386,0,0
2026-08-11 22:30:00,1.35058,1.35064,1.35049,1.35061,783,0,0
2026-08-11 22:35:00,1.35061,1.35069,1.35047,1.35068,645,0,0
2026-08-11 22:40:00,1.35068,1.35069,1.35056,1.35058,461,0,0
2026-08-11 22:45:00,1.35058,1.35069,1.35053,1.35068,524,0,0
2026-08-11 22:50:00,1.35068,1.35074,1.35067,1.35067,637,0,0
2026-08-11 22:55:00,1.35066,1.3508499999999999,1.35065,1.3508200000000001,934,0,0
2026-08-11 23:00:00,1.3508200000000001,1.35093,1.35079,1.35083,449,0,0
2026-08-11 23:05:00,1.3508200000000001,1.35091,1.3508,1.35086,876,0,0
2026-08-11 23:10:00,1.35086,1.35088,1.3507,1.35073,645,0,0
2026-08-11 23:15:00,1.35073,1.35073,1.35066,1.35069,124,0,0
2026-08-11 23:20:00,1.35069,1.3507,1.35064,1.35066,57,0,0
2026-08-11 23:25:00,1.35066,1.35069,1.35049,1.3505099999999999,95,0,0
2026-08-11 23:30:00,1.3505099999999999,1.35053,1.3504,1.35046,147,0,0
2026-08-11 23:35:00,1.35046,1.35059,1.35046,1.3505,242,0,0
2026-08-11 23:40:00,1.3505,1.3505,1.35039,1.35042,287,0,0
2026-08-11 23:45:00,1.35042,1.35074,1.35037,1.35073,516,0,0
2026-08-11 23:50:00,1.35073,1.3508,1.3507,1.3507799999999999,188,0,0
2026-08-11 23:55:00,1.35079,1.35087,1.35069,1.35073,551,0,0
2026-08-12 00:00:00,1.3505099999999999,1.35057,1.3501400000000001,1.35056,15,11,0
2026-08-12 00:05:00,1.35056,1.35056,1.35028,1.3504800000000001,50,11,0
2026-08-12 00:10:00,1.3504800000000001,1.3504800000000001,1.35031,1.35043,37,11,0
2026-08-12 00:15:00,1.35043,1.35047,1.35025,1.35045,50,11,0
2026-08-12 00:20:00,1.35045,1.35056,1.35041,1.35042,51,11,0
2026-08-12 00:25:00,1.3502,1.35059,1.3502,1.35059,54,9,0
2026-08-12 00:30:00,1.35059,1.3506,1.35036,1.35039,132,11,0
2026-08-12 00:35:00,1.35039,1.35055,1.35035,1.35037,56,10,0
2026-08-12 00:40:00,1.35037,1.3505099999999999,1.35035,1.35042,45,9,0
2026-08-12 00:45:00,1.35042,1.35057,1.35039,1.35054,55,7,0
2026-08-12 00:50:00,1.35054,1.3506,1.35043,1.35053,61,10,0
2026-08-12 00:55:00,1.35053,1.3507500000000001,1.3504,1.35073,85,0,0
2026-08-12 01:00:00,1.35073,1.35084,1.3505,1.3507799999999999,564,0,0
2026-08-12 01:05:00,1.3507799999999999,1.35084,1.35063,1.3508,375,0,0
2026-08-12 01:10:00,1.3508,1.35104,1.35067,1.35102,498,0,0
2026-08-12 01:15:00,1.35102,1.35103,1.35094,1.35099,115,0,0
2026-08-12 01:20:00,1.35099,1.35102,1.35094,1.35096,115,0,0
2026-08-12 01:25:00,1.35096,1.3510499999999999,1.35094,1.35102,123,0,0
2026-08-12 01:30:00,1.35103,1.3511,1.35094,1.35095,167,0,0
2026-08-12 01:35:00,1.35095,1.35101,1.35089,1.35091,242,0,0
2026-08-12 01:40:00,1.35091,1.35098,1.3509,1.35092,340,0,0
2026-08-12 01:45:00,1.35092,1.35096,1.3509,1.35094,447,0,0
2026-08-12 01:50:00,1.35094,1.35101,1.35091,1.351,571,0,0
2026-08-12 01:55:00,1.35099,1.3510499999999999,1.35099,1.35103,328,0,0
2026-08-12 02:00:00,1.35103,1.3510499999999999,1.35096,1.35097,390,0,0
2026-08-12 02:05:00,1.35097,1.3511,1.35093,1.35106,458,0,0
2026-08-12 02:10:00,1.35106,1.3510900000000001,1.35092,1.35094,552,0,0
2026-08-12 02:15:00,1.35094,1.35099,1.35089,1.3509,546,0,0
2026-08-12 02:20:00,1.3509,1.351,1.35089,1.35094,147,0,0
2026-08-12 02:25:00,1.35094,1.35103,1.35088,1.35088,364,0,0
2026-08-12 02:30:00,1.35088,1.35094,1.35079,1.3508499999999999,194,0,0
2026-08-12 02:35:00,1.3508499999999999,1.35093,1.3508200000000001,1.35091,266,0,0
2026-08-12 02:40:00,1.35091,1.35098,1.35077,1.35084,341,0,0
2026-08-12 02:45:00,1.35084,1.35087,1.35077,1.35081,375,0,0
2026-08-12 02:50:00,1.35081,1.3509,1.35077,1.3509,726,0,0
2026-08-12 02:55:00,1.3509,1.35095,1.35083,1.35095,697,0,0
2026-08-12 03:00:00,1.35095,1.35111,1.35077,1.35101,1880,0,0
2026-08-12 03:05:00,1.35102,1.3511199999999999,1.35087,1.35107,1467,0,0
2026-08-12 03:10:00,1.35107,1.35113,1.35099,1.35106,846,0,0
2026-08-12 03:15:00,1.35104,1.35113,1.35097,1.3510900000000001,632,0,0
2026-08-12 03:20:00,1.3510900000000001,1.3511600000000001,1.35102,1.3510900000000001,1041,0,0
2026-08-12 03:25:00,1.3510900000000001,1.35115,1.35098,1.35106,995,0,0
2026-08-12 03:30:00,1.35106,1.35111,1.35094,1.35106,1004,0,0
2026-08-12 03:35:00,1.35106,1.35108,1.35091,1.351,619,0,0
2026-08-12 03:40:00,1.351,1.35111,1.35092,1.35098,731,0,0
2026-08-12 03:45:00,1.35098,1.35098,1.35079,1.3508499999999999,720,0,0
2026-08-12 03:50:00,1.3508499999999999,1.35087,1.35064,1.35074,1151,0,0
2026-08-12 03:55:00,1.35074,1.35093,1.35068,1.3507799999999999,1266,0,0
2026-08-12 04:00:00,1.3507799999999999,1.35081,1.35041,1.35054,1626,0,0
2026-08-12 04:05:00,1.35054,1.35061,1.35045,1.35049,1194,0,0
2026-08-12 04:10:00,1.35049,1.35049,1.35027,1.3504,1114,0,0
2026-08-12 04:15:00,1.3504,1.3505,1.35027,1.3504800000000001,833,0,0
2026-08-12 04:20:00,1.3504800000000001,1.35053,1.35042,1.3504800000000001,890,0,0
2026-08-12 04:25:00,1.3504800000000001,1.35052,1.35032,1.3504800000000001,1210,0,0
2026-08-12 04:30:00,1.3504800000000001,1.3506,1.35047,1.3505099999999999,960,0,0
2026-08-12 04:35:00,1.3505099999999999,1.35057,1.35041,1.35053,850,0,0
2026-08-12 04:40:00,1.35053,1.35067,1.3505,1.35064,858,0,0
2026-08-12 04:45:00,1.35064,1.35093,1.3506,1.35086,1157,0,0
2026-08-12 04:50:00,1.35086,1.35093,1.35065,1.3507,822,0,0
2026-08-12 04:55:00,1.3507,1.35072,1.35052,1.35065,1057,0,0
2026-08-12 05:00:00,1.35065,1.35068,1.35039,1.35045,1446,0,0
2026-08-12 05:05:00,1.35045,1.35052,1.35037,1.35049,979,0,0
2026-08-12 05:10:00,1.35049,1.35053,1.35033,1.35036,790,0,0
2026-08-12 05:15:00,1.35036,1.35038,1.35016,1.35023,911,0,0
2026-08-12 05:20:00,1.35023,1.35038,1.3502,1.35028,1050,0,0
2026-08-12 05:25:00,1.35028,1.35049,1.35028,1.35046,1245,0,0
2026-08-12 05:30:00,1.35046,1.35069,1.35042,1.35058,996,0,0
2026-08-12 05:35:00,1.35058,1.35079,1.35054,1.35063,958,0,0
2026-08-12 05:40:00,1.35063,1.35072,1.35055,1.35067,859,0,0
2026-08-12 05:45:00,1.35067,1.35073,1.35059,1.35067,824,0,0
2026-08-12 05:50:00,1.35067,1.35072,1.35062,1.35067,956,0,0
2026-08-12 05:55:00,1.35068,1.35073,1.35057,1.35068,940,0,0
2026-08-12 06:00:00,1.35068,1.35073,1.35056,1.35057,586,0,0
2026-08-12 06:05:00,1.35057,1.35074,1.35055,1.35073,659,0,0
2026-08-12 06:10:00,1.35073,1.35083,1.35071,1.35073,805,0,0
2026-08-12 06:15:00,1.35073,1.3507799999999999,1.35064,1.3507,593,0,0
2026-08-12 06:20:00,1.35068,1.3507799999999999,1.35066,1.35074,713,0,0
2026-08-12 06:25:00,1.3507500000000001,1.35079,1.35066,1.35072,567,0,0
2026-08-12 06:30:00,1.35072,1.35076,1.3507,1.35071,443,0,0
2026-08-12 06:35:00,1.35071,1.35079,1.35065,1.35069,399,0,0
2026-08-12 06:40:00,1.35069,1.35072,1.35053,1.35056,937,0,0
2026-08-12 06:45:00,1.35056,1.35066,1.35056,1.35064,470,0,0
2026-08-12 06:50:00,1.35064,1.35066,1.3505099999999999,1.35054,426,0,0
2026-08-12 06:55:00,1.35054,1.35058,1.35046,1.35056,657,0,0
2026-08-12 07:00:00,1.35058,1.35063,1.3505,1.35062,512,0,0
2026-08-12 07:05:00,1.35062,1.35069,1.35057,1.35059,326,0,0
2026-08-12 07:10:00,1.35059,1.35062,1.3504399999999999,1.3505099999999999,654,0,0
2026-08-12 07:15:00,1.3505099999999999,1.3505099999999999,1.35032,1.35037,688,0,0
2026-08-12 07:20:00,1.35037,1.35053,1.35036,1.35049,558,0,0
2026-08-12 07:25:00,1.35049,1.35055,1.35042,1.3504800000000001,773,0,0
2026-08-12 07:30:00,1.3504800000000001,1.35057,1.35045,1.35052,496,0,0
2026-08-12 07:35:00,1.3505099999999999,1.35058,1.3505,1.35054,308,0,0
2026-08-12 07:40:00,1.35054,1.3507500000000001,1.35052,1.35071,792,0,0
2026-08-12 07:45:00,1.35071,1.35074,1.35063,1.35072,449,0,0
2026-08-12 07:50:00,1.35072,1.35074,1.35061,1.35062,439,0,0
2026-08-12 07:55:00,1.35064,1.35076,1.35061,1.35073,466,0,0
2026-08-12 08:00:00,1.35073,1.35074,1.35057,1.35058,731,0,0
2026-08-12 08:05:00,1.35058,1.35065,1.3505,1.35058,913,0,0
2026-08-12 08:10:00,1.35059,1.35063,1.35053,1.35054,580,0,0
2026-08-12 08:15:00,1.35054,1.3506,1.3504800000000001,1.35056,680,0,0
2026-08-12 08:20:00,1.35056,1.3506,1.35028,1.35037,916,0,0
2026-08-12 08:25:00,1.35036,1.35041,1.3502399999999999,1.35036,831,0,0
2026-08-12 08:30:00,1.35037,1.35061,1.35035,1.35037,771,0,0
2026-08-12 08:35:00,1.35037,1.35049,1.35034,1.35047,540,0,0
2026-08-12 08:40:00,1.35047,1.35053,1.35039,1.35043,528,0,0
2026-08-12 08:45:00,1.35043,1.35045,1.35034,1.35036,423,0,0
2026-08-12 08:50:00,1.35037,1.35057,1.35034,1.35056,699,0,0
2026-08-12 08:55:00,1.35056,1.35064,1.3505099999999999,1.35056,919,0,0
2026-08-12 09:00:00,1.35055,1.35072,1.35046,1.35052,887,0,0
2026-08-12 09:05:00,1.35052,1.35058,1.35045,1.35047,976,0,0
2026-08-12 09:10:00,1.35047,1.35066,1.35047,1.3506,735,0,0
2026-08-12 09:15:00,1.3506,1.3507,1.35054,1.35061,793,0,0
2026-08-12 09:20:00,1.35061,1.35067,1.3504800000000001,1.35052,680,0,0
2026-08-12 09:25:00,1.35052,1.35056,1.3504399999999999,1.35046,640,0,0
2026-08-12 09:30:00,1.35046,1.35063,1.35026,1.35054,1144,0,0
2026-08-12 09:35:00,1.35054,1.35072,1.3505,1.35056,832,0,0
2026-08-12 09:40:00,1.35056,1.35074,1.35054,1.35068,782,0,0
2026-08-12 09:45:00,1.35068,1.35079,1.35053,1.35062,969,0,0
2026-08-12 09:50:00,1.35062,1.35064,1.35043,1.35049,648,0,0
2026-08-12 09:55:00,1.35049,1.35091,1.3504800000000001,1.3509,1319,0,0
2026-08-12 10:00:00,1.3509,1.35102,1.35076,1.35076,1671,0,0
2026-08-12 10:05:00,1.35076,1.3511199999999999,1.35076,1.35111,690,0,0
2026-08-12 10:10:00,1.35111,1.35114,1.35094,1.3510499999999999,802,0,0
2026-08-12 10:15:00,1.3510499999999999,1.35117,1.35102,1.35114,782,0,0
2026-08-12 10:20:00,1.35114,1.35115,1.35094,1.35097,516,0,0
2026-08-12 10:25:00,1.35097,1.35107,1.3509,1.351,822,0,0
2026-08-12 10:30:00,1.35101,1.3510900000000001,1.35089,1.35091,857,0,0
2026-08-12 10:35:00,1.35091,1.3510499999999999,1.35086,1.35102,1131,0,0
2026-08-12 10:40:00,1.35102,1.35102,1.35079,1.3508,1032,0,0
2026-08-12 10:45:00,1.3508,1.35103,1.3508,1.35099,764,0,0
2026-08-12 10:50:00,1.35099,1.35104,1.35087,1.35088,782,0,0
2026-08-12 10:55:00,1.35088,1.3509,1.3506,1.3508200000000001,1058,0,0
2026-08-12 11:00:00,1.3508200000000001,1.35091,1.35069,1.35072,1391,0,0
2026-08-12 11:05:00,1.35071,1.35091,1.35069,1.35084,798,0,0
2026-08-12 11:10:00,1.35084,1.35096,1.35079,1.35091,701,0,0
2026-08-12 11:15:00,1.35091,1.35114,1.35079,1.3511,1004,0,0
2026-08-12 11:20:00,1.3511,1.35119,1.35088,1.35092,824,0,0
2026-08-12 11:25:00,1.35092,1.35106,1.35086,1.351,1043,0,0
2026-08-12 11:30:00,1.351,1.35111,1.3508499999999999,1.35086,938,0,0
2026-08-12 11:35:00,1.35086,1.35103,1.35081,1.35098,899,0,0
2026-08-12 11:40:00,1.35099,1.35119,1.35089,1.35117,742,0,0
2026-08-12 11:45:00,1.35117,1.3512,1.35106,1.35117,583,0,0
2026-08-12 11:50:00,1.35117,1.35126,1.35102,1.35103,767,0,0
2026-08-12 11:55:00,1.35103,1.3510900000000001,1.35095,1.3510900000000001,753,0,0
2026-08-12 12:00:00,1.3510900000000001,1.35159,1.35103,1.35148,1029,0,0
2026-08-12 12:05:00,1.35148,1.35153,1.35126,1.3513899999999999,740,0,0
2026-08-12 12:10:00,1.3513899999999999,1.3519700000000001,1.35137,1.35189,1059,0,0
2026-08-12 12:15:00,1.35189,1.35209,1.3517700000000001,1.35201,1042,0,0
2026-08-12 12:20:00,1.3519999999999999,1.35296,1.35187,1.35257,2089,0,0
2026-08-12 12:25:00,1.35257,1.3525800000000001,1.3516599999999999,1.35181,1937,0,0
2026-08-12 12:30:00,1.35181,1.35198,1.3516599999999999,1.35181,1260,0,0
2026-08-12 12:35:00,1.3518,1.35184,1.35152,1.35158,1057,0,0
2026-08-12 12:40:00,1.35158,1.35165,1.35145,1.35155,958,0,0
2026-08-12 12:45:00,1.35155,1.35164,1.35137,1.35138,642,0,0
2026-08-12 12:50:00,1.35138,1.35184,1.3511199999999999,1.35127,1654,0,0
2026-08-12 12:55:00,1.35127,1.35135,1.3510900000000001,1.35129,1370,0,0
2026-08-12 13:00:00,1.35129,1.35174,1.35122,1.35169,1178,0,0
2026-08-12 13:05:00,1.35169,1.35194,1.35168,1.3519,825,0,0
2026-08-12 13:10:00,1.3519,1.3521,1.35184,1.35193,807,0,0
2026-08-12 13:15:00,1.35193,1.35224,1.35187,1.35214,714,0,0
2026-08-12 13:20:00,1.35214,1.35214,1.35191,1.35193,589,0,0
2026-08-12 13:25:00,1.35195,1.35214,1.35187,1.3521,873,0,0
2026-08-12 13:30:00,1.3521,1.35217,1.35192,1.35214,731,0,0
2026-08-12 13:35:00,1.35214,1.35214,1.35192,1.35205,536,0,0
2026-08-12 13:40:00,1.35205,1.35222,1.3519700000000001,1.35219,576,0,0
2026-08-12 13:45:00,1.35219,1.35228,1.35142,1.35175,1278,0,0
2026-08-12 13:50:00,1.35175,1.35183,1.3514599999999999,1.3517299999999999,1049,0,0
2026-08-12 13:55:00,1.3517299999999999,1.35182,1.3515,1.35152,735,0,0
2026-08-12 14:00:00,1.35152,1.35167,1.3513899999999999,1.35159,1026,0,0
2026-08-12 14:05:00,1.35159,1.35189,1.35151,1.35169,968,0,0
2026-08-12 14:10:00,1.35169,1.35185,1.35162,1.3516599999999999,737,0,0
2026-08-12 14:15:00,1.35165,1.35182,1.35161,1.35171,643,0,0
2026-08-12 14:20:00,1.35171,1.35184,1.35157,1.35175,808,0,0
2026-08-12 14:25:00,1.35175,1.35203,1.35167,1.35196,915,0,0
2026-08-12 14:30:00,1.35195,1.35215,1.35181,1.35184,824,0,0
2026-08-12 14:35:00,1.35184,1.35215,1.3518,1.35209,782,0,0
2026-08-12 14:40:00,1.35209,1.35224,1.35206,1.35219,770,0,0
2026-08-12 14:45:00,1.35219,1.35241,1.35219,1.3523399999999999,875,0,0
2026-08-12 14:50:00,1.3523399999999999,1.3525800000000001,1.35227,1.35247,896,0,0
2026-08-12 14:55:00,1.35248,1.3529200000000001,1.35248,1.3526500000000001,1250,0,0
2026-08-12 15:00:00,1.3526500000000001,1.35285,1.35256,1.3526500000000001,1179,0,0
2026-08-12 15:05:00,1.3526500000000001,1.35274,1.35247,1.3526,1065,0,0
2026-08-12 15:10:00,1.3526,1.35273,1.35229,1.35269,1032,0,0
2026-08-12 15:15:00,1.3526799999999999,1.35271,1.35214,1.35217,1174,0,0
2026-08-12 15:20:00,1.35217,1.35227,1.35203,1.3520699999999999,1686,0,0
2026-08-12 15:25:00,1.3520699999999999,1.3529499999999999,1.35186,1.35287,1470,0,0
2026-08-12 15:30:00,1.35287,1.35453,1.35074,1.35306,5404,0,0
2026-08-12 15:35:00,1.35306,1.35375,1.35288,1.35367,4238,0,0
2026-08-12 15:40:00,1.35367,1.35408,1.35323,1.3538000000000001,3587,0,0
2026-08-12 15:45:00,1.35379,1.3538000000000001,1.35288,1.35321,2770,0,0
2026-08-12 15:50:00,1.35321,1.35372,1.35306,1.35357,2325,0,0
2026-08-12 15:55:00,1.35357,1.35384,1.3532,1.35376,2426,0,0
2026-08-12 16:00:00,1.35376,1.35398,1.35328,1.35337,2914,0,0
2026-08-12 16:05:00,1.35338,1.35412,1.3533,1.35367,2589,0,0
2026-08-12 16:10:00,1.35368,1.35384,1.35255,1.35263,2443,0,0
2026-08-12 16:15:00,1.35263,1.35335,1.35233,1.35283,2557,0,0
2026-08-12 16:20:00,1.35283,1.35296,1.3523,1.35262,2130,0,0
2026-08-12 16:25:00,1.35262,1.3531,1.35251,1.35309,2108,0,0
2026-08-12 16:30:00,1.35309,1.35339,1.3529499999999999,1.35306,2995,0,0
2026-08-12 16:35:00,1.35306,1.35317,1.3521,1.35226,2832,0,0
2026-08-12 16:40:00,1.35226,1.35256,1.3517000000000001,1.35188,2095,0,0
2026-08-12 16:45:00,1.35186,1.35245,1.35168,1.35218,1699,0,0
2026-08-12 16:50:00,1.35218,1.35279,1.35218,1.35256,1483,0,0
2026-08-12 16:55:00,1.35256,1.35275,1.35239,1.35251,1923,0,0
2026-08-12 17:00:00,1.35251,1.35296,1.35245,1.35294,2266,0,0
2026-08-12 17:05:00,1.35294,1.3529900000000001,1.35237,1.35242,1729,0,0
2026-08-12 17:10:00,1.35241,1.35251,1.3519999999999999,1.3522,1755,0,0
2026-08-12 17:15:00,1.3522,1.35249,1.35199,1.35216,1782,0,0
2026-08-12 17:20:00,1.35216,1.35264,1.35215,1.35221,1725,0,0
2026-08-12 17:25:00,1.35221,1.3523399999999999,1.3516,1.3517299999999999,1707,0,0
2026-08-12 17:30:00,1.35174,1.3519700000000001,1.35071,1.35145,2321,0,0
2026-08-12 17:35:00,1.35145,1.35184,1.35138,1.35162,991,0,0
2026-08-12 17:40:00,1.35162,1.35183,1.3512,1.35122,1002,0,0
2026-08-12 17:45:00,1.35122,1.35148,1.35103,1.35117,1228,0,0
2026-08-12 17:50:00,1.35117,1.35129,1.35039,1.35092,1479,0,0
2026-08-12 17:55:00,1.35092,1.35106,1.35069,1.3509,1973,0,0
2026-08-12 18:00:00,1.35092,1.35092,1.3501699999999999,1.35026,2435,0,0
2026-08-12 18:05:00,1.35027,1.3508499999999999,1.3502,1.35084,1406,0,0
2026-08-12 18:10:00,1.35084,1.35102,1.35071,1.3508200000000001,1643,0,0
2026-08-12 18:15:00,1.3508200000000001,1.35095,1.35062,1.3507500000000001,1276,0,0
2026-08-12 18:20:00,1.3507500000000001,1.3508499999999999,1.35058,1.35071,1238,0,0
2026-08-12 18:25:00,1.35071,1.35094,1.35057,1.35066,1355,0,0
2026-08-12 18:30:00,1.35066,1.3508200000000001,1.35059,1.3507500000000001,1188,0,0
2026-08-12 18:35:00,1.35076,1.3508499999999999,1.35055,1.35073,1186,0,0
2026-08-12 18:40:00,1.35073,1.3507500000000001,1.35034,1.35047,1012,0,0
2026-08-12 18:45:00,1.35047,1.35052,1.35026,1.3505099999999999,1087,0,0
2026-08-12 18:50:00,1.3505099999999999,1.35102,1.35042,1.35093,1489,0,0
2026-08-12 18:55:00,1.35093,1.35117,1.35087,1.35096,1432,0,0
2026-08-12 19:00:00,1.35096,1.35115,1.35069,1.35081,1596,0,0
2026-08-12 19:05:00,1.35081,1.3508200000000001,1.35031,1.35061,1055,0,0
2026-08-12 19:10:00,1.3506,1.351,1.35049,1.35092,1031,0,0
2026-08-12 19:15:00,1.35092,1.35093,1.3505,1.35056,1338,0,0
2026-08-12 19:20:00,1.35056,1.35059,1.3503,1.3504,1049,0,0
2026-08-12 19:25:00,1.35039,1.35046,1.35026,1.35029,1260,0,0
2026-08-12 19:30:00,1.35029,1.35035,1.34996,1.35007,1312,0,0
2026-08-12 19:35:00,1.35006,1.35012,1.34992,1.35007,1139,0,0
2026-08-12 19:40:00,1.35007,1.3502,1.34999,1.3501,1238,0,0
2026-08-12 19:45:00,1.3501,1.35016,1.34949,1.34952,1372,0,0
2026-08-12 19:50:00,1.34952,1.3498299999999999,1.34945,1.3498299999999999,989,0,0
2026-08-12 19:55:00,1.3498299999999999,1.34984,1.34952,1.34971,1421,0,0
2026-08-12 20:00:00,1.34971,1.3501699999999999,1.34968,1.34993,1266,0,0
2026-08-12 20:05:00,1.34991,1.35005,1.3498,1.3498700000000001,989,0,0
2026-08-12 20:10:00,1.34988,1.34989,1.3496299999999999,1.34967,1049,0,0
2026-08-12 20:15:00,1.34967,1.34967,1.3495599999999999,1.34961,983,0,0
2026-08-12 20:20:00,1.34961,1.34975,1.34948,1.3495,1096,0,0
2026-08-12 20:25:00,1.3495,1.34965,1.34949,1.34962,833,0,0
2026-08-12 20:30:00,1.34962,1.34977,1.34954,1.34966,758,0,0
2026-08-12 20:35:00,1.34966,1.34968,1.34938,1.34945,799,0,0
2026-08-12 20:40:00,1.34945,1.34955,1.34921,1.34928,1042,0,0
2026-08-12 20:45:00,1.34927,1.3495,1.34925,1.34936,1167,0,0
2026-08-12 20:50:00,1.34938,1.34939,1.34918,1.3492600000000001,927,0,0
2026-08-12 20:55:00,1.3492600000000001,1.34938,1.3492199999999999,1.34927,782,0,0
2026-08-12 21:00:00,1.34927,1.34927,1.34894,1.34916,1044,0,0
2026-08-12 21:05:00,1.34914,1.34933,1.3490199999999999,1.3492899999999999,701,0,0
2026-08-12 21:10:00,1.3492899999999999,1.3496299999999999,1.3492899999999999,1.34947,835,0,0
2026-08-12 21:15:00,1.34947,1.34955,1.34931,1.34943,881,0,0
2026-08-12 21:20:00,1.34943,1.34962,1.34939,1.34959,896,0,0
2026-08-12 21:25:00,1.34959,1.34974,1.34946,1.34954,1085,0,0
2026-08-12 21:30:00,1.34954,1.34955,1.3492600000000001,1.34945,726,0,0
2026-08-12 21:35:00,1.34945,1.34952,1.34923,1.3493,612,0,0
2026-08-12 21:40:00,1.3492899999999999,1.3492899999999999,1.34909,1.34913,549,0,0
2026-08-12 21:45:00,1.34913,1.3492,1.34898,1.34909,539,0,0
2026-08-12 21:50:00,1.34909,1.34915,1.34898,1.34907,520,0,0
2026-08-12 21:55:00,1.34907,1.34908,1.34876,1.34881,849,0,0
2026-08-12 22:00:00,1.34882,1.3490199999999999,1.34877,1.34883,1008,0,0
2026-08-12 22:05:00,1.34883,1.34897,1.3488,1.34889,712,0,0
2026-08-12 22:10:00,1.34889,1.34907,1.34888,1.34903,559,0,0
2026-08-12 22:15:00,1.34903,1.3492,1.34896,1.3491900000000001,612,0,0
2026-08-12 22:20:00,1.3491900000000001,1.3494,1.34914,1.34915,635,0,0
2026-08-12 22:25:00,1.34915,1.34924,1.34904,1.34911,578,0,0
2026-08-12 22:30:00,1.34911,1.34918,1.34904,1.34905,635,0,0
2026-08-12 22:35:00,1.34905,1.34911,1.3489499999999999,1.34903,732,0,0
2026-08-12 22:40:00,1.34903,1.34914,1.34891,1.34912,638,0,0
2026-08-12 22:45:00,1.34912,1.34916,1.3489900000000001,1.34909,501,0,0
2026-08-12 22:50:00,1.3491,1.34913,1.34894,1.34898,647,0,0
2026-08-12 22:55:00,1.34898,1.34927,1.34884,1.3492600000000001,1027,0,0
2026-08-12 23:00:00,1.3492600000000001,1.34928,1.3491,1.34912,422,0,0
2026-08-12 23:05:00,1.34912,1.34928,1.34912,1.34914,208,0,0
2026-08-12 23:10:00,1.34914,1.34916,1.34903,1.34903,321,0,0
2026-08-12 23:15:00,1.34903,1.34907,1.3489900000000001,1.34903,175,0,0
2026-08-12 23:20:00,1.34903,1.34911,1.349,1.34909,94,0,0
2026-08-12 23:25:00,1.34909,1.34917,1.34903,1.34912,169,0,0
2026-08-12 23:30:00,1.34912,1.3492600000000001,1.3491,1.34921,189,0,0
2026-08-12 23:35:00,1.34921,1.34934,1.34921,1.34932,154,0,0
2026-08-12 23:40:00,1.34932,1.34937,1.34928,1.34937,131,0,0
2026-08-12 23:45:00,1.34936,1.34958,1.34936,1.34951,398,0,0
2026-08-12 23:50:00,1.34951,1.3496299999999999,1.34946,1.34948,436,0,0
2026-08-12 23:55:00,1.34947,1.3496000000000001,1.34939,1.34944,392,0,0
2026-08-13 00:00:00,1.34944,1.3496000000000001,1.34889,1.34959,12,10,0
2026-08-13 00:05:00,1.34959,1.3497,1.34959,1.34967,27,0,0
2026-08-13 00:10:00,1.34967,1.34967,1.34946,1.34949,42,0,0
2026-08-13 00:15:00,1.34949,1.3495599999999999,1.34939,1.3495599999999999,37,0,0
2026-08-13 00:20:00,1.3495599999999999,1.3495599999999999,1.3489200000000001,1.3491,104,0,0
2026-08-13 00:25:00,1.3491,1.34957,1.34886,1.34913,179,0,0
2026-08-13 00:30:00,1.34913,1.34934,1.34904,1.34933,107,1,0
2026-08-13 00:35:00,1.34933,1.34951,1.34927,1.34946,25,0,0
2026-08-13 00:40:00,1.34946,1.34947,1.34933,1.34947,30,0,0
2026-08-13 00:45:00,1.34947,1.3495,1.34934,1.34938,107,0,0
2026-08-13 00:50:00,1.34938,1.34961,1.34938,1.34943,111,0,0
2026-08-13 00:55:00,1.34944,1.34957,1.34932,1.34937,74,0,0
2026-08-13 01:00:00,1.34937,1.34943,1.34914,1.3492,242,0,0
2026-08-13 01:05:00,1.3492,1.34925,1.34917,1.34921,137,0,0
2026-08-13 01:10:00,1.34921,1.34934,1.34916,1.34934,224,0,0
2026-08-13 01:15:00,1.34934,1.34936,1.3493,1.34934,138,0,0
2026-08-13 01:20:00,1.34934,1.34941,1.34931,1.34932,194,0,0
2026-08-13 01:25:00,1.34932,1.34941,1.34931,1.34936,220,0,0
2026-08-13 01:30:00,1.34936,1.34943,1.34933,1.3494,269,0,0
2026-08-13 01:35:00,1.3494,1.34943,1.3494,1.34943,156,0,0
2026-08-13 01:40:00,1.34943,1.34948,1.34941,1.34942,180,0,0
2026-08-13 01:45:00,1.34942,1.34951,1.34942,1.34951,97,0,0
2026-08-13 01:50:00,1.34951,1.34959,1.34948,1.34957,221,0,0
2026-08-13 01:55:00,1.34957,1.3496299999999999,1.34951,1.3496000000000001,276,0,0
2026-08-13 02:00:00,1.3496000000000001,1.34972,1.34959,1.34961,406,0,0
2026-08-13 02:05:00,1.34961,1.34968,1.34958,1.34964,190,0,0
2026-08-13 02:10:00,1.34964,1.34965,1.34958,1.34962,181,0,0
2026-08-13 02:15:00,1.34962,1.34974,1.34961,1.34968,201,0,0
2026-08-13 02:20:00,1.34968,1.34975,1.34968,1.34971,153,0,0
2026-08-13 02:25:00,1.34971,1.34975,1.34968,1.34971,209,0,0
2026-08-13 02:30:00,1.34971,1.34974,1.34961,1.34969,326,0,0
2026-08-13 02:35:00,1.34967,1.3497,1.34961,1.34966,311,0,0
2026-08-13 02:40:00,1.34966,1.34972,1.3495300000000001,1.3496000000000001,252,0,0
2026-08-13 02:45:00,1.3496000000000001,1.34967,1.3495300000000001,1.3496000000000001,409,0,0
2026-08-13 02:50:00,1.3496000000000001,1.34974,1.3495,1.3497,590,0,0
2026-08-13 02:55:00,1.34971,1.3498,1.34968,1.34974,619,0,0
2026-08-13 03:00:00,1.34974,1.34998,1.34969,1.34985,1434,0,0
2026-08-13 03:05:00,1.34986,1.34998,1.34984,1.34995,1012,0,0
2026-08-13 03:10:00,1.34995,1.34996,1.34972,1.34973,719,0,0
2026-08-13 03:15:00,1.34974,1.34998,1.34972,1.34992,929,0,0
2026-08-13 03:20:00,1.34992,1.35,1.3498299999999999,1.34995,846,0,0
2026-08-13 03:25:00,1.34995,1.34998,1.34976,1.34984,727,0,0
2026-08-13 03:30:00,1.34984,1.35007,1.3498299999999999,1.35002,1082,0,0
2026-08-13 03:35:00,1.35002,1.35009,1.3498299999999999,1.34984,1104,0,0
2026-08-13 03:40:00,1.34984,1.35,1.34984,1.34995,1038,0,0
2026-08-13 03:45:00,1.34995,1.34996,1.3496299999999999,1.34964,1000,0,0
2026-08-13 03:50:00,1.34964,1.34975,1.34952,1.34962,913,0,0
2026-08-13 03:55:00,1.34962,1.3498,1.34945,1.34978,869,0,0
2026-08-13 04:00:00,1.34978,1.3498700000000001,1.34964,1.34974,1361,0,0
2026-08-13 04:05:00,1.34974,1.34979,1.3495599999999999,1.34974,1054,0,0
2026-08-13 04:10:00,1.34974,1.3498700000000001,1.34967,1.3497,1142,0,0
2026-08-13 04:15:00,1.3497,1.3498700000000001,1.34967,1.34979,1196,0,0
2026-08-13 04:20:00,1.34979,1.34992,1.3497,1.34985,931,0,0
2026-08-13 04:25:00,1.34985,1.3498999999999999,1.34969,1.34978,736,0,0
2026-08-13 04:30:00,1.34978,1.34997,1.34976,1.34988,629,0,0
2026-08-13 04:35:00,1.34988,1.34995,1.34962,1.34969,611,0,0
2026-08-13 04:40:00,1.34969,1.34972,1.34951,1.34954,1124,0,0
2026-08-13 04:45:00,1.34954,1.34957,1.34933,1.34946,1225,0,0
2026-08-13 04:50:00,1.34946,1.34946,1.34913,1.34916,1207,0,0
2026-08-13 04:55:00,1.34917,1.34927,1.34909,1.34924,699,0,0
2026-08-13 05:00:00,1.34924,1.34932,1.34913,1.3492,918,0,0
2026-08-13 05:05:00,1.3492,1.34927,1.3491900000000001,1.34923,521,0,0
2026-08-13 05:10:00,1.34923,1.34925,1.34905,1.34912,597,0,0
2026-08-13 05:15:00,1.34912,1.34912,1.3489900000000001,1.3490199999999999,620,0,0
2026-08-13 05:20:00,1.3490199999999999,1.34908,1.34893,1.34894,626,0,0
2026-08-13 05:25:00,1.34894,1.34901,1.34883,1.34885,632,0,0
2026-08-13 05:30:00,1.34885,1.34896,1.34873,1.34881,842,0,0
2026-08-13 05:35:00,1.3488,1.34883,1.34867,1.34874,615,0,0
2026-08-13 05:40:00,1.34874,1.34888,1.3486799999999999,1.34885,586,0,0
2026-08-13 05:45:00,1.34885,1.34891,1.34872,1.34891,616,0,0
2026-08-13 05:50:00,1.34891,1.34891,1.34876,1.34878,555,0,0
2026-08-13 05:55:00,1.34878,1.3489200000000001,1.34877,1.34882,514,0,0
2026-08-13 06:00:00,1.34882,1.34904,1.34867,1.3490199999999999,896,0,0
2026-08-13 06:05:00,1.3490199999999999,1.34914,1.34882,1.34883,1061,0,0
2026-08-13 06:10:00,1.34883,1.34896,1.34867,1.34891,1097,0,0
2026-08-13 06:15:00,1.34891,1.3489499999999999,1.34877,1.34883,860,0,0
2026-08-13 06:20:00,1.34883,1.3489,1.3486799999999999,1.34883,908,0,0
2026-08-13 06:25:00,1.34883,1.34893,1.34877,1.34888,701,0,0
2026-08-13 06:30:00,1.34888,1.349,1.34885,1.34893,886,0,0
2026-08-13 06:35:00,1.34893,1.34909,1.34891,1.3490199999999999,789,0,0
2026-08-13 06:40:00,1.3490199999999999,1.34913,1.3490199999999999,1.34911,827,0,0
2026-08-13 06:45:00,1.34911,1.34915,1.34898,1.34901,487,0,0
2026-08-13 06:50:00,1.34901,1.34913,1.34898,1.34903,630,0,0
2026-08-13 06:55:00,1.34903,1.3491,1.34897,1.34903,842,0,0
2026-08-13 07:00:00,1.34903,1.34903,1.34889,1.34894,841,0,0
2026-08-13 07:05:00,1.34894,1.3490199999999999,1.34889,1.3489,787,0,0
2026-08-13 07:10:00,1.34893,1.34893,1.34874,1.34883,714,0,0
2026-08-13 07:15:00,1.34883,1.34884,1.34873,1.34875,693,0,0
2026-08-13 07:20:00,1.34877,1.34878,1.3486799999999999,1.34872,430,0,0
2026-08-13 07:25:00,1.34872,1.34884,1.34871,1.34881,521,0,0
2026-08-13 07:30:00,1.34881,1.3489,1.34878,1.34886,811,0,0
2026-08-13 07:35:00,1.34886,1.34896,1.34882,1.34891,625,0,0
2026-08-13 07:40:00,1.34891,1.3489900000000001,1.34888,1.34891,450,0,0
2026-08-13 07:45:00,1.34891,1.34941,1.34889,1.34927,1612,0,0
2026-08-13 07:50:00,1.34927,1.34936,1.34917,1.3492600000000001,796,0,0
2026-08-13 07:55:00,1.3492600000000001,1.34968,1.34924,1.34954,1154,0,0
2026-08-13 08:00:00,1.34954,1.34962,1.34942,1.34949,1340,0,0
2026-08-13 08:05:00,1.34949,1.34962,1.34943,1.34954,799,0,0
2026-08-13 08:10:00,1.34954,1.34962,1.3494,1.3495599999999999,787,0,0
2026-08-13 08:15:00,1.3495599999999999,1.34964,1.34949,1.34951,914,0,0
2026-08-13 08:20:00,1.3495300000000001,1.34972,1.34943,1.34965,724,0,0
2026-08-13 08:25:00,1.34965,1.34978,1.3496000000000001,1.34962,591,0,0
2026-08-13 08:30:00,1.34962,1.34965,1.34934,1.34943,768,0,0
2026-08-13 08:35:00,1.34943,1.34946,1.34933,1.34942,466,0,0
2026-08-13 08:40:00,1.34944,1.34948,1.34924,1.3492899999999999,754,0,0
2026-08-13 08:45:00,1.3492899999999999,1.3493,1.34918,1.34928,973,0,0
2026-08-13 08:50:00,1.34928,1.34945,1.34924,1.34941,636,0,0
2026-08-13 08:55:00,1.34941,1.34964,1.34927,1.34934,644,0,0
2026-08-13 09:00:00,1.34934,1.34993,1.34931,1.34934,1188,0,0
2026-08-13 09:05:00,1.34934,1.34945,1.34916,1.34923,1313,0,0
2026-08-13 09:10:00,1.34923,1.34925,1.34897,1.349,1030,0,0
2026-08-13 09:15:00,1.349,1.34934,1.349,1.34928,1478,0,0
2026-08-13 09:20:00,1.34928,1.34941,1.349,1.34901,1299,0,0
2026-08-13 09:25:00,1.34901,1.34911,1.3485,1.34863,1323,0,0
2026-08-13 09:30:00,1.34862,1.34866,1.34744,1.34752,1640,0,0
2026-08-13 09:35:00,1.34752,1.34805,1.34742,1.34782,1267,0,0
2026-08-13 09:40:00,1.34782,1.34805,1.3477700000000001,1.34794,1026,0,0
2026-08-13 09:45:00,1.34795,1.34815,1.34789,1.34813,990,0,0
2026-08-13 09:50:00,1.34813,1.34835,1.34806,1.34823,980,0,0
2026-08-13 09:55:00,1.34823,1.3483399999999999,1.34805,1.34826,1437,0,0
2026-08-13 10:00:00,1.34826,1.34844,1.34811,1.34819,1513,0,0
2026-08-13 10:05:00,1.34819,1.34825,1.34774,1.34789,1108,0,0
2026-08-13 10:10:00,1.34791,1.34792,1.34753,1.34779,1010,0,0
2026-08-13 10:15:00,1.34779,1.34815,1.34778,1.3481,708,0,0
2026-08-13 10:20:00,1.3481,1.34839,1.34808,1.34827,621,0,0
2026-08-13 10:25:00,1.34827,1.34849,1.34815,1.34843,776,0,0
2026-08-13 10:30:00,1.34843,1.34855,1.34802,1.34809,751,0,0
2026-08-13 10:35:00,1.3481,1.34847,1.34808,1.34823,770,0,0
2026-08-13 10:40:00,1.34823,1.3486099999999999,1.34822,1.34854,953,0,0
2026-08-13 10:45:00,1.34854,1.34876,1.34837,1.34847,808,0,0
2026-08-13 10:50:00,1.34847,1.34882,1.34832,1.34847,1177,0,0
2026-08-13 10:55:00,1.34847,1.34854,1.34821,1.34826,1192,0,0
2026-08-13 11:00:00,1.34827,1.34835,1.34781,1.3481,1476,0,0
2026-08-13 11:05:00,1.3481,1.34822,1.34792,1.34813,1165,0,0
2026-08-13 11:10:00,1.34813,1.34823,1.34793,1.34805,915,0,0
2026-08-13 11:15:00,1.34805,1.34813,1.34785,1.34789,814,0,0
2026-08-13 11:20:00,1.34789,1.34801,1.34781,1.34785,812,0,0
2026-08-13 11:25:00,1.34785,1.34802,1.34776,1.34794,903,0,0
2026-08-13 11:30:00,1.34794,1.34819,1.34788,1.34815,997,0,0
2026-08-13 11:35:00,1.34815,1.3483,1.34803,1.34823,861,0,0
2026-08-13 11:40:00,1.34823,1.34837,1.34816,1.34818,863,0,0
2026-08-13 11:45:00,1.34818,1.34827,1.34806,1.3481,894,0,0
2026-08-13 11:50:00,1.3481,1.3483100000000001,1.34795,1.34803,862,0,0
2026-08-13 11:55:00,1.34803,1.34805,1.3477700000000001,1.34785,687,0,0
2026-08-13 12:00:00,1.34785,1.34789,1.34752,1.3476,978,0,0
2026-08-13 12:05:00,1.3476,1.3479700000000001,1.34752,1.34787,840,0,0
2026-08-13 12:10:00,1.34787,1.34817,1.34782,1.3480699999999999,814,0,0
2026-08-13 12:15:00,1.3480699999999999,1.3483399999999999,1.34799,1.34827,816,0,0
2026-08-13 12:20:00,1.34827,1.34859,1.34827,1.34853,706,0,0
2026-08-13 12:25:00,1.34853,1.34884,1.34852,1.34874,764,0,0
2026-08-13 12:30:00,1.34875,1.34896,1.34866,1.34884,658,0,0
2026-08-13 12:35:00,1.34884,1.34901,1.34878,1.34893,480,0,0
2026-08-13 12:40:00,1.34893,1.34894,1.34869,1.34876,522,0,0
2026-08-13 12:45:00,1.34876,1.34903,1.34867,1.34874,722,0,0
2026-08-13 12:50:00,1.34874,1.34888,1.3486099999999999,1.34878,977,0,0
2026-08-13 12:55:00,1.34878,1.34917,1.34875,1.34915,1149,0,0
2026-08-13 13:00:00,1.34916,1.34938,1.34906,1.3493,1145,0,0
2026-08-13 13:05:00,1.3493,1.3495599999999999,1.3492899999999999,1.34947,553,0,0
2026-08-13 13:10:00,1.34947,1.34964,1.34936,1.34961,530,0,0
2026-08-13 13:15:00,1.34962,1.34988,1.3495300000000001,1.34975,638,0,0
2026-08-13 13:20:00,1.34976,1.34985,1.34957,1.34958,986,0,0
2026-08-13 13:25:00,1.34958,1.3498700000000001,1.3495599999999999,1.34985,734,0,0
2026-08-13 13:30:00,1.34985,1.35001,1.34975,1.34996,981,0,0
2026-08-13 13:35:00,1.34996,1.35012,1.3498700000000001,1.35007,780,0,0
2026-08-13 13:40:00,1.35007,1.35007,1.34969,1.3497,825,0,0
2026-08-13 13:45:00,1.3497,1.34974,1.34939,1.34944,599,0,0
2026-08-13 13:50:00,1.34944,1.34945,1.34916,1.3492199999999999,431,0,0
2026-08-13 13:55:00,1.3492199999999999,1.3492199999999999,1.34884,1.3489499999999999,823,0,0
2026-08-13 14:00:00,1.3489499999999999,1.34913,1.34874,1.34878,777,0,0
2026-08-13 14:05:00,1.34878,1.34908,1.34876,1.34901,584,0,0
2026-08-13 14:10:00,1.34901,1.34945,1.349,1.34936,822,0,0
2026-08-13 14:15:00,1.34936,1.34941,1.34917,1.34928,475,0,0
2026-08-13 14:20:00,1.34928,1.34944,1.34921,1.3492899999999999,590,0,0
2026-08-13 14:25:00,1.3492899999999999,1.3495,1.34928,1.34948,634,0,0
2026-08-13 14:30:00,1.34948,1.34954,1.3492899999999999,1.34945,485,0,0
2026-08-13 14:35:00,1.34946,1.34964,1.34945,1.3495,540,0,0
2026-08-13 14:40:00,1.3495,1.3496000000000001,1.34931,1.34937,832,0,0
2026-08-13 14:45:00,1.34937,1.3495300000000001,1.34934,1.3495300000000001,756,0,0
2026-08-13 14:50:00,1.3495300000000001,1.34966,1.34924,1.34931,871,0,0
2026-08-13 14:55:00,1.3492899999999999,1.34933,1.34906,1.34923,1091,0,0
2026-08-13 15:00:00,1.34923,1.3492600000000001,1.34896,1.34908,1204,0,0
2026-08-13 15:05:00,1.34908,1.34927,1.34898,1.34914,785,0,0
2026-08-13 15:10:00,1.34914,1.34924,1.349,1.34906,713,0,0
2026-08-13 15:15:00,1.34906,1.34906,1.34878,1.3489499999999999,802,0,0
2026-08-13 15:20:00,1.34897,1.34923,1.34896,1.34901,725,0,0
2026-08-13 15:25:00,1.34901,1.34909,1.3487,1.3490199999999999,687,0,0
2026-08-13 15:30:00,1.3490199999999999,1.35,1.34836,1.34918,1660,0,0
2026-08-13 15:35:00,1.34917,1.34942,1.34903,1.34935,1603,0,0
2026-08-13 15:40:00,1.34935,1.34988,1.34925,1.34961,1720,0,0
2026-08-13 15:45:00,1.34961,1.35023,1.34957,1.34997,1758,0,0
2026-08-13 15:50:00,1.34997,1.35035,1.3498700000000001,1.35007,1182,0,0
2026-08-13 15:55:00,1.35007,1.351,1.35006,1.35088,2066,0,0
2026-08-13 16:00:00,1.35088,1.35102,1.35052,1.35076,2134,0,0
2026-08-13 16:05:00,1.35076,1.35083,1.35035,1.35056,1757,0,0
2026-08-13 16:10:00,1.35056,1.35063,1.35022,1.35059,1414,0,0
2026-08-13 16:15:00,1.35059,1.3508499999999999,1.35053,1.35059,1062,0,0
2026-08-13 16:20:00,1.35059,1.35087,1.3504,1.35046,1109,0,0
2026-08-13 16:25:00,1.35046,1.35046,1.35015,1.35025,1389,0,0
2026-08-13 16:30:00,1.35025,1.35034,1.34994,1.35006,1603,0,0
2026-08-13 16:35:00,1.35005,1.35019,1.34971,1.35011,1713,0,0
2026-08-13 16:40:00,1.35011,1.3501699999999999,1.34976,1.3501,1368,0,0
2026-08-13 16:45:00,1.3501,1.3502399999999999,1.34981,1.3498999999999999,1418,0,0
2026-08-13 16:50:00,1.3498999999999999,1.35012,1.34948,1.34988,1756,0,0
2026-08-13 16:55:00,1.34988,1.35015,1.34974,1.34986,2122,0,0
2026-08-13 17:00:00,1.34986,1.35046,1.34984,1.35015,2380,0,0
2026-08-13 17:05:00,1.35015,1.35065,1.34995,1.3503,1519,0,0
2026-08-13 17:10:00,1.3503,1.35074,1.35019,1.35061,1712,0,0
2026-08-13 17:15:00,1.35059,1.35132,1.35047,1.35126,2199,0,0
2026-08-13 17:20:00,1.35126,1.35128,1.35062,1.35073,1598,0,0
2026-08-13 17:25:00,1.35074,1.35077,1.35039,1.35039,1346,0,0
2026-08-13 17:30:00,1.35039,1.3505,1.35012,1.35047,1105,0,0
2026-08-13 17:35:00,1.35047,1.35057,1.35005,1.3503,1362,0,0
2026-08-13 17:40:00,1.3503,1.35057,1.35015,1.35025,1363,0,0
2026-08-13 17:45:00,1.35025,1.35034,1.3498700000000001,1.34993,1205,0,0
2026-08-13 17:50:00,1.34993,1.35088,1.34989,1.35072,1428,0,0
2026-08-13 17:55:00,1.35072,1.351,1.3506,1.35073,1861,0,0
2026-08-13 18:00:00,1.35073,1.35092,1.35059,1.35079,2010,0,0
2026-08-13 18:05:00,1.35079,1.35094,1.35057,1.35063,1798,0,0
2026-08-13 18:10:00,1.35063,1.35067,1.35016,1.35027,1567,0,0
2026-08-13 18:15:00,1.35027,1.35034,1.34971,1.3498,1431,0,0
2026-08-13 18:20:00,1.34979,1.35001,1.34962,1.34994,1411,0,0
2026-08-13 18:25:00,1.34994,1.3502,1.34949,1.3496299999999999,2019,0,0
2026-08-13 18:30:00,1.3496299999999999,1.34986,1.34954,1.3496000000000001,1652,0,0
2026-08-13 18:35:00,1.3496000000000001,1.34988,1.34947,1.34979,1371,0,0
2026-08-13 18:40:00,1.34979,1.34989,1.34949,1.3495,1055,0,0
2026-08-13 18:45:00,1.3495,1.34977,1.34949,1.34971,979,0,0
2026-08-13 18:50:00,1.34972,1.34976,1.34938,1.34947,944,0,0
2026-08-13 18:55:00,1.34947,1.34974,1.34947,1.3495599999999999,1137,0,0
2026-08-13 19:00:00,1.3495599999999999,1.34964,1.34937,1.34955,1319,0,0
2026-08-13 19:05:00,1.34955,1.34958,1.3491,1.34911,1104,0,0
2026-08-13 19:10:00,1.34912,1.34912,1.34876,1.34888,1280,0,0
2026-08-13 19:15:00,1.34888,1.34897,1.34842,1.34842,1127,0,0
2026-08-13 19:20:00,1.34842,1.34863,1.34828,1.34862,1045,0,0
2026-08-13 19:25:00,1.34862,1.34871,1.34848,1.34853,1043,0,0
2026-08-13 19:30:00,1.34853,1.34863,1.3483399999999999,1.34843,1375,0,0
2026-08-13 19:35:00,1.34843,1.34859,1.34839,1.34839,1058,0,0
2026-08-13 19:40:00,1.34839,1.3485,1.34828,1.34839,905,0,0
2026-08-13 19:45:00,1.34839,1.34864,1.3483800000000001,1.34864,695,0,0
2026-08-13 19:50:00,1.3486500000000001,1.34872,1.34857,1.34866,800,0,0
2026-08-13 19:55:00,1.34866,1.34875,1.34846,1.3485800000000001,808,0,0
2026-08-13 20:00:00,1.3485800000000001,1.34893,1.34839,1.34848,1253,0,0
2026-08-13 20:05:00,1.34848,1.3485800000000001,1.34821,1.34826,1196,0,0
2026-08-13 20:10:00,1.34826,1.34843,1.34811,1.34815,743,0,0
2026-08-13 20:15:00,1.34815,1.34843,1.34815,1.34826,819,0,0
2026-08-13 20:20:00,1.34826,1.3484,1.34824,1.34829,762,0,0
2026-08-13 20:25:00,1.34829,1.3483100000000001,1.34808,1.34818,895,0,0
2026-08-13 20:30:00,1.34818,1.34821,1.34795,1.34811,1385,0,0
2026-08-13 20:35:00,1.34811,1.3484099999999999,1.34805,1.34837,912,0,0
2026-08-13 20:40:00,1.34837,1.34842,1.34824,1.34839,882,0,0
2026-08-13 20:45:00,1.34839,1.34842,1.34817,1.34839,888,0,0
2026-08-13 20:50:00,1.34839,1.34844,1.34824,1.34839,1026,0,0
2026-08-13 20:55:00,1.34839,1.34853,1.34818,1.34822,684,0,0
2026-08-13 21:00:00,1.34822,1.34828,1.34795,1.3480699999999999,948,0,0
2026-08-13 21:05:00,1.3480699999999999,1.34825,1.34801,1.34822,723,0,0
2026-08-13 21:10:00,1.34822,1.34872,1.34821,1.34857,815,0,0
2026-08-13 21:15:00,1.34857,1.34864,1.34846,1.3485800000000001,850,0,0
2026-08-13 21:20:00,1.3486,1.3486099999999999,1.3483100000000001,1.34837,656,0,0
2026-08-13 21:25:00,1.34837,1.3486,1.34835,1.34854,636,0,0
2026-08-13 21:30:00,1.34854,1.34864,1.34836,1.34844,936,0,0
2026-08-13 21:35:00,1.34844,1.3486799999999999,1.34839,1.3486099999999999,1003,0,0
2026-08-13 21:40:00,1.3486099999999999,1.34876,1.3485800000000001,1.34862,650,0,0
2026-08-13 21:45:00,1.34862,1.3486500000000001,1.34843,1.34847,580,0,0
2026-08-13 21:50:00,1.34849,1.34859,1.34843,1.3485,774,0,0
2026-08-13 21:55:00,1.3485,1.34853,1.34836,1.3483800000000001,890,0,0
2026-08-13 22:00:00,1.3483800000000001,1.34851,1.34835,1.34846,748,0,0
2026-08-13 22:05:00,1.34847,1.34863,1.34842,1.34856,758,0,0
2026-08-13 22:10:00,1.34856,1.3485800000000001,1.34845,1.34846,552,0,0
2026-08-13 22:15:00,1.34846,1.34859,1.3483800000000001,1.34857,872,0,0
2026-08-13 22:20:00,1.34857,1.34874,1.34857,1.3487,751,0,0
2026-08-13 22:25:00,1.3487,1.34878,1.34867,1.34873,770,0,0
2026-08-13 22:30:00,1.34873,1.34878,1.34864,1.34869,841,0,0
2026-08-13 22:35:00,1.34869,1.34885,1.3486099999999999,1.34869,707,0,0
2026-08-13 22:40:00,1.34869,1.34871,1.3483800000000001,1.34848,519,0,0
2026-08-13 22:45:00,1.34848,1.3485,1.34837,1.34847,763,0,0
2026-08-13 22:50:00,1.34847,1.34871,1.34839,1.34867,895,0,0
2026-08-13 22:55:00,1.34867,1.34879,1.3486,1.34872,993,0,0
2026-08-13 23:00:00,1.34872,1.3488,1.34862,1.3487,493,0,0
2026-08-13 23:05:00,1.3487,1.34871,1.34848,1.34853,485,0,0
2026-08-13 23:10:00,1.34853,1.3486099999999999,1.34845,1.3485800000000001,362,0,0
2026-08-13 23:15:00,1.3485800000000001,1.3486099999999999,1.34848,1.34851,133,0,0
2026-08-13 23:20:00,1.34851,1.3485800000000001,1.34848,1.34852,123,0,0
2026-08-13 23:25:00,1.34852,1.34869,1.34852,1.34863,282,0,0
2026-08-13 23:30:00,1.34863,1.34864,1.34849,1.34855,195,0,0
2026-08-13 23:35:00,1.34855,1.34863,1.34851,1.34857,140,0,0
2026-08-13 23:40:00,1.3485800000000001,1.3486,1.3485,1.34853,304,0,0
2026-08-13 23:45:00,1.34853,1.34871,1.34851,1.3487,224,0,0
2026-08-13 23:50:00,1.3487,1.3488,1.34866,1.34871,225,0,0
2026-08-13 23:55:00,1.3487,1.34877,1.34854,1.34854,322,0,0
2026-08-14 00:00:00,1.34854,1.34898,1.34767,1.34862,215,10,0
2026-08-14 00:05:00,1.34862,1.34897,1.3485800000000001,1.3486,364,3,0
2026-08-14 00:10:00,1.3486,1.34874,1.34816,1.34821,125,0,0
2026-08-14 00:15:00,1.3482,1.3484,1.34819,1.34822,31,2,0
2026-08-14 00:20:00,1.34822,1.34873,1.34822,1.34854,58,0,0
2026-08-14 00:25:00,1.34854,1.34871,1.3484099999999999,1.34857,24,9,0
2026-08-14 00:30:00,1.34857,1.34917,1.34852,1.34887,131,0,0
2026-08-14 00:35:00,1.34887,1.3490199999999999,1.34874,1.34887,103,0,0
2026-08-14 00:40:00,1.34887,1.34907,1.34863,1.34906,909,0,0
2026-08-14 00:45:00,1.34905,1.34906,1.34859,1.34864,337,0,0
2026-08-14 00:50:00,1.3486500000000001,1.3486500000000001,1.3486099999999999,1.34863,37,11,0
2026-08-14 00:55:00,1.3486500000000001,1.3486500000000001,1.3483800000000001,1.34846,71,3,0
2026-08-14 01:00:00,1.34853,1.3488,1.34851,1.34863,221,0,0
2026-08-14 01:05:00,1.34863,1.34866,1.34857,1.34859,112,0,0
2026-08-14 01:10:00,1.34859,1.3486099999999999,1.34849,1.34856,372,0,0
2026-08-14 01:15:00,1.34856,1.34873,1.34854,1.34869,203,0,0
2026-08-14 01:20:00,1.34869,1.34882,1.34869,1.34869,132,0,0
2026-08-14 01:25:00,1.34869,1.34875,1.34869,1.34873,87,0,0
2026-08-14 01:30:00,1.34873,1.34876,1.34869,1.34869,173,0,0
2026-08-14 01:35:00,1.34869,1.34874,1.3486799999999999,1.34872,119,0,0
2026-08-14 01:40:00,1.34872,1.34881,1.34871,1.3488,122,0,0
2026-08-14 01:45:00,1.3488,1.34881,1.34873,1.34873,161,0,0
2026-08-14 01:50:00,1.34873,1.34882,1.34873,1.34881,164,0,0
2026-08-14 01:55:00,1.34881,1.34887,1.34879,1.34885,157,0,0
2026-08-14 02:00:00,1.34885,1.3489900000000001,1.34885,1.3489200000000001,407,0,0
2026-08-14 02:05:00,1.34893,1.3490199999999999,1.34888,1.34898,346,0,0
2026-08-14 02:10:00,1.34898,1.34901,1.34894,1.3489900000000001,192,0,0
2026-08-14 02:15:00,1.3489900000000001,1.3489900000000001,1.34887,1.34888,253,0,0
2026-08-14 02:20:00,1.34888,1.34893,1.3488,1.34882,152,0,0
2026-08-14 02:25:00,1.34882,1.3489,1.34878,1.34881,364,0,0
2026-08-14 02:30:00,1.34881,1.34893,1.3488,1.34889,298,0,0
2026-08-14 02:35:00,1.34889,1.34893,1.34885,1.34893,259,0,0
2026-08-14 02:40:00,1.34893,1.3490199999999999,1.34887,1.34893,565,0,0
2026-08-14 02:45:00,1.34893,1.34912,1.34891,1.349,676,0,0
2026-08-14 02:50:00,1.349,1.3491,1.34896,1.34901,811,0,0
2026-08-14 02:55:00,1.34901,1.34907,1.34898,1.3489900000000001,329,0,0
2026-08-14 03:00:00,1.3489900000000001,1.34932,1.34898,1.34918,1556,0,0
2026-08-14 03:05:00,1.34918,1.3493,1.34912,1.34923,1366,0,0
2026-08-14 03:10:00,1.34923,1.34927,1.34907,1.34915,1339,0,0
2026-08-14 03:15:00,1.34915,1.3492600000000001,1.3491,1.34925,1489,0,0
2026-08-14 03:20:00,1.34925,1.34943,1.3491900000000001,1.34937,1328,0,0
2026-08-14 03:25:00,1.34937,1.3495,1.3493,1.34943,1370,0,0
2026-08-14 03:30:00,1.34943,1.34957,1.34938,1.34952,1131,0,0
2026-08-14 03:35:00,1.34952,1.34962,1.34941,1.34945,1657,0,0
2026-08-14 03:40:00,1.34945,1.3495,1.3494,1.34948,1082,0,0
2026-08-14 03:45:00,1.34948,1.3495599999999999,1.3494,1.34941,922,0,0
2026-08-14 03:50:00,1.34941,1.34973,1.34939,1.34971,1092,0,0
2026-08-14 03:55:00,1.34971,1.3498299999999999,1.34959,1.34975,1149,0,0
2026-08-14 04:00:00,1.34975,1.34981,1.34948,1.3496000000000001,1946,0,0
2026-08-14 04:05:00,1.3496000000000001,1.34961,1.34935,1.34941,1096,0,0
2026-08-14 04:10:00,1.34941,1.34944,1.3491,1.34914,1091,0,0
2026-08-14 04:15:00,1.34914,1.34934,1.34909,1.3491900000000001,1152,0,0
2026-08-14 04:20:00,1.3491900000000001,1.34924,1.349,1.34904,1048,0,0
2026-08-14 04:25:00,1.34904,1.3492199999999999,1.34896,1.34913,863,0,0
2026-08-14 04:30:00,1.34912,1.34941,1.3489900000000001,1.34936,845,0,0
2026-08-14 04:35:00,1.34936,1.34958,1.34931,1.3494,1163,0,0
2026-08-14 04:40:00,1.3494,1.34948,1.34928,1.34939,773,0,0
2026-08-14 04:45:00,1.34939,1.34948,1.3493,1.34938,973,0,0
2026-08-14 04:50:00,1.34938,1.34948,1.34935,1.3494,779,0,0
2026-08-14 04:55:00,1.3494,1.34946,1.3489200000000001,1.34894,1075,0,0
2026-08-14 05:00:00,1.34893,1.34913,1.3489200000000001,1.3489900000000001,1101,0,0
2026-08-14 05:05:00,1.3489900000000001,1.34914,1.3489,1.34909,761,0,0
2026-08-14 05:10:00,1.34909,1.34918,1.34906,1.34909,585,0,0
2026-08-14 05:15:00,1.34909,1.34923,1.34908,1.34918,487,0,0
2026-08-14 05:20:00,1.34918,1.3492600000000001,1.34906,1.34918,695,0,0
2026-08-14 05:25:00,1.34918,1.34938,1.34914,1.34916,830,0,0
2026-08-14 05:30:00,1.34916,1.34936,1.34909,1.3492600000000001,901,0,0
2026-08-14 05:35:00,1.3492600000000001,1.34937,1.34921,1.34928,644,0,0
2026-08-14 05:40:00,1.34928,1.34941,1.3492600000000001,1.34938,711,0,0
2026-08-14 05:45:00,1.34938,1.3494,1.34911,1.34917,711,0,0
2026-08-14 05:50:00,1.34917,1.34924,1.34897,1.34898,789,0,0
2026-08-14 05:55:00,1.34898,1.34909,1.34886,1.34898,918,0,0
2026-08-14 06:00:00,1.34898,1.34914,1.3489,1.3491,878,0,0
2026-08-14 06:05:00,1.3491,1.34928,1.3491,1.34917,594,0,0
2026-08-14 06:10:00,1.34917,1.34928,1.34908,1.34924,495,0,0
2026-08-14 06:15:00,1.34924,1.34939,1.34918,1.34936,933,0,0
2026-08-14 06:20:00,1.34936,1.34971,1.34934,1.34957,779,0,0
2026-08-14 06:25:00,1.34957,1.34971,1.34946,1.34969,815,0,0
2026-08-14 06:30:00,1.34969,1.34977,1.34959,1.34968,1115,0,0
2026-08-14 06:35:00,1.34968,1.34972,1.34949,1.34957,832,0,0
2026-08-14 06:40:00,1.34957,1.34964,1.34952,1.34957,606,0,0
2026-08-14 06:45:00,1.34957,1.34958,1.34945,1.3495,569,0,0
2026-08-14 06:50:00,1.3495,1.34955,1.34935,1.34939,1128,0,0
2026-08-14 06:55:00,1.34939,1.34958,1.34937,1.34952,778,0,0
2026-08-14 07:00:00,1.34952,1.34966,1.34946,1.34965,874,0,0
2026-08-14 07:05:00,1.34965,1.34978,1.34958,1.34977,778,0,0
2026-08-14 07:10:00,1.34975,1.34984,1.34967,1.34968,1091,0,0
2026-08-14 07:15:00,1.34968,1.34978,1.34964,1.34971,725,0,0
2026-08-14 07:20:00,1.34971,1.34976,1.34962,1.34967,749,0,0
2026-08-14 07:25:00,1.34967,1.34972,1.3495,1.34955,1153,0,0
2026-08-14 07:30:00,1.34955,1.35002,1.34947,1.3498999999999999,1006,0,0
2026-08-14 07:35:00,1.3498999999999999,1.34993,1.34976,1.34981,923,0,0
2026-08-14 07:40:00,1.3498,1.34982,1.3496000000000001,1.34964,528,0,0
2026-08-14 07:45:00,1.34964,1.34969,1.3495599999999999,1.34958,729,0,0
2026-08-14 07:50:00,1.34958,1.34972,1.34957,1.34967,665,0,0
2026-08-14 07:55:00,1.34967,1.34982,1.34965,1.34974,640,0,0
2026-08-14 08:00:00,1.34974,1.34991,1.34969,1.34986,634,0,0
2026-08-14 08:05:00,1.34986,1.34992,1.34976,1.34979,697,0,0
2026-08-14 08:10:00,1.3498,1.34986,1.34976,1.34979,709,0,0
2026-08-14 08:15:00,1.34979,1.34991,1.34976,1.34982,719,0,0
2026-08-14 08:20:00,1.34982,1.34985,1.34974,1.34982,653,0,0
2026-08-14 08:25:00,1.34982,1.35004,1.34977,1.34998,677,0,0
2026-08-14 08:30:00,1.34998,1.35004,1.3498299999999999,1.34996,1669,0,0
2026-08-14 08:35:00,1.34996,1.35001,1.34988,1.34993,1003,0,0
2026-08-14 08:40:00,1.34993,1.35027,1.34989,1.34989,1455,0,0
2026-08-14 08:45:00,1.34989,1.35,1.34982,1.3498700000000001,935,0,0
2026-08-14 08:50:00,1.3498700000000001,1.35004,1.34985,1.34999,744,0,0
2026-08-14 08:55:00,1.34999,1.35011,1.34986,1.35011,873,0,0
2026-08-14 09:00:00,1.35011,1.35025,1.35005,1.3502,1656,0,0
2026-08-14 09:05:00,1.3502,1.35031,1.35006,1.3501699999999999,1244,0,0
2026-08-14 09:10:00,1.3501699999999999,1.3502399999999999,1.35006,1.35016,906,0,0
2026-08-14 09:15:00,1.35016,1.35027,1.35006,1.35008,965,0,0
2026-08-14 09:20:00,1.35008,1.35018,1.34986,1.3498999999999999,1110,0,0
2026-08-14 09:25:00,1.3498999999999999,1.35001,1.3498,1.34995,1082,0,0
2026-08-14 09:30:00,1.34995,1.3501699999999999,1.34992,1.3501400000000001,1071,0,0
2026-08-14 09:35:00,1.35013,1.35038,1.35009,1.35022,1023,0,0
2026-08-14 09:40:00,1.35022,1.35036,1.35006,1.35028,1121,0,0
2026-08-14 09:45:00,1.35028,1.35042,1.35018,1.35034,602,0,0
2026-08-14 09:50:00,1.35034,1.35045,1.35012,1.3501699999999999,598,0,0
2026-08-14 09:55:00,1.3501699999999999,1.3505,1.35012,1.35045,1010,0,0
2026-08-14 10:00:00,1.35046,1.35087,1.35036,1.35063,1537,0,0
2026-08-14 10:05:00,1.35063,1.35066,1.35037,1.35063,934,0,0
2026-08-14 10:10:00,1.35063,1.35084,1.35054,1.35058,820,0,0
2026-08-14 10:15:00,1.35058,1.35074,1.35045,1.35065,728,0,0
2026-08-14 10:20:00,1.35065,1.35072,1.35035,1.35038,809,0,0
2026-08-14 10:25:00,1.35038,1.35056,1.35034,1.3504399999999999,894,0,0
2026-08-14 10:30:00,1.3504399999999999,1.35056,1.35029,1.35052,531,0,0
2026-08-14 10:35:00,1.35052,1.3508,1.35037,1.35077,696,0,0
2026-08-14 10:40:00,1.35077,1.351,1.35069,1.35076,942,0,0
2026-08-14 10:45:00,1.35076,1.35133,1.35069,1.35129,1164,0,0
2026-08-14 10:50:00,1.35129,1.3513600000000001,1.35093,1.35108,1223,0,0
2026-08-14 10:55:00,1.35108,1.35133,1.35095,1.35126,1322,0,0
2026-08-14 11:00:00,1.35126,1.3517299999999999,1.35121,1.35157,1556,0,0
2026-08-14 11:05:00,1.35157,1.35201,1.35152,1.35196,1007,0,0
2026-08-14 11:10:00,1.35196,1.3519700000000001,1.35157,1.35168,792,0,0
2026-08-14 11:15:00,1.35168,1.35183,1.35157,1.35161,752,0,0
2026-08-14 11:20:00,1.35161,1.3519,1.35155,1.35188,690,0,0
2026-08-14 11:25:00,1.35188,1.3523,1.35185,1.35221,790,0,0
2026-08-14 11:30:00,1.35221,1.3523100000000001,1.35195,1.35217,871,0,0
2026-08-14 11:35:00,1.35217,1.35255,1.35209,1.35253,1035,0,0
2026-08-14 11:40:00,1.35253,1.35272,1.35216,1.35222,1248,0,0
2026-08-14 11:45:00,1.35222,1.35228,1.35199,1.35201,1195,0,0
2026-08-14 11:50:00,1.35203,1.35227,1.35186,1.35223,1235,0,0
2026-08-14 11:55:00,1.35223,1.35242,1.35199,1.35228,901,0,0
2026-08-14 12:00:00,1.35228,1.3526,1.35222,1.35229,1304,0,0
2026-08-14 12:05:00,1.35229,1.35241,1.35215,1.35221,813,0,0
2026-08-14 12:10:00,1.35221,1.35226,1.35195,1.35218,903,0,0
2026-08-14 12:15:00,1.35218,1.3523399999999999,1.35208,1.35212,846,0,0
2026-08-14 12:20:00,1.35212,1.35221,1.35205,1.35216,704,0,0
2026-08-14 12:25:00,1.35216,1.35232,1.35211,1.35225,821,0,0
2026-08-14 12:30:00,1.35225,1.35239,1.3521,1.35214,915,0,0
2026-08-14 12:35:00,1.35214,1.35219,1.35199,1.35218,793,0,0
2026-08-14 12:40:00,1.35218,1.35225,1.35208,1.35219,715,0,0
2026-08-14 12:45:00,1.35219,1.35245,1.35219,1.35228,552,0,0
2026-08-14 12:50:00,1.35228,1.35241,1.35216,1.35239,679,0,0
2026-08-14 12:55:00,1.35239,1.35253,1.35225,1.3525,740,0,0
2026-08-14 13:00:00,1.3525,1.35259,1.3523100000000001,1.35245,781,0,0
2026-08-14 13:05:00,1.35245,1.35267,1.35245,1.35263,557,0,0
2026-08-14 13:10:00,1.35263,1.3528,1.35259,1.3526500000000001,632,0,0
2026-08-14 13:15:00,1.3526500000000001,1.35271,1.3526500000000001,1.3527,405,0,0
2026-08-14 13:20:00,1.3527,1.3528,1.35266,1.3527,452,0,0
2026-08-14 13:25:00,1.3527,1.35272,1.3526,1.3526799999999999,543,0,0
2026-08-14 13:30:00,1.3526799999999999,1.35281,1.35266,1.35266,446,0,0
2026-08-14 13:35:00,1.35266,1.35293,1.35266,1.35281,512,0,0
2026-08-14 13:40:00,1.35281,1.35289,1.35266,1.35288,499,0,0
2026-08-14 13:45:00,1.35288,1.35294,1.35279,1.3528,555,0,0
2026-08-14 13:50:00,1.3528,1.35298,1.35275,1.35276,746,0,0
2026-08-14 13:55:00,1.35276,1.35285,1.35267,1.35276,717,0,0
2026-08-14 14:00:00,1.35276,1.3531,1.35276,1.35286,824,0,0
2026-08-14 14:05:00,1.35286,1.35288,1.35267,1.35283,757,0,0
2026-08-14 14:10:00,1.35284,1.3531,1.35282,1.35306,751,0,0
2026-08-14 14:15:00,1.35306,1.35343,1.35301,1.35335,1103,0,0
2026-08-14 14:20:00,1.35335,1.35368,1.35335,1.35358,842,0,0
2026-08-14 14:25:00,1.35358,1.35365,1.35338,1.35346,762,0,0
2026-08-14 14:30:00,1.35346,1.35389,1.35345,1.35385,993,0,0
2026-08-14 14:35:00,1.35385,1.35409,1.3538299999999999,1.35398,1184,0,0
2026-08-14 14:40:00,1.35398,1.35428,1.35396,1.35405,1040,0,0
2026-08-14 14:45:00,1.35405,1.35407,1.35368,1.35397,836,0,0
2026-08-14 14:50:00,1.35396,1.35415,1.35354,1.35367,759,0,0
2026-08-14 14:55:00,1.35367,1.35371,1.35347,1.35351,999,0,0
2026-08-14 15:00:00,1.35351,1.3538700000000001,1.35344,1.35375,1062,0,0
2026-08-14 15:05:00,1.35375,1.35413,1.35364,1.35365,1024,0,0
2026-08-14 15:10:00,1.35364,1.35368,1.3532899999999999,1.3535599999999999,1096,0,0
2026-08-14 15:15:00,1.3535599999999999,1.35385,1.35352,1.35379,988,0,0
2026-08-14 15:20:00,1.3538000000000001,1.35437,1.35371,1.35435,1486,0,0
2026-08-14 15:25:00,1.35434,1.35446,1.354,1.35431,1005,0,0
2026-08-14 15:30:00,1.35431,1.3551199999999999,1.35426,1.35437,1844,0,0
2026-08-14 15:35:00,1.35437,1.35449,1.35375,1.3538000000000001,1715,0,0
2026-08-14 15:40:00,1.3538000000000001,1.35396,1.35357,1.35358,1344,0,0
2026-08-14 15:45:00,1.35358,1.35415,1.35352,1.35382,1209,0,0
2026-08-14 15:50:00,1.35382,1.35398,1.3537,1.35388,871,0,0
2026-08-14 15:55:00,1.35388,1.35405,1.35349,1.35382,1446,0,0
2026-08-14 16:00:00,1.35382,1.35388,1.35341,1.35364,1518,0,0
2026-08-14 16:05:00,1.3536299999999999,1.35391,1.35358,1.35388,1241,0,0
2026-08-14 16:10:00,1.35388,1.35398,1.35361,1.35365,1059,0,0
2026-08-14 16:15:00,1.35365,1.35381,1.35348,1.35361,1038,0,0
2026-08-14 16:20:00,1.35361,1.3541,1.35361,1.35409,1102,0,0
2026-08-14 16:25:00,1.35409,1.35452,1.35406,1.35431,1351,0,0
2026-08-14 16:30:00,1.35431,1.3547500000000001,1.35412,1.35472,1696,0,0
2026-08-14 16:35:00,1.35472,1.3556,1.35472,1.35559,1666,0,0
2026-08-14 16:40:00,1.35559,1.35561,1.35519,1.35552,1788,0,0
2026-08-14 16:45:00,1.35552,1.35618,1.35551,1.35577,1887,0,0
2026-08-14 16:50:00,1.35577,1.35605,1.3550900000000001,1.35517,1870,0,0
2026-08-14 16:55:00,1.35517,1.35553,1.35504,1.35518,1227,0,0
2026-08-14 17:00:00,1.35518,1.35577,1.35506,1.35556,1392,0,0
2026-08-14 17:05:00,1.35556,1.3556,1.35521,1.35545,1397,0,0
2026-08-14 17:10:00,1.35545,1.35562,1.35506,1.3550900000000001,1334,0,0
2026-08-14 17:15:00,1.3550900000000001,1.3556300000000001,1.35501,1.35503,1490,0,0
2026-08-14 17:20:00,1.35503,1.35562,1.3550200000000001,1.35561,1692,0,0
2026-08-14 17:25:00,1.35561,1.35614,1.3556,1.35584,1502,0,0
2026-08-14 17:30:00,1.35584,1.35589,1.3550900000000001,1.35511,1216,0,0
2026-08-14 17:35:00,1.35511,1.35551,1.35492,1.35533,1416,0,0
2026-08-14 17:40:00,1.35533,1.35552,1.35499,1.35517,1043,0,0
2026-08-14 17:45:00,1.35518,1.35518,1.3547,1.3547799999999999,1181,0,0
2026-08-14 17:50:00,1.3547799999999999,1.35506,1.35455,1.3547500000000001,1654,0,0
2026-08-14 17:55:00,1.35476,1.35508,1.35456,1.35483,1897,0,0
2026-08-14 18:00:00,1.35483,1.35534,1.35472,1.3551199999999999,2235,0,0
2026-08-14 18:05:00,1.3551199999999999,1.35525,1.3548,1.35489,1442,0,0
2026-08-14 18:10:00,1.35489,1.35504,1.3548499999999999,1.35487,1039,0,0
2026-08-14 18:15:00,1.35487,1.35493,1.35449,1.3545099999999999,1510,0,0
2026-08-14 18:20:00,1.35452,1.35456,1.35398,1.35423,1678,0,0
2026-08-14 18:25:00,1.3542399999999999,1.3548200000000001,1.35418,1.3548200000000001,1704,0,0
2026-08-14 18:30:00,1.3548200000000001,1.3553,1.35481,1.35517,1649,0,0
2026-08-14 18:35:00,1.35516,1.35548,1.355,1.35508,1359,0,0
2026-08-14 18:40:00,1.35508,1.35518,1.35487,1.35511,1176,0,0
2026-08-14 18:45:00,1.35511,1.35562,1.3550499999999999,1.35555,1522,0,0
2026-08-14 18:50:00,1.35555,1.35572,1.3554300000000001,1.35544,1117,0,0
2026-08-14 18:55:00,1.35544,1.3556599999999999,1.35537,1.3554,1228,0,0
2026-08-14 19:00:00,1.3554,1.3556599999999999,1.35529,1.35551,1304,0,0
2026-08-14 19:05:00,1.35551,1.3556300000000001,1.35519,1.35522,1050,0,0
2026-08-14 19:10:00,1.35522,1.35524,1.35495,1.35498,1045,0,0
2026-08-14 19:15:00,1.35498,1.35541,1.35495,1.35527,1170,0,0
2026-08-14 19:20:00,1.35527,1.35534,1.35506,1.3550900000000001,1179,0,0
2026-08-14 19:25:00,1.3550900000000001,1.3551,1.35486,1.35489,1155,0,0
2026-08-14 19:30:00,1.35488,1.3550200000000001,1.35466,1.35498,943,0,0
2026-08-14 19:35:00,1.35498,1.3553,1.35497,1.35519,1162,0,0
2026-08-14 19:40:00,1.3552,1.35522,1.35462,1.35468,1235,0,0
2026-08-14 19:45:00,1.35468,1.35471,1.3544100000000001,1.35442,834,0,0
2026-08-14 19:50:00,1.35442,1.35446,1.35404,1.35408,624,0,0
2026-08-14 19:55:00,1.35408,1.3541,1.35384,1.35394,974,0,0
2026-08-14 20:00:00,1.35394,1.35395,1.35358,1.35361,1034,0,0
2026-08-14 20:05:00,1.35361,1.35367,1.35324,1.35327,781,0,0
2026-08-14 20:10:00,1.35327,1.35337,1.35311,1.3532,903,0,0
2026-08-14 20:15:00,1.3532,1.35333,1.35284,1.35286,718,0,0
2026-08-14 20:20:00,1.35286,1.35296,1.35272,1.35284,787,0,0
2026-08-14 20:25:00,1.35284,1.35307,1.35275,1.353,962,0,0
2026-08-14 20:30:00,1.353,1.35318,1.3529,1.35315,909,0,0
2026-08-14 20:35:00,1.35316,1.35324,1.35309,1.35317,852,0,0
2026-08-14 20:40:00,1.35317,1.35324,1.35289,1.35289,803,0,0
2026-08-14 20:45:00,1.3529,1.35307,1.35283,1.3529900000000001,935,0,0
2026-08-14 20:50:00,1.3529900000000001,1.35318,1.35291,1.35313,720,0,0
2026-08-14 20:55:00,1.35313,1.35331,1.35311,1.35323,694,0,0
2026-08-14 21:00:00,1.35323,1.35324,1.35304,1.35315,866,0,0
2026-08-14 21:05:00,1.35316,1.35334,1.35311,1.35323,792,0,0
2026-08-14 21:10:00,1.3532199999999999,1.3532600000000001,1.3529499999999999,1.35302,725,0,0
2026-08-14 21:15:00,1.35302,1.35331,1.3529900000000001,1.3532899999999999,926,0,0
2026-08-14 21:20:00,1.3532899999999999,1.35344,1.3532600000000001,1.35334,415,0,0
2026-08-14 21:25:00,1.35333,1.35348,1.35332,1.35345,466,0,0
2026-08-14 21:30:00,1.35345,1.3535,1.35327,1.35336,460,0,0
2026-08-14 21:35:00,1.35335,1.35344,1.35332,1.35337,424,0,0
2026-08-14 21:40:00,1.35337,1.35351,1.35337,1.35341,501,0,0
2026-08-14 21:45:00,1.35341,1.35347,1.3533,1.35341,530,0,0
2026-08-14 21:50:00,1.35341,1.35358,1.35338,1.3535300000000001,384,0,0
2026-08-14 21:55:00,1.3535300000000001,1.35357,1.35327,1.35332,508,0,0
2026-08-14 22:00:00,1.35332,1.35348,1.3532199999999999,1.35328,757,0,0
2026-08-14 22:05:00,1.35328,1.35347,1.35321,1.35346,753,0,0
2026-08-14 22:10:00,1.35346,1.3536000000000001,1.35346,1.35348,519,0,0
2026-08-14 22:15:00,1.35348,1.35359,1.35342,1.35351,675,0,0
2026-08-14 22:20:00,1.35352,1.35362,1.35346,1.3535,462,0,0
2026-08-14 22:25:00,1.3535,1.35374,1.35349,1.3536299999999999,672,0,0
2026-08-14 22:30:00,1.3536299999999999,1.35371,1.3535300000000001,1.35357,703,0,0
2026-08-14 22:35:00,1.35359,1.3536299999999999,1.35336,1.35352,599,0,0
2026-08-14 22:40:00,1.35351,1.35358,1.35345,1.35346,561,0,0
2026-08-14 22:45:00,1.35346,1.35359,1.35341,1.35355,537,0,0
2026-08-14 22:50:00,1.35355,1.35362,1.35342,1.35346,522,0,0
2026-08-14 22:55:00,1.35346,1.35351,1.3533,1.35348,518,0,0
2026-08-14 23:00:00,1.35348,1.3535300000000001,1.35337,1.35351,424,0,0
2026-08-14 23:05:00,1.35351,1.35361,1.35339,1.3536000000000001,399,0,0
2026-08-14 23:10:00,1.3536000000000001,1.3536000000000001,1.35343,1.35344,208,0,0
2026-08-14 23:15:00,1.35344,1.35351,1.35342,1.35349,180,0,0
2026-08-14 23:20:00,1.35349,1.35361,1.35349,1.35354,488,0,0
2026-08-14 23:25:00,1.35354,1.35366,1.35354,1.35362,269,0,0
2026-08-14 23:30:00,1.35362,1.35362,1.35339,1.35341,96,0,0
2026-08-14 23:35:00,1.35341,1.35349,1.35338,1.35339,138,0,0
2026-08-14 23:40:00,1.35339,1.35344,1.35336,1.35343,111,0,0
2026-08-14 23:45:00,1.35342,1.35348,1.35331,1.35335,1256,0,0
2026-08-14 23:50:00,1.35335,1.35346,1.35333,1.35338,1936,0,0
2026-08-14 23:55:00,1.35338,1.35347,1.35314,1.3534,1786,0,0
2026-08-17 00:00:00,1.35262,1.35413,1.3524,1.35317,44,0,0
2026-08-17 00:05:00,1.35317,1.3542399999999999,1.35284,1.35423,103,0,0
2026-08-17 00:10:00,1.35406,1.3541699999999999,1.35391,1.35391,119,0,0
2026-08-17 00:15:00,1.35391,1.35398,1.35376,1.35394,84,5,0
2026-08-17 00:20:00,1.35394,1.35395,1.35375,1.35376,147,3,0
2026-08-17 00:25:00,1.35376,1.35401,1.35373,1.35391,169,4,0
2026-08-17 00:30:00,1.35391,1.35391,1.35361,1.35366,210,0,0
2026-08-17 00:35:00,1.35366,1.35379,1.35358,1.35362,145,3,0
2026-08-17 00:40:00,1.35362,1.35372,1.35362,1.35369,58,2,0
2026-08-17 00:45:00,1.35369,1.35373,1.35355,1.35366,115,0,0
2026-08-17 00:50:00,1.35366,1.35367,1.35318,1.35318,118,0,0
2026-08-17 00:55:00,1.35318,1.35373,1.3531,1.35341,146,1,0
2026-08-17 01:00:00,1.35341,1.3536000000000001,1.35314,1.35321,264,0,0
2026-08-17 01:05:00,1.35321,1.3532199999999999,1.35307,1.3531,90,0,0
2026-08-17 01:10:00,1.3531,1.3532600000000001,1.35309,1.3532199999999999,271,0,0
2026-08-17 01:15:00,1.3532199999999999,1.35343,1.3532199999999999,1.35341,179,0,0
2026-08-17 01:20:00,1.35341,1.35372,1.35341,1.35369,323,0,0
2026-08-17 01:25:00,1.35369,1.35377,1.35368,1.35376,152,0,0
2026-08-17 01:30:00,1.35376,1.35394,1.35375,1.35391,238,0,0
2026-08-17 01:35:00,1.35391,1.35402,1.3538700000000001,1.35399,230,0,0
2026-08-17 01:40:00,1.35399,1.35402,1.35396,1.35397,143,0,0
2026-08-17 01:45:00,1.35397,1.35402,1.35393,1.35402,120,0,0
2026-08-17 01:50:00,1.35402,1.3542399999999999,1.35402,1.35419,193,0,0
2026-08-17 01:55:00,1.35419,1.35436,1.35405,1.35433,376,0,0
2026-08-17 02:00:00,1.35433,1.3544399999999999,1.35431,1.35442,278,0,0
2026-08-17 02:05:00,1.35442,1.35453,1.35435,1.3544800000000001,287,0,0
2026-08-17 02:10:00,1.3544800000000001,1.35453,1.35438,1.3544100000000001,301,0,0
2026-08-17 02:15:00,1.3544100000000001,1.35442,1.35431,1.35432,175,0,0
2026-08-17 02:20:00,1.35432,1.35442,1.35431,1.3544100000000001,128,0,0
2026-08-17 02:25:00,1.3544100000000001,1.3544399999999999,1.35439,1.3544100000000001,155,0,0
2026-08-17 02:30:00,1.3544100000000001,1.35442,1.3543,1.35435,198,0,0
2026-08-17 02:35:00,1.35435,1.35447,1.35431,1.3544399999999999,131,0,0
2026-08-17 02:40:00,1.3544399999999999,1.35454,1.35443,1.3545099999999999,146,0,0
2026-08-17 02:45:00,1.3545099999999999,1.35472,1.3545,1.35472,119,0,0
2026-08-17 02:50:00,1.35472,1.35472,1.35446,1.3545,259,0,0
2026-08-17 02:55:00,1.3545,1.35466,1.3545,1.35462,284,0,0
2026-08-17 03:00:00,1.35462,1.35523,1.35462,1.35518,1397,0,0
2026-08-17 03:05:00,1.35518,1.35519,1.3550200000000001,1.35507,949,0,0
2026-08-17 03:10:00,1.35508,1.35521,1.35503,1.35521,375,0,0
2026-08-17 03:15:00,1.35521,1.35533,1.35507,1.35521,694,0,0
2026-08-17 03:20:00,1.35521,1.3553600000000001,1.3550900000000001,1.35533,975,0,0
2026-08-17 03:25:00,1.35533,1.3554,1.35525,1.35531,862,0,0
2026-08-17 03:30:00,1.35532,1.35561,1.3553,1.35553,819,0,0
2026-08-17 03:35:00,1.35553,1.35559,1.35525,1.35535,643,0,0
2026-08-17 03:40:00,1.35535,1.35541,1.35528,1.35533,823,0,0
2026-08-17 03:45:00,1.35533,1.3554,1.35529,1.35531,684,0,0
2026-08-17 03:50:00,1.35531,1.35552,1.35521,1.35533,1094,0,0
2026-08-17 03:55:00,1.35533,1.3556,1.35529,1.35552,989,0,0
2026-08-17 04:00:00,1.35552,1.35561,1.35524,1.35541,1562,0,0
2026-08-17 04:05:00,1.35541,1.35548,1.35524,1.35524,906,0,0
2026-08-17 04:10:00,1.35524,1.35533,1.35519,1.3553,647,0,0
2026-08-17 04:15:00,1.3553,1.35533,1.3552,1.35523,632,0,0
2026-08-17 04:20:00,1.35523,1.35567,1.3552,1.3554300000000001,947,0,0
2026-08-17 04:25:00,1.3554300000000001,1.35557,1.35537,1.3553899999999999,1097,0,0
2026-08-17 04:30:00,1.3553899999999999,1.3554300000000001,1.3550900000000001,1.3551199999999999,942,0,0
2026-08-17 04:35:00,1.35511,1.35518,1.35503,1.35514,924,0,0
2026-08-17 04:40:00,1.35514,1.3554,1.3550900000000001,1.3553899999999999,710,0,0
2026-08-17 04:45:00,1.3553899999999999,1.35553,1.35534,1.35544,852,0,0
2026-08-17 04:50:00,1.35544,1.35561,1.35537,1.35553,826,0,0
2026-08-17 04:55:00,1.35553,1.35557,1.3554,1.35554,537,0,0
2026-08-17 05:00:00,1.35554,1.35556,1.3554599999999999,1.35553,548,0,0
2026-08-17 05:05:00,1.35553,1.35562,1.35537,1.35538,804,0,0
2026-08-17 05:10:00,1.35538,1.35541,1.35518,1.3553899999999999,893,0,0
2026-08-17 05:15:00,1.3553899999999999,1.35552,1.35529,1.3555,778,0,0
2026-08-17 05:20:00,1.3555,1.35551,1.35538,1.3553899999999999,531,0,0
2026-08-17 05:25:00,1.3553899999999999,1.35554,1.35537,1.35551,677,0,0
2026-08-17 05:30:00,1.35552,1.35559,1.35498,1.35498,781,0,0
2026-08-17 05:35:00,1.35498,1.35522,1.35497,1.35517,680,0,0
2026-08-17 05:40:00,1.35517,1.35534,1.35508,1.35508,463,0,0
2026-08-17 05:45:00,1.3550900000000001,1.35522,1.35506,1.35517,428,0,0
2026-08-17 05:50:00,1.35517,1.35518,1.35506,1.35508,504,0,0
2026-08-17 05:55:00,1.35508,1.3551,1.35495,1.35498,486,0,0
2026-08-17 06:00:00,1.35497,1.3550200000000001,1.3548,1.35481,756,0,0
2026-08-17 06:05:00,1.35481,1.35499,1.3548,1.35489,774,0,0
2026-08-17 06:10:00,1.35489,1.35496,1.3548200000000001,1.35496,469,0,0
2026-08-17 06:15:00,1.35496,1.3550900000000001,1.35491,1.3550200000000001,350,0,0
2026-08-17 06:20:00,1.3550200000000001,1.35504,1.35495,1.35497,251,0,0
2026-08-17 06:25:00,1.35497,1.35498,1.35487,1.35492,541,0,0
2026-08-17 06:30:00,1.35493,1.35501,1.35488,1.35488,535,0,0
2026-08-17 06:35:00,1.35489,1.35489,1.35467,1.3547500000000001,490,0,0
2026-08-17 06:40:00,1.3547500000000001,1.3548499999999999,1.3547500000000001,1.3548,558,0,0
2026-08-17 06:45:00,1.3548,1.3549,1.35479,1.35486,473,0,0
2026-08-17 06:50:00,1.35487,1.35499,1.35477,1.35498,499,0,0
2026-08-17 06:55:00,1.35498,1.35521,1.35492,1.35518,808,0,0
2026-08-17 07:00:00,1.35519,1.35522,1.35507,1.35519,977,0,0
2026-08-17 07:05:00,1.35519,1.35556,1.35519,1.35551,919,0,0
2026-08-17 07:10:00,1.35551,1.35565,1.35547,1.35556,716,0,0
2026-08-17 07:15:00,1.35556,1.35558,1.3554599999999999,1.35547,478,0,0
2026-08-17 07:20:00,1.35547,1.35554,1.35537,1.35549,435,0,0
2026-08-17 07:25:00,1.35549,1.35558,1.35547,1.35547,557,0,0
2026-08-17 07:30:00,1.35547,1.35551,1.35537,1.35541,357,0,0
2026-08-17 07:35:00,1.35541,1.35554,1.3553899999999999,1.35548,444,0,0
2026-08-17 07:40:00,1.35547,1.35554,1.35545,1.3555,457,0,0
2026-08-17 07:45:00,1.3555,1.35552,1.35537,1.35538,288,0,0
2026-08-17 07:50:00,1.3553899999999999,1.3554,1.35521,1.35522,508,0,0
2026-08-17 07:55:00,1.35522,1.35525,1.3550900000000001,1.35513,471,0,0
2026-08-17 08:00:00,1.35513,1.35527,1.3551199999999999,1.35523,660,0,0
2026-08-17 08:05:00,1.35523,1.35524,1.35516,1.35519,383,0,0
2026-08-17 08:10:00,1.35519,1.3552,1.35496,1.35503,719,0,0
2026-08-17 08:15:00,1.35503,1.3552,1.35498,1.35519,546,0,0
2026-08-17 08:20:00,1.35519,1.3554599999999999,1.35519,1.3553899999999999,536,0,0
2026-08-17 08:25:00,1.3553899999999999,1.35549,1.35532,1.3554300000000001,654,0,0
2026-08-17 08:30:00,1.3554300000000001,1.35554,1.35531,1.3553899999999999,770,0,0
2026-08-17 08:35:00,1.3553899999999999,1.35547,1.35528,1.35547,890,0,0
2026-08-17 08:40:00,1.35547,1.3555,1.35531,1.35533,835,0,0
2026-08-17 08:45:00,1.35533,1.35578,1.35527,1.35577,930,0,0
2026-08-17 08:50:00,1.35577,1.35587,1.35547,1.35548,994,0,0
2026-08-17 08:55:00,1.35548,1.35561,1.35526,1.35537,1432,0,0
2026-08-17 09:00:00,1.35537,1.35567,1.35537,1.35548,1503,0,0
2026-08-17 09:05:00,1.35548,1.35557,1.35521,1.35522,1059,0,0
2026-08-17 09:10:00,1.35522,1.3553,1.35506,1.3552,1028,0,0
2026-08-17 09:15:00,1.35521,1.35531,1.35508,1.35528,1079,0,0
2026-08-17 09:20:00,1.35528,1.3553899999999999,1.3550900000000001,1.35518,1105,0,0
2026-08-17 09:25:00,1.35518,1.35559,1.3550900000000001,1.35555,1439,0,0
2026-08-17 09:30:00,1.35555,1.35561,1.35527,1.35528,761,0,0
2026-08-17 09:35:00,1.35528,1.3554,1.35508,1.35538,1003,0,0
2026-08-17 09:40:00,1.35538,1.35538,1.35516,1.3553600000000001,670,0,0
2026-08-17 09:45:00,1.3553600000000001,1.35576,1.35529,1.3556599999999999,916,0,0
2026-08-17 09:50:00,1.3556599999999999,1.35596,1.3556599999999999,1.35589,1034,0,0
2026-08-17 09:55:00,1.35589,1.3560400000000001,1.35575,1.35585,1489,0,0
2026-08-17 10:00:00,1.35586,1.35592,1.35545,1.35572,1263,0,0
2026-08-17 10:05:00,1.35572,1.35601,1.35559,1.35578,774,0,0
2026-08-17 10:10:00,1.35578,1.3559700000000001,1.35569,1.35582,814,0,0
2026-08-17 10:15:00,1.35582,1.35645,1.3558,1.35623,989,0,0
2026-08-17 10:20:00,1.35623,1.35645,1.35609,1.35629,872,0,0
2026-08-17 10:25:00,1.35629,1.35655,1.35619,1.35651,1102,0,0
2026-08-17 10:30:00,1.35651,1.35699,1.35646,1.3566099999999999,1431,0,0
2026-08-17 10:35:00,1.3566099999999999,1.35673,1.35646,1.35666,880,0,0
2026-08-17 10:40:00,1.35666,1.35712,1.3566500000000001,1.35676,908,0,0
2026-08-17 10:45:00,1.35676,1.35677,1.35618,1.35621,824,0,0
2026-08-17 10:50:00,1.35621,1.35649,1.3561,1.35619,715,0,0
2026-08-17 10:55:00,1.35619,1.3564,1.35616,1.3563100000000001,1035,0,0
2026-08-17 11:00:00,1.3563100000000001,1.35639,1.3559999999999999,1.35629,925,0,0
2026-08-17 11:05:00,1.35628,1.35655,1.35618,1.3563,924,0,0
2026-08-17 11:10:00,1.3563,1.35657,1.3562,1.35647,720,0,0
2026-08-17 11:15:00,1.35647,1.3567,1.35646,1.35655,566,0,0
2026-08-17 11:20:00,1.35655,1.35677,1.35644,1.35671,656,0,0
2026-08-17 11:25:00,1.35671,1.35707,1.35666,1.35706,940,0,0
2026-08-17 11:30:00,1.35706,1.35709,1.3567,1.35677,817,0,0
2026-08-17 11:35:00,1.35677,1.35681,1.35638,1.3566,822,0,0
2026-08-17 11:40:00,1.3566,1.3566500000000001,1.3559999999999999,1.35606,590,0,0
2026-08-17 11:45:00,1.35606,1.35617,1.35577,1.35578,834,0,0
2026-08-17 11:50:00,1.35578,1.35583,1.35491,1.35504,982,0,0
2026-08-17 11:55:00,1.35504,1.35541,1.35494,1.35538,1742,0,0
2026-08-17 12:00:00,1.35537,1.3555,1.35514,1.35549,1164,0,0
2026-08-17 12:05:00,1.35549,1.35571,1.35547,1.35569,901,0,0
2026-08-17 12:10:00,1.35569,1.35571,1.35548,1.3556,762,0,0
2026-08-17 12:15:00,1.3556,1.35584,1.35549,1.35564,925,0,0
2026-08-17 12:20:00,1.35564,1.35569,1.35541,1.35562,885,0,0
2026-08-17 12:25:00,1.35561,1.35585,1.35561,1.35577,855,0,0
2026-08-17 12:30:00,1.35577,1.35591,1.35574,1.35589,727,0,0
2026-08-17 12:35:00,1.35589,1.35593,1.3557299999999999,1.3559,617,0,0
2026-08-17 12:40:00,1.3559,1.35621,1.3559,1.35614,1046,0,0
2026-08-17 12:45:00,1.35614,1.35617,1.35588,1.35591,810,0,0
2026-08-17 12:50:00,1.35593,1.35612,1.35586,1.35601,869,0,0
2026-08-17 12:55:00,1.35601,1.35608,1.3558,1.35587,843,0,0
2026-08-17 13:00:00,1.35587,1.35596,1.35569,1.35582,832,0,0
2026-08-17 13:05:00,1.35582,1.35584,1.35551,1.35552,776,0,0
2026-08-17 13:10:00,1.35551,1.35612,1.3555,1.35591,936,0,0
2026-08-17 13:15:00,1.35591,1.35609,1.35587,1.35591,750,0,0
2026-08-17 13:20:00,1.35591,1.35596,1.35571,1.35593,632,0,0
2026-08-17 13:25:00,1.35593,1.35647,1.35577,1.35636,1132,0,0
2026-08-17 13:30:00,1.35636,1.35652,1.35587,1.35595,1704,0,0
2026-08-17 13:35:00,1.35595,1.35605,1.35577,1.35583,447,0,0
2026-08-17 13:40:00,1.35583,1.35599,1.35582,1.35596,417,0,0
2026-08-17 13:45:00,1.35596,1.35598,1.35576,1.35579,466,0,0
2026-08-17 13:50:00,1.35579,1.35581,1.35551,1.3556300000000001,429,0,0
2026-08-17 13:55:00,1.3556300000000001,1.35571,1.35537,1.35562,586,0,0
2026-08-17 14:00:00,1.3556300000000001,1.35578,1.35562,1.35567,791,0,0
2026-08-17 14:05:00,1.35567,1.35612,1.35565,1.3559700000000001,696,0,0
2026-08-17 14:10:00,1.3559700000000001,1.3559999999999999,1.35557,1.35558,535,0,0
2026-08-17 14:15:00,1.35558,1.3556300000000001,1.35522,1.35526,461,0,0
2026-08-17 14:20:00,1.35526,1.35574,1.35518,1.35571,879,0,0
2026-08-17 14:25:00,1.35571,1.35593,1.3556599999999999,1.35588,821,0,0
2026-08-17 14:30:00,1.35588,1.35592,1.35568,1.35581,723,0,0
2026-08-17 14:35:00,1.35581,1.35581,1.35542,1.3556,775,0,0
2026-08-17 14:40:00,1.3556,1.3557000000000001,1.3553899999999999,1.35541,715,0,0
2026-08-17 14:45:00,1.35541,1.3554300000000001,1.35522,1.35526,457,0,0
2026-08-17 14:50:00,1.35526,1.35561,1.35526,1.35556,805,0,0
2026-08-17 14:55:00,1.35556,1.35569,1.35549,1.3556300000000001,777,0,0
2026-08-17 15:00:00,1.3556300000000001,1.3559999999999999,1.35558,1.35591,972,0,0
2026-08-17 15:05:00,1.35591,1.3562400000000001,1.35587,1.35588,992,0,0
2026-08-17 15:10:00,1.35588,1.35623,1.35586,1.35595,804,0,0
2026-08-17 15:15:00,1.35595,1.3560400000000001,1.35568,1.35582,699,0,0
2026-08-17 15:20:00,1.35582,1.3562,1.3557299999999999,1.35611,763,0,0
2026-08-17 15:25:00,1.35611,1.35613,1.3553,1.35557,1165,0,0
2026-08-17 15:30:00,1.35557,1.35579,1.35538,1.3556300000000001,681,0,0
2026-08-17 15:35:00,1.35561,1.35564,1.35541,1.3555,721,0,0
2026-08-17 15:40:00,1.3555,1.35587,1.35547,1.35583,674,0,0
2026-08-17 15:45:00,1.35583,1.35589,1.35542,1.3554599999999999,868,0,0
2026-08-17 15:50:00,1.3554599999999999,1.3557000000000001,1.35537,1.35559,810,0,0
2026-08-17 15:55:00,1.3556,1.35609,1.35554,1.35606,1062,0,0
2026-08-17 16:00:00,1.35606,1.3563,1.35586,1.3560699999999999,1458,0,0
2026-08-17 16:05:00,1.3560699999999999,1.35644,1.3560699999999999,1.35643,836,0,0
2026-08-17 16:10:00,1.35643,1.35664,1.35616,1.35617,934,0,0
2026-08-17 16:15:00,1.35617,1.35655,1.35606,1.35647,950,0,0
2026-08-17 16:20:00,1.35647,1.3566,1.35625,1.3563,983,0,0
2026-08-17 16:25:00,1.3563,1.35647,1.3560400000000001,1.35617,920,0,0
2026-08-17 16:30:00,1.35617,1.35651,1.35613,1.35636,1459,0,0
2026-08-17 16:35:00,1.35636,1.3565,1.35589,1.3560699999999999,1268,0,0
2026-08-17 16:40:00,1.3560699999999999,1.3560699999999999,1.35554,1.35555,1034,0,0
2026-08-17 16:45:00,1.35555,1.3556,1.3551199999999999,1.35558,1313,0,0
2026-08-17 16:50:00,1.35558,1.35587,1.35552,1.35556,1166,0,0
2026-08-17 16:55:00,1.35556,1.35603,1.35555,1.3559999999999999,1069,0,0
2026-08-17 17:00:00,1.3559999999999999,1.35663,1.35587,1.3566099999999999,1362,0,0
2026-08-17 17:05:00,1.3566099999999999,1.35663,1.35615,1.3564,1150,0,0
2026-08-17 17:10:00,1.3564,1.35654,1.35625,1.35651,1082,0,0
2026-08-17 17:15:00,1.35651,1.3568799999999999,1.3565,1.35673,1444,0,0
2026-08-17 17:20:00,1.35673,1.35687,1.35647,1.3565800000000001,1317,0,0
2026-08-17 17:25:00,1.3565800000000001,1.3567,1.35588,1.35609,1307,0,0
2026-08-17 17:30:00,1.35609,1.3562,1.35583,1.35587,1065,0,0
2026-08-17 17:35:00,1.35587,1.35598,1.3555,1.35565,981,0,0
2026-08-17 17:40:00,1.35565,1.35588,1.35552,1.35555,1003,0,0
2026-08-17 17:45:00,1.35555,1.35569,1.3553899999999999,1.35554,1234,0,0
2026-08-17 17:50:00,1.35554,1.35559,1.3550200000000001,1.35514,1396,0,0
2026-08-17 17:55:00,1.35514,1.35558,1.35506,1.35528,1926,0,0
2026-08-17 18:00:00,1.35528,1.35532,1.35506,1.35522,1492,0,0
2026-08-17 18:05:00,1.35522,1.3553899999999999,1.35507,1.3553600000000001,1318,0,0
2026-08-17 18:10:00,1.3553600000000001,1.3554599999999999,1.35527,1.3553,1032,0,0
2026-08-17 18:15:00,1.3553,1.35548,1.35515,1.35533,1247,0,0
2026-08-17 18:20:00,1.35533,1.3554,1.35524,1.35537,976,0,0
2026-08-17 18:25:00,1.35537,1.3556599999999999,1.35535,1.35561,1195,0,0
2026-08-17 18:30:00,1.35561,1.35581,1.35545,1.35552,1368,0,0
2026-08-17 18:35:00,1.35552,1.3557299999999999,1.35551,1.3556,1242,0,0
2026-08-17 18:40:00,1.35561,1.3557000000000001,1.35516,1.35522,1202,0,0
2026-08-17 18:45:00,1.35522,1.35571,1.35515,1.35569,1118,0,0
2026-08-17 18:50:00,1.35569,1.35611,1.3556599999999999,1.3561,1105,0,0
2026-08-17 18:55:00,1.3561,1.3562,1.35606,1.35619,679,0,0
2026-08-17 19:00:00,1.35619,1.35623,1.35578,1.35582,893,0,0
2026-08-17 19:05:00,1.35582,1.35603,1.35577,1.35581,781,0,0
2026-08-17 19:10:00,1.35581,1.3559700000000001,1.35571,1.35588,884,0,0
2026-08-17 19:15:00,1.35588,1.35629,1.35585,1.35625,948,0,0
2026-08-17 19:20:00,1.35625,1.35633,1.35619,1.35623,676,0,0
2026-08-17 19:25:00,1.35623,1.3563100000000001,1.35609,1.3561,554,0,0
2026-08-17 19:30:00,1.3561,1.35628,1.35609,1.3562,442,0,0
2026-08-17 19:35:00,1.3562,1.35642,1.3561,1.35642,580,0,0
2026-08-17 19:40:00,1.35641,1.35647,1.35618,1.3562,750,0,0
2026-08-17 19:45:00,1.3562,1.35621,1.3560400000000001,1.35614,768,0,0
2026-08-17 19:50:00,1.35614,1.35618,1.35595,1.3559999999999999,560,0,0
2026-08-17 19:55:00,1.3559999999999999,1.35608,1.35576,1.35587,950,0,0
2026-08-17 20:00:00,1.35587,1.3559999999999999,1.35586,1.35593,1108,0,0
2026-08-17 20:05:00,1.35593,1.35593,1.35568,1.35588,1007,0,0
2026-08-17 20:10:00,1.35588,1.35589,1.35574,1.35575,539,0,0
2026-08-17 20:15:00,1.35575,1.35577,1.35552,1.35557,927,0,0
2026-08-17 20:20:00,1.35557,1.35558,1.35519,1.35528,909,0,0
2026-08-17 20:25:00,1.35528,1.35547,1.35521,1.3554599999999999,732,0,0
2026-08-17 20:30:00,1.3554599999999999,1.35556,1.35516,1.35517,871,0,0
2026-08-17 20:35:00,1.35517,1.35519,1.3544399999999999,1.35445,1307,0,0
2026-08-17 20:40:00,1.35445,1.35477,1.35442,1.35476,882,0,0
2026-08-17 20:45:00,1.35476,1.35494,1.35464,1.35474,718,0,0
2026-08-17 20:50:00,1.35474,1.3548,1.35458,1.35466,493,0,0
2026-08-17 20:55:00,1.35466,1.35469,1.3544,1.3544399999999999,574,0,0
2026-08-17 21:00:00,1.35443,1.35446,1.3543,1.35436,823,0,0
2026-08-17 21:05:00,1.35436,1.35453,1.35428,1.35438,799,0,0
2026-08-17 21:10:00,1.35438,1.3544399999999999,1.35418,1.35442,978,0,0
2026-08-17 21:15:00,1.35442,1.35455,1.35438,1.35442,497,0,0
2026-08-17 21:20:00,1.35442,1.35443,1.35409,1.3541,601,0,0
2026-08-17 21:25:00,1.3541,1.3541,1.35379,1.354,894,0,0
2026-08-17 21:30:00,1.354,1.35403,1.35371,1.35376,894,0,0
2026-08-17 21:35:00,1.35376,1.35389,1.35371,1.3538700000000001,893,0,0
2026-08-17 21:40:00,1.3538700000000001,1.35397,1.3537,1.35378,899,0,0
2026-08-17 21:45:00,1.35378,1.35381,1.35357,1.3537,585,0,0
2026-08-17 21:50:00,1.3537,1.35393,1.3537,1.35375,818,0,0
2026-08-17 21:55:00,1.35375,1.3538700000000001,1.35364,1.35377,975,0,0
2026-08-17 22:00:00,1.35377,1.35392,1.35362,1.35377,914,0,0
2026-08-17 22:05:00,1.35377,1.3538999999999999,1.35365,1.3538000000000001,547,0,0
2026-08-17 22:10:00,1.3538000000000001,1.35409,1.35371,1.35408,582,0,0
2026-08-17 22:15:00,1.35408,1.35423,1.35408,1.35415,639,0,0
2026-08-17 22:20:00,1.35415,1.35432,1.35415,1.35422,583,0,0
2026-08-17 22:25:00,1.35422,1.35431,1.35418,1.35429,733,0,0
2026-08-17 22:30:00,1.35429,1.35434,1.35411,1.35416,914,0,0
2026-08-17 22:35:00,1.3541699999999999,1.35438,1.3541400000000001,1.35435,744,0,0
2026-08-17 22:40:00,1.35435,1.35449,1.35431,1.35446,655,0,0
2026-08-17 22:45:00,1.35446,1.3544800000000001,1.35434,1.35439,541,0,0
2026-08-17 22:50:00,1.35439,1.35446,1.35418,1.35418,663,0,0
2026-08-17 22:55:00,1.35418,1.35435,1.35415,1.35433,593,0,0
2026-08-17 23:00:00,1.35433,1.35449,1.3543,1.35439,310,0,0
2026-08-17 23:05:00,1.3544,1.3544,1.3541699999999999,1.3542,252,0,0
2026-08-17 23:10:00,1.3542,1.3542100000000001,1.35412,1.35412,77,0,0
2026-08-17 23:15:00,1.35413,1.3544100000000001,1.35411,1.35439,104,0,0
2026-08-17 23:20:00,1.35439,1.3545099999999999,1.35439,1.35442,83,0,0
2026-08-17 23:25:00,1.35442,1.35443,1.35437,1.35438,35,0,0
2026-08-17 23:30:00,1.35438,1.35438,1.35429,1.35434,113,0,0
2026-08-17 23:35:00,1.35434,1.3544100000000001,1.35429,1.35431,95,0,0
2026-08-17 23:40:00,1.35431,1.35437,1.35428,1.3543,120,0,0
2026-08-17 23:45:00,1.3543,1.35438,1.35427,1.35429,220,0,0
2026-08-17 23:50:00,1.35429,1.35434,1.35427,1.35434,95,0,0
2026-08-17 23:55:00,1.35434,1.35434,1.35403,1.35431,370,0,0
2026-08-18 00:00:00,1.35435,1.35483,1.3538299999999999,1.35459,24,11,0
2026-08-18 00:05:00,1.35459,1.35459,1.35431,1.35445,214,0,0
2026-08-18 00:10:00,1.35445,1.35494,1.35437,1.35459,273,0,0
2026-08-18 00:15:00,1.35459,1.35504,1.3544399999999999,1.35453,506,11,0
2026-08-18 00:20:00,1.35453,1.35484,1.35435,1.35445,376,11,0
2026-08-18 00:25:00,1.35445,1.35456,1.35416,1.35453,224,0,0
2026-08-18 00:30:00,1.35453,1.35453,1.35401,1.35403,266,11,0
2026-08-18 00:35:00,1.35404,1.3544100000000001,1.35404,1.3544100000000001,38,5,0
2026-08-18 00:40:00,1.3544100000000001,1.35445,1.3541699999999999,1.35442,104,0,0
2026-08-18 00:45:00,1.35442,1.35446,1.35423,1.35434,110,0,0
2026-08-18 00:50:00,1.35434,1.3544399999999999,1.3542399999999999,1.35433,61,0,0
2026-08-18 00:55:00,1.35433,1.35437,1.35402,1.35418,159,0,0
2026-08-18 01:00:00,1.35418,1.3544,1.35415,1.35438,316,0,0
2026-08-18 01:05:00,1.35438,1.35439,1.3543,1.35435,119,0,0
2026-08-18 01:10:00,1.35435,1.3544100000000001,1.35429,1.35439,250,0,0
2026-08-18 01:15:00,1.35439,1.35442,1.35429,1.35431,180,0,0
2026-08-18 01:20:00,1.35431,1.35442,1.35431,1.35439,147,0,0
2026-08-18 01:25:00,1.35439,1.35454,1.35439,1.3545,236,0,0
2026-08-18 01:30:00,1.3545,1.3545,1.35436,1.35438,151,0,0
2026-08-18 01:35:00,1.35438,1.3544,1.35426,1.35427,78,0,0
2026-08-18 01:40:00,1.35427,1.35442,1.35426,1.35439,205,0,0
2026-08-18 01:45:00,1.3544,1.35442,1.35438,1.3544,193,0,0
2026-08-18 01:50:00,1.3544,1.3544100000000001,1.35431,1.35434,173,0,0
2026-08-18 01:55:00,1.35434,1.35442,1.35434,1.3544,166,0,0
2026-08-18 02:00:00,1.3544,1.35442,1.35436,1.3544,99,0,0
2026-08-18 02:05:00,1.3544,1.35457,1.35439,1.35454,199,0,0
2026-08-18 02:10:00,1.35454,1.3546,1.35454,1.35457,124,0,0
2026-08-18 02:15:00,1.35457,1.35461,1.35455,1.3546,197,0,0
2026-08-18 02:20:00,1.3546,1.35467,1.35457,1.35462,149,0,0
2026-08-18 02:25:00,1.35462,1.3547799999999999,1.35459,1.35477,122,0,0
2026-08-18 02:30:00,1.35476,1.3548200000000001,1.35472,1.35481,129,0,0
2026-08-18 02:35:00,1.35481,1.35493,1.35479,1.35491,124,0,0
2026-08-18 02:40:00,1.35491,1.35514,1.3549,1.3551199999999999,195,0,0
2026-08-18 02:45:00,1.3551199999999999,1.35521,1.35508,1.35517,260,0,0
2026-08-18 02:50:00,1.35517,1.35519,1.35496,1.355,309,0,0
2026-08-18 02:55:00,1.355,1.3551,1.35491,1.35504,452,0,0
2026-08-18 03:00:00,1.35504,1.35537,1.35503,1.35529,1027,0,0
2026-08-18 03:05:00,1.35529,1.35542,1.3551199999999999,1.35513,837,0,0
2026-08-18 03:10:00,1.35513,1.35521,1.35501,1.35515,822,0,0
2026-08-18 03:15:00,1.35515,1.35527,1.3550900000000001,1.35518,841,0,0
2026-08-18 03:20:00,1.35518,1.35519,1.35496,1.35496,746,0,0
2026-08-18 03:25:00,1.35495,1.355,1.35477,1.35479,726,0,0
2026-08-18 03:30:00,1.35479,1.35481,1.3545,1.35472,893,0,0
2026-08-18 03:35:00,1.35472,1.35497,1.35467,1.35496,791,0,0
2026-08-18 03:40:00,1.35496,1.35497,1.35483,1.3549,695,0,0
2026-08-18 03:45:00,1.3549,1.3549,1.35466,1.35476,582,0,0
2026-08-18 03:50:00,1.35476,1.35494,1.35476,1.35481,761,0,0
2026-08-18 03:55:00,1.35481,1.35504,1.3547799999999999,1.35503,1011,0,0
2026-08-18 04:00:00,1.35503,1.35511,1.3548200000000001,1.35487,1083,0,0
2026-08-18 04:05:00,1.35487,1.35514,1.35486,1.3551199999999999,1110,0,0
2026-08-18 04:10:00,1.35511,1.3553600000000001,1.35508,1.35529,814,0,0
2026-08-18 04:15:00,1.35529,1.35531,1.3548200000000001,1.35492,674,0,0
2026-08-18 04:20:00,1.35492,1.355,1.35476,1.35487,717,0,0
2026-08-18 04:25:00,1.35487,1.35489,1.35458,1.3548499999999999,770,0,0
2026-08-18 04:30:00,1.3548499999999999,1.35504,1.3548200000000001,1.35501,707,0,0
2026-08-18 04:35:00,1.35501,1.35522,1.35499,1.3551199999999999,485,0,0
2026-08-18 04:40:00,1.3551199999999999,1.35513,1.3548200000000001,1.35484,690,0,0
2026-08-18 04:45:00,1.35484,1.3548499999999999,1.3546,1.35472,878,0,0
2026-08-18 04:50:00,1.35472,1.35488,1.35462,1.3548,662,0,0
2026-08-18 04:55:00,1.3548,1.3548499999999999,1.35452,1.35463,685,0,0
2026-08-18 05:00:00,1.35463,1.35464,1.3544,1.35458,901,0,0
2026-08-18 05:05:00,1.35458,1.3547,1.3544800000000001,1.3544800000000001,726,0,0
2026-08-18 05:10:00,1.3544800000000001,1.3545099999999999,1.35436,1.35438,969,0,0
2026-08-18 05:15:00,1.35438,1.35447,1.35428,1.35437,735,0,0
2026-08-18 05:20:00,1.35437,1.3544100000000001,1.35416,1.3542,913,0,0
2026-08-18 05:25:00,1.3542,1.35429,1.3541400000000001,1.35425,733,0,0
2026-08-18 05:30:00,1.35425,1.35426,1.35394,1.35418,865,0,0
2026-08-18 05:35:00,1.35418,1.35428,1.35412,1.35415,549,0,0
2026-08-18 05:40:00,1.35416,1.35426,1.35412,1.35423,925,0,0
2026-08-18 05:45:00,1.35423,1.35443,1.35416,1.35442,470,0,0
2026-08-18 05:50:00,1.35442,1.35456,1.35439,1.35456,715,0,0
2026-08-18 05:55:00,1.35456,1.35462,1.35449,1.3546,756,0,0
2026-08-18 06:00:00,1.3546,1.35461,1.3543,1.3544,555,0,0
2026-08-18 06:05:00,1.3544,1.35442,1.35416,1.35422,645,0,0
2026-08-18 06:10:00,1.35422,1.35429,1.35416,1.35419,609,0,0
2026-08-18 06:15:00,1.35419,1.3542,1.35388,1.35388,641,0,0
2026-08-18 06:20:00,1.35388,1.3538999999999999,1.35374,1.35376,512,0,0
2026-08-18 06:25:00,1.35376,1.35385,1.35371,1.3538000000000001,526,0,0
2026-08-18 06:30:00,1.3538000000000001,1.35381,1.3537,1.35371,432,0,0
2026-08-18 06:35:00,1.35371,1.35373,1.35354,1.3535599999999999,795,0,0
2026-08-18 06:40:00,1.3535599999999999,1.35365,1.35354,1.35362,615,0,0
2026-08-18 06:45:00,1.35362,1.35362,1.3534,1.3534,336,0,0
2026-08-18 06:50:00,1.3534,1.35351,1.3534,1.35344,710,0,0
2026-08-18 06:55:00,1.35344,1.3536299999999999,1.35341,1.35352,717,0,0
2026-08-18 07:00:00,1.35351,1.35361,1.35345,1.35347,769,0,0
2026-08-18 07:05:00,1.35347,1.35352,1.3532899999999999,1.3532899999999999,559,0,0
2026-08-18 07:10:00,1.3533,1.35333,1.35311,1.35316,481,0,0
2026-08-18 07:15:00,1.35316,1.3532199999999999,1.35311,1.35316,671,0,0
2026-08-18 07:20:00,1.35316,1.35371,1.3531,1.35369,826,0,0
2026-08-18 07:25:00,1.35369,1.3538000000000001,1.35349,1.35366,512,0,0
2026-08-18 07:30:00,1.35367,1.35369,1.35337,1.3534,286,0,0
2026-08-18 07:35:00,1.3534,1.3536000000000001,1.3534,1.35348,208,0,0
2026-08-18 07:40:00,1.35348,1.3537,1.35348,1.35361,457,0,0
2026-08-18 07:45:00,1.35361,1.3538000000000001,1.35351,1.35379,388,0,0
2026-08-18 07:50:00,1.35379,1.3538000000000001,1.35368,1.35373,322,0,0
2026-08-18 07:55:00,1.35374,1.35376,1.35351,1.35352,573,0,0
2026-08-18 08:00:00,1.35352,1.3535599999999999,1.35337,1.35339,740,0,0
2026-08-18 08:05:00,1.35339,1.35347,1.35336,1.35341,418,0,0
2026-08-18 08:10:00,1.35341,1.35346,1.35336,1.35338,266,0,0
2026-08-18 08:15:00,1.35338,1.35358,1.3532899999999999,1.35351,617,0,0
2026-08-18 08:20:00,1.35351,1.35364,1.35349,1.3536000000000001,319,0,0
2026-08-18 08:25:00,1.3536000000000001,1.35388,1.3535599999999999,1.3538000000000001,373,0,0
2026-08-18 08:30:00,1.3538000000000001,1.35388,1.35369,1.3537,439,0,0
2026-08-18 08:35:00,1.3537,1.35372,1.35361,1.35367,380,0,0
2026-08-18 08:40:00,1.35367,1.35373,1.3535300000000001,1.3537,463,0,0
2026-08-18 08:45:00,1.3537,1.3538999999999999,1.3536299999999999,1.35389,448,0,0
2026-08-18 08:50:00,1.35389,1.35392,1.3537,1.35379,296,0,0
2026-08-18 08:55:00,1.35378,1.35386,1.35355,1.35355,372,0,0
2026-08-18 09:00:00,1.35355,1.35431,1.35228,1.35241,1263,0,0
2026-08-18 09:05:00,1.35241,1.35262,1.35218,1.35259,1705,0,0
2026-08-18 09:10:00,1.35259,1.353,1.35256,1.35279,1385,0,0
2026-08-18 09:15:00,1.35279,1.35293,1.35255,1.35289,1265,0,0
2026-08-18 09:20:00,1.35289,1.35309,1.3526500000000001,1.35301,1033,0,0
2026-08-18 09:25:00,1.35301,1.35331,1.3529900000000001,1.3532600000000001,1133,0,0
2026-08-18 09:30:00,1.3532600000000001,1.35331,1.35283,1.35283,1293,0,0
2026-08-18 09:35:00,1.35281,1.35287,1.35255,1.35277,1185,0,0
2026-08-18 09:40:00,1.35277,1.35287,1.35267,1.35282,1043,0,0
2026-08-18 09:45:00,1.35282,1.35284,1.35262,1.35278,1027,0,0
2026-08-18 09:50:00,1.35278,1.35282,1.35212,1.35233,925,0,0
2026-08-18 09:55:00,1.35233,1.35272,1.35225,1.3526799999999999,1504,0,0
2026-08-18 10:00:00,1.3527,1.35288,1.35253,1.35285,1603,0,0
2026-08-18 10:05:00,1.35285,1.35289,1.3523,1.35244,1256,0,0
2026-08-18 10:10:00,1.35244,1.35246,1.3520400000000001,1.35216,854,0,0
2026-08-18 10:15:00,1.35215,1.35232,1.35195,1.35222,1072,0,0
2026-08-18 10:20:00,1.35222,1.35252,1.35221,1.3525,745,0,0
2026-08-18 10:25:00,1.3525,1.35274,1.35248,1.35249,743,0,0
2026-08-18 10:30:00,1.35249,1.3527,1.35236,1.3523800000000001,1143,0,0
2026-08-18 10:35:00,1.3523800000000001,1.35298,1.35237,1.35291,952,0,0
2026-08-18 10:40:00,1.35291,1.35304,1.35282,1.35289,679,0,0
2026-08-18 10:45:00,1.35289,1.35303,1.35282,1.35294,673,0,0
2026-08-18 10:50:00,1.35294,1.35313,1.35259,1.35269,789,0,0
2026-08-18 10:55:00,1.35269,1.35308,1.35264,1.35287,870,0,0
2026-08-18 11:00:00,1.35287,1.35288,1.35242,1.35267,1197,0,0
2026-08-18 11:05:00,1.35267,1.35274,1.35236,1.35249,1053,0,0
2026-08-18 11:10:00,1.35249,1.35274,1.35247,1.35255,655,0,0
2026-08-18 11:15:00,1.35255,1.35266,1.35246,1.35264,829,0,0
2026-08-18 11:20:00,1.35264,1.3526500000000001,1.35235,1.35245,700,0,0
2026-08-18 11:25:00,1.35245,1.35282,1.3524,1.3528,984,0,0
2026-08-18 11:30:00,1.3528,1.353,1.35266,1.35282,754,0,0
2026-08-18 11:35:00,1.35282,1.35294,1.3526500000000001,1.35281,694,0,0
2026-08-18 11:40:00,1.35281,1.35305,1.35278,1.3529499999999999,648,0,0
2026-08-18 11:45:00,1.3529499999999999,1.35317,1.3529,1.35307,770,0,0
2026-08-18 11:50:00,1.35307,1.35307,1.35282,1.353,593,0,0
2026-08-18 11:55:00,1.353,1.35336,1.3529900000000001,1.35321,586,0,0
2026-08-18 12:00:00,1.3531900000000001,1.35321,1.35297,1.35307,606,0,0
2026-08-18 12:05:00,1.35307,1.3532,1.35289,1.3529499999999999,531,0,0
2026-08-18 12:10:00,1.3529499999999999,1.35301,1.35284,1.35287,580,0,0
2026-08-18 12:15:00,1.35287,1.35293,1.35263,1.35284,648,0,0
2026-08-18 12:20:00,1.35284,1.35314,1.35284,1.35303,949,0,0
2026-08-18 12:25:00,1.35303,1.35328,1.3529900000000001,1.35318,781,0,0
2026-08-18 12:30:00,1.3531900000000001,1.35335,1.35314,1.35324,916,0,0
2026-08-18 12:35:00,1.35324,1.3532899999999999,1.35304,1.35305,856,0,0
2026-08-18 12:40:00,1.35305,1.35308,1.35272,1.35301,723,0,0
2026-08-18 12:45:00,1.35301,1.35324,1.35296,1.35316,713,0,0
2026-08-18 12:50:00,1.35316,1.3532899999999999,1.35307,1.35311,835,0,0
2026-08-18 12:55:00,1.35313,1.35336,1.35313,1.3531900000000001,1077,0,0
2026-08-18 13:00:00,1.3532,1.35321,1.35285,1.3529499999999999,924,0,0
2026-08-18 13:05:00,1.35294,1.35301,1.35271,1.35285,659,0,0
2026-08-18 13:10:00,1.35285,1.35286,1.35257,1.35257,827,0,0
2026-08-18 13:15:00,1.3525800000000001,1.35288,1.35252,1.3526099999999999,834,0,0
2026-08-18 13:20:00,1.3526,1.35267,1.3525,1.3526500000000001,567,0,0
2026-08-18 13:25:00,1.3526500000000001,1.3529200000000001,1.35245,1.35288,671,0,0
2026-08-18 13:30:00,1.35287,1.35302,1.35275,1.35277,673,0,0
2026-08-18 13:35:00,1.35277,1.3529200000000001,1.35275,1.35289,418,0,0
2026-08-18 13:40:00,1.35289,1.35293,1.35269,1.35271,371,0,0
2026-08-18 13:45:00,1.35271,1.353,1.35271,1.35294,558,0,0
2026-08-18 13:50:00,1.35294,1.35305,1.35252,1.3526,997,0,0
2026-08-18 13:55:00,1.35259,1.35283,1.35242,1.3525800000000001,1196,0,0
2026-08-18 14:00:00,1.3525800000000001,1.35275,1.35225,1.35228,622,0,0
2026-08-18 14:05:00,1.35229,1.35247,1.35222,1.3523800000000001,566,0,0
2026-08-18 14:10:00,1.3523800000000001,1.35257,1.35232,1.35239,458,0,0
2026-08-18 14:15:00,1.35239,1.3524,1.35223,1.35227,360,0,0
2026-08-18 14:20:00,1.35228,1.3524,1.35225,1.3523100000000001,480,0,0
2026-08-18 14:25:00,1.3523100000000001,1.35239,1.35196,1.35202,655,0,0
2026-08-18 14:30:00,1.35202,1.35233,1.35199,1.35215,658,0,0
2026-08-18 14:35:00,1.35215,1.35237,1.35208,1.35217,602,0,0
2026-08-18 14:40:00,1.35217,1.3523800000000001,1.3520699999999999,1.35215,530,0,0
2026-08-18 14:45:00,1.35215,1.3523399999999999,1.35215,1.3523399999999999,427,0,0
2026-08-18 14:50:00,1.35233,1.35253,1.35227,1.35242,564,0,0
2026-08-18 14:55:00,1.35242,1.35276,1.3523800000000001,1.35271,922,0,0
2026-08-18 15:00:00,1.35271,1.3529,1.3525,1.35278,1184,0,0
2026-08-18 15:05:00,1.35277,1.35283,1.35248,1.3525800000000001,1170,0,0
2026-08-18 15:10:00,1.3525800000000001,1.35283,1.35248,1.35278,774,0,0
2026-08-18 15:15:00,1.35278,1.35296,1.3526500000000001,1.35296,743,0,0
2026-08-18 15:20:00,1.35298,1.35321,1.35283,1.35291,1195,0,0
2026-08-18 15:25:00,1.35291,1.35301,1.3526,1.35275,846,0,0
2026-08-18 15:30:00,1.35275,1.35301,1.3525800000000001,1.3526,633,0,0
2026-08-18 15:35:00,1.3526,1.35266,1.35236,1.35257,808,0,0
2026-08-18 15:40:00,1.35257,1.3529,1.35249,1.35288,827,0,0
2026-08-18 15:45:00,1.35288,1.35317,1.35278,1.35317,815,0,0
2026-08-18 15:50:00,1.35317,1.35327,1.35307,1.3532199999999999,887,0,0
2026-08-18 15:55:00,1.3532199999999999,1.35342,1.35314,1.35314,1098,0,0
2026-08-18 16:00:00,1.35314,1.35377,1.35311,1.35376,1289,0,0
2026-08-18 16:05:00,1.35376,1.35376,1.35346,1.35359,935,0,0
2026-08-18 16:10:00,1.3536000000000001,1.3538000000000001,1.3535599999999999,1.35373,871,0,0
2026-08-18 16:15:00,1.35374,1.35376,1.3534,1.35341,682,0,0
2026-08-18 16:20:00,1.35341,1.35361,1.35333,1.35339,805,0,0
2026-08-18 16:25:00,1.35339,1.35359,1.3532199999999999,1.35335,1256,0,0
2026-08-18 16:30:00,1.35335,1.354,1.35282,1.35394,2124,0,0
2026-08-18 16:35:00,1.35394,1.35434,1.35377,1.35428,2005,0,0
2026-08-18 16:40:00,1.35428,1.35437,1.3538000000000001,1.35388,1470,0,0
2026-08-18 16:45:00,1.35388,1.35394,1.35355,1.35361,1296,0,0
2026-08-18 16:50:00,1.35362,1.35376,1.35327,1.3535599999999999,1182,0,0
2026-08-18 16:55:00,1.3535599999999999,1.35409,1.3535599999999999,1.35408,1195,0,0
2026-08-18 17:00:00,1.35408,1.35445,1.35394,1.35429,1534,0,0
2026-08-18 17:05:00,1.35429,1.35456,1.35408,1.3544800000000001,1799,0,0
2026-08-18 17:10:00,1.3544800000000001,1.35458,1.35413,1.3542,1203,0,0
2026-08-18 17:15:00,1.3542,1.35471,1.35405,1.35457,1123,0,0
2026-08-18 17:20:00,1.35457,1.35487,1.35435,1.3547799999999999,1121,0,0
2026-08-18 17:25:00,1.3547799999999999,1.35484,1.3541699999999999,1.35439,966,0,0
2026-08-18 17:30:00,1.35439,1.3545,1.35405,1.35436,1045,0,0
2026-08-18 17:35:00,1.35436,1.35437,1.3538999999999999,1.35396,914,0,0
2026-08-18 17:40:00,1.35396,1.35463,1.35394,1.35459,1124,0,0
2026-08-18 17:45:00,1.35459,1.35486,1.35439,1.3547,987,0,0
2026-08-18 17:50:00,1.3547,1.35511,1.35437,1.35457,1818,0,0
2026-08-18 17:55:00,1.35457,1.3547799999999999,1.35422,1.35427,2355,0,0
2026-08-18 18:00:00,1.35427,1.3548,1.35398,1.35474,2604,0,0
2026-08-18 18:05:00,1.35474,1.35483,1.35394,1.35398,1629,0,0
2026-08-18 18:10:00,1.35398,1.35413,1.35366,1.35368,1450,0,0
2026-08-18 18:15:00,1.35368,1.35418,1.35364,1.35392,1656,0,0
2026-08-18 18:20:00,1.35392,1.3542100000000001,1.35372,1.35372,1732,0,0
2026-08-18 18:25:00,1.35372,1.35405,1.35367,1.35394,1493,0,0
2026-08-18 18:30:00,1.35394,1.35397,1.35362,1.3538000000000001,1721,0,0
2026-08-18 18:35:00,1.35379,1.35407,1.35378,1.35384,1190,0,0
2026-08-18 18:40:00,1.35384,1.35401,1.35374,1.35381,920,0,0
2026-08-18 18:45:00,1.35381,1.35411,1.3538000000000001,1.35408,1032,0,0
2026-08-18 18:50:00,1.35408,1.3542100000000001,1.35396,1.35408,860,0,0
2026-08-18 18:55:00,1.35408,1.3544399999999999,1.35399,1.35427,1174,0,0
2026-08-18 19:00:00,1.35428,1.35446,1.35406,1.35435,1144,0,0
2026-08-18 19:05:00,1.35434,1.35452,1.35426,1.3544,916,0,0
2026-08-18 19:10:00,1.3544,1.35462,1.3543,1.35438,733,0,0
2026-08-18 19:15:00,1.35438,1.35449,1.35427,1.35445,999,0,0
2026-08-18 19:20:00,1.35445,1.3547,1.35445,1.35464,892,0,0
2026-08-18 19:25:00,1.35464,1.35471,1.35416,1.3542100000000001,1138,0,0
2026-08-18 19:30:00,1.35427,1.35443,1.3541,1.35422,939,0,0
2026-08-18 19:35:00,1.35422,1.35438,1.35409,1.3543,945,0,0
2026-08-18 19:40:00,1.3543,1.35449,1.35427,1.3544100000000001,759,0,0
2026-08-18 19:45:00,1.3544100000000001,1.3544800000000001,1.3543,1.35436,747,0,0
2026-08-18 19:50:00,1.35436,1.3544100000000001,1.35422,1.35429,638,0,0
2026-08-18 19:55:00,1.35429,1.3543,1.35405,1.35405,789,0,0
2026-08-18 20:00:00,1.35406,1.3541400000000001,1.35376,1.35382,887,0,0
2026-08-18 20:05:00,1.35382,1.35384,1.35338,1.35349,712,0,0
2026-08-18 20:10:00,1.35349,1.3535,1.35339,1.35345,635,0,0
2026-08-18 20:15:00,1.35345,1.35362,1.35344,1.35359,550,0,0
2026-08-18 20:20:00,1.35359,1.35376,1.3535599999999999,1.35371,621,0,0
2026-08-18 20:25:00,1.35371,1.35373,1.35342,1.35358,893,0,0
2026-08-18 20:30:00,1.35358,1.35358,1.35328,1.35347,823,0,0
2026-08-18 20:35:00,1.35347,1.35349,1.35321,1.35338,754,0,0
2026-08-18 20:40:00,1.35338,1.3535300000000001,1.35337,1.35347,818,0,0
2026-08-18 20:45:00,1.35346,1.35357,1.35342,1.35344,654,0,0
2026-08-18 20:50:00,1.35344,1.35358,1.3534,1.35346,791,0,0
2026-08-18 20:55:00,1.35346,1.3535,1.35337,1.35347,686,0,0
2026-08-18 21:00:00,1.35347,1.35347,1.35325,1.35328,655,0,0
2026-08-18 21:05:00,1.35328,1.3535,1.3532600000000001,1.3535,622,0,0
2026-08-18 21:10:00,1.3535,1.35355,1.35336,1.35351,480,0,0
2026-08-18 21:15:00,1.35351,1.35369,1.3535,1.35368,443,0,0
2026-08-18 21:20:00,1.35368,1.35376,1.35358,1.35364,586,0,0
2026-08-18 21:25:00,1.35364,1.35381,1.35362,1.35372,803,0,0
2026-08-18 21:30:00,1.35372,1.35373,1.35357,1.35365,547,0,0
2026-08-18 21:35:00,1.35365,1.35366,1.35347,1.35354,466,0,0
2026-08-18 21:40:00,1.35354,1.35355,1.35334,1.35335,416,0,0
2026-08-18 21:45:00,1.35335,1.3534,1.3532600000000001,1.35328,384,0,0
2026-08-18 21:50:00,1.35328,1.35332,1.35325,1.35327,409,0,0
2026-08-18 21:55:00,1.35327,1.35341,1.35325,1.35339,648,0,0
2026-08-18 22:00:00,1.35339,1.35342,1.3532600000000001,1.35339,629,0,0
2026-08-18 22:05:00,1.35339,1.3534,1.35325,1.35332,359,0,0
2026-08-18 22:10:00,1.35332,1.3537,1.35331,1.35357,910,0,0
2026-08-18 22:15:00,1.35357,1.35364,1.35345,1.35351,497,0,0
2026-08-18 22:20:00,1.35351,1.3536299999999999,1.35346,1.35359,403,0,0
2026-08-18 22:25:00,1.35359,1.35359,1.35347,1.35351,641,0,0
2026-08-18 22:30:00,1.35351,1.3536299999999999,1.35347,1.35362,641,0,0
2026-08-18 22:35:00,1.35362,1.35376,1.35357,1.35372,499,0,0
2026-08-18 22:40:00,1.35372,1.35397,1.35369,1.35371,606,0,0
2026-08-18 22:45:00,1.35371,1.35377,1.35348,1.35359,497,0,0
2026-08-18 22:50:00,1.35359,1.35369,1.35347,1.35352,486,0,0
2026-08-18 22:55:00,1.35352,1.35352,1.35313,1.35327,1042,0,0
2026-08-18 23:00:00,1.35327,1.35328,1.35303,1.35304,530,0,0
2026-08-18 23:05:00,1.35304,1.35309,1.35294,1.35297,269,0,0
2026-08-18 23:10:00,1.35297,1.35308,1.35288,1.35306,558,0,0
2026-08-18 23:15:00,1.35306,1.35308,1.353,1.35304,188,0,0
2026-08-18 23:20:00,1.35304,1.35307,1.35287,1.35289,205,0,0
2026-08-18 23:25:00,1.35289,1.35297,1.35286,1.35297,223,0,0
2026-08-18 23:30:00,1.35296,1.35316,1.3529499999999999,1.35315,173,0,0
2026-08-18 23:35:00,1.35315,1.35318,1.35311,1.35314,470,0,0
2026-08-18 23:40:00,1.35314,1.3532,1.35308,1.35316,309,0,0
2026-08-18 23:45:00,1.35316,1.35321,1.35307,1.35314,349,0,0
2026-08-18 23:50:00,1.35315,1.35318,1.35309,1.35317,136,0,0
2026-08-18 23:55:00,1.35317,1.3532199999999999,1.3531,1.35315,410,0,0
2026-08-19 00:00:00,1.3531900000000001,1.3538700000000001,1.35256,1.3537,119,11,0
2026-08-19 00:05:00,1.3537,1.3537,1.3529499999999999,1.35341,204,0,0
2026-08-19 00:10:00,1.35341,1.35357,1.3529200000000001,1.3535599999999999,289,0,0
2026-08-19 00:15:00,1.3535599999999999,1.3536000000000001,1.35303,1.35337,122,4,0
2026-08-19 00:20:00,1.35337,1.35358,1.35328,1.35357,125,2,0
2026-08-19 00:25:00,1.35357,1.35358,1.35327,1.35341,84,8,0
2026-08-19 00:30:00,1.35339,1.35346,1.35325,1.35341,108,11,0
2026-08-19 00:35:00,1.35341,1.35342,1.35324,1.35337,259,10,0
2026-08-19 00:40:00,1.35336,1.35341,1.35315,1.3532,300,0,0
2026-08-19 00:45:00,1.3532,1.35334,1.35296,1.3531900000000001,186,0,0
2026-08-19 00:50:00,1.3531900000000001,1.35324,1.35309,1.35309,45,1,0
2026-08-19 00:55:00,1.35309,1.35364,1.3529,1.3535300000000001,212,2,0
2026-08-19 01:00:00,1.3535300000000001,1.35372,1.35313,1.3532899999999999,427,0,0
2026-08-19 01:05:00,1.3532899999999999,1.35335,1.3532,1.3532199999999999,263,0,0
2026-08-19 01:10:00,1.3532199999999999,1.35331,1.35311,1.35312,348,0,0
2026-08-19 01:15:00,1.35312,1.35325,1.35309,1.35323,288,0,0
2026-08-19 01:20:00,1.35323,1.35324,1.35315,1.35316,90,0,0
2026-08-19 01:25:00,1.35316,1.3531900000000001,1.35313,1.35317,130,0,0
2026-08-19 01:30:00,1.35317,1.3532199999999999,1.35309,1.3531900000000001,170,0,0
2026-08-19 01:35:00,1.3531900000000001,1.35327,1.35317,1.3532,121,0,0
2026-08-19 01:40:00,1.3532,1.3532,1.35317,1.35317,100,0,0
2026-08-19 01:45:00,1.35317,1.3533,1.35317,1.3532899999999999,149,0,0
2026-08-19 01:50:00,1.3532899999999999,1.35342,1.3532899999999999,1.35341,106,0,0
2026-08-19 01:55:00,1.35341,1.35342,1.35337,1.35337,60,0,0
2026-08-19 02:00:00,1.35337,1.3536299999999999,1.35337,1.35359,239,0,0
2026-08-19 02:05:00,1.35359,1.35362,1.35355,1.35357,260,0,0
2026-08-19 02:10:00,1.35357,1.35361,1.35348,1.35351,147,0,0
2026-08-19 02:15:00,1.35351,1.35352,1.35348,1.35349,148,0,0
2026-08-19 02:20:00,1.35349,1.35354,1.35348,1.35351,90,0,0
2026-08-19 02:25:00,1.35351,1.3535300000000001,1.3532,1.3532899999999999,188,0,0
2026-08-19 02:30:00,1.3532899999999999,1.35342,1.35327,1.35332,294,0,0
2026-08-19 02:35:00,1.35332,1.35332,1.3531900000000001,1.35321,246,0,0
2026-08-19 02:40:00,1.35321,1.35328,1.3531900000000001,1.35323,242,0,0
2026-08-19 02:45:00,1.35323,1.35338,1.35316,1.35331,400,0,0
2026-08-19 02:50:00,1.35331,1.35343,1.35328,1.35341,243,0,0
2026-08-19 02:55:00,1.35341,1.35362,1.35336,1.35362,345,0,0
2026-08-19 03:00:00,1.35362,1.35408,1.3535,1.35404,1162,0,0
2026-08-19 03:05:00,1.35404,1.35413,1.35384,1.35385,1331,0,0
2026-08-19 03:10:00,1.35385,1.35416,1.3538000000000001,1.35402,1301,0,0
2026-08-19 03:15:00,1.35402,1.3541,1.3538999999999999,1.3538999999999999,1104,0,0
2026-08-19 03:20:00,1.3538999999999999,1.35394,1.35378,1.35386,1120,0,0
2026-08-19 03:25:00,1.35385,1.35391,1.35376,1.35382,1031,0,0
2026-08-19 03:30:00,1.35382,1.35386,1.35335,1.35351,1179,0,0
2026-08-19 03:35:00,1.35351,1.35364,1.35341,1.35361,987,0,0
2026-08-19 03:40:00,1.35361,1.35372,1.3534,1.35346,894,0,0
2026-08-19 03:45:00,1.35346,1.35348,1.3532600000000001,1.35332,1052,0,0
2026-08-19 03:50:00,1.35331,1.3535,1.35321,1.35325,1517,0,0
2026-08-19 03:55:00,1.35325,1.35339,1.3529,1.3529,1323,0,0
2026-08-19 04:00:00,1.3529,1.3529900000000001,1.35269,1.35297,1594,0,0
2026-08-19 04:05:00,1.35297,1.35301,1.35278,1.3528,1115,0,0
2026-08-19 04:10:00,1.3528,1.35288,1.3526,1.3526500000000001,1165,0,0
2026-08-19 04:15:00,1.3526500000000001,1.35272,1.3523399999999999,1.35257,1316,0,0
2026-08-19 04:20:00,1.35257,1.35271,1.35246,1.3526500000000001,1069,0,0
2026-08-19 04:25:00,1.3526500000000001,1.35279,1.3526,1.35279,1023,0,0
2026-08-19 04:30:00,1.35278,1.35296,1.35275,1.3528,1192,0,0
2026-08-19 04:35:00,1.3528,1.35298,1.35279,1.35286,837,0,0
2026-08-19 04:40:00,1.35286,1.3529900000000001,1.35284,1.35288,754,0,0
2026-08-19 04:45:00,1.35288,1.35301,1.3528,1.35281,862,0,0
2026-08-19 04:50:00,1.35281,1.35288,1.35275,1.35283,847,0,0
2026-08-19 04:55:00,1.35283,1.35315,1.35283,1.35307,909,0,0
2026-08-19 05:00:00,1.35307,1.35321,1.35301,1.35318,842,0,0
2026-08-19 05:05:00,1.35318,1.35351,1.35317,1.35349,806,0,0
2026-08-19 05:10:00,1.3535,1.35351,1.35335,1.35346,932,0,0
2026-08-19 05:15:00,1.35346,1.35412,1.35318,1.3537,2085,0,0
2026-08-19 05:20:00,1.3537,1.35415,1.3535300000000001,1.3538000000000001,1114,0,0
2026-08-19 05:25:00,1.3538000000000001,1.3538700000000001,1.35349,1.35364,886,0,0
2026-08-19 05:30:00,1.35364,1.35381,1.35351,1.35359,921,0,0
2026-08-19 05:35:00,1.35359,1.354,1.35358,1.35391,1023,0,0
2026-08-19 05:40:00,1.35391,1.3541699999999999,1.35386,1.3541,779,0,0
2026-08-19 05:45:00,1.3541,1.35437,1.35403,1.35407,1344,0,0
2026-08-19 05:50:00,1.35407,1.35411,1.3537,1.35386,688,0,0
2026-08-19 05:55:00,1.35386,1.35399,1.35376,1.35397,1036,0,0
2026-08-19 06:00:00,1.35398,1.35416,1.3538999999999999,1.35398,1092,0,0
2026-08-19 06:05:00,1.35398,1.35398,1.3537,1.3538000000000001,846,0,0
2026-08-19 06:10:00,1.3538000000000001,1.35398,1.35378,1.3538999999999999,474,0,0
2026-08-19 06:15:00,1.3538999999999999,1.35409,1.35389,1.35401,953,0,0
2026-08-19 06:20:00,1.35401,1.35408,1.35397,1.35399,598,0,0
2026-08-19 06:25:00,1.35399,1.35411,1.35396,1.35402,772,0,0
2026-08-19 06:30:00,1.35402,1.3541,1.35385,1.35388,543,0,0
2026-08-19 06:35:00,1.35388,1.35394,1.35381,1.3538700000000001,515,0,0
2026-08-19 06:40:00,1.3538700000000001,1.3538999999999999,1.35375,1.35388,441,0,0
2026-08-19 06:45:00,1.35388,1.35394,1.35381,1.35393,471,0,0
2026-08-19 06:50:00,1.35393,1.35396,1.35384,1.35384,831,0,0
2026-08-19 06:55:00,1.35384,1.35385,1.35369,1.35371,483,0,0
2026-08-19 07:00:00,1.35371,1.35386,1.35361,1.35369,582,0,0
2026-08-19 07:05:00,1.35369,1.35372,1.35367,1.35372,341,0,0
2026-08-19 07:10:00,1.35372,1.354,1.35365,1.35398,547,0,0
2026-08-19 07:15:00,1.35398,1.35399,1.35389,1.35392,795,0,0
2026-08-19 07:20:00,1.35393,1.35398,1.35386,1.3538999999999999,853,0,0
2026-08-19 07:25:00,1.3538999999999999,1.35397,1.3538000000000001,1.3538700000000001,808,0,0
2026-08-19 07:30:00,1.3538700000000001,1.35418,1.35386,1.35392,947,0,0
2026-08-19 07:35:00,1.35392,1.35401,1.35375,1.35376,668,0,0
2026-08-19 07:40:00,1.35376,1.35386,1.35365,1.35386,693,0,0
2026-08-19 07:45:00,1.35386,1.35405,1.35381,1.35399,613,0,0
2026-08-19 07:50:00,1.35399,1.35402,1.3538999999999999,1.354,614,0,0
2026-08-19 07:55:00,1.354,1.35425,1.35396,1.35418,924,0,0
2026-08-19 08:00:00,1.35418,1.35431,1.3541,1.3542,870,0,0
2026-08-19 08:05:00,1.3542,1.3542,1.35395,1.35398,688,0,0
2026-08-19 08:10:00,1.35398,1.35418,1.35396,1.35416,793,0,0
2026-08-19 08:15:00,1.35416,1.35431,1.35411,1.3542,769,0,0
2026-08-19 08:20:00,1.3542,1.35429,1.35407,1.35419,880,0,0
2026-08-19 08:25:00,1.35418,1.3542100000000001,1.35406,1.35418,901,0,0
2026-08-19 08:30:00,1.35418,1.35431,1.35411,1.35429,1299,0,0
2026-08-19 08:35:00,1.35429,1.35431,1.35409,1.35427,997,0,0
2026-08-19 08:40:00,1.35427,1.3544,1.35416,1.35436,802,0,0
2026-08-19 08:45:00,1.35436,1.35447,1.35422,1.35439,957,0,0
2026-08-19 08:50:00,1.35439,1.35449,1.35425,1.35427,792,0,0
2026-08-19 08:55:00,1.35427,1.35446,1.35419,1.35434,936,0,0
2026-08-19 09:00:00,1.35438,1.35491,1.35406,1.35469,882,0,0
2026-08-19 09:05:00,1.35469,1.35481,1.35445,1.35455,922,0,0
2026-08-19 09:10:00,1.35455,1.35462,1.35437,1.35437,803,0,0
2026-08-19 09:15:00,1.35437,1.35518,1.35434,1.35517,1183,0,0
2026-08-19 09:20:00,1.35517,1.3558,1.3550900000000001,1.3556599999999999,990,0,0
2026-08-19 09:25:00,1.3556599999999999,1.35577,1.35524,1.35538,1260,0,0
2026-08-19 09:30:00,1.35538,1.35548,1.35489,1.35507,1227,0,0
2026-08-19 09:35:00,1.35507,1.35517,1.35498,1.35513,1000,0,0
2026-08-19 09:40:00,1.35513,1.35525,1.35494,1.35517,1090,0,0
2026-08-19 09:45:00,1.35517,1.35522,1.35495,1.35515,959,0,0
2026-08-19 09:50:00,1.35515,1.35535,1.35504,1.35516,1044,0,0
2026-08-19 09:55:00,1.35516,1.35519,1.35495,1.3551,1524,0,0
2026-08-19 10:00:00,1.35511,1.35559,1.35501,1.35519,1584,0,0
2026-08-19 10:05:00,1.35519,1.35549,1.35498,1.35528,874,0,0
2026-08-19 10:10:00,1.35528,1.35532,1.35479,1.35479,834,0,0
2026-08-19 10:15:00,1.3548,1.3548,1.3544800000000001,1.35463,724,0,0
2026-08-19 10:20:00,1.35462,1.35522,1.35461,1.35498,961,0,0
2026-08-19 10:25:00,1.35498,1.35508,1.3549,1.35499,885,0,0
2026-08-19 10:30:00,1.35499,1.35529,1.35489,1.35528,824,0,0
2026-08-19 10:35:00,1.35528,1.35541,1.3551,1.35532,953,0,0
2026-08-19 10:40:00,1.35532,1.35542,1.35508,1.35517,894,0,0
2026-08-19 10:45:00,1.35516,1.35532,1.35513,1.35522,596,0,0
2026-08-19 10:50:00,1.35522,1.35548,1.35516,1.35542,725,0,0
2026-08-19 10:55:00,1.35542,1.3556,1.35535,1.35558,1158,0,0
2026-08-19 11:00:00,1.35559,1.35569,1.35542,1.35568,1093,0,0
2026-08-19 11:05:00,1.35568,1.35613,1.35559,1.35594,1165,0,0
2026-08-19 11:10:00,1.35594,1.35651,1.35593,1.35628,1144,0,0
2026-08-19 11:15:00,1.35628,1.3566099999999999,1.35622,1.35628,912,0,0
2026-08-19 11:20:00,1.35628,1.35628,1.35579,1.35588,746,0,0
2026-08-19 11:25:00,1.35588,1.35589,1.35552,1.3556300000000001,905,0,0
2026-08-19 11:30:00,1.3556300000000001,1.35564,1.35534,1.35551,661,0,0
2026-08-19 11:35:00,1.35551,1.35561,1.3553600000000001,1.35557,636,0,0
2026-08-19 11:40:00,1.35557,1.35613,1.35555,1.35608,831,0,0
2026-08-19 11:45:00,1.35608,1.35629,1.3559700000000001,1.3562699999999999,741,0,0
2026-08-19 11:50:00,1.3562699999999999,1.3562699999999999,1.35595,1.35606,613,0,0
2026-08-19 11:55:00,1.35606,1.3561,1.35526,1.35532,902,0,0
2026-08-19 12:00:00,1.35532,1.35571,1.35497,1.3556,743,0,0
2026-08-19 12:05:00,1.3556,1.35564,1.35527,1.35527,657,0,0
2026-08-19 12:10:00,1.35527,1.35548,1.35518,1.3553600000000001,920,0,0
2026-08-19 12:15:00,1.3553600000000001,1.3555,1.35511,1.3554300000000001,830,0,0
2026-08-19 12:20:00,1.3554300000000001,1.35569,1.35532,1.3556300000000001,680,0,0
2026-08-19 12:25:00,1.3556300000000001,1.35576,1.35525,1.35551,678,0,0
2026-08-19 12:30:00,1.35551,1.35562,1.35531,1.3555,879,0,0
2026-08-19 12:35:00,1.3555,1.35567,1.3552,1.35525,891,0,0
2026-08-19 12:40:00,1.35525,1.3555,1.35525,1.35542,847,0,0
2026-08-19 12:45:00,1.35542,1.35581,1.35535,1.35579,631,0,0
2026-08-19 12:50:00,1.35579,1.35593,1.35561,1.35568,912,0,0
2026-08-19 12:55:00,1.35568,1.35592,1.35565,1.35583,871,0,0
2026-08-19 13:00:00,1.35583,1.35586,1.35558,1.3556300000000001,1099,0,0
2026-08-19 13:05:00,1.3556300000000001,1.35577,1.35556,1.35568,600,0,0
2026-08-19 13:10:00,1.35568,1.35618,1.35567,1.35616,673,0,0
2026-08-19 13:15:00,1.35616,1.35628,1.3559999999999999,1.35619,756,0,0
2026-08-19 13:20:00,1.35619,1.3563100000000001,1.35606,1.35619,646,0,0
2026-08-19 13:25:00,1.35619,1.35629,1.35593,1.35625,712,0,0
2026-08-19 13:30:00,1.35625,1.35637,1.35615,1.35629,598,0,0
2026-08-19 13:35:00,1.35629,1.35636,1.35619,1.35625,541,0,0
2026-08-19 13:40:00,1.35625,1.35642,1.3562400000000001,1.3563100000000001,613,0,0
2026-08-19 13:45:00,1.3563100000000001,1.35644,1.3563,1.3563100000000001,572,0,0
2026-08-19 13:50:00,1.3563100000000001,1.35632,1.35585,1.35586,781,0,0
2026-08-19 13:55:00,1.35586,1.35589,1.3554599999999999,1.35562,677,0,0
2026-08-19 14:00:00,1.35562,1.35606,1.35562,1.35571,743,0,0
2026-08-19 14:05:00,1.35571,1.35575,1.35531,1.35532,688,0,0
2026-08-19 14:10:00,1.35532,1.35556,1.35518,1.35556,773,0,0
2026-08-19 14:15:00,1.35556,1.35562,1.35541,1.35552,952,0,0
2026-08-19 14:20:00,1.35552,1.35562,1.35537,1.35552,556,0,0
2026-08-19 14:25:00,1.35552,1.35565,1.35537,1.35541,606,0,0
2026-08-19 14:30:00,1.35541,1.35552,1.3553,1.35551,592,0,0
2026-08-19 14:35:00,1.35551,1.35556,1.35497,1.35506,831,0,0
2026-08-19 14:40:00,1.35506,1.35514,1.3547500000000001,1.35495,821,0,0
2026-08-19 14:45:00,1.35495,1.35554,1.35495,1.3554300000000001,917,0,0
2026-08-19 14:50:00,1.3554300000000001,1.35552,1.35526,1.35535,688,0,0
2026-08-19 14:55:00,1.35535,1.3554,1.35518,1.3553,888,0,0
2026-08-19 15:00:00,1.3553,1.35556,1.35524,1.3554,1010,0,0
2026-08-19 15:05:00,1.3554,1.35577,1.35537,1.3556,898,0,0
2026-08-19 15:10:00,1.3556,1.35579,1.35557,1.35578,741,0,0
2026-08-19 15:15:00,1.35578,1.35611,1.35576,1.35609,728,0,0
2026-08-19 15:20:00,1.35609,1.35648,1.3559999999999999,1.35622,1119,0,0
2026-08-19 15:25:00,1.35622,1.3562699999999999,1.35594,1.3560699999999999,778,0,0
2026-08-19 15:30:00,1.3560699999999999,1.35784,1.35605,1.35771,2394,0,0
2026-08-19 15:35:00,1.35771,1.35859,1.35727,1.3578000000000001,3875,0,0
2026-08-19 15:40:00,1.3578000000000001,1.3589,1.3575599999999999,1.3589,2240,0,0
2026-08-19 15:45:00,1.3589,1.35998,1.35856,1.35987,2107,0,0
2026-08-19 15:50:00,1.35987,1.36021,1.35918,1.36013,2233,0,0
2026-08-19 15:55:00,1.36013,1.36032,1.35947,1.35949,2667,0,0
2026-08-19 16:00:00,1.35948,1.3602,1.35948,1.3599700000000001,2925,0,0
2026-08-19 16:05:00,1.35996,1.36087,1.35985,1.36087,2675,0,0
2026-08-19 16:10:00,1.36087,1.36173,1.36071,1.3614899999999999,2680,0,0
2026-08-19 16:15:00,1.3614899999999999,1.36197,1.3612600000000001,1.36196,2234,0,0
2026-08-19 16:20:00,1.36196,1.36219,1.36145,1.36145,2080,0,0
2026-08-19 16:25:00,1.36145,1.36222,1.36115,1.3622,2040,0,0
2026-08-19 16:30:00,1.36219,1.3624,1.36189,1.36215,2202,0,0
2026-08-19 16:35:00,1.36215,1.36232,1.3612600000000001,1.36223,2730,0,0
2026-08-19 16:40:00,1.36223,1.36242,1.36157,1.36186,2214,0,0
2026-08-19 16:45:00,1.36186,1.36199,1.36134,1.36151,2509,0,0
2026-08-19 16:50:00,1.3615,1.36201,1.36097,1.36199,3248,0,0
2026-08-19 16:55:00,1.362,1.36237,1.36172,1.36175,3109,0,0
2026-08-19 17:00:00,1.36175,1.36195,1.36134,1.36179,3076,0,0
2026-08-19 17:05:00,1.36179,1.36196,1.3614899999999999,1.3618000000000001,2148,0,0
2026-08-19 17:10:00,1.3618000000000001,1.36249,1.36177,1.36197,2324,0,0
2026-08-19 17:15:00,1.36197,1.3624399999999999,1.36195,1.36212,2091,0,0
2026-08-19 17:20:00,1.36212,1.36227,1.36148,1.36176,2209,0,0
2026-08-19 17:25:00,1.36177,1.36238,1.3617,1.36237,2084,0,0
2026-08-19 17:30:00,1.36238,1.36247,1.36201,1.36222,2188,0,0
2026-08-19 17:35:00,1.36222,1.3630499999999999,1.3622,1.36269,2223,0,0
2026-08-19 17:40:00,1.36269,1.36273,1.36218,1.3625099999999999,2084,0,0
2026-08-19 17:45:00,1.3625099999999999,1.36254,1.36136,1.36157,2437,0,0
2026-08-19 17:50:00,1.36157,1.36161,1.36087,1.3609,2919,0,0
2026-08-19 17:55:00,1.3609,1.3611,1.36064,1.36087,2472,0,0
2026-08-19 18:00:00,1.3608799999999999,1.36106,1.36046,1.36075,2830,0,0
2026-08-19 18:05:00,1.36075,1.3612,1.36066,1.36077,2236,0,0
2026-08-19 18:10:00,1.36077,1.36138,1.3606500000000001,1.36137,2036,0,0
2026-08-19 18:15:00,1.36137,1.3615599999999999,1.36079,1.3609200000000001,1944,0,0
2026-08-19 18:20:00,1.3609200000000001,1.3609499999999999,1.36028,1.36038,2298,0,0
2026-08-19 18:25:00,1.36038,1.36078,1.36009,1.36075,1940,0,0
2026-08-19 18:30:00,1.36075,1.3609200000000001,1.36066,1.3608799999999999,1555,0,0
2026-08-19 18:35:00,1.3608799999999999,1.36112,1.36077,1.3609,1575,0,0
2026-08-19 18:40:00,1.3609,1.361,1.36063,1.36097,1613,0,0
2026-08-19 18:45:00,1.36097,1.36107,1.36047,1.36087,1242,0,0
2026-08-19 18:50:00,1.36087,1.36089,1.36026,1.36037,1138,0,0
2026-08-19 18:55:00,1.36037,1.36069,1.36018,1.36068,1397,0,0
2026-08-19 19:00:00,1.36068,1.36083,1.3605,1.36077,1665,0,0
2026-08-19 19:05:00,1.36077,1.36097,1.36041,1.3609499999999999,1596,0,0
2026-08-19 19:10:00,1.3609499999999999,1.36123,1.36084,1.36102,1218,0,0
2026-08-19 19:15:00,1.36102,1.36124,1.36066,1.36073,1333,0,0
2026-08-19 19:20:00,1.36073,1.36115,1.3607,1.36111,1351,0,0
2026-08-19 19:25:00,1.36111,1.36125,1.36069,1.36079,1524,0,0
2026-08-19 19:30:00,1.36079,1.3612199999999999,1.36072,1.36102,1097,0,0
2026-08-19 19:35:00,1.36102,1.36114,1.36091,1.36103,792,0,0
2026-08-19 19:40:00,1.36103,1.36109,1.36077,1.3609499999999999,884,0,0
2026-08-19 19:45:00,1.3609499999999999,1.36121,1.36087,1.36098,933,0,0
2026-08-19 19:50:00,1.36098,1.36148,1.36096,1.36143,1275,0,0
2026-08-19 19:55:00,1.36143,1.36157,1.36086,1.36102,1121,0,0
2026-08-19 20:00:00,1.36102,1.36159,1.3609,1.36096,2058,0,0
2026-08-19 20:05:00,1.36096,1.36101,1.36042,1.36059,1740,0,0
2026-08-19 20:10:00,1.36059,1.36071,1.36021,1.36037,1462,0,0
2026-08-19 20:15:00,1.36037,1.36038,1.35998,1.36007,993,0,0
2026-08-19 20:20:00,1.36006,1.36017,1.3599700000000001,1.36003,828,0,0
2026-08-19 20:25:00,1.36003,1.36003,1.35957,1.35982,914,0,0
2026-08-19 20:30:00,1.35982,1.35987,1.35945,1.35957,842,0,0
2026-08-19 20:35:00,1.35957,1.35959,1.35934,1.35948,1129,0,0
2026-08-19 20:40:00,1.35948,1.35991,1.3594,1.35951,1343,0,0
2026-08-19 20:45:00,1.35951,1.35974,1.35947,1.35956,1115,0,0
2026-08-19 20:50:00,1.35956,1.35967,1.35926,1.3593199999999999,1083,0,0
2026-08-19 20:55:00,1.3593199999999999,1.3593199999999999,1.35904,1.3591,964,0,0
2026-08-19 21:00:00,1.3591,1.36003,1.35899,1.3599700000000001,1825,0,0
2026-08-19 21:05:00,1.3599700000000001,1.36019,1.35954,1.35996,2063,0,0
2026-08-19 21:10:00,1.3599700000000001,1.36032,1.35996,1.35999,1141,0,0
2026-08-19 21:15:00,1.35999,1.36012,1.3598,1.3599999999999999,1009,0,0
2026-08-19 21:20:00,1.3599999999999999,1.36001,1.3592,1.35929,1147,0,0
2026-08-19 21:25:00,1.35929,1.35929,1.35897,1.35913,1335,0,0
2026-08-19 21:30:00,1.3591199999999999,1.3597299999999999,1.3590900000000001,1.35969,1070,0,0
2026-08-19 21:35:00,1.3597000000000001,1.3602,1.35969,1.36019,1151,0,0
2026-08-19 21:40:00,1.36019,1.36078,1.36016,1.3605800000000001,1216,0,0
2026-08-19 21:45:00,1.3605800000000001,1.3609200000000001,1.3605,1.3608799999999999,946,0,0
2026-08-19 21:50:00,1.3608799999999999,1.36096,1.36068,1.36089,991,0,0
2026-08-19 21:55:00,1.36089,1.361,1.36066,1.3607,1345,0,0
2026-08-19 22:00:00,1.3607,1.3609,1.36036,1.3604,1418,0,0
2026-08-19 22:05:00,1.36041,1.36107,1.3602699999999999,1.36102,873,0,0
2026-08-19 22:10:00,1.36102,1.36105,1.36059,1.36067,956,0,0
2026-08-19 22:15:00,1.36067,1.36096,1.36066,1.36083,916,0,0
2026-08-19 22:20:00,1.36081,1.3609200000000001,1.36071,1.36086,965,0,0
2026-08-19 22:25:00,1.36086,1.3612,1.36078,1.36113,1454,0,0
2026-08-19 22:30:00,1.36113,1.3611900000000001,1.3609200000000001,1.36102,1811,0,0
2026-08-19 22:35:00,1.36102,1.36105,1.36038,1.36059,1623,0,0
2026-08-19 22:40:00,1.3605800000000001,1.36073,1.36051,1.36067,1216,0,0
2026-08-19 22:45:00,1.36067,1.36071,1.36048,1.36062,1212,0,0
2026-08-19 22:50:00,1.36062,1.36108,1.3605800000000001,1.36108,945,0,0
2026-08-19 22:55:00,1.36108,1.36108,1.3606500000000001,1.36077,1715,0,0
2026-08-19 23:00:00,1.36077,1.36099,1.3606500000000001,1.36098,546,0,0
2026-08-19 23:05:00,1.36098,1.361,1.36066,1.36069,415,0,0
2026-08-19 23:10:00,1.36069,1.3607,1.36038,1.3604,367,0,0
2026-08-19 23:15:00,1.3604,1.36041,1.36029,1.36032,213,0,0
2026-08-19 23:20:00,1.36033,1.3603399999999999,1.3602699999999999,1.3603,157,0,0
2026-08-19 23:25:00,1.3603,1.36035,1.36023,1.36026,305,0,0
2026-08-19 23:30:00,1.36025,1.3605,1.36022,1.36032,319,0,0
2026-08-19 23:35:00,1.36033,1.36054,1.3602699999999999,1.36053,298,0,0
2026-08-19 23:40:00,1.36053,1.36072,1.36046,1.3606099999999999,288,0,0
2026-08-19 23:45:00,1.3606099999999999,1.36068,1.36057,1.36067,279,0,0
2026-08-19 23:50:00,1.36067,1.36077,1.3606,1.3607,256,0,0
2026-08-19 23:55:00,1.3607,1.36074,1.36053,1.36053,221,0,0
2026-08-20 00:00:00,1.36053,1.36082,1.35976,1.36066,99,0,0
2026-08-20 00:05:00,1.36053,1.36086,1.3604,1.3606099999999999,109,1,0
2026-08-20 00:10:00,1.3606099999999999,1.3606099999999999,1.3602,1.36035,77,0,0
2026-08-20 00:15:00,1.36035,1.36091,1.36028,1.3606500000000001,200,0,0
2026-08-20 00:20:00,1.3606500000000001,1.36135,1.36037,1.3609499999999999,513,0,0
2026-08-20 00:25:00,1.3609499999999999,1.36106,1.36067,1.3607,143,0,0
2026-08-20 00:30:00,1.3607,1.3608799999999999,1.36066,1.36081,123,0,0
2026-08-20 00:35:00,1.36081,1.36083,1.3605,1.3606500000000001,260,0,0
2026-08-20 00:40:00,1.3606500000000001,1.3608799999999999,1.36055,1.36078,330,0,0
2026-08-20 00:45:00,1.36078,1.36084,1.36032,1.36051,281,0,0
2026-08-20 00:50:00,1.36049,1.36066,1.3602,1.36066,220,0,0
2026-08-20 00:55:00,1.36066,1.36089,1.36056,1.36072,136,0,0
2026-08-20 01:00:00,1.36072,1.36098,1.36062,1.3609,294,0,0
2026-08-20 01:05:00,1.3609,1.36099,1.3608799999999999,1.36089,29,0,0
2026-08-20 01:10:00,1.36089,1.3609,1.36067,1.36079,350,0,0
2026-08-20 01:15:00,1.36079,1.36081,1.36073,1.36074,227,0,0
2026-08-20 01:20:00,1.36074,1.36079,1.36073,1.36077,208,0,0
2026-08-20 01:25:00,1.36077,1.36078,1.36069,1.36078,221,0,0
2026-08-20 01:30:00,1.36078,1.36086,1.36067,1.36069,200,0,0
2026-08-20 01:35:00,1.36069,1.36071,1.3606099999999999,1.36063,241,0,0
2026-08-20 01:40:00,1.36063,1.36067,1.3606,1.36063,327,0,0
2026-08-20 01:45:00,1.36063,1.36067,1.3606,1.36063,210,0,0
2026-08-20 01:50:00,1.36063,1.36067,1.36042,1.36047,267,0,0
2026-08-20 01:55:00,1.36047,1.36056,1.36033,1.36033,302,0,0
2026-08-20 02:00:00,1.36033,1.36051,1.36018,1.3605,606,0,0
2026-08-20 02:05:00,1.3605,1.36068,1.36045,1.36048,560,0,0
2026-08-20 02:10:00,1.36047,1.36048,1.36037,1.36038,270,0,0
2026-08-20 02:15:00,1.36038,1.36043,1.3603100000000001,1.36036,268,0,0
2026-08-20 02:20:00,1.36036,1.36042,1.3602,1.3602699999999999,392,0,0
2026-08-20 02:25:00,1.3602699999999999,1.36028,1.36016,1.36019,307,0,0
2026-08-20 02:30:00,1.36019,1.36028,1.3600400000000001,1.36005,348,0,0
2026-08-20 02:35:00,1.36005,1.36018,1.36001,1.36017,306,0,0
2026-08-20 02:40:00,1.36017,1.36018,1.35999,1.35999,206,0,0
2026-08-20 02:45:00,1.35999,1.36013,1.35995,1.36008,208,0,0
2026-08-20 02:50:00,1.36008,1.3601,1.36001,1.36002,263,0,0
2026-08-20 02:55:00,1.36003,1.36003,1.35987,1.36001,494,0,0
2026-08-20 03:00:00,1.36001,1.3607,1.36001,1.3606099999999999,1838,0,0
2026-08-20 03:05:00,1.3606099999999999,1.36069,1.35996,1.3599999999999999,1508,0,0
2026-08-20 03:10:00,1.3599999999999999,1.3603100000000001,1.35995,1.36028,1377,0,0
2026-08-20 03:15:00,1.3602699999999999,1.36059,1.36025,1.36043,1547,0,0
2026-08-20 03:20:00,1.36043,1.36046,1.35999,1.36008,1198,0,0
2026-08-20 03:25:00,1.36008,1.36017,1.3599999999999999,1.36009,851,0,0
2026-08-20 03:30:00,1.36009,1.36048,1.36008,1.36026,1094,0,0
2026-08-20 03:35:00,1.36026,1.36047,1.36017,1.3602,1144,0,0
2026-08-20 03:40:00,1.3602,1.3602400000000001,1.36005,1.36008,860,0,0
2026-08-20 03:45:00,1.36007,1.36008,1.35985,1.35993,1107,0,0
2026-08-20 03:50:00,1.35993,1.35994,1.35976,1.35991,1148,0,0
2026-08-20 03:55:00,1.35991,1.36009,1.35982,1.35995,1102,0,0
2026-08-20 04:00:00,1.35995,1.36001,1.35958,1.3596300000000001,1698,0,0
2026-08-20 04:05:00,1.3596300000000001,1.35979,1.35947,1.3597000000000001,1323,0,0
2026-08-20 04:10:00,1.3597000000000001,1.35981,1.35948,1.35979,1250,0,0
2026-08-20 04:15:00,1.35979,1.3603,1.35976,1.36025,1414,0,0
2026-08-20 04:20:00,1.36025,1.36052,1.3602,1.3605,1631,0,0
2026-08-20 04:25:00,1.3605,1.36069,1.3603,1.36057,939,0,0
2026-08-20 04:30:00,1.36057,1.36084,1.35998,1.36052,2356,0,0
2026-08-20 04:35:00,1.36052,1.36079,1.36047,1.36066,2099,0,0
2026-08-20 04:40:00,1.36066,1.36079,1.36054,1.36057,1436,0,0
2026-08-20 04:45:00,1.36057,1.3607,1.36035,1.36038,1140,0,0
2026-08-20 04:50:00,1.36038,1.36047,1.36026,1.36041,1165,0,0
2026-08-20 04:55:00,1.36041,1.36078,1.36041,1.36077,1257,0,0
2026-08-20 05:00:00,1.36077,1.3615,1.36068,1.36121,1842,0,0
2026-08-20 05:05:00,1.36121,1.36141,1.36087,1.36087,1323,0,0
2026-08-20 05:10:00,1.36087,1.36098,1.36077,1.36082,1029,0,0
2026-08-20 05:15:00,1.36081,1.36083,1.36041,1.36045,1039,0,0
2026-08-20 05:20:00,1.36046,1.36055,1.36019,1.36051,1058,0,0
2026-08-20 05:25:00,1.36051,1.36055,1.36038,1.36047,1177,0,0
2026-08-20 05:30:00,1.36048,1.36057,1.3604,1.3605,1172,0,0
2026-08-20 05:35:00,1.3605,1.36052,1.3603100000000001,1.3605,731,0,0
2026-08-20 05:40:00,1.3605,1.36074,1.36044,1.36045,1021,0,0
2026-08-20 05:45:00,1.36046,1.36059,1.36038,1.36038,776,0,0
2026-08-20 05:50:00,1.36038,1.36052,1.36035,1.36047,644,0,0
2026-08-20 05:55:00,1.36045,1.3605800000000001,1.36033,1.3605,837,0,0
2026-08-20 06:00:00,1.3605,1.36073,1.36045,1.36059,882,0,0
2026-08-20 06:05:00,1.36059,1.36069,1.36052,1.36062,583,0,0
2026-08-20 06:10:00,1.36062,1.36107,1.3605800000000001,1.36099,723,0,0
2026-08-20 06:15:00,1.36099,1.36099,1.36072,1.3609,1009,0,0
2026-08-20 06:20:00,1.3609,1.36121,1.3608799999999999,1.36117,624,0,0
2026-08-20 06:25:00,1.3611900000000001,1.3614,1.36105,1.36106,897,0,0
2026-08-20 06:30:00,1.36106,1.36123,1.36101,1.36115,1055,0,0
2026-08-20 06:35:00,1.36115,1.36115,1.36096,1.36111,1012,0,0
2026-08-20 06:40:00,1.36111,1.36129,1.36106,1.36125,655,0,0
2026-08-20 06:45:00,1.36125,1.36137,1.36121,1.36132,689,0,0
2026-08-20 06:50:00,1.36132,1.36143,1.36125,1.3614,727,0,0
2026-08-20 06:55:00,1.36142,1.36147,1.36133,1.36139,569,0,0
2026-08-20 07:00:00,1.3614,1.36143,1.36129,1.3613,584,0,0
2026-08-20 07:05:00,1.3613,1.3615300000000001,1.3612,1.3615,634,0,0
2026-08-20 07:10:00,1.3615,1.36166,1.3614899999999999,1.36154,508,0,0
2026-08-20 07:15:00,1.36154,1.36158,1.36133,1.36136,885,0,0
2026-08-20 07:20:00,1.36136,1.36142,1.36118,1.3612,660,0,0
2026-08-20 07:25:00,1.3612,1.36133,1.3611900000000001,1.36125,678,0,0
2026-08-20 07:30:00,1.36125,1.36132,1.36116,1.36123,648,0,0
2026-08-20 07:35:00,1.36123,1.36125,1.3611,1.36118,666,0,0
2026-08-20 07:40:00,1.36118,1.36123,1.36104,1.36105,625,0,0
2026-08-20 07:45:00,1.36105,1.36114,1.361,1.36106,665,0,0
2026-08-20 07:50:00,1.36106,1.36115,1.36094,1.36098,756,0,0
2026-08-20 07:55:00,1.36098,1.36111,1.36059,1.36072,1204,0,0
2026-08-20 08:00:00,1.36073,1.36102,1.36072,1.36097,865,0,0
2026-08-20 08:05:00,1.36097,1.361,1.36087,1.36089,953,0,0
2026-08-20 08:10:00,1.36089,1.3609200000000001,1.36069,1.3608,906,0,0
2026-08-20 08:15:00,1.3608,1.36083,1.3605800000000001,1.36068,891,0,0
2026-08-20 08:20:00,1.36068,1.3608799999999999,1.36067,1.36079,922,0,0
2026-08-20 08:25:00,1.36079,1.36079,1.36042,1.36045,1161,0,0
2026-08-20 08:30:00,1.36045,1.36069,1.36037,1.36045,1178,0,0
2026-08-20 08:35:00,1.36045,1.3605,1.3602699999999999,1.3603100000000001,1380,0,0
2026-08-20 08:40:00,1.3603100000000001,1.36035,1.3601,1.36017,1194,0,0
2026-08-20 08:45:00,1.36017,1.36036,1.36009,1.36029,1189,0,0
2026-08-20 08:50:00,1.36029,1.3603100000000001,1.3599999999999999,1.36002,910,0,0
2026-08-20 08:55:00,1.36002,1.36064,1.35999,1.36046,1356,0,0
2026-08-20 09:00:00,1.36047,1.3606,1.3602699999999999,1.36038,1344,0,0
2026-08-20 09:05:00,1.36038,1.36066,1.3603100000000001,1.3606099999999999,1339,0,0
2026-08-20 09:10:00,1.3606099999999999,1.3612600000000001,1.36059,1.36108,1791,0,0
2026-08-20 09:15:00,1.36108,1.36111,1.3608799999999999,1.361,1519,0,0
2026-08-20 09:20:00,1.361,1.36102,1.3606500000000001,1.36069,1206,0,0
2026-08-20 09:25:00,1.36069,1.36087,1.36059,1.36072,1117,0,0
2026-08-20 09:30:00,1.36072,1.3608,1.36049,1.36075,1293,0,0
2026-08-20 09:35:00,1.36075,1.36097,1.36067,1.36077,1198,0,0
2026-08-20 09:40:00,1.36077,1.36093,1.36072,1.3609,1106,0,0
2026-08-20 09:45:00,1.3609,1.36152,1.36089,1.36125,1925,0,0
2026-08-20 09:50:00,1.3612600000000001,1.3613,1.3611,1.3611900000000001,1563,0,0
2026-08-20 09:55:00,1.3611900000000001,1.3617,1.3611900000000001,1.36165,1344,0,0
2026-08-20 10:00:00,1.36165,1.3618299999999999,1.36087,1.36104,1499,0,0
2026-08-20 10:05:00,1.36104,1.3612199999999999,1.3609499999999999,1.36107,1448,0,0
2026-08-20 10:10:00,1.36107,1.36147,1.36103,1.36129,1249,0,0
2026-08-20 10:15:00,1.36129,1.36147,1.36117,1.36136,1150,0,0
2026-08-20 10:20:00,1.36136,1.36147,1.36111,1.36127,1088,0,0
2026-08-20 10:25:00,1.36127,1.36136,1.36107,1.36131,1032,0,0
2026-08-20 10:30:00,1.36131,1.36203,1.3612600000000001,1.36202,1343,0,0
2026-08-20 10:35:00,1.36202,1.3624399999999999,1.36202,1.36242,1222,0,0
2026-08-20 10:40:00,1.36242,1.36314,1.36242,1.3627500000000001,1757,0,0
2026-08-20 10:45:00,1.3627500000000001,1.36285,1.36211,1.36212,1282,0,0
2026-08-20 10:50:00,1.36212,1.3624399999999999,1.36202,1.36238,1457,0,0
2026-08-20 10:55:00,1.36238,1.36272,1.36237,1.36249,1598,0,0
2026-08-20 11:00:00,1.36249,1.3627500000000001,1.36231,1.36263,1406,0,0
2026-08-20 11:05:00,1.36263,1.36285,1.3624399999999999,1.36282,1316,0,0
2026-08-20 11:10:00,1.36282,1.36303,1.3627799999999999,1.363,1035,0,0
2026-08-20 11:15:00,1.363,1.36338,1.36295,1.36323,959,0,0
2026-08-20 11:20:00,1.36323,1.36362,1.36322,1.36349,802,0,0
2026-08-20 11:25:00,1.36349,1.3636300000000001,1.36322,1.36333,819,0,0
2026-08-20 11:30:00,1.36333,1.3633600000000001,1.36295,1.36315,1406,0,0
2026-08-20 11:35:00,1.36315,1.36333,1.3630499999999999,1.36317,1160,0,0
2026-08-20 11:40:00,1.36317,1.36362,1.36316,1.36327,928,0,0
2026-08-20 11:45:00,1.36327,1.3635,1.36321,1.36326,895,0,0
2026-08-20 11:50:00,1.36326,1.36374,1.36324,1.3636300000000001,868,0,0
2026-08-20 11:55:00,1.3636300000000001,1.36367,1.3633,1.36354,1391,0,0
2026-08-20 12:00:00,1.36355,1.36362,1.3632,1.36324,1017,0,0
2026-08-20 12:05:00,1.36325,1.36359,1.36315,1.36356,957,0,0
2026-08-20 12:10:00,1.36356,1.36416,1.36356,1.3639700000000001,1320,0,0
2026-08-20 12:15:00,1.3639700000000001,1.36428,1.36391,1.36406,1215,0,0
2026-08-20 12:20:00,1.36406,1.36455,1.36405,1.36416,1404,0,0
2026-08-20 12:25:00,1.36416,1.36439,1.36411,1.36437,1157,0,0
2026-08-20 12:30:00,1.36437,1.36457,1.36423,1.3642400000000001,877,0,0
2026-08-20 12:35:00,1.3642400000000001,1.3643,1.36394,1.36394,936,0,0
2026-08-20 12:40:00,1.36394,1.36452,1.36394,1.36448,951,0,0
2026-08-20 12:45:00,1.36448,1.36448,1.36419,1.36432,1029,0,0
2026-08-20 12:50:00,1.36432,1.36467,1.3642699999999999,1.36456,1103,0,0
2026-08-20 12:55:00,1.36456,1.36478,1.36442,1.36476,1096,0,0
2026-08-20 13:00:00,1.36477,1.36477,1.36418,1.36467,1141,0,0
2026-08-20 13:05:00,1.36467,1.36527,1.36455,1.36527,748,0,0
2026-08-20 13:10:00,1.36526,1.36595,1.3651900000000001,1.36539,1392,0,0
2026-08-20 13:15:00,1.36539,1.36558,1.36535,1.36538,543,0,0
2026-08-20 13:20:00,1.36538,1.36544,1.36501,1.36523,697,0,0
2026-08-20 13:25:00,1.36523,1.36567,1.36521,1.36562,806,0,0
2026-08-20 13:30:00,1.36562,1.36566,1.36541,1.36562,862,0,0
2026-08-20 13:35:00,1.36562,1.36571,1.36521,1.36523,981,0,0
2026-08-20 13:40:00,1.36523,1.36524,1.36475,1.36478,1147,0,0
2026-08-20 13:45:00,1.36478,1.36483,1.3646099999999999,1.36471,815,0,0
2026-08-20 13:50:00,1.3647,1.36473,1.36408,1.36414,894,0,0
2026-08-20 13:55:00,1.36414,1.36446,1.36408,1.36444,1078,0,0
2026-08-20 14:00:00,1.36444,1.36459,1.3639999999999999,1.36405,1114,0,0
2026-08-20 14:05:00,1.36405,1.36405,1.3633600000000001,1.36337,941,0,0
2026-08-20 14:10:00,1.36337,1.36349,1.36316,1.3633899999999999,828,0,0
2026-08-20 14:15:00,1.3633899999999999,1.36355,1.3632900000000001,1.3635,675,0,0
2026-08-20 14:20:00,1.3635,1.36388,1.36343,1.36384,798,0,0
2026-08-20 14:25:00,1.36384,1.36403,1.36352,1.36355,830,0,0
2026-08-20 14:30:00,1.36355,1.36411,1.36346,1.36411,933,0,0
2026-08-20 14:35:00,1.36411,1.36429,1.36391,1.3639700000000001,1076,0,0
2026-08-20 14:40:00,1.3639700000000001,1.36406,1.36323,1.36326,1225,0,0
2026-08-20 14:45:00,1.36326,1.36333,1.36298,1.36323,1340,0,0
2026-08-20 14:50:00,1.36323,1.3633199999999999,1.3629,1.36323,1175,0,0
2026-08-20 14:55:00,1.36324,1.36349,1.3631,1.36318,1462,0,0
2026-08-20 15:00:00,1.36318,1.3633600000000001,1.36276,1.36291,1975,0,0
2026-08-20 15:05:00,1.36291,1.36294,1.36204,1.36259,2009,0,0
2026-08-20 15:10:00,1.36259,1.36343,1.36259,1.3632900000000001,1655,0,0
2026-08-20 15:15:00,1.36331,1.3639700000000001,1.3632900000000001,1.36369,1537,0,0
2026-08-20 15:20:00,1.36369,1.36404,1.36361,1.36374,1360,0,0
2026-08-20 15:25:00,1.36374,1.36382,1.36344,1.3636,958,0,0
2026-08-20 15:30:00,1.3636,1.36378,1.36256,1.3626,1084,0,0
2026-08-20 15:35:00,1.3626,1.36308,1.36259,1.36298,1739,0,0
2026-08-20 15:40:00,1.36298,1.36388,1.36294,1.36383,1734,0,0
2026-08-20 15:45:00,1.36383,1.36392,1.36354,1.36391,1972,0,0
2026-08-20 15:50:00,1.36391,1.3642,1.36367,1.3637000000000001,1918,0,0
2026-08-20 15:55:00,1.3637000000000001,1.36455,1.3637000000000001,1.36422,1682,0,0
2026-08-20 16:00:00,1.36423,1.36502,1.36423,1.36501,2071,0,0
2026-08-20 16:05:00,1.36501,1.36528,1.36457,1.36473,1468,0,0
2026-08-20 16:10:00,1.36473,1.36506,1.3642699999999999,1.36437,1390,0,0
2026-08-20 16:15:00,1.36437,1.3649,1.3642400000000001,1.36478,1511,0,0
2026-08-20 16:20:00,1.36478,1.3649499999999999,1.3642,1.36429,1204,0,0
2026-08-20 16:25:00,1.36429,1.36429,1.36385,1.3642,1315,0,0
2026-08-20 16:30:00,1.3642,1.36443,1.36368,1.36384,2290,0,0
2026-08-20 16:35:00,1.36384,1.36436,1.36365,1.36385,2336,0,0
2026-08-20 16:40:00,1.36385,1.36404,1.36351,1.36389,1442,0,0
2026-08-20 16:45:00,1.36389,1.36404,1.36331,1.36334,1453,0,0
2026-08-20 16:50:00,1.36334,1.3639000000000001,1.36334,1.3636,1391,0,0
2026-08-20 16:55:00,1.3636,1.3639000000000001,1.3632900000000001,1.3633899999999999,1458,0,0
2026-08-20 17:00:00,1.3633899999999999,1.36399,1.36326,1.36349,1726,0,0
2026-08-20 17:05:00,1.3635,1.36354,1.36317,1.36323,1276,0,0
2026-08-20 17:10:00,1.36323,1.36327,1.36276,1.36285,1540,0,0
2026-08-20 17:15:00,1.36285,1.36317,1.36266,1.36314,1498,0,0
2026-08-20 17:20:00,1.36314,1.3636,1.36296,1.36338,1565,0,0
2026-08-20 17:25:00,1.36337,1.36368,1.36325,1.3635,1525,0,0
2026-08-20 17:30:00,1.3635,1.36367,1.36333,1.36356,1299,0,0
2026-08-20 17:35:00,1.36356,1.36368,1.3632,1.36323,975,0,0
2026-08-20 17:40:00,1.36323,1.36342,1.3630900000000001,1.36325,1027,0,0
2026-08-20 17:45:00,1.36325,1.36364,1.36321,1.36356,1091,0,0
2026-08-20 17:50:00,1.36356,1.36359,1.36295,1.3633,1115,0,0
2026-08-20 17:55:00,1.3633,1.36338,1.36297,1.36317,1642,0,0
2026-08-20 18:00:00,1.36317,1.36479,1.36308,1.36423,3601,0,0
2026-08-20 18:05:00,1.36423,1.36423,1.36303,1.36345,2844,0,0
2026-08-20 18:10:00,1.36345,1.36391,1.36319,1.36379,2082,0,0
2026-08-20 18:15:00,1.36379,1.36392,1.36359,1.36384,2141,0,0
2026-08-20 18:20:00,1.36384,1.36409,1.36296,1.36322,2373,0,0
2026-08-20 18:25:00,1.36322,1.36421,1.36297,1.3642,2174,0,0
2026-08-20 18:30:00,1.3642,1.36444,1.36365,1.36374,2661,0,0
2026-08-20 18:35:00,1.3637299999999999,1.36388,1.36334,1.36343,2150,0,0
2026-08-20 18:40:00,1.36343,1.36357,1.36273,1.36296,2423,0,0
2026-08-20 18:45:00,1.36296,1.36345,1.36282,1.36326,2474,0,0
2026-08-20 18:50:00,1.36323,1.36364,1.36319,1.36354,1990,0,0
2026-08-20 18:55:00,1.36354,1.36381,1.36354,1.36368,1869,0,0
2026-08-20 19:00:00,1.36368,1.36378,1.36333,1.36345,2164,0,0
2026-08-20 19:05:00,1.36346,1.36358,1.36318,1.36346,1383,0,0
2026-08-20 19:10:00,1.36346,1.36357,1.3630900000000001,1.3631199999999999,1492,0,0
2026-08-20 19:15:00,1.36313,1.3632900000000001,1.36295,1.36327,1389,0,0
2026-08-20 19:20:00,1.36327,1.3632900000000001,1.36308,1.36316,1167,0,0
2026-08-20 19:25:00,1.36316,1.36321,1.36272,1.3627500000000001,1332,0,0
2026-08-20 19:30:00,1.3627500000000001,1.36285,1.36237,1.36259,1449,0,0
2026-08-20 19:35:00,1.36259,1.36289,1.36247,1.3624800000000001,1366,0,0
2026-08-20 19:40:00,1.3624800000000001,1.3627799999999999,1.36247,1.36274,1137,0,0
2026-08-20 19:45:00,1.36274,1.36314,1.3627,1.3631,1301,0,0
2026-08-20 19:50:00,1.36311,1.36319,1.36285,1.36297,877,0,0
2026-08-20 19:55:00,1.36297,1.36335,1.36295,1.36306,1177,0,0
2026-08-20 20:00:00,1.36306,1.36316,1.36285,1.36298,1401,0,0
2026-08-20 20:05:00,1.36298,1.36299,1.36258,1.36265,1141,0,0
2026-08-20 20:10:00,1.36265,1.36267,1.36245,1.3624800000000001,886,0,0
2026-08-20 20:15:00,1.36249,1.3626800000000001,1.3624100000000001,1.36245,1009,0,0
2026-08-20 20:20:00,1.36245,1.36257,1.36235,1.36246,968,0,0
2026-08-20 20:25:00,1.36246,1.3627,1.36246,1.3626800000000001,876,0,0
2026-08-20 20:30:00,1.3626800000000001,1.36272,1.36246,1.3626,926,0,0
2026-08-20 20:35:00,1.3626,1.36267,1.36235,1.3624100000000001,786,0,0
2026-08-20 20:40:00,1.3624,1.36252,1.3623,1.3624800000000001,596,0,0
2026-08-20 20:45:00,1.3624800000000001,1.3626800000000001,1.36245,1.36261,667,0,0
2026-08-20 20:50:00,1.36261,1.36277,1.3626,1.3627099999999999,871,0,0
2026-08-20 20:55:00,1.3627099999999999,1.3627500000000001,1.36255,1.36274,801,0,0
2026-08-20 21:00:00,1.36274,1.36283,1.36255,1.3627,943,0,0
2026-08-20 21:05:00,1.3627,1.36284,1.3624,1.36247,734,0,0
2026-08-20 21:10:00,1.36247,1.3625,1.36216,1.36228,1017,0,0
2026-08-20 21:15:00,1.36228,1.36231,1.36206,1.36231,907,0,0
2026-08-20 21:20:00,1.36231,1.36242,1.36228,1.36228,673,0,0
2026-08-20 21:25:00,1.36228,1.3624100000000001,1.36223,1.36231,550,0,0
2026-08-20 21:30:00,1.36231,1.3625099999999999,1.36229,1.3624399999999999,839,0,0
2026-08-20 21:35:00,1.3624399999999999,1.36254,1.3624100000000001,1.3624399999999999,810,0,0
2026-08-20 21:40:00,1.3624399999999999,1.36255,1.36236,1.36237,781,0,0
2026-08-20 21:45:00,1.36237,1.36269,1.36236,1.36262,727,0,0
2026-08-20 21:50:00,1.36262,1.36277,1.36256,1.36276,814,0,0
2026-08-20 21:55:00,1.36276,1.36282,1.36265,1.36277,863,0,0
2026-08-20 22:00:00,1.36277,1.36279,1.3625099999999999,1.36262,1169,0,0
2026-08-20 22:05:00,1.36262,1.36281,1.36261,1.3627799999999999,791,0,0
2026-08-20 22:10:00,1.3627799999999999,1.363,1.3626800000000001,1.36298,904,0,0
2026-08-20 22:15:00,1.36298,1.36304,1.36284,1.3629,882,0,0
2026-08-20 22:20:00,1.3629,1.3629,1.3629,1.3629,1,0,0
2026-08-21 00:00:00,1.363,1.36317,1.36226,1.36276,85,9,0
2026-08-21 00:05:00,1.36276,1.36303,1.3625099999999999,1.36285,114,0,0
2026-08-21 00:10:00,1.36289,1.3630200000000001,1.36262,1.3630200000000001,161,5,0
2026-08-21 00:15:00,1.36295,1.3630200000000001,1.36284,1.36298,88,11,0
2026-08-21 00:20:00,1.36298,1.36299,1.36281,1.3629,61,8,0
2026-08-21 00:25:00,1.3629,1.36307,1.36288,1.36299,52,7,0
2026-08-21 00:30:00,1.36299,1.36314,1.36296,1.3630900000000001,151,0,0
2026-08-21 00:35:00,1.3630900000000001,1.36324,1.36276,1.36288,143,0,0
2026-08-21 00:40:00,1.36288,1.3630499999999999,1.36283,1.3629,391,0,0
2026-08-21 00:45:00,1.3629,1.36303,1.36288,1.36297,227,1,0
2026-08-21 00:50:00,1.36297,1.36314,1.36288,1.36293,251,0,0
2026-08-21 00:55:00,1.36293,1.36322,1.36283,1.36311,680,0,0
2026-08-21 01:00:00,1.36311,1.3635,1.3630900000000001,1.36348,235,0,0
2026-08-21 01:05:00,1.36348,1.36351,1.36334,1.36337,153,0,0
2026-08-21 01:10:00,1.36338,1.36346,1.36335,1.3634,207,0,0
2026-08-21 01:15:00,1.3634,1.36349,1.36324,1.36327,127,0,0
2026-08-21 01:20:00,1.36327,1.36348,1.36327,1.36347,126,0,0
2026-08-21 01:25:00,1.36347,1.36361,1.36347,1.3635,212,0,0
2026-08-21 01:30:00,1.3635,1.36351,1.3633600000000001,1.36338,239,0,0
2026-08-21 01:35:00,1.3633899999999999,1.36349,1.36338,1.36347,100,0,0
2026-08-21 01:40:00,1.36347,1.36349,1.36344,1.36344,86,0,0
2026-08-21 01:45:00,1.36344,1.36351,1.36344,1.36348,106,0,0
2026-08-21 01:50:00,1.36348,1.36369,1.36348,1.3636,170,0,0
2026-08-21 01:55:00,1.36359,1.36362,1.36356,1.36361,182,0,0
2026-08-21 02:00:00,1.36361,1.36399,1.36359,1.3639299999999999,437,0,0
2026-08-21 02:05:00,1.3639299999999999,1.3639299999999999,1.36369,1.36378,342,0,0
2026-08-21 02:10:00,1.36378,1.36391,1.36377,1.36388,315,0,0
2026-08-21 02:15:00,1.36388,1.3639999999999999,1.36385,1.3639999999999999,293,0,0
2026-08-21 02:20:00,1.3639999999999999,1.3641,1.3639999999999999,1.36408,260,0,0
2026-08-21 02:25:00,1.36408,1.36409,1.36395,1.3639700000000001,142,0,0
2026-08-21 02:30:00,1.36398,1.36413,1.36384,1.36387,282,0,0
2026-08-21 02:35:00,1.36387,1.36395,1.36379,1.36386,354,0,0
2026-08-21 02:40:00,1.36386,1.36408,1.36385,1.36405,373,0,0
2026-08-21 02:45:00,1.36405,1.36419,1.3639700000000001,1.36418,310,0,0
2026-08-21 02:50:00,1.36418,1.3642,1.36405,1.36418,406,0,0
2026-08-21 02:55:00,1.36418,1.36438,1.36413,1.3643,657,0,0
2026-08-21 03:00:00,1.3643,1.36439,1.36408,1.36418,1033,0,0
2026-08-21 03:05:00,1.36418,1.36419,1.3639000000000001,1.36404,736,0,0
2026-08-21 03:10:00,1.36404,1.3645399999999999,1.36402,1.36448,590,0,0
2026-08-21 03:15:00,1.36449,1.36464,1.36436,1.36456,696,0,0
2026-08-21 03:20:00,1.36456,1.36467,1.36443,1.36446,755,0,0
2026-08-21 03:25:00,1.36447,1.3646,1.3641,1.3642,894,0,0
2026-08-21 03:30:00,1.36421,1.3642400000000001,1.36401,1.36416,1059,0,0
2026-08-21 03:35:00,1.36416,1.36436,1.36406,1.36409,946,0,0
2026-08-21 03:40:00,1.36409,1.36414,1.36384,1.36396,808,0,0
2026-08-21 03:45:00,1.36396,1.36407,1.36385,1.3639999999999999,783,0,0
2026-08-21 03:50:00,1.3639999999999999,1.36411,1.36385,1.36391,1165,0,0
2026-08-21 03:55:00,1.36392,1.36401,1.36375,1.36378,1327,0,0
2026-08-21 04:00:00,1.36378,1.36408,1.36374,1.36383,1469,0,0
2026-08-21 04:05:00,1.36383,1.36396,1.36367,1.36383,1118,0,0
2026-08-21 04:10:00,1.36383,1.36411,1.36369,1.36403,1248,0,0
2026-08-21 04:15:00,1.36403,1.36435,1.36391,1.36418,1386,0,0
2026-08-21 04:20:00,1.36418,1.36452,1.36414,1.3644,1061,0,0
2026-08-21 04:25:00,1.3644,1.3646,1.3643100000000001,1.36457,989,0,0
2026-08-21 04:30:00,1.36457,1.3649200000000001,1.36457,1.36486,1147,0,0
2026-08-21 04:35:00,1.36486,1.3649200000000001,1.36443,1.36449,1143,0,0
2026-08-21 04:40:00,1.36448,1.36459,1.36438,1.36443,1004,0,0
2026-08-21 04:45:00,1.36443,1.3646099999999999,1.36438,1.36452,663,0,0
2026-08-21 04:50:00,1.36452,1.36455,1.3642400000000001,1.3643100000000001,713,0,0
2026-08-21 04:55:00,1.3643100000000001,1.3645,1.3643,1.36446,996,0,0
2026-08-21 05:00:00,1.36446,1.36459,1.36421,1.3642400000000001,980,0,0
2026-08-21 05:05:00,1.3642400000000001,1.36438,1.36406,1.36438,900,0,0
2026-08-21 05:10:00,1.36438,1.3645399999999999,1.3643399999999999,1.36453,797,0,0
2026-08-21 05:15:00,1.36453,1.36459,1.36438,1.36447,654,0,0
2026-08-21 05:20:00,1.36447,1.36503,1.3644,1.365,1460,0,0
2026-08-21 05:25:00,1.365,1.36505,1.36476,1.36482,723,0,0
2026-08-21 05:30:00,1.36482,1.3651499999999999,1.36481,1.3648799999999999,886,0,0
2026-08-21 05:35:00,1.3648799999999999,1.365,1.3648500000000001,1.36491,420,0,0
2026-08-21 05:40:00,1.36491,1.36504,1.3648500000000001,1.36502,737,0,0
2026-08-21 05:45:00,1.36503,1.36548,1.36503,1.36545,558,0,0
2026-08-21 05:50:00,1.36545,1.36555,1.36527,1.36534,841,0,0
2026-08-21 05:55:00,1.36534,1.36535,1.3648500000000001,1.36487,812,0,0
2026-08-21 06:00:00,1.36487,1.36501,1.36478,1.36478,566,0,0
2026-08-21 06:05:00,1.36478,1.36502,1.36474,1.3648799999999999,361,0,0
2026-08-21 06:10:00,1.36489,1.3651200000000001,1.36486,1.36502,643,0,0
2026-08-21 06:15:00,1.36502,1.36508,1.3648500000000001,1.3648799999999999,512,0,0
2026-08-21 06:20:00,1.3648799999999999,1.365,1.3648500000000001,1.36486,401,0,0
2026-08-21 06:25:00,1.36486,1.36487,1.3646,1.3646099999999999,823,0,0
2026-08-21 06:30:00,1.3646099999999999,1.36467,1.3645,1.36456,585,0,0
2026-08-21 06:35:00,1.36456,1.3645800000000001,1.3643,1.36438,916,0,0
2026-08-21 06:40:00,1.36438,1.36452,1.3643,1.36447,735,0,0
2026-08-21 06:45:00,1.36447,1.36456,1.36437,1.36442,388,0,0
2026-08-21 06:50:00,1.36442,1.36452,1.36433,1.3645,516,0,0
2026-08-21 06:55:00,1.3645,1.3646099999999999,1.36446,1.36456,649,0,0
2026-08-21 07:00:00,1.36456,1.36457,1.36444,1.36448,565,0,0
2026-08-21 07:05:00,1.36448,1.3646,1.36439,1.36446,483,0,0
2026-08-21 07:10:00,1.36446,1.3645399999999999,1.36435,1.3644,659,0,0
2026-08-21 07:15:00,1.3644,1.36449,1.3643399999999999,1.36447,417,0,0
2026-08-21 07:20:00,1.36447,1.36448,1.36419,1.3642400000000001,413,0,0
2026-08-21 07:25:00,1.3642400000000001,1.3642699999999999,1.36406,1.36414,396,0,0
2026-08-21 07:30:00,1.36414,1.3642,1.36407,1.36411,484,0,0
2026-08-21 07:35:00,1.36411,1.36412,1.36402,1.36406,306,0,0
2026-08-21 07:40:00,1.36406,1.36423,1.36396,1.36419,378,0,0
2026-08-21 07:45:00,1.36419,1.3643399999999999,1.36414,1.36414,423,0,0
2026-08-21 07:50:00,1.36414,1.36423,1.36406,1.36415,580,0,0
2026-08-21 07:55:00,1.36415,1.36436,1.36415,1.3643399999999999,452,0,0
2026-08-21 08:00:00,1.3643399999999999,1.36435,1.36407,1.36428,634,0,0
2026-08-21 08:05:00,1.36428,1.36438,1.3642400000000001,1.36429,431,0,0
2026-08-21 08:10:00,1.36429,1.36437,1.36421,1.36425,386,0,0
2026-08-21 08:15:00,1.36425,1.36439,1.36422,1.36426,741,0,0
2026-08-21 08:20:00,1.36426,1.3643100000000001,1.36419,1.36428,339,0,0
2026-08-21 08:25:00,1.36428,1.36429,1.36413,1.36416,345,0,0
2026-08-21 08:30:00,1.36417,1.3645100000000001,1.36407,1.36449,629,0,0
2026-08-21 08:35:00,1.36449,1.36482,1.36446,1.36478,801,0,0
2026-08-21 08:40:00,1.36478,1.36482,1.36447,1.36482,938,0,0
2026-08-21 08:45:00,1.36482,1.36489,1.3645800000000001,1.3648799999999999,865,0,0
2026-08-21 08:50:00,1.3648799999999999,1.36524,1.36477,1.36507,942,0,0
2026-08-21 08:55:00,1.36507,1.36534,1.36499,1.36518,1060,0,0
2026-08-21 09:00:00,1.36516,1.36526,1.36437,1.36449,1086,0,0
2026-08-21 09:05:00,1.36449,1.36462,1.36428,1.36442,1511,0,0
2026-08-21 09:10:00,1.36442,1.3645399999999999,1.36433,1.3644,1146,0,0
2026-08-21 09:15:00,1.3644,1.36475,1.36439,1.36464,764,0,0
2026-08-21 09:20:00,1.36464,1.36466,1.36405,1.36417,928,0,0
2026-08-21 09:25:00,1.36417,1.36464,1.36416,1.36444,1245,0,0
2026-08-21 09:30:00,1.36444,1.36498,1.36442,1.36496,1037,0,0
2026-08-21 09:35:00,1.36496,1.36505,1.36456,1.36463,1063,0,0
2026-08-21 09:40:00,1.36464,1.36465,1.36443,1.36457,914,0,0
2026-08-21 09:45:00,1.36457,1.3649,1.36433,1.36486,1082,0,0
2026-08-21 09:50:00,1.36486,1.36497,1.36459,1.36466,973,0,0
2026-08-21 09:55:00,1.36466,1.36497,1.36457,1.36494,1274,0,0
2026-08-21 10:00:00,1.36494,1.36527,1.36486,1.36507,1384,0,0
2026-08-21 10:05:00,1.36506,1.36507,1.36436,1.36449,1103,0,0
2026-08-21 10:10:00,1.36448,1.3649,1.36448,1.36483,893,0,0
2026-08-21 10:15:00,1.36483,1.36529,1.36467,1.36526,873,0,0
2026-08-21 10:20:00,1.36526,1.36529,1.36484,1.36501,960,0,0
2026-08-21 10:25:00,1.36501,1.36502,1.36467,1.36496,972,0,0
2026-08-21 10:30:00,1.36496,1.3651900000000001,1.36463,1.3651499999999999,824,0,0
2026-08-21 10:35:00,1.3651499999999999,1.36532,1.36499,1.36526,930,0,0
2026-08-21 10:40:00,1.36526,1.36535,1.36425,1.36438,1177,0,0
2026-08-21 10:45:00,1.36438,1.36438,1.36394,1.36423,1586,0,0
2026-08-21 10:50:00,1.36423,1.3643,1.36376,1.3639000000000001,1403,0,0
2026-08-21 10:55:00,1.3639000000000001,1.36411,1.36378,1.36411,1526,0,0
2026-08-21 11:00:00,1.36411,1.36432,1.36388,1.36406,1094,0,0
2026-08-21 11:05:00,1.36406,1.3642,1.36354,1.36386,1111,0,0
2026-08-21 11:10:00,1.36386,1.36415,1.36384,1.36407,879,0,0
2026-08-21 11:15:00,1.36407,1.36426,1.36382,1.3639999999999999,1020,0,0
2026-08-21 11:20:00,1.36399,1.36412,1.3638,1.36407,1000,0,0
2026-08-21 11:25:00,1.36407,1.36472,1.36404,1.36463,1284,0,0
2026-08-21 11:30:00,1.36463,1.36503,1.36462,1.3648,1256,0,0
2026-08-21 11:35:00,1.3648,1.36523,1.36468,1.36521,784,0,0
2026-08-21 11:40:00,1.36521,1.36588,1.3651900000000001,1.3657,1007,0,0
2026-08-21 11:45:00,1.3657,1.36587,1.36544,1.36558,1179,0,0
2026-08-21 11:50:00,1.36558,1.36609,1.36557,1.36589,861,0,0
2026-08-21 11:55:00,1.36589,1.36654,1.36588,1.36646,989,0,0
2026-08-21 12:00:00,1.36646,1.36686,1.3663,1.36673,1428,0,0
2026-08-21 12:05:00,1.36673,1.36751,1.36649,1.3675,1381,0,0
2026-08-21 12:10:00,1.36749,1.36757,1.36715,1.3672,1138,0,0
2026-08-21 12:15:00,1.3672,1.36737,1.36681,1.36684,905,0,0
2026-08-21 12:20:00,1.36684,1.36693,1.36633,1.36645,883,0,0
2026-08-21 12:25:00,1.36645,1.36646,1.36595,1.36612,744,0,0
2026-08-21 12:30:00,1.36612,1.36631,1.36585,1.36624,735,0,0
2026-08-21 12:35:00,1.36624,1.36634,1.36597,1.3661699999999999,619,0,0
2026-08-21 12:40:00,1.3661699999999999,1.36619,1.36586,1.36588,503,0,0
2026-08-21 12:45:00,1.36588,1.36606,1.36566,1.36605,546,0,0
2026-08-21 12:50:00,1.36605,1.36605,1.3657599999999999,1.36595,620,0,0
2026-08-21 12:55:00,1.36595,1.36603,1.3654899999999999,1.36552,707,0,0
2026-08-21 13:00:00,1.36552,1.36602,1.36537,1.36592,887,0,0
2026-08-21 13:05:00,1.36591,1.36596,1.3657599999999999,1.36585,960,0,0
2026-08-21 13:10:00,1.36585,1.36603,1.36565,1.36577,583,0,0
2026-08-21 13:15:00,1.36577,1.36629,1.36569,1.36618,796,0,0
2026-08-21 13:20:00,1.36618,1.36627,1.36591,1.36626,491,0,0
2026-08-21 13:25:00,1.36626,1.36665,1.36624,1.3664399999999999,675,0,0
2026-08-21 13:30:00,1.3664399999999999,1.36647,1.36611,1.36625,749,0,0
2026-08-21 13:35:00,1.36625,1.36654,1.36619,1.3664,663,0,0
2026-08-21 13:40:00,1.3664,1.3664,1.36604,1.36611,671,0,0
2026-08-21 13:45:00,1.36611,1.3661400000000001,1.3657599999999999,1.36577,534,0,0
2026-08-21 13:50:00,1.36577,1.3658000000000001,1.36526,1.36536,689,0,0
2026-08-21 13:55:00,1.36536,1.3654600000000001,1.36433,1.36484,1585,0,0
2026-08-21 14:00:00,1.36484,1.36499,1.36472,1.3649499999999999,806,0,0
2026-08-21 14:05:00,1.3649499999999999,1.36517,1.36464,1.3651499999999999,754,0,0
2026-08-21 14:10:00,1.3651499999999999,1.36547,1.36504,1.36545,536,0,0
2026-08-21 14:15:00,1.36545,1.36568,1.36544,1.36545,965,0,0
2026-08-21 14:20:00,1.36545,1.36638,1.36543,1.36627,1296,0,0
2026-08-21 14:25:00,1.36627,1.3665,1.36595,1.36627,1591,0,0
2026-08-21 14:30:00,1.36627,1.36638,1.36539,1.36551,1342,0,0
2026-08-21 14:35:00,1.36551,1.36609,1.36547,1.36574,1558,0,0
2026-08-21 14:40:00,1.36574,1.36577,1.36534,1.3655300000000001,788,0,0
2026-08-21 14:45:00,1.3655300000000001,1.36555,1.36524,1.36536,866,0,0
2026-08-21 14:50:00,1.36537,1.36538,1.36506,1.3652,1081,0,0
2026-08-21 14:55:00,1.3652,1.36578,1.36516,1.36574,811,0,0
2026-08-21 15:00:00,1.36574,1.366,1.36544,1.3655300000000001,1297,0,0
2026-08-21 15:05:00,1.3655300000000001,1.36597,1.36551,1.36561,1244,0,0
2026-08-21 15:10:00,1.36561,1.36566,1.36533,1.36534,1061,0,0
2026-08-21 15:15:00,1.36534,1.36577,1.3652,1.36573,1497,0,0
2026-08-21 15:20:00,1.36573,1.36589,1.36547,1.36578,1304,0,0
2026-08-21 15:25:00,1.36577,1.3658299999999999,1.36526,1.36537,1068,0,0
2026-08-21 15:30:00,1.36537,1.36537,1.36476,1.36487,992,0,0
2026-08-21 15:35:00,1.36487,1.36487,1.36353,1.3636,1929,0,0
2026-08-21 15:40:00,1.3636,1.36471,1.36351,1.36445,1764,0,0
2026-08-21 15:45:00,1.36445,1.3645399999999999,1.36432,1.36439,1271,0,0
2026-08-21 15:50:00,1.36439,1.36445,1.3639000000000001,1.3643,1261,0,0
2026-08-21 15:55:00,1.36429,1.36443,1.36394,1.36433,1888,0,0
2026-08-21 16:00:00,1.36433,1.3646,1.36403,1.36423,1854,0,0
2026-08-21 16:05:00,1.36423,1.36426,1.36364,1.36396,2249,0,0
2026-08-21 16:10:00,1.36396,1.3641,1.36357,1.36377,1680,0,0
2026-08-21 16:15:00,1.36377,1.3639299999999999,1.36351,1.36356,1431,0,0
2026-08-21 16:20:00,1.36356,1.36386,1.36346,1.36352,1223,0,0
2026-08-21 16:25:00,1.36352,1.36369,1.36343,1.36359,1497,0,0
2026-08-21 16:30:00,1.36359,1.36374,1.36343,1.36365,1817,0,0
2026-08-21 16:35:00,1.36365,1.36396,1.3635,1.36371,1594,0,0
2026-08-21 16:40:00,1.36371,1.36398,1.36362,1.3639299999999999,1092,0,0
2026-08-21 16:45:00,1.3639299999999999,1.36418,1.36371,1.3639999999999999,1180,0,0
2026-08-21 16:50:00,1.3639999999999999,1.36447,1.36396,1.36447,1354,0,0
2026-08-21 16:55:00,1.36448,1.36472,1.36425,1.36444,1527,0,0
2026-08-21 17:00:00,1.36444,1.36444,1.36391,1.3643100000000001,1460,0,0
2026-08-21 17:05:00,1.3643100000000001,1.36439,1.36368,1.36389,1197,0,0
2026-08-21 17:10:00,1.36389,1.36406,1.36378,1.36403,1008,0,0
2026-08-21 17:15:00,1.36403,1.36429,1.3639999999999999,1.36413,1007,0,0
2026-08-21 17:20:00,1.36413,1.36413,1.3635,1.36369,1273,0,0
2026-08-21 17:25:00,1.36369,1.36379,1.36322,1.36324,1249,0,0
2026-08-21 17:30:00,1.36324,1.36325,1.3625,1.3626,2222,0,0
2026-08-21 17:35:00,1.3626,1.36274,1.3618299999999999,1.36212,1955,0,0
2026-08-21 17:40:00,1.36212,1.36277,1.36184,1.36227,2103,0,0
2026-08-21 17:45:00,1.36227,1.36276,1.36227,1.36258,1781,0,0
2026-08-21 17:50:00,1.36258,1.36318,1.36246,1.36249,2012,0,0
2026-08-21 17:55:00,1.3624800000000001,1.36262,1.36206,1.3624100000000001,2336,0,0
2026-08-21 18:00:00,1.3624100000000001,1.36291,1.3622,1.3627500000000001,2651,0,0
2026-08-21 18:05:00,1.36276,1.36292,1.36228,1.36237,1318,0,0
2026-08-21 18:10:00,1.36237,1.3628,1.36237,1.36264,1783,0,0
2026-08-21 18:15:00,1.36264,1.36277,1.36234,1.36259,1393,0,0
2026-08-21 18:20:00,1.36259,1.36277,1.36243,1.36259,1386,0,0
2026-08-21 18:25:00,1.36259,1.36315,1.36258,1.36296,1368,0,0
2026-08-21 18:30:00,1.36296,1.36341,1.36294,1.3634,1412,0,0
2026-08-21 18:35:00,1.3634,1.36371,1.36317,1.36327,827,0,0
2026-08-21 18:40:00,1.36327,1.36382,1.36319,1.36377,991,0,0
2026-08-21 18:45:00,1.36377,1.36392,1.36353,1.36354,961,0,0
2026-08-21 18:50:00,1.36354,1.36404,1.36347,1.36399,956,0,0
2026-08-21 18:55:00,1.3639999999999999,1.36422,1.3639299999999999,1.36418,1017,0,0
2026-08-21 19:00:00,1.36418,1.36439,1.36417,1.36438,1091,0,0
2026-08-21 19:05:00,1.36438,1.36441,1.36369,1.3639700000000001,1033,0,0
2026-08-21 19:10:00,1.3639700000000001,1.36419,1.36387,1.3639700000000001,778,0,0
2026-08-21 19:15:00,1.3639700000000001,1.36406,1.36368,1.36369,782,0,0
2026-08-21 19:20:00,1.36369,1.36464,1.36368,1.36421,1773,0,0
2026-08-21 19:25:00,1.36421,1.36437,1.36391,1.36418,1281,0,0
2026-08-21 19:30:00,1.36418,1.36441,1.36414,1.36426,786,0,0
2026-08-21 19:35:00,1.36426,1.36447,1.3642,1.36447,831,0,0
2026-08-21 19:40:00,1.36447,1.36447,1.36406,1.36418,1024,0,0
