time,open,high,low,close,tick_volume,spread,real_volume
2026-07-22 19:45:00,4147.12,4148.51,4145.74,4147.0,2009,7,0
2026-07-22 19:50:00,4146.92,4147.33,4144.49,4146.71,1895,14,0
2026-07-22 19:55:00,4146.72,4148.97,4145.88,4146.79,1608,8,0
2026-07-22 20:00:00,4146.79,4147.8,4144.39,4146.99,2006,8,0
2026-07-22 20:05:00,4146.99,4147.3,4142.96,4144.34,1969,7,0
2026-07-22 20:10:00,4144.3,4145.88,4143.16,4145.34,1655,8,0
2026-07-22 20:15:00,4145.22,4145.86,4142.77,4142.99,1944,7,0
2026-07-22 20:20:00,4142.95,4145.67,4142.66,4143.58,1904,10,0
2026-07-22 20:25:00,4143.56,4147.09,4143.2,4146.04,1901,8,0
2026-07-22 20:30:00,4146.06,4147.53,4144.3,4144.79,1685,8,0
2026-07-22 20:35:00,4144.8,4145.75,4138.81,4138.98,1944,11,0
2026-07-22 20:40:00,4139.01,4141.39,4138.35,4140.55,1839,17,0
2026-07-22 20:45:00,4140.57,4143.43,4140.38,4143.16,1419,10,0
2026-07-22 20:50:00,4143.16,4143.73,4142.17,4142.67,1416,8,0
2026-07-22 20:55:00,4142.65,4143.37,4141.08,4142.37,1341,11,0
2026-07-22 21:00:00,4142.35,4142.73,4136.62,4137.61,2166,8,0
2026-07-22 21:05:00,4137.63,4141.46,4137.37,4139.22,1539,9,0
2026-07-22 21:10:00,4139.19,4140.53,4137.49,4138.09,1731,8,0
2026-07-22 21:15:00,4138.05,4139.1,4136.61,4138.8,1654,8,0
2026-07-22 21:20:00,4138.82,4139.72,4135.08,4136.66,2029,10,0
2026-07-22 21:25:00,4136.66,4136.81,4134.65,4135.14,1838,14,0
2026-07-22 21:30:00,4135.13,4135.59,4131.86,4132.76,2243,8,0
2026-07-22 21:35:00,4132.76,4136.12,4132.6,4135.77,1657,8,0
2026-07-22 21:40:00,4135.76,4136.26,4133.77,4135.81,2003,7,0
2026-07-22 21:45:00,4135.87,4138.32,4135.28,4137.53,1706,7,0
2026-07-22 21:50:00,4137.53,4138.83,4137.4,4137.54,1558,9,0
2026-07-22 21:55:00,4137.53,4138.03,4135.85,4136.02,1301,15,0
2026-07-22 22:00:00,4135.9,4136.12,4133.03,4134.94,1926,15,0
2026-07-22 22:05:00,4134.98,4137.17,4134.98,4135.58,1536,11,0
2026-07-22 22:10:00,4135.52,4135.8,4134.0,4134.04,1054,8,0
2026-07-22 22:15:00,4134.04,4135.45,4133.18,4134.22,1417,8,0
2026-07-22 22:20:00,4134.23,4134.94,4131.63,4134.21,1436,8,0
2026-07-22 22:25:00,4134.19,4134.99,4132.51,4134.42,1393,8,0
2026-07-22 22:30:00,4134.36,4136.18,4132.58,4135.62,1298,8,0
2026-07-22 22:35:00,4135.6,4136.07,4133.57,4134.49,1158,8,0
2026-07-22 22:40:00,4134.47,4135.96,4133.61,4133.88,1325,8,0
2026-07-22 22:45:00,4133.87,4135.12,4133.19,4135.06,1573,8,0
2026-07-22 22:50:00,4135.12,4135.31,4128.89,4130.51,1810,8,0
2026-07-22 22:55:00,4130.52,4132.91,4129.88,4131.84,1888,11,0
2026-07-23 01:00:00,4123.93,4123.93,4087.25,4120.49,1369,21,0
2026-07-23 01:05:00,4120.82,4125.62,4119.46,4123.17,751,8,0
2026-07-23 01:10:00,4123.21,4123.62,4120.99,4123.62,507,8,0
2026-07-23 01:15:00,4124.02,4125.28,4120.69,4123.95,1173,14,0
2026-07-23 01:20:00,4123.78,4125.94,4122.0,4122.96,1226,8,0
2026-07-23 01:25:00,4122.98,4128.81,4122.68,4128.65,1242,7,0
2026-07-23 01:30:00,4128.68,4129.82,4125.58,4125.68,1036,8,0
2026-07-23 01:35:00,4125.68,4127.98,4124.01,4125.52,1284,8,0
2026-07-23 01:40:00,4125.55,4126.05,4119.91,4121.5,1234,8,0
2026-07-23 01:45:00,4121.43,4125.62,4120.59,4124.61,1070,7,0
2026-07-23 01:50:00,4124.55,4126.01,4121.1,4123.47,1591,8,0
2026-07-23 01:55:00,4123.52,4126.7,4120.68,4121.65,1510,7,0
2026-07-23 02:00:00,4121.65,4122.85,4117.13,4118.57,1644,12,0
2026-07-23 02:05:00,4118.57,4119.1,4116.45,4118.23,1213,11,0
2026-07-23 02:10:00,4118.23,4124.74,4116.59,4123.9,1451,7,0
2026-07-23 02:15:00,4123.86,4124.11,4119.77,4120.47,935,23,0
2026-07-23 02:20:00,4120.43,4122.16,4119.34,4120.66,544,24,0
2026-07-23 02:25:00,4120.66,4122.53,4119.15,4119.95,916,9,0
2026-07-23 02:30:00,4120.0,4122.5,4119.08,4120.5,682,8,0
2026-07-23 02:35:00,4120.47,4123.66,4119.89,4121.52,837,11,0
2026-07-23 02:40:00,4121.53,4124.54,4121.13,4123.63,772,18,0
2026-07-23 02:45:00,4123.58,4131.64,4122.89,4129.75,1460,9,0
2026-07-23 02:50:00,4129.65,4131.75,4128.68,4131.28,1960,9,0
2026-07-23 02:55:00,4131.29,4134.32,4130.73,4133.35,2063,15,0
2026-07-23 03:00:00,4133.42,4134.42,4128.14,4130.69,2579,9,0
2026-07-23 03:05:00,4130.69,4131.12,4127.13,4128.9,1668,13,0
2026-07-23 03:10:00,4128.92,4128.93,4126.1,4126.79,1467,12,0
2026-07-23 03:15:00,4126.79,4129.21,4126.66,4128.26,1621,10,0
2026-07-23 03:20:00,4128.26,4133.06,4127.54,4132.84,1965,14,0
2026-07-23 03:25:00,4132.89,4134.68,4128.89,4129.2,1809,10,0
2026-07-23 03:30:00,4129.13,4131.71,4128.08,4130.24,1615,10,0
2026-07-23 03:35:00,4130.27,4132.31,4127.74,4128.39,1458,9,0
2026-07-23 03:40:00,4128.39,4129.07,4127.11,4127.7,1491,12,0
2026-07-23 03:45:00,4127.72,4130.1,4126.89,4127.12,1592,8,0
2026-07-23 03:50:00,4127.15,4129.43,4125.0,4129.02,1585,9,0
2026-07-23 03:55:00,4128.99,4133.32,4127.52,4132.14,1836,16,0
2026-07-23 04:00:00,4132.11,4138.96,4129.78,4132.99,3726,8,0
2026-07-23 04:05:00,4132.93,4134.68,4130.53,4133.72,2898,8,0
2026-07-23 04:10:00,4133.69,4137.27,4131.91,4134.64,2840,7,0
2026-07-23 04:15:00,4134.56,4137.76,4133.63,4135.9,2340,7,0
2026-07-23 04:20:00,4135.9,4140.09,4134.83,4137.7,2511,8,0
2026-07-23 04:25:00,4137.68,4141.03,4136.66,4137.46,1880,8,0
2026-07-23 04:30:00,4137.48,4139.26,4128.86,4133.22,3282,8,0
2026-07-23 04:35:00,4133.23,4133.75,4122.88,4123.09,3401,8,0
2026-07-23 04:40:00,4123.07,4127.55,4121.41,4121.52,2998,8,0
2026-07-23 04:45:00,4121.49,4123.66,4117.99,4121.56,2896,8,0
2026-07-23 04:50:00,4121.57,4122.45,4117.9,4118.67,2789,11,0
2026-07-23 04:55:00,4118.67,4119.13,4114.21,4117.85,2740,8,0
2026-07-23 05:00:00,4117.84,4118.83,4112.88,4113.82,2460,8,0
2026-07-23 05:05:00,4113.84,4116.9,4112.11,4114.19,2487,10,0
2026-07-23 05:10:00,4114.2,4118.47,4114.07,4117.67,1977,8,0
2026-07-23 05:15:00,4117.75,4118.08,4113.14,4114.79,1815,9,0
2026-07-23 05:20:00,4114.79,4117.24,4113.46,4116.29,1849,8,0
2026-07-23 05:25:00,4116.27,4117.08,4114.09,4116.25,1865,9,0
2026-07-23 05:30:00,4116.28,4119.44,4113.79,4116.46,2790,7,0
2026-07-23 05:35:00,4116.46,4118.9,4114.83,4118.74,2423,9,0
2026-07-23 05:40:00,4118.92,4122.3,4117.86,4122.15,2364,8,0
2026-07-23 05:45:00,4122.16,4125.57,4122.1,4122.68,2627,7,0
2026-07-23 05:50:00,4122.55,4128.62,4121.3,4125.26,2157,8,0
2026-07-23 05:55:00,4125.37,4128.54,4124.95,4128.05,1710,8,0
2026-07-23 06:00:00,4128.1,4129.09,4125.93,4126.18,1978,8,0
2026-07-23 06:05:00,4126.2,4127.61,4124.46,4125.06,2145,7,0
2026-07-23 06:10:00,4125.05,4127.53,4123.97,4127.34,1852,8,0
2026-07-23 06:15:00,4127.34,4131.18,4126.6,4131.06,1551,8,0
2026-07-23 06:20:00,4131.06,4133.03,4130.61,4132.62,1815,7,0
2026-07-23 06:25:00,4132.62,4132.62,4129.45,4130.54,1796,10,0
2026-07-23 06:30:00,4130.53,4130.55,4128.25,4130.27,1617,10,0
2026-07-23 06:35:00,4130.27,4131.1,4128.55,4129.39,1294,20,0
2026-07-23 06:40:00,4129.28,4130.28,4125.75,4128.75,1555,8,0
2026-07-23 06:45:00,4128.8,4128.83,4125.08,4125.48,1477,9,0
2026-07-23 06:50:00,4125.51,4126.13,4124.97,4125.79,1028,15,0
2026-07-23 06:55:00,4125.77,4126.15,4124.12,4124.74,1252,8,0
2026-07-23 07:00:00,4124.6,4125.2,4122.59,4123.74,1202,10,0
2026-07-23 07:05:00,4123.75,4125.65,4122.51,4125.3,1598,8,0
2026-07-23 07:10:00,4125.34,4127.7,4123.96,4127.68,1775,8,0
2026-07-23 07:15:00,4127.68,4128.35,4125.02,4125.4,1653,8,0
2026-07-23 07:20:00,4125.42,4129.27,4125.4,4128.11,1327,10,0
2026-07-23 07:25:00,4128.11,4129.86,4127.23,4129.8,1384,9,0
2026-07-23 07:30:00,4129.75,4130.49,4125.61,4126.92,1583,8,0
2026-07-23 07:35:00,4126.91,4127.39,4125.7,4125.79,1220,8,0
2026-07-23 07:40:00,4125.79,4125.84,4123.13,4123.15,1224,8,0
2026-07-23 07:45:00,4123.19,4124.33,4121.51,4121.86,1432,11,0
2026-07-23 07:50:00,4121.9,4122.67,4120.12,4120.79,1212,13,0
2026-07-23 07:55:00,4120.77,4121.57,4119.94,4121.21,1195,14,0
2026-07-23 08:00:00,4121.2,4122.62,4119.43,4120.4,1770,8,0
2026-07-23 08:05:00,4120.4,4124.33,4120.35,4124.19,1401,10,0
2026-07-23 08:10:00,4124.17,4124.98,4123.45,4124.37,1452,9,0
2026-07-23 08:15:00,4124.37,4124.37,4121.2,4122.06,1398,13,0
2026-07-23 08:20:00,4122.06,4122.81,4119.76,4121.43,1449,10,0
2026-07-23 08:25:00,4121.43,4125.63,4121.14,4125.63,1540,8,0
2026-07-23 08:30:00,4125.63,4128.46,4123.35,4127.54,2646,7,0
2026-07-23 08:35:00,4127.52,4128.49,4126.14,4126.26,1901,8,0
2026-07-23 08:40:00,4126.24,4127.75,4124.57,4127.65,2306,9,0
2026-07-23 08:45:00,4127.67,4130.51,4126.12,4126.56,2226,8,0
2026-07-23 08:50:00,4126.63,4127.56,4124.08,4125.23,2101,8,0
2026-07-23 08:55:00,4125.22,4125.34,4120.61,4124.05,2083,8,0
2026-07-23 09:00:00,4124.01,4128.17,4123.33,4124.05,2839,8,0
2026-07-23 09:05:00,4124.04,4124.84,4121.08,4122.42,2775,8,0
2026-07-23 09:10:00,4122.42,4124.42,4121.76,4123.19,2070,13,0
2026-07-23 09:15:00,4123.19,4127.74,4122.43,4126.89,1735,9,0
2026-07-23 09:20:00,4126.91,4127.21,4123.36,4124.81,1843,15,0
2026-07-23 09:25:00,4124.81,4124.87,4121.23,4122.07,2093,9,0
2026-07-23 09:30:00,4122.07,4123.01,4120.54,4122.4,2348,9,0
2026-07-23 09:35:00,4122.36,4123.85,4120.73,4120.78,2106,8,0
2026-07-23 09:40:00,4120.8,4121.41,4116.91,4119.96,2246,7,0
2026-07-23 09:45:00,4119.97,4122.32,4119.05,4121.7,1736,8,0
2026-07-23 09:50:00,4121.65,4122.02,4119.6,4120.21,1838,11,0
2026-07-23 09:55:00,4120.22,4120.43,4117.7,4118.51,1896,8,0
2026-07-23 10:00:00,4118.52,4119.4,4113.9,4115.26,2924,8,0
2026-07-23 10:05:00,4115.27,4116.3,4109.46,4110.46,2640,9,0
2026-07-23 10:10:00,4110.47,4110.49,4101.93,4106.69,2890,8,0
2026-07-23 10:15:00,4106.68,4112.03,4106.51,4109.47,2292,7,0
2026-07-23 10:20:00,4109.47,4109.83,4105.5,4105.67,2443,8,0
2026-07-23 10:25:00,4105.67,4110.59,4105.67,4108.39,2300,7,0
2026-07-23 10:30:00,4108.39,4108.81,4102.06,4105.21,2384,11,0
2026-07-23 10:35:00,4105.26,4105.6,4099.41,4100.73,2106,7,0
2026-07-23 10:40:00,4100.73,4102.0,4091.25,4095.48,2315,8,0
2026-07-23 10:45:00,4095.53,4096.82,4091.12,4093.06,2605,8,0
2026-07-23 10:50:00,4093.06,4095.11,4089.98,4093.36,2433,7,0
2026-07-23 10:55:00,4093.43,4096.94,4092.16,4095.38,2724,8,0
2026-07-23 11:00:00,4095.37,4097.33,4090.08,4092.54,2614,7,0
2026-07-23 11:05:00,4092.67,4096.18,4092.22,4096.08,1992,8,0
2026-07-23 11:10:00,4096.07,4097.73,4090.23,4091.46,2250,7,0
2026-07-23 11:15:00,4091.45,4092.46,4089.47,4089.68,2168,10,0
2026-07-23 11:20:00,4089.64,4091.58,4088.38,4090.6,1734,8,0
2026-07-23 11:25:00,4090.55,4092.09,4088.98,4091.91,1839,8,0
2026-07-23 11:30:00,4091.83,4093.42,4089.87,4092.66,2046,8,0
2026-07-23 11:35:00,4092.47,4093.7,4090.67,4091.98,1692,7,0
2026-07-23 11:40:00,4091.98,4092.66,4088.58,4092.42,2122,7,0
2026-07-23 11:45:00,4092.42,4092.42,4087.02,4089.48,1935,8,0
2026-07-23 11:50:00,4089.46,4093.0,4088.15,4092.87,1861,7,0
2026-07-23 11:55:00,4092.85,4094.82,4092.6,4093.41,1615,8,0
2026-07-23 12:00:00,4093.38,4099.37,4092.64,4099.11,2599,8,0
2026-07-23 12:05:00,4099.11,4099.11,4096.62,4096.99,2139,8,0
2026-07-23 12:10:00,4096.98,4098.61,4094.73,4094.86,1912,12,0
2026-07-23 12:15:00,4094.86,4097.07,4093.97,4096.82,1851,8,0
2026-07-23 12:20:00,4096.82,4096.82,4093.06,4093.38,1852,8,0
2026-07-23 12:25:00,4093.36,4094.2,4089.37,4091.41,1873,8,0
2026-07-23 12:30:00,4091.44,4092.26,4088.58,4092.03,1948,8,0
2026-07-23 12:35:00,4092.05,4092.73,4090.66,4091.96,1530,8,0
2026-07-23 12:40:00,4091.76,4093.15,4090.36,4091.86,1624,8,0
2026-07-23 12:45:00,4091.86,4094.21,4091.37,4093.35,1554,14,0
2026-07-23 12:50:00,4093.35,4093.92,4089.75,4092.79,1826,8,0
2026-07-23 12:55:00,4092.81,4093.02,4088.34,4089.86,1555,7,0
2026-07-23 13:00:00,4089.82,4091.62,4088.03,4090.64,1980,9,0
2026-07-23 13:05:00,4090.6,4091.29,4087.93,4088.95,2102,8,0
2026-07-23 13:10:00,4088.93,4091.56,4088.15,4090.83,1665,9,0
2026-07-23 13:15:00,4090.83,4092.49,4088.66,4088.74,1764,11,0
2026-07-23 13:20:00,4088.74,4089.15,4085.88,4087.62,1949,8,0
2026-07-23 13:25:00,4087.66,4090.42,4087.29,4089.85,1497,8,0
2026-07-23 13:30:00,4089.88,4092.82,4086.54,4087.29,2003,8,0
2026-07-23 13:35:00,4087.14,4090.2,4086.72,4089.92,1663,7,0
2026-07-23 13:40:00,4089.86,4089.86,4087.35,4089.34,1516,8,0
2026-07-23 13:45:00,4089.3,4093.56,4087.21,4093.42,1542,7,0
2026-07-23 13:50:00,4093.36,4094.26,4091.64,4093.92,1880,7,0
2026-07-23 13:55:00,4093.91,4095.28,4091.96,4093.13,1639,8,0
2026-07-23 14:00:00,4093.13,4093.81,4090.51,4092.03,2400,8,0
2026-07-23 14:05:00,4092.02,4092.22,4088.42,4088.63,1994,10,0
2026-07-23 14:10:00,4088.61,4089.56,4086.96,4087.69,1926,8,0
2026-07-23 14:15:00,4087.71,4089.22,4084.4,4085.59,2075,8,0
2026-07-23 14:20:00,4085.58,4086.88,4080.9,4083.97,2366,8,0
2026-07-23 14:25:00,4083.99,4085.0,4081.48,4084.33,2285,8,0
2026-07-23 14:30:00,4084.34,4084.35,4079.34,4080.83,2506,8,0
2026-07-23 14:35:00,4080.83,4083.32,4079.18,4079.31,2766,7,0
2026-07-23 14:40:00,4079.16,4079.57,4073.03,4078.62,2888,8,0
2026-07-23 14:45:00,4078.61,4082.22,4077.79,4081.77,2552,7,0
2026-07-23 14:50:00,4081.7,4089.23,4081.48,4084.56,2677,8,0
2026-07-23 14:55:00,4084.5,4086.25,4083.01,4085.64,1842,9,0
2026-07-23 15:00:00,4085.65,4085.94,4082.13,4083.31,2234,8,0
2026-07-23 15:05:00,4083.55,4085.43,4081.88,4083.09,2172,8,0
2026-07-23 15:10:00,4083.1,4085.4,4081.2,4081.43,1567,7,0
2026-07-23 15:15:00,4081.44,4083.18,4072.67,4077.85,3007,7,0
2026-07-23 15:20:00,4077.67,4078.3,4070.29,4071.67,3236,7,0
2026-07-23 15:25:00,4071.74,4077.24,4071.08,4074.66,2297,7,0
2026-07-23 15:30:00,4074.14,4074.96,4067.54,4074.72,2423,7,0
2026-07-23 15:35:00,4074.68,4074.78,4064.18,4073.25,3175,8,0
2026-07-23 15:40:00,4073.17,4073.18,4066.14,4068.94,3223,7,0
2026-07-23 15:45:00,4068.94,4069.19,4062.9,4065.92,3332,7,0
2026-07-23 15:50:00,4065.86,4068.17,4062.03,4064.09,3205,7,0
2026-07-23 15:55:00,4064.05,4066.75,4060.97,4061.73,2998,7,0
2026-07-23 16:00:00,4061.73,4063.49,4054.42,4055.46,4285,8,0
2026-07-23 16:05:00,4055.52,4057.09,4044.8,4046.95,4326,8,0
2026-07-23 16:10:00,4046.93,4047.32,4040.35,4040.92,4314,8,0
2026-07-23 16:15:00,4040.93,4049.55,4040.62,4048.96,4284,8,0
2026-07-23 16:20:00,4048.93,4054.29,4048.53,4051.52,3039,7,0
2026-07-23 16:25:00,4051.59,4059.02,4051.59,4058.62,3212,8,0
2026-07-23 16:30:00,4058.62,4067.29,4058.31,4063.23,4179,7,0
2026-07-23 16:35:00,4063.22,4064.58,4055.49,4056.67,3928,8,0
2026-07-23 16:40:00,4056.65,4062.24,4055.35,4056.3,4107,7,0
2026-07-23 16:45:00,4056.33,4056.94,4049.93,4052.82,4158,7,0
2026-07-23 16:50:00,4052.83,4058.95,4051.73,4056.28,3762,8,0
2026-07-23 16:55:00,4056.24,4057.61,4042.68,4043.28,3833,7,0
2026-07-23 17:00:00,4043.24,4050.71,4042.82,4043.87,4190,7,0
2026-07-23 17:05:00,4043.95,4045.92,4040.11,4045.53,3908,7,0
2026-07-23 17:10:00,4045.61,4051.3,4041.79,4047.93,3738,8,0
2026-07-23 17:15:00,4047.92,4050.13,4042.25,4044.07,3963,7,0
2026-07-23 17:20:00,4044.07,4052.31,4042.81,4052.12,3779,8,0
2026-07-23 17:25:00,4052.12,4056.87,4051.2,4056.37,3585,8,0
2026-07-23 17:30:00,4056.35,4057.99,4051.67,4054.45,3625,7,0
2026-07-23 17:35:00,4054.5,4060.7,4051.68,4058.93,3638,8,0
2026-07-23 17:40:00,4059.01,4059.82,4055.9,4057.0,3452,8,0
2026-07-23 17:45:00,4056.98,4061.66,4056.03,4059.06,3551,8,0
2026-07-23 17:50:00,4059.12,4060.31,4056.66,4056.88,3514,9,0
2026-07-23 17:55:00,4056.85,4060.08,4056.55,4057.83,3173,8,0
2026-07-23 18:00:00,4057.86,4059.46,4055.47,4056.7,3697,7,0
2026-07-23 18:05:00,4056.7,4057.64,4051.54,4052.06,3345,8,0
2026-07-23 18:10:00,4052.07,4054.05,4049.44,4051.4,3254,8,0
2026-07-23 18:15:00,4051.42,4056.79,4050.27,4052.61,3774,8,0
2026-07-23 18:20:00,4052.59,4053.52,4045.31,4050.07,3763,7,0
2026-07-23 18:25:00,4050.04,4050.71,4046.26,4046.98,3096,8,0
2026-07-23 18:30:00,4046.99,4047.03,4042.26,4045.83,3771,7,0
2026-07-23 18:35:00,4045.89,4051.1,4045.63,4049.23,3829,7,0
2026-07-23 18:40:00,4049.12,4053.16,4047.99,4048.11,3261,8,0
2026-07-23 18:45:00,4048.08,4051.04,4047.21,4049.42,2785,8,0
2026-07-23 18:50:00,4049.4,4050.9,4046.82,4050.33,2788,8,0
2026-07-23 18:55:00,4050.33,4050.63,4046.71,4048.66,2198,7,0
2026-07-23 19:00:00,4048.66,4050.78,4048.47,4048.49,2626,7,0
2026-07-23 19:05:00,4048.51,4050.28,4047.33,4048.59,2625,8,0
2026-07-23 19:10:00,4048.56,4050.76,4047.93,4050.2,1912,7,0
2026-07-23 19:15:00,4050.16,4050.71,4045.76,4046.46,2193,8,0
2026-07-23 19:20:00,4046.5,4051.6,4046.46,4048.62,1998,7,0
2026-07-23 19:25:00,4048.62,4051.47,4048.33,4050.04,1808,8,0
2026-07-23 19:30:00,4050.03,4050.71,4048.03,4048.24,2059,7,0
2026-07-23 19:35:00,4048.26,4050.69,4047.02,4050.4,2420,7,0
2026-07-23 19:40:00,4050.4,4051.06,4049.18,4049.85,1549,7,0
2026-07-23 19:45:00,4049.86,4051.02,4048.83,4049.15,2016,7,0
2026-07-23 19:50:00,4049.15,4049.75,4048.04,4049.02,2041,10,0
2026-07-23 19:55:00,4049.03,4051.78,4049.03,4051.46,1924,8,0
2026-07-23 20:00:00,4051.52,4054.6,4050.61,4051.59,2686,8,0
2026-07-23 20:05:00,4051.59,4053.19,4046.88,4048.04,2403,8,0
2026-07-23 20:10:00,4048.03,4049.48,4046.87,4047.25,2435,7,0
2026-07-23 20:15:00,4047.25,4049.71,4046.09,4046.58,2297,11,0
2026-07-23 20:20:00,4046.54,4050.55,4046.54,4048.8,2636,8,0
2026-07-23 20:25:00,4048.8,4049.78,4046.7,4047.26,2386,9,0
2026-07-23 20:30:00,4047.27,4049.19,4046.77,4047.45,2630,10,0
2026-07-23 20:35:00,4047.46,4047.5,4044.23,4044.82,2214,8,0
2026-07-23 20:40:00,4044.82,4045.48,4041.92,4042.88,2502,8,0
2026-07-23 20:45:00,4042.87,4044.33,4042.16,4044.24,2376,11,0
2026-07-23 20:50:00,4044.15,4044.25,4041.98,4043.07,2255,8,0
2026-07-23 20:55:00,4043.06,4043.53,4041.63,4041.83,2152,12,0
2026-07-23 21:00:00,4041.83,4043.35,4040.67,4041.77,2785,8,0
2026-07-23 21:05:00,4041.76,4044.18,4040.79,4043.27,2370,8,0
2026-07-23 21:10:00,4043.24,4044.2,4041.47,4041.88,2483,10,0
2026-07-23 21:15:00,4041.86,4044.71,4040.86,4043.01,2520,9,0
2026-07-23 21:20:00,4042.96,4043.55,4040.68,4041.92,2370,8,0
2026-07-23 21:25:00,4041.93,4045.14,4041.23,4044.55,2514,7,0
2026-07-23 21:30:00,4044.47,4048.39,4044.45,4045.46,2305,8,0
2026-07-23 21:35:00,4045.46,4046.88,4044.44,4045.36,1835,7,0
2026-07-23 21:40:00,4045.28,4046.77,4044.92,4046.5,1990,8,0
2026-07-23 21:45:00,4046.51,4048.4,4046.49,4047.34,2046,7,0
2026-07-23 21:50:00,4047.34,4047.49,4045.82,4046.21,1854,8,0
2026-07-23 21:55:00,4046.23,4047.03,4044.58,4046.06,1332,7,0
2026-07-23 22:00:00,4046.12,4048.55,4044.9,4045.06,1117,7,0
2026-07-23 22:05:00,4045.17,4046.13,4043.42,4043.42,1095,9,0
2026-07-23 22:10:00,4043.44,4044.3,4042.84,4043.08,1212,14,0
2026-07-23 22:15:00,4043.07,4045.94,4042.94,4045.04,1672,17,0
2026-07-23 22:20:00,4045.04,4048.42,4044.98,4048.02,1507,13,0
2026-07-23 22:25:00,4048.04,4049.22,4047.03,4048.24,1286,10,0
2026-07-23 22:30:00,4048.24,4050.99,4045.82,4047.37,2025,8,0
2026-07-23 22:35:00,4047.18,4048.31,4046.83,4047.96,1521,15,0
2026-07-23 22:40:00,4047.95,4048.27,4045.83,4045.84,1800,10,0
2026-07-23 22:45:00,4045.85,4046.85,4044.89,4046.14,1531,14,0
2026-07-23 22:50:00,4046.25,4050.44,4046.25,4050.43,2270,8,0
2026-07-23 22:55:00,4050.49,4051.19,4049.44,4049.66,1780,8,0
2026-07-24 01:00:00,4032.03,4050.31,4032.03,4048.56,380,36,0
2026-07-24 01:05:00,4048.9,4050.41,4048.59,4049.02,292,16,0
2026-07-24 01:10:00,4049.02,4049.48,4048.79,4048.92,166,30,0
2026-07-24 01:15:00,4049.18,4049.88,4049.18,4049.64,152,31,0
2026-07-24 01:20:00,4049.64,4050.34,4049.46,4050.03,236,15,0
2026-07-24 01:25:00,4050.04,4050.04,4049.29,4049.88,273,15,0
2026-07-24 01:30:00,4049.93,4050.45,4049.69,4050.24,244,9,0
2026-07-24 01:35:00,4050.24,4050.36,4049.64,4049.76,205,9,0
2026-07-24 01:40:00,4049.76,4050.23,4048.77,4049.39,343,14,0
2026-07-24 01:45:00,4049.35,4049.94,4048.5,4048.67,284,8,0
2026-07-24 01:50:00,4048.67,4050.47,4048.65,4049.87,272,14,0
2026-07-24 01:55:00,4049.87,4050.13,4048.57,4049.55,271,9,0
2026-07-24 02:00:00,4049.55,4049.82,4048.69,4048.77,324,28,0
2026-07-24 02:05:00,4048.77,4049.24,4047.66,4048.29,355,20,0
2026-07-24 02:10:00,4048.38,4048.65,4047.36,4048.45,363,17,0
2026-07-24 02:15:00,4048.46,4049.15,4047.22,4047.3,417,18,0
2026-07-24 02:20:00,4047.3,4049.22,4047.13,4049.19,314,8,0
2026-07-24 02:25:00,4049.19,4049.86,4048.78,4049.13,278,19,0
2026-07-24 02:30:00,4049.1,4050.73,4049.02,4050.55,429,8,0
2026-07-24 02:35:00,4050.46,4050.46,4048.33,4048.37,493,8,0
2026-07-24 02:40:00,4048.37,4048.54,4046.93,4048.21,718,15,0
2026-07-24 02:45:00,4048.22,4049.67,4046.96,4048.48,1072,12,0
2026-07-24 02:50:00,4048.46,4049.49,4047.18,4047.58,635,20,0
2026-07-24 02:55:00,4047.58,4048.3,4046.56,4047.02,807,17,0
2026-07-24 03:00:00,4047.01,4049.96,4046.72,4047.17,1828,17,0
2026-07-24 03:05:00,4047.17,4047.44,4044.82,4045.63,1715,11,0
2026-07-24 03:10:00,4045.66,4046.51,4041.16,4041.61,1510,19,0
2026-07-24 03:15:00,4041.51,4045.04,4041.19,4043.02,1255,15,0
2026-07-24 03:20:00,4043.02,4048.04,4042.8,4046.1,1396,8,0
2026-07-24 03:25:00,4046.1,4046.89,4044.0,4046.55,1198,11,0
2026-07-24 03:30:00,4046.55,4047.29,4044.85,4046.1,857,10,0
2026-07-24 03:35:00,4046.08,4049.93,4045.21,4048.51,1136,14,0
2026-07-24 03:40:00,4048.51,4050.12,4047.53,4049.13,1060,9,0
2026-07-24 03:45:00,4049.2,4050.63,4048.76,4048.8,984,12,0
2026-07-24 03:50:00,4048.85,4049.99,4048.37,4048.95,902,14,0
2026-07-24 03:55:00,4048.99,4050.82,4048.68,4049.7,1171,7,0
2026-07-24 04:00:00,4049.65,4050.15,4040.04,4043.86,2875,8,0
2026-07-24 04:05:00,4043.86,4044.69,4041.85,4043.05,1784,9,0
2026-07-24 04:10:00,4043.05,4044.67,4040.3,4042.42,1798,7,0
2026-07-24 04:15:00,4042.4,4045.9,4041.47,4044.8,1952,7,0
2026-07-24 04:20:00,4044.8,4045.35,4041.9,4045.0,1786,9,0
2026-07-24 04:25:00,4044.98,4045.8,4042.72,4042.72,1641,9,0
2026-07-24 04:30:00,4042.73,4045.08,4041.55,4043.8,1779,11,0
2026-07-24 04:35:00,4043.79,4045.03,4042.01,4043.44,1685,15,0
2026-07-24 04:40:00,4043.42,4050.36,4043.36,4049.94,1801,7,0
2026-07-24 04:45:00,4049.94,4050.13,4047.87,4047.87,1523,12,0
2026-07-24 04:50:00,4047.88,4047.88,4044.95,4046.03,1552,8,0
2026-07-24 04:55:00,4046.0,4046.35,4041.39,4043.58,1483,11,0
2026-07-24 05:00:00,4043.58,4045.21,4042.33,4042.55,1555,16,0
2026-07-24 05:05:00,4042.53,4044.85,4040.92,4044.85,1118,8,0
2026-07-24 05:10:00,4044.85,4045.85,4043.89,4045.68,1125,16,0
2026-07-24 05:15:00,4045.65,4046.08,4044.63,4044.91,847,10,0
2026-07-24 05:20:00,4044.92,4046.33,4042.61,4046.33,860,17,0
2026-07-24 05:25:00,4046.33,4048.32,4045.71,4046.5,867,16,0
2026-07-24 05:30:00,4046.5,4048.11,4043.76,4044.2,1316,11,0
2026-07-24 05:35:00,4044.14,4044.82,4041.27,4042.36,1356,10,0
2026-07-24 05:40:00,4042.36,4043.83,4041.34,4041.68,1024,13,0
2026-07-24 05:45:00,4041.68,4041.78,4026.22,4026.24,2216,7,0
2026-07-24 05:50:00,4026.24,4030.55,4025.28,4025.28,2313,7,0
2026-07-24 05:55:00,4025.28,4027.43,4022.93,4024.35,2052,9,0
2026-07-24 06:00:00,4024.35,4027.34,4022.98,4026.69,1748,8,0
2026-07-24 06:05:00,4026.64,4028.9,4026.44,4026.81,1426,11,0
2026-07-24 06:10:00,4026.81,4032.27,4025.89,4031.72,1378,12,0
2026-07-24 06:15:00,4031.7,4033.66,4028.93,4029.19,1378,11,0
2026-07-24 06:20:00,4029.19,4031.77,4028.05,4030.25,1268,17,0
2026-07-24 06:25:00,4030.25,4031.19,4028.39,4030.38,1360,8,0
2026-07-24 06:30:00,4030.39,4033.28,4030.35,4032.01,1009,8,0
2026-07-24 06:35:00,4031.99,4032.93,4030.95,4031.48,903,12,0
2026-07-24 06:40:00,4031.48,4032.84,4030.81,4031.56,626,15,0
2026-07-24 06:45:00,4031.54,4032.05,4029.79,4031.53,770,16,0
2026-07-24 06:50:00,4031.51,4032.13,4029.71,4029.72,768,10,0
2026-07-24 06:55:00,4029.72,4029.81,4028.37,4029.29,756,21,0
2026-07-24 07:00:00,4029.18,4029.71,4027.8,4029.29,765,8,0
2026-07-24 07:05:00,4029.29,4030.23,4028.16,4029.22,893,22,0
2026-07-24 07:10:00,4029.22,4029.28,4026.98,4028.13,669,8,0
2026-07-24 07:15:00,4028.11,4028.85,4027.59,4028.48,608,15,0
2026-07-24 07:20:00,4028.48,4030.06,4027.85,4029.35,780,15,0
2026-07-24 07:25:00,4029.39,4030.28,4029.28,4029.75,707,19,0
2026-07-24 07:30:00,4029.74,4030.34,4028.57,4028.9,436,21,0
2026-07-24 07:35:00,4028.9,4029.86,4027.08,4027.32,604,14,0
2026-07-24 07:40:00,4027.35,4027.54,4025.9,4026.79,688,14,0
2026-07-24 07:45:00,4026.79,4027.16,4025.49,4026.89,500,15,0
2026-07-24 07:50:00,4026.89,4027.27,4025.91,4026.71,417,12,0
2026-07-24 07:55:00,4026.74,4028.75,4026.6,4027.0,505,8,0
2026-07-24 08:00:00,4027.0,4028.69,4025.2,4028.61,814,8,0
2026-07-24 08:05:00,4028.65,4029.86,4027.64,4028.96,634,11,0
2026-07-24 08:10:00,4029.0,4032.18,4027.23,4027.56,1095,7,0
2026-07-24 08:15:00,4027.38,4027.76,4022.33,4024.27,1197,8,0
2026-07-24 08:20:00,4024.46,4029.81,4024.16,4027.37,924,8,0
2026-07-24 08:25:00,4027.37,4027.74,4025.28,4026.16,732,8,0
2026-07-24 08:30:00,4026.14,4031.5,4025.63,4031.19,2091,9,0
2026-07-24 08:35:00,4031.34,4031.49,4024.85,4026.07,1684,8,0
2026-07-24 08:40:00,4026.07,4028.45,4023.94,4024.74,1637,8,0
2026-07-24 08:45:00,4024.68,4029.01,4024.53,4028.03,1339,9,0
2026-07-24 08:50:00,4028.04,4029.22,4022.71,4023.46,1638,13,0
2026-07-24 08:55:00,4023.37,4023.93,4021.82,4023.04,1204,9,0
2026-07-24 09:00:00,4023.03,4025.84,4022.89,4025.14,1329,7,0
2026-07-24 09:05:00,4025.25,4027.44,4024.59,4027.2,1175,7,0
2026-07-24 09:10:00,4027.2,4031.35,4026.62,4030.93,1378,7,0
2026-07-24 09:15:00,4030.94,4034.02,4029.09,4033.93,1557,7,0
2026-07-24 09:20:00,4033.88,4036.96,4033.39,4036.07,1697,11,0
2026-07-24 09:25:00,4036.07,4038.94,4035.11,4036.56,1349,9,0
2026-07-24 09:30:00,4036.56,4036.57,4033.12,4034.46,1574,13,0
2026-07-24 09:35:00,4034.48,4037.16,4034.35,4035.44,1538,8,0
2026-07-24 09:40:00,4035.44,4036.73,4033.51,4033.85,1413,8,0
2026-07-24 09:45:00,4033.83,4036.93,4033.62,4033.85,1400,9,0
2026-07-24 09:50:00,4033.85,4035.69,4031.52,4035.28,1375,8,0
2026-07-24 09:55:00,4035.28,4038.66,4035.01,4035.59,1646,8,0
2026-07-24 10:00:00,4035.6,4040.17,4034.9,4038.44,2073,7,0
2026-07-24 10:05:00,4038.44,4045.74,4038.28,4045.58,1777,7,0
2026-07-24 10:10:00,4045.58,4047.4,4044.79,4045.41,1530,8,0
2026-07-24 10:15:00,4045.41,4047.55,4043.91,4047.27,1710,8,0
2026-07-24 10:20:00,4047.19,4048.97,4045.85,4048.07,1427,8,0
2026-07-24 10:25:00,4048.07,4050.69,4047.57,4048.72,1491,10,0
2026-07-24 10:30:00,4048.7,4053.53,4047.75,4053.53,1784,8,0
2026-07-24 10:35:00,4053.58,4053.61,4046.47,4046.87,1403,8,0
2026-07-24 10:40:00,4046.87,4048.73,4045.68,4048.4,1193,7,0
2026-07-24 10:45:00,4048.29,4048.45,4045.98,4047.22,1316,8,0
2026-07-24 10:50:00,4047.26,4048.61,4046.77,4047.72,1139,9,0
2026-07-24 10:55:00,4047.75,4049.63,4047.6,4048.4,1024,10,0
2026-07-24 11:00:00,4048.36,4049.09,4046.49,4047.4,1451,8,0
2026-07-24 11:05:00,4047.4,4047.84,4045.17,4047.45,1417,13,0
2026-07-24 11:10:00,4047.54,4047.73,4045.61,4046.8,1407,8,0
2026-07-24 11:15:00,4046.83,4047.79,4045.02,4046.67,1282,11,0
2026-07-24 11:20:00,4046.67,4048.1,4046.04,4046.8,1371,14,0
2026-07-24 11:25:00,4046.75,4052.47,4046.0,4052.47,1493,12,0
2026-07-24 11:30:00,4052.33,4052.44,4049.84,4049.87,1363,19,0
2026-07-24 11:35:00,4049.91,4053.07,4048.66,4052.59,1271,10,0
2026-07-24 11:40:00,4052.58,4055.52,4052.55,4054.66,1147,8,0
2026-07-24 11:45:00,4054.66,4054.99,4052.25,4054.66,1098,8,0
2026-07-24 11:50:00,4054.66,4057.1,4054.18,4056.26,1271,11,0
2026-07-24 11:55:00,4056.27,4058.65,4056.0,4057.43,1050,10,0
2026-07-24 12:00:00,4057.5,4060.76,4055.82,4056.55,1419,8,0
2026-07-24 12:05:00,4056.56,4057.49,4055.03,4057.44,965,8,0
2026-07-24 12:10:00,4057.41,4057.87,4053.19,4054.03,1014,12,0
2026-07-24 12:15:00,4054.09,4056.66,4053.24,4054.95,949,8,0
2026-07-24 12:20:00,4054.9,4055.16,4053.28,4054.66,1031,12,0
2026-07-24 12:25:00,4054.66,4055.98,4052.44,4052.97,1083,8,0
2026-07-24 12:30:00,4052.94,4054.54,4051.57,4053.82,1062,8,0
2026-07-24 12:35:00,4053.82,4055.17,4053.46,4054.96,793,19,0
2026-07-24 12:40:00,4054.92,4056.23,4053.96,4055.6,831,8,0
2026-07-24 12:45:00,4055.6,4056.19,4054.97,4055.16,854,17,0
2026-07-24 12:50:00,4055.19,4058.31,4054.6,4058.15,903,11,0
2026-07-24 12:55:00,4058.15,4059.83,4058.1,4059.74,985,15,0
2026-07-24 13:00:00,4059.79,4061.44,4058.51,4059.69,952,10,0
2026-07-24 13:05:00,4059.69,4060.43,4058.67,4060.32,912,10,0
2026-07-24 13:10:00,4060.36,4060.53,4057.61,4058.1,801,9,0
2026-07-24 13:15:00,4058.1,4061.83,4057.42,4059.57,826,14,0
2026-07-24 13:20:00,4059.57,4061.15,4059.13,4060.31,787,8,0
2026-07-24 13:25:00,4060.3,4063.68,4059.73,4062.0,1090,8,0
2026-07-24 13:30:00,4061.97,4063.82,4061.3,4061.55,822,14,0
2026-07-24 13:35:00,4061.53,4061.63,4060.0,4060.02,627,9,0
2026-07-24 13:40:00,4060.0,4060.08,4058.08,4058.33,750,10,0
2026-07-24 13:45:00,4058.52,4059.09,4057.58,4058.77,795,8,0
2026-07-24 13:50:00,4058.78,4059.44,4057.05,4057.72,925,8,0
2026-07-24 13:55:00,4057.76,4060.26,4057.29,4060.04,703,8,0
2026-07-24 14:00:00,4060.03,4062.77,4058.54,4062.22,1213,9,0
2026-07-24 14:05:00,4062.22,4063.38,4060.46,4061.05,844,10,0
2026-07-24 14:10:00,4061.05,4061.29,4060.28,4061.24,535,19,0
2026-07-24 14:15:00,4061.34,4061.78,4059.95,4061.17,786,17,0
2026-07-24 14:20:00,4061.17,4061.92,4060.27,4061.45,674,9,0
2026-07-24 14:25:00,4061.45,4061.65,4059.05,4059.05,840,15,0
2026-07-24 14:30:00,4059.08,4060.35,4057.96,4059.83,1030,8,0
2026-07-24 14:35:00,4059.81,4059.92,4056.65,4057.12,1077,15,0
2026-07-24 14:40:00,4057.12,4057.85,4055.18,4055.24,873,10,0
2026-07-24 14:45:00,4055.24,4056.77,4053.7,4055.19,888,13,0
2026-07-24 14:50:00,4055.17,4055.22,4052.5,4052.64,821,18,0
2026-07-24 14:55:00,4052.67,4061.48,4051.35,4057.75,1925,7,0
2026-07-24 15:00:00,4057.73,4058.52,4052.27,4054.08,1992,7,0
2026-07-24 15:05:00,4054.08,4058.33,4052.53,4056.79,1882,8,0
2026-07-24 15:10:00,4056.79,4057.38,4055.52,4056.58,1558,10,0
2026-07-24 15:15:00,4056.55,4057.65,4055.67,4056.81,1532,9,0
2026-07-24 15:20:00,4056.56,4058.26,4054.73,4058.2,1425,13,0
2026-07-24 15:25:00,4058.22,4060.06,4055.81,4059.58,949,7,0
2026-07-24 15:30:00,4059.43,4059.59,4056.28,4057.16,1708,8,0
2026-07-24 15:35:00,4057.18,4058.21,4055.06,4055.63,1690,11,0
2026-07-24 15:40:00,4055.58,4056.83,4051.96,4055.08,1762,14,0
2026-07-24 15:45:00,4055.08,4056.34,4051.64,4054.04,1421,12,0
2026-07-24 15:50:00,4054.04,4055.76,4053.8,4055.13,1330,11,0
2026-07-24 15:55:00,4055.04,4055.33,4051.7,4054.56,1039,8,0
2026-07-24 16:00:00,4054.15,4054.5,4051.49,4052.14,906,15,0
2026-07-24 16:05:00,4052.14,4053.08,4045.82,4046.48,2370,9,0
2026-07-24 16:10:00,4046.48,4049.64,4044.65,4048.09,2155,7,0
2026-07-24 16:15:00,4047.99,4048.44,4044.85,4046.19,1704,8,0
2026-07-24 16:20:00,4046.21,4049.31,4045.61,4046.83,1685,9,0
2026-07-24 16:25:00,4046.87,4048.54,4045.78,4046.32,1866,15,0
2026-07-24 16:30:00,4046.3,4050.25,4044.61,4049.29,2843,8,0
2026-07-24 16:35:00,4049.31,4056.74,4049.12,4056.12,2927,9,0
2026-07-24 16:40:00,4056.12,4056.6,4051.22,4052.06,2352,7,0
2026-07-24 16:45:00,4052.07,4060.8,4048.2,4058.22,2705,7,0
2026-07-24 16:50:00,4058.17,4061.03,4055.81,4059.63,3378,7,0
2026-07-24 16:55:00,4059.59,4068.59,4056.85,4067.24,2788,7,0
2026-07-24 17:00:00,4067.24,4070.01,4062.51,4062.61,2754,7,0
2026-07-24 17:05:00,4062.78,4064.67,4057.17,4062.33,3200,7,0
2026-07-24 17:10:00,4062.33,4063.76,4058.68,4058.71,3256,7,0
2026-07-24 17:15:00,4058.71,4060.35,4055.9,4058.08,2682,7,0
2026-07-24 17:20:00,4058.08,4064.79,4056.79,4064.71,3169,7,0
2026-07-24 17:25:00,4064.71,4069.27,4064.37,4066.05,3246,7,0
2026-07-24 17:30:00,4066.09,4068.06,4064.4,4064.6,3076,9,0
2026-07-24 17:35:00,4064.84,4066.73,4059.85,4060.54,2787,8,0
2026-07-24 17:40:00,4060.53,4062.4,4059.2,4060.28,2740,8,0
2026-07-24 17:45:00,4060.28,4063.58,4058.45,4063.08,2785,8,0
2026-07-24 17:50:00,4063.07,4064.79,4061.07,4061.63,2542,10,0
2026-07-24 17:55:00,4061.64,4066.42,4061.29,4063.33,2819,9,0
2026-07-24 18:00:00,4063.34,4067.01,4061.89,4063.91,2891,8,0
2026-07-24 18:05:00,4063.96,4064.7,4061.8,4063.25,2535,13,0
2026-07-24 18:10:00,4063.28,4076.5,4063.1,4074.65,3594,7,0
2026-07-24 18:15:00,4074.6,4081.37,4071.81,4077.02,3514,8,0
2026-07-24 18:20:00,4077.16,4082.04,4072.61,4074.01,2748,8,0
2026-07-24 18:25:00,4073.92,4077.09,4072.38,4075.0,2554,8,0
2026-07-24 18:30:00,4075.04,4076.77,4073.89,4074.07,2529,7,0
2026-07-24 18:35:00,4074.07,4078.88,4073.51,4077.88,2229,7,0
2026-07-24 18:40:00,4077.88,4079.58,4071.65,4072.04,2464,7,0
2026-07-24 18:45:00,4072.04,4073.52,4070.96,4072.84,2000,10,0
2026-07-24 18:50:00,4072.87,4076.16,4072.73,4075.22,1771,16,0
2026-07-24 18:55:00,4075.22,4077.81,4074.91,4077.38,1849,15,0
2026-07-24 19:00:00,4077.43,4077.48,4075.02,4076.58,1936,10,0
2026-07-24 19:05:00,4076.56,4077.51,4075.09,4076.11,1482,8,0
2026-07-24 19:10:00,4076.09,4077.06,4074.44,4074.87,1419,8,0
2026-07-24 19:15:00,4074.87,4075.92,4073.82,4074.8,1469,12,0
2026-07-24 19:20:00,4074.77,4077.69,4073.77,4077.34,1439,12,0
2026-07-24 19:25:00,4077.35,4078.16,4073.4,4073.71,1402,16,0
2026-07-24 19:30:00,4073.68,4074.02,4070.19,4072.36,1775,8,0
2026-07-24 19:35:00,4072.36,4072.36,4067.47,4068.0,1677,15,0
2026-07-24 19:40:00,4068.02,4068.83,4066.62,4067.67,1497,17,0
2026-07-24 19:45:00,4067.67,4067.68,4064.22,4065.24,1518,7,0
2026-07-24 19:50:00,4065.24,4065.93,4064.11,4065.69,1030,17,0
2026-07-24 19:55:00,4065.67,4067.64,4065.41,4066.98,1179,17,0
2026-07-24 20:00:00,4067.0,4068.36,4066.66,4067.88,1285,17,0
2026-07-24 20:05:00,4067.85,4067.95,4063.88,4065.75,1763,8,0
2026-07-24 20:10:00,4065.77,4066.15,4062.85,4064.15,1504,8,0
2026-07-24 20:15:00,4064.14,4066.92,4063.52,4066.75,1421,9,0
2026-07-24 20:20:00,4066.74,4068.77,4065.33,4068.69,1722,10,0
2026-07-24 20:25:00,4068.68,4069.83,4067.21,4068.34,1407,9,0
2026-07-24 20:30:00,4068.31,4069.84,4067.43,4068.5,1061,13,0
2026-07-24 20:35:00,4068.44,4068.87,4067.6,4068.06,1167,10,0
2026-07-24 20:40:00,4068.04,4068.86,4066.1,4066.52,1047,17,0
2026-07-24 20:45:00,4066.49,4067.27,4064.65,4066.08,931,12,0
2026-07-24 20:50:00,4066.1,4066.92,4063.03,4063.43,1126,14,0
2026-07-24 20:55:00,4063.41,4065.22,4063.3,4063.34,1110,13,0
2026-07-24 21:00:00,4063.38,4064.13,4061.26,4062.89,1092,8,0
2026-07-24 21:05:00,4062.89,4064.51,4062.76,4063.08,932,13,0
2026-07-24 21:10:00,4063.1,4063.49,4061.33,4061.62,995,9,0
2026-07-24 21:15:00,4061.63,4062.94,4060.04,4060.26,986,13,0
2026-07-24 21:20:00,4060.23,4060.68,4056.59,4057.54,1441,8,0
2026-07-24 21:25:00,4057.48,4058.35,4054.89,4055.27,1437,11,0
2026-07-24 21:30:00,4055.33,4056.18,4052.42,4054.26,1258,8,0
2026-07-24 21:35:00,4054.23,4057.11,4053.29,4055.63,1596,8,0
2026-07-24 21:40:00,4055.63,4055.63,4051.1,4052.07,1318,9,0
2026-07-24 21:45:00,4052.08,4055.2,4051.76,4053.54,1052,17,0
2026-07-24 21:50:00,4053.57,4055.89,4052.91,4054.26,1050,13,0
2026-07-24 21:55:00,4054.34,4055.29,4053.95,4054.37,993,11,0
2026-07-24 22:00:00,4054.38,4056.37,4052.21,4054.53,1913,11,0
2026-07-24 22:05:00,4054.55,4054.68,4052.5,4052.9,1173,16,0
2026-07-24 22:10:00,4052.9,4054.84,4052.13,4052.32,1387,18,0
2026-07-24 22:15:00,4052.34,4052.38,4049.58,4050.75,1397,7,0
2026-07-24 22:20:00,4050.76,4051.17,4049.48,4049.59,1198,8,0
2026-07-24 22:25:00,4049.56,4051.86,4049.16,4051.5,1196,12,0
2026-07-24 22:30:00,4051.46,4054.44,4051.29,4054.07,1486,8,0
2026-07-24 22:35:00,4053.91,4056.44,4053.62,4055.43,1970,7,0
2026-07-24 22:40:00,4055.4,4057.92,4055.17,4056.77,1139,9,0
2026-07-24 22:45:00,4056.86,4057.37,4054.79,4055.16,1045,14,0
2026-07-24 22:50:00,4055.24,4055.61,4053.59,4055.29,1165,8,0
2026-07-24 22:55:00,4055.46,4055.46,4052.67,4053.67,1730,8,0
2026-07-27 01:00:00,4088.39,4096.67,4009.11,4088.97,1529,21,0
2026-07-27 01:05:00,4089.13,4091.89,4087.51,4088.31,804,8,0
2026-07-27 01:10:00,4088.14,4089.02,4086.22,4087.7,816,10,0
2026-07-27 01:15:00,4087.93,4087.97,4083.56,4087.7,1187,9,0
2026-07-27 01:20:00,4087.67,4090.06,4086.78,4087.44,811,9,0
2026-07-27 01:25:00,4087.43,4087.68,4085.22,4086.47,569,8,0
2026-07-27 01:30:00,4086.26,4091.86,4085.49,4091.53,703,8,0
2026-07-27 01:35:00,4091.97,4092.99,4089.59,4090.11,708,27,0
2026-07-27 01:40:00,4090.17,4092.67,4090.07,4091.08,718,14,0
2026-07-27 01:45:00,4091.05,4093.7,4089.58,4090.13,721,8,0
2026-07-27 01:50:00,4090.16,4092.0,4090.13,4091.56,452,14,0
2026-07-27 01:55:00,4091.45,4091.79,4088.74,4089.4,668,23,0
2026-07-27 02:00:00,4089.44,4091.27,4086.92,4087.13,725,20,0
2026-07-27 02:05:00,4087.13,4088.28,4086.8,4087.22,522,18,0
2026-07-27 02:10:00,4087.22,4087.5,4084.41,4084.75,559,13,0
2026-07-27 02:15:00,4084.77,4086.3,4084.31,4084.84,815,20,0
2026-07-27 02:20:00,4084.86,4086.22,4083.62,4084.06,714,9,0
2026-07-27 02:25:00,4084.08,4085.41,4083.76,4084.75,690,18,0
2026-07-27 02:30:00,4084.75,4086.6,4084.54,4086.32,667,17,0
2026-07-27 02:35:00,4086.3,4087.59,4086.07,4086.33,503,22,0
2026-07-27 02:40:00,4086.33,4089.22,4086.23,4088.92,813,19,0
2026-07-27 02:45:00,4088.95,4094.61,4088.1,4094.48,2433,16,0
2026-07-27 02:50:00,4094.47,4096.15,4093.0,4093.16,2021,9,0
2026-07-27 02:55:00,4093.16,4096.25,4092.61,4093.99,2330,8,0
2026-07-27 03:00:00,4093.9,4104.93,4093.86,4101.95,3399,9,0
2026-07-27 03:05:00,4101.9,4108.12,4099.47,4108.07,2301,7,0
2026-07-27 03:10:00,4108.07,4116.23,4107.03,4115.6,2489,8,0
2026-07-27 03:15:00,4115.63,4115.63,4106.35,4107.21,2671,8,0
2026-07-27 03:20:00,4107.03,4107.33,4101.5,4102.72,2944,9,0
2026-07-27 03:25:00,4102.7,4102.86,4090.64,4094.48,2637,8,0
2026-07-27 03:30:00,4094.46,4099.87,4093.66,4099.59,2088,8,0
2026-07-27 03:35:00,4099.58,4102.46,4099.29,4099.51,1745,7,0
2026-07-27 03:40:00,4099.51,4102.08,4098.37,4099.77,1949,10,0
2026-07-27 03:45:00,4099.81,4106.05,4099.64,4104.72,2260,15,0
2026-07-27 03:50:00,4104.67,4109.22,4104.67,4105.9,2275,12,0
2026-07-27 03:55:00,4105.86,4106.42,4098.85,4100.77,2445,13,0
2026-07-27 04:00:00,4100.76,4111.9,4100.42,4107.41,3697,8,0
2026-07-27 04:05:00,4107.53,4112.5,4105.4,4106.26,3324,8,0
2026-07-27 04:10:00,4106.27,4110.01,4106.12,4107.08,2919,9,0
2026-07-27 04:15:00,4107.32,4109.06,4101.94,4102.15,3087,8,0
2026-07-27 04:20:00,4102.26,4103.08,4099.79,4101.78,2328,7,0
2026-07-27 04:25:00,4101.67,4101.67,4096.87,4099.94,2578,8,0
2026-07-27 04:30:00,4099.94,4103.77,4099.42,4100.12,3019,8,0
2026-07-27 04:35:00,4100.09,4104.03,4097.8,4103.67,2943,9,0
2026-07-27 04:40:00,4103.65,4104.24,4101.83,4102.63,2851,8,0
2026-07-27 04:45:00,4102.62,4107.06,4102.58,4105.69,2529,9,0
2026-07-27 04:50:00,4105.69,4108.32,4102.72,4107.98,2261,8,0
2026-07-27 04:55:00,4107.98,4110.08,4105.99,4110.08,2427,7,0
2026-07-27 05:00:00,4110.07,4110.94,4105.13,4105.41,2348,8,0
2026-07-27 05:05:00,4105.37,4107.48,4103.86,4104.31,2084,8,0
2026-07-27 05:10:00,4104.3,4105.95,4103.24,4105.5,2489,8,0
2026-07-27 05:15:00,4105.48,4105.89,4103.53,4104.2,1613,9,0
2026-07-27 05:20:00,4104.22,4104.65,4102.04,4103.98,1509,9,0
2026-07-27 05:25:00,4104.02,4105.7,4102.84,4103.08,1700,8,0
2026-07-27 05:30:00,4103.14,4103.14,4099.2,4100.02,2653,11,0
2026-07-27 05:35:00,4099.97,4101.23,4097.68,4097.74,2233,11,0
2026-07-27 05:40:00,4097.73,4098.55,4095.42,4096.51,1826,12,0
2026-07-27 05:45:00,4096.43,4097.62,4095.19,4095.26,1586,10,0
2026-07-27 05:50:00,4095.19,4096.74,4094.11,4096.47,1485,8,0
2026-07-27 05:55:00,4096.46,4096.46,4093.49,4093.49,1620,12,0
2026-07-27 06:00:00,4093.49,4095.85,4090.83,4092.46,2074,8,0
2026-07-27 06:05:00,4092.47,4093.28,4090.99,4091.45,1892,13,0
2026-07-27 06:10:00,4091.45,4092.2,4088.88,4091.93,1885,8,0
2026-07-27 06:15:00,4092.0,4093.5,4091.16,4092.13,1711,9,0
2026-07-27 06:20:00,4092.13,4092.26,4089.18,4090.01,1694,8,0
2026-07-27 06:25:00,4090.01,4090.1,4085.25,4085.57,1815,10,0
2026-07-27 06:30:00,4085.53,4090.27,4085.06,4090.23,1559,8,0
2026-07-27 06:35:00,4090.23,4090.62,4087.99,4089.26,1501,11,0
2026-07-27 06:40:00,4089.26,4090.78,4088.92,4089.81,1244,13,0
2026-07-27 06:45:00,4089.8,4089.91,4088.51,4089.46,1172,8,0
2026-07-27 06:50:00,4089.53,4090.61,4089.11,4089.38,890,14,0
2026-07-27 06:55:00,4089.4,4091.27,4089.36,4090.96,1035,8,0
2026-07-27 07:00:00,4090.96,4092.81,4090.78,4091.2,1390,7,0
2026-07-27 07:05:00,4091.2,4091.76,4089.33,4089.79,1386,10,0
2026-07-27 07:10:00,4089.78,4090.46,4088.56,4090.11,1285,8,0
2026-07-27 07:15:00,4090.12,4090.45,4087.01,4088.02,1247,8,0
2026-07-27 07:20:00,4088.02,4089.8,4087.5,4088.12,730,9,0
2026-07-27 07:25:00,4088.12,4089.09,4087.22,4089.03,806,8,0
2026-07-27 07:30:00,4089.06,4091.1,4089.06,4090.55,968,8,0
2026-07-27 07:35:00,4090.58,4092.34,4090.3,4091.19,992,9,0
2026-07-27 07:40:00,4091.17,4092.41,4090.21,4090.42,1123,8,0
2026-07-27 07:45:00,4090.44,4091.27,4089.83,4090.08,982,14,0
2026-07-27 07:50:00,4090.1,4090.46,4089.21,4090.39,795,8,0
2026-07-27 07:55:00,4090.37,4090.91,4089.53,4090.27,1031,9,0
2026-07-27 08:00:00,4090.27,4092.49,4088.49,4090.47,1462,8,0
2026-07-27 08:05:00,4090.42,4094.33,4089.53,4093.36,1306,8,0
2026-07-27 08:10:00,4093.38,4094.78,4092.37,4094.75,1247,10,0
2026-07-27 08:15:00,4094.7,4094.7,4091.74,4091.86,1002,9,0
2026-07-27 08:20:00,4091.86,4091.92,4088.11,4088.12,1081,15,0
2026-07-27 08:25:00,4088.23,4088.24,4086.17,4087.03,1320,7,0
2026-07-27 08:30:00,4086.96,4090.27,4086.18,4087.42,2387,7,0
2026-07-27 08:35:00,4087.44,4090.07,4085.59,4088.37,2283,8,0
2026-07-27 08:40:00,4088.16,4089.55,4086.7,4088.03,2323,8,0
2026-07-27 08:45:00,4088.24,4088.24,4084.36,4086.11,2259,9,0
2026-07-27 08:50:00,4086.15,4089.32,4084.7,4088.85,1780,8,0
2026-07-27 08:55:00,4088.85,4093.62,4087.4,4093.11,2004,8,0
2026-07-27 09:00:00,4093.14,4094.63,4091.87,4093.64,2290,7,0
2026-07-27 09:05:00,4093.7,4094.69,4091.62,4093.78,2265,9,0
2026-07-27 09:10:00,4093.77,4096.37,4092.95,4094.31,2228,8,0
2026-07-27 09:15:00,4094.31,4095.33,4091.9,4092.84,1680,8,0
2026-07-27 09:20:00,4092.84,4094.24,4091.21,4094.07,2146,8,0
2026-07-27 09:25:00,4094.06,4096.46,4094.04,4096.08,1672,8,0
2026-07-27 09:30:00,4096.06,4096.63,4094.11,4095.73,1721,8,0
2026-07-27 09:35:00,4095.84,4098.44,4095.09,4098.1,1264,8,0
2026-07-27 09:40:00,4098.11,4099.32,4096.3,4098.62,1865,7,0
2026-07-27 09:45:00,4098.54,4099.02,4097.21,4097.78,1629,8,0
2026-07-27 09:50:00,4097.77,4097.77,4095.09,4096.57,1203,7,0
2026-07-27 09:55:00,4096.55,4097.49,4095.64,4096.07,981,8,0
2026-07-27 10:00:00,4095.88,4100.81,4095.81,4098.86,2251,7,0
2026-07-27 10:05:00,4098.83,4100.1,4096.25,4098.02,2193,8,0
2026-07-27 10:10:00,4098.22,4102.03,4096.95,4101.95,2045,10,0
2026-07-27 10:15:00,4101.95,4103.98,4099.78,4103.9,2119,8,0
2026-07-27 10:20:00,4103.88,4105.53,4102.95,4104.7,1815,10,0
2026-07-27 10:25:00,4104.79,4106.01,4102.88,4103.1,1930,8,0
2026-07-27 10:30:00,4103.1,4103.31,4101.13,4102.7,1819,16,0
2026-07-27 10:35:00,4102.73,4103.73,4098.62,4099.23,1780,13,0
2026-07-27 10:40:00,4099.23,4099.28,4095.84,4097.22,1718,7,0
2026-07-27 10:45:00,4097.21,4099.16,4096.55,4097.67,1777,8,0
2026-07-27 10:50:00,4097.72,4097.91,4093.13,4094.13,1732,12,0
2026-07-27 10:55:00,4094.08,4094.79,4088.42,4088.59,1727,8,0
2026-07-27 11:00:00,4088.59,4093.1,4088.0,4088.45,2638,13,0
2026-07-27 11:05:00,4088.41,4092.37,4087.02,4090.29,2336,9,0
2026-07-27 11:10:00,4090.27,4092.04,4089.92,4091.28,2341,8,0
2026-07-27 11:15:00,4091.23,4091.86,4089.49,4091.42,1872,9,0
2026-07-27 11:20:00,4091.42,4091.46,4088.85,4090.98,2045,7,0
2026-07-27 11:25:00,4090.99,4092.54,4090.74,4090.88,2049,12,0
2026-07-27 11:30:00,4090.85,4091.15,4087.51,4087.51,2188,12,0
2026-07-27 11:35:00,4087.33,4090.74,4087.26,4090.32,1565,14,0
2026-07-27 11:40:00,4090.3,4092.88,4089.69,4091.35,1968,14,0
2026-07-27 11:45:00,4091.38,4093.46,4090.82,4093.01,1429,14,0
2026-07-27 11:50:00,4093.13,4094.99,4091.26,4094.78,1618,18,0
2026-07-27 11:55:00,4094.65,4096.86,4093.95,4095.18,1386,12,0
2026-07-27 12:00:00,4095.18,4096.18,4094.01,4096.09,1503,11,0
2026-07-27 12:05:00,4096.1,4098.41,4094.55,4094.71,1391,14,0
2026-07-27 12:10:00,4094.83,4095.59,4093.06,4093.95,1257,11,0
2026-07-27 12:15:00,4093.95,4094.64,4092.82,4092.89,1243,12,0
2026-07-27 12:20:00,4092.89,4094.84,4092.32,4093.68,1382,8,0
2026-07-27 12:25:00,4093.68,4095.83,4091.02,4091.49,1713,9,0
2026-07-27 12:30:00,4091.44,4093.59,4090.43,4091.79,1612,8,0
2026-07-27 12:35:00,4091.77,4093.71,4091.09,4092.21,1539,8,0
2026-07-27 12:40:00,4092.03,4094.68,4091.09,4094.13,1314,8,0
2026-07-27 12:45:00,4094.14,4097.89,4093.75,4097.16,1390,8,0
2026-07-27 12:50:00,4097.25,4099.21,4096.18,4097.8,1349,10,0
2026-07-27 12:55:00,4097.87,4100.39,4096.0,4096.08,1353,8,0
2026-07-27 13:00:00,4095.91,4096.32,4094.12,4095.05,1351,10,0
2026-07-27 13:05:00,4095.06,4095.33,4093.08,4093.86,1294,10,0
2026-07-27 13:10:00,4093.86,4093.86,4086.43,4090.8,2478,8,0
2026-07-27 13:15:00,4090.81,4092.25,4089.15,4091.03,1678,15,0
2026-07-27 13:20:00,4091.03,4093.86,4090.63,4092.43,1474,8,0
2026-07-27 13:25:00,4092.43,4093.87,4092.21,4093.05,1423,7,0
2026-07-27 13:30:00,4093.05,4096.19,4093.01,4096.08,1624,11,0
2026-07-27 13:35:00,4095.93,4099.26,4094.95,4098.03,1430,9,0
2026-07-27 13:40:00,4098.03,4101.91,4097.49,4100.3,1353,8,0
2026-07-27 13:45:00,4100.32,4102.34,4099.7,4102.11,1282,7,0
2026-07-27 13:50:00,4102.07,4102.16,4099.52,4101.22,1275,9,0
2026-07-27 13:55:00,4101.32,4102.2,4098.73,4099.37,1425,8,0
2026-07-27 14:00:00,4099.47,4100.98,4096.85,4097.53,1694,8,0
2026-07-27 14:05:00,4097.53,4103.17,4096.97,4102.71,1537,12,0
2026-07-27 14:10:00,4102.71,4104.12,4101.63,4101.91,1318,9,0
2026-07-27 14:15:00,4102.08,4103.32,4100.49,4100.49,1507,8,0
2026-07-27 14:20:00,4100.44,4101.5,4099.69,4099.83,1253,8,0
2026-07-27 14:25:00,4099.87,4101.32,4096.6,4096.6,1510,7,0
2026-07-27 14:30:00,4096.74,4099.97,4096.08,4097.63,2299,8,0
2026-07-27 14:35:00,4097.63,4099.29,4096.32,4096.79,1570,10,0
2026-07-27 14:40:00,4096.79,4098.5,4094.43,4095.57,2140,7,0
2026-07-27 14:45:00,4095.58,4097.22,4093.95,4095.58,1905,10,0
2026-07-27 14:50:00,4095.65,4097.23,4093.99,4094.3,1678,10,0
2026-07-27 14:55:00,4094.3,4095.11,4093.57,4093.87,1835,14,0
2026-07-27 15:00:00,4093.82,4097.66,4093.82,4096.24,2011,14,0
2026-07-27 15:05:00,4096.3,4096.46,4093.87,4094.38,1989,11,0
2026-07-27 15:10:00,4094.38,4094.48,4086.33,4087.61,2847,8,0
2026-07-27 15:15:00,4087.6,4088.95,4082.21,4084.42,2571,7,0
2026-07-27 15:20:00,4084.22,4085.12,4081.67,4083.07,2662,9,0
2026-07-27 15:25:00,4083.14,4088.67,4083.11,4086.52,1527,10,0
2026-07-27 15:30:00,4086.41,4088.51,4083.02,4087.51,1283,8,0
2026-07-27 15:35:00,4087.51,4087.89,4084.85,4087.21,1862,12,0
2026-07-27 15:40:00,4087.2,4087.48,4084.31,4086.62,1963,13,0
2026-07-27 15:45:00,4086.62,4089.01,4082.42,4082.64,2238,11,0
2026-07-27 15:50:00,4082.69,4085.88,4081.79,4083.03,2360,10,0
2026-07-27 15:55:00,4083.0,4086.54,4081.43,4083.71,2172,9,0
2026-07-27 16:00:00,4083.69,4088.79,4083.35,4083.95,3581,7,0
2026-07-27 16:05:00,4083.95,4085.92,4081.98,4083.41,3199,8,0
2026-07-27 16:10:00,4083.43,4087.8,4080.91,4084.85,2710,7,0
2026-07-27 16:15:00,4084.87,4087.16,4081.54,4083.73,2671,10,0
2026-07-27 16:20:00,4083.75,4085.39,4081.48,4083.79,2639,7,0
2026-07-27 16:25:00,4083.76,4085.08,4075.93,4076.01,3047,8,0
2026-07-27 16:30:00,4076.0,4082.03,4075.46,4079.63,3736,8,0
2026-07-27 16:35:00,4079.63,4087.58,4079.45,4085.07,4096,7,0
2026-07-27 16:40:00,4085.11,4089.14,4083.77,4086.68,3321,8,0
2026-07-27 16:45:00,4086.75,4089.49,4084.84,4087.34,3719,13,0
2026-07-27 16:50:00,4087.26,4089.03,4083.85,4083.88,3346,8,0
2026-07-27 16:55:00,4083.95,4083.95,4070.36,4074.11,3870,7,0
2026-07-27 17:00:00,4074.16,4079.03,4071.01,4075.31,3540,8,0
2026-07-27 17:05:00,4075.45,4077.89,4073.22,4077.24,3760,8,0
2026-07-27 17:10:00,4077.22,4077.52,4072.37,4076.91,3741,7,0
2026-07-27 17:15:00,4076.95,4078.56,4074.77,4076.1,3691,8,0
2026-07-27 17:20:00,4076.14,4076.71,4072.28,4073.77,3524,8,0
2026-07-27 17:25:00,4073.7,4074.16,4066.99,4068.13,3449,7,0
2026-07-27 17:30:00,4068.13,4069.79,4066.24,4067.93,3746,8,0
2026-07-27 17:35:00,4067.81,4070.56,4066.01,4068.09,3971,7,0
2026-07-27 17:40:00,4068.02,4069.41,4065.3,4068.76,3532,11,0
2026-07-27 17:45:00,4068.78,4073.25,4068.76,4071.4,3488,7,0
2026-07-27 17:50:00,4071.39,4074.56,4069.98,4073.15,3161,7,0
2026-07-27 17:55:00,4073.16,4077.33,4071.36,4076.23,2737,8,0
2026-07-27 18:00:00,4076.21,4076.39,4072.25,4075.02,3503,7,0
2026-07-27 18:05:00,4075.03,4075.21,4072.35,4072.47,3069,7,0
2026-07-27 18:10:00,4072.51,4076.51,4071.81,4076.02,3119,9,0
2026-07-27 18:15:00,4075.93,4078.87,4075.52,4077.88,3108,10,0
2026-07-27 18:20:00,4077.86,4079.37,4075.0,4075.3,3440,10,0
2026-07-27 18:25:00,4075.29,4076.9,4074.51,4076.42,3219,12,0
2026-07-27 18:30:00,4076.46,4077.93,4072.89,4072.99,3106,8,0
2026-07-27 18:35:00,4073.03,4074.99,4072.6,4074.09,2617,8,0
2026-07-27 18:40:00,4074.09,4076.61,4073.33,4076.07,2015,10,0
2026-07-27 18:45:00,4076.11,4076.84,4074.49,4076.1,2436,12,0
2026-07-27 18:50:00,4076.14,4079.81,4075.9,4077.61,2614,9,0
2026-07-27 18:55:00,4077.6,4079.45,4077.35,4078.37,2324,9,0
2026-07-27 19:00:00,4078.38,4079.8,4077.66,4079.43,2942,7,0
2026-07-27 19:05:00,4079.42,4084.76,4078.09,4084.53,2104,8,0
2026-07-27 19:10:00,4084.52,4084.55,4080.66,4081.38,2344,7,0
2026-07-27 19:15:00,4081.41,4081.77,4079.65,4080.56,2314,19,0
2026-07-27 19:20:00,4080.57,4082.87,4080.38,4080.9,2304,8,0
2026-07-27 19:25:00,4080.96,4088.74,4080.61,4085.06,3630,8,0
2026-07-27 19:30:00,4085.16,4093.05,4084.99,4091.56,2723,8,0
2026-07-27 19:35:00,4091.41,4093.92,4089.98,4090.59,2776,11,0
2026-07-27 19:40:00,4090.6,4090.85,4087.32,4088.27,2106,14,0
2026-07-27 19:45:00,4088.4,4088.49,4083.82,4083.84,2263,14,0
2026-07-27 19:50:00,4083.83,4084.14,4080.95,4081.89,2274,17,0
2026-07-27 19:55:00,4081.78,4082.44,4080.68,4082.28,2193,19,0
2026-07-27 20:00:00,4082.3,4082.3,4075.22,4076.19,2382,8,0
2026-07-27 20:05:00,4076.19,4077.01,4073.43,4075.03,2087,8,0
2026-07-27 20:10:00,4074.96,4076.04,4070.59,4073.52,2266,8,0
2026-07-27 20:15:00,4073.52,4075.5,4072.26,4074.27,1963,8,0
2026-07-27 20:20:00,4074.22,4076.13,4073.24,4073.76,2347,10,0
2026-07-27 20:25:00,4073.88,4076.77,4073.38,4074.69,2360,9,0
2026-07-27 20:30:00,4074.72,4076.02,4073.39,4073.78,1861,12,0
2026-07-27 20:35:00,4073.78,4074.75,4072.1,4072.93,2033,8,0
2026-07-27 20:40:00,4072.88,4074.78,4072.8,4074.5,1854,13,0
2026-07-27 20:45:00,4074.47,4075.44,4073.26,4074.92,1799,14,0
2026-07-27 20:50:00,4074.92,4077.17,4074.76,4076.02,1840,15,0
2026-07-27 20:55:00,4076.04,4076.9,4075.75,4076.39,1882,16,0
2026-07-27 21:00:00,4076.4,4079.22,4076.03,4077.29,2195,19,0
2026-07-27 21:05:00,4077.29,4078.82,4077.07,4078.74,1888,17,0
2026-07-27 21:10:00,4078.75,4078.75,4076.28,4076.69,2027,9,0
2026-07-27 21:15:00,4076.67,4076.82,4074.12,4075.0,2315,14,0
2026-07-27 21:20:00,4074.95,4076.76,4074.22,4076.44,1717,14,0
2026-07-27 21:25:00,4076.46,4076.98,4075.89,4076.8,1922,18,0
2026-07-27 21:30:00,4076.82,4077.21,4074.6,4074.88,2089,15,0
2026-07-27 21:35:00,4074.83,4075.12,4073.18,4073.47,1669,11,0
2026-07-27 21:40:00,4073.45,4079.24,4072.85,4076.23,2392,7,0
2026-07-27 21:45:00,4076.24,4076.7,4075.04,4075.22,1936,13,0
2026-07-27 21:50:00,4075.27,4078.63,4074.91,4077.64,2015,8,0
2026-07-27 21:55:00,4077.56,4079.48,4077.3,4077.93,2106,9,0
2026-07-27 22:00:00,4077.93,4078.73,4077.0,4077.14,2158,8,0
2026-07-27 22:05:00,4077.18,4080.02,4076.05,4079.83,1883,8,0
2026-07-27 22:10:00,4079.82,4081.8,4079.68,4080.33,1671,17,0
2026-07-27 22:15:00,4080.31,4084.64,4079.41,4084.46,1818,15,0
2026-07-27 22:20:00,4084.43,4088.6,4084.31,4085.18,1545,8,0
2026-07-27 22:25:00,4085.18,4085.91,4083.4,4085.74,1671,15,0
2026-07-27 22:30:00,4085.76,4086.53,4083.7,4085.18,1578,8,0
2026-07-27 22:35:00,4085.01,4086.82,4085.0,4086.55,1516,15,0
2026-07-27 22:40:00,4086.54,4087.29,4085.16,4086.92,1796,12,0
2026-07-27 22:45:00,4086.95,4089.25,4086.13,4089.1,2010,8,0
2026-07-27 22:50:00,4089.21,4089.27,4085.93,4087.53,2155,7,0
2026-07-27 22:55:00,4087.39,4087.44,4082.36,4083.37,2185,8,0
2026-07-28 01:00:00,4063.21,4081.42,4063.21,4080.29,524,93,0
2026-07-28 01:05:00,4080.39,4081.22,4078.31,4078.98,314,13,0
2026-07-28 01:10:00,4078.98,4078.98,4076.43,4077.15,416,11,0
2026-07-28 01:15:00,4077.32,4077.32,4075.87,4076.25,496,10,0
2026-07-28 01:20:00,4076.28,4076.57,4071.79,4072.44,688,8,0
2026-07-28 01:25:00,4072.45,4073.19,4070.94,4072.39,667,15,0
2026-07-28 01:30:00,4072.37,4074.29,4072.16,4074.26,492,22,0
2026-07-28 01:35:00,4074.28,4074.89,4073.75,4074.42,546,11,0
2026-07-28 01:40:00,4074.42,4074.96,4073.96,4074.81,472,8,0
2026-07-28 01:45:00,4074.83,4074.86,4073.55,4074.03,538,10,0
2026-07-28 01:50:00,4074.0,4074.62,4073.54,4073.74,465,14,0
2026-07-28 01:55:00,4073.74,4074.66,4073.72,4074.11,387,10,0
2026-07-28 02:00:00,4074.09,4074.09,4071.66,4072.7,616,13,0
2026-07-28 02:05:00,4072.7,4074.56,4072.68,4073.78,468,10,0
2026-07-28 02:10:00,4073.75,4074.91,4073.13,4074.12,297,16,0
2026-07-28 02:15:00,4074.12,4074.6,4072.99,4072.99,434,16,0
2026-07-28 02:20:00,4073.07,4073.76,4072.67,4073.16,335,20,0
2026-07-28 02:25:00,4073.18,4073.66,4071.9,4072.99,382,13,0
2026-07-28 02:30:00,4072.87,4073.47,4072.3,4073.46,294,17,0
2026-07-28 02:35:00,4073.35,4073.45,4072.26,4073.08,284,8,0
2026-07-28 02:40:00,4073.08,4073.11,4071.53,4071.94,683,17,0
2026-07-28 02:45:00,4071.96,4072.62,4069.87,4070.08,1576,10,0
2026-07-28 02:50:00,4070.17,4072.84,4069.85,4071.9,1603,10,0
2026-07-28 02:55:00,4071.88,4073.26,4071.43,4073.24,1294,14,0
2026-07-28 03:00:00,4073.25,4074.13,4065.39,4065.53,1856,8,0
2026-07-28 03:05:00,4065.51,4067.05,4061.96,4066.59,2253,8,0
2026-07-28 03:10:00,4066.63,4067.56,4064.76,4067.02,2217,9,0
2026-07-28 03:15:00,4066.81,4067.42,4062.32,4065.25,1762,8,0
2026-07-28 03:20:00,4065.3,4066.32,4060.27,4060.68,1475,12,0
2026-07-28 03:25:00,4060.68,4063.32,4059.08,4061.96,1893,10,0
2026-07-28 03:30:00,4061.98,4064.82,4060.39,4064.14,2110,17,0
2026-07-28 03:35:00,4064.16,4064.94,4063.28,4063.5,2032,23,0
2026-07-28 03:40:00,4063.5,4066.15,4062.12,4065.44,1572,11,0
2026-07-28 03:45:00,4065.45,4065.45,4058.88,4059.58,2019,8,0
2026-07-28 03:50:00,4059.52,4060.03,4057.84,4059.59,1658,16,0
2026-07-28 03:55:00,4059.59,4061.41,4057.39,4057.8,1780,8,0
2026-07-28 04:00:00,4057.68,4060.18,4053.64,4058.89,3030,8,0
2026-07-28 04:05:00,4058.89,4059.36,4054.16,4055.93,2679,7,0
2026-07-28 04:10:00,4055.85,4058.28,4054.73,4057.87,2739,9,0
2026-07-28 04:15:00,4057.87,4059.09,4053.27,4053.38,2426,8,0
2026-07-28 04:20:00,4053.37,4054.64,4048.77,4050.06,2697,8,0
2026-07-28 04:25:00,4049.95,4050.1,4046.26,4047.33,2711,8,0
2026-07-28 04:30:00,4047.27,4050.1,4043.27,4045.97,2469,9,0
2026-07-28 04:35:00,4045.97,4050.46,4045.95,4049.17,2432,8,0
2026-07-28 04:40:00,4049.18,4049.59,4046.8,4048.89,2548,8,0
2026-07-28 04:45:00,4048.91,4048.93,4045.1,4046.47,2584,12,0
2026-07-28 04:50:00,4046.45,4047.14,4042.46,4044.96,2140,9,0
2026-07-28 04:55:00,4044.96,4045.3,4043.54,4045.13,2175,12,0
2026-07-28 05:00:00,4045.14,4045.89,4042.39,4043.75,2236,7,0
2026-07-28 05:05:00,4043.82,4046.95,4042.4,4046.22,2012,10,0
2026-07-28 05:10:00,4046.2,4047.57,4045.63,4046.36,1973,8,0
2026-07-28 05:15:00,4046.36,4048.2,4045.29,4047.92,1536,13,0
2026-07-28 05:20:00,4047.92,4049.01,4046.91,4047.41,1771,8,0
2026-07-28 05:25:00,4047.41,4048.42,4045.42,4046.09,1243,14,0
2026-07-28 05:30:00,4046.09,4047.84,4045.07,4046.48,2275,8,0
2026-07-28 05:35:00,4046.5,4047.15,4044.77,4044.83,1826,10,0
2026-07-28 05:40:00,4044.81,4045.56,4041.39,4044.19,2112,9,0
2026-07-28 05:45:00,4044.12,4045.14,4042.62,4043.6,1849,14,0
2026-07-28 05:50:00,4043.6,4045.46,4042.89,4043.64,2133,9,0
2026-07-28 05:55:00,4043.66,4043.91,4040.63,4042.0,1466,8,0
2026-07-28 06:00:00,4041.93,4043.88,4040.28,4043.69,1321,7,0
2026-07-28 06:05:00,4043.69,4046.27,4042.78,4045.75,1473,8,0
2026-07-28 06:10:00,4045.75,4047.31,4045.37,4045.82,1447,8,0
2026-07-28 06:15:00,4045.82,4049.17,4045.26,4049.06,1635,12,0
2026-07-28 06:20:00,4049.06,4049.29,4046.98,4048.52,1549,9,0
2026-07-28 06:25:00,4048.52,4049.04,4046.53,4047.71,1218,11,0
2026-07-28 06:30:00,4047.71,4051.12,4047.22,4049.79,1463,8,0
2026-07-28 06:35:00,4049.79,4049.97,4048.17,4048.9,1974,13,0
2026-07-28 06:40:00,4048.92,4049.31,4047.19,4048.36,1408,12,0
2026-07-28 06:45:00,4048.35,4050.6,4048.04,4049.7,1502,12,0
2026-07-28 06:50:00,4049.68,4050.71,4048.37,4049.57,1015,10,0
2026-07-28 06:55:00,4049.57,4050.0,4048.05,4049.38,1049,17,0
2026-07-28 07:00:00,4049.38,4049.57,4047.71,4047.79,1578,9,0
2026-07-28 07:05:00,4047.79,4047.96,4045.51,4046.29,1213,11,0
2026-07-28 07:10:00,4046.29,4046.87,4043.45,4043.97,1070,13,0
2026-07-28 07:15:00,4043.97,4047.49,4043.53,4047.42,1431,11,0
2026-07-28 07:20:00,4047.59,4047.87,4046.49,4046.61,1178,16,0
2026-07-28 07:25:00,4046.63,4047.09,4045.54,4045.57,1338,8,0
2026-07-28 07:30:00,4045.59,4046.62,4043.78,4046.6,1102,15,0
2026-07-28 07:35:00,4046.67,4046.95,4045.6,4045.68,858,14,0
2026-07-28 07:40:00,4045.68,4047.8,4044.85,4047.61,1076,18,0
2026-07-28 07:45:00,4047.61,4047.92,4042.55,4043.28,1237,10,0
2026-07-28 07:50:00,4043.28,4044.46,4042.98,4043.62,1077,8,0
2026-07-28 07:55:00,4043.59,4044.33,4041.46,4042.1,1058,8,0
2026-07-28 08:00:00,4041.99,4042.42,4039.81,4041.06,1364,11,0
2026-07-28 08:05:00,4041.07,4042.76,4040.17,4041.37,1660,17,0
2026-07-28 08:10:00,4041.37,4043.91,4041.04,4042.25,1551,9,0
2026-07-28 08:15:00,4042.28,4043.33,4041.98,4042.6,1525,13,0
2026-07-28 08:20:00,4042.6,4043.6,4041.98,4042.35,1267,8,0
2026-07-28 08:25:00,4042.35,4043.36,4040.75,4043.08,1680,8,0
2026-07-28 08:30:00,4043.1,4045.57,4037.1,4037.41,2393,8,0
2026-07-28 08:35:00,4037.41,4037.98,4034.61,4037.2,1717,13,0
2026-07-28 08:40:00,4037.14,4041.68,4036.51,4041.57,1634,13,0
2026-07-28 08:45:00,4041.56,4043.77,4039.57,4041.38,1557,13,0
2026-07-28 08:50:00,4041.52,4044.07,4040.77,4043.85,1375,8,0
2026-07-28 08:55:00,4044.07,4046.46,4043.55,4045.18,1538,8,0
2026-07-28 09:00:00,4045.07,4047.81,4044.54,4046.15,1839,8,0
2026-07-28 09:05:00,4046.15,4046.71,4043.83,4044.46,1521,9,0
2026-07-28 09:10:00,4044.41,4045.91,4042.75,4044.16,1582,7,0
2026-07-28 09:15:00,4044.14,4047.05,4043.89,4045.54,1545,9,0
2026-07-28 09:20:00,4045.52,4047.4,4044.01,4045.18,2116,8,0
2026-07-28 09:25:00,4045.2,4048.92,4044.86,4047.61,1984,9,0
2026-07-28 09:30:00,4047.7,4049.66,4046.72,4049.27,1872,12,0
2026-07-28 09:35:00,4049.29,4050.44,4048.06,4050.0,1578,8,0
2026-07-28 09:40:00,4050.0,4052.29,4049.68,4049.75,1669,12,0
2026-07-28 09:45:00,4049.74,4050.24,4047.82,4049.94,1337,7,0
2026-07-28 09:50:00,4049.82,4051.27,4049.07,4051.24,1391,8,0
2026-07-28 09:55:00,4051.24,4051.45,4048.02,4048.4,2026,8,0
2026-07-28 10:00:00,4048.4,4050.3,4047.39,4048.32,2279,8,0
2026-07-28 10:05:00,4048.32,4050.4,4047.48,4050.0,1502,9,0
2026-07-28 10:10:00,4050.0,4051.16,4048.72,4048.82,1685,8,0
2026-07-28 10:15:00,4048.78,4051.86,4048.56,4050.97,1534,9,0
2026-07-28 10:20:00,4050.97,4052.38,4049.37,4050.46,1498,10,0
2026-07-28 10:25:00,4050.46,4052.1,4049.15,4050.11,1575,8,0
2026-07-28 10:30:00,4050.13,4051.01,4048.66,4048.86,1654,8,0
2026-07-28 10:35:00,4048.86,4050.81,4048.42,4050.66,1225,8,0
2026-07-28 10:40:00,4050.65,4050.9,4048.55,4049.31,1194,8,0
2026-07-28 10:45:00,4049.36,4049.63,4046.83,4047.93,1371,8,0
2026-07-28 10:50:00,4047.72,4049.75,4047.39,4048.87,1980,8,0
2026-07-28 10:55:00,4048.87,4049.35,4046.11,4047.24,1438,9,0
2026-07-28 11:00:00,4047.24,4052.66,4046.18,4051.12,2468,9,0
2026-07-28 11:05:00,4051.12,4055.09,4047.88,4048.4,1793,10,0
2026-07-28 11:10:00,4048.4,4048.76,4042.9,4044.35,2622,8,0
2026-07-28 11:15:00,4044.33,4050.23,4044.16,4048.57,2809,10,0
2026-07-28 11:20:00,4048.55,4051.2,4047.47,4050.87,2382,7,0
2026-07-28 11:25:00,4050.87,4050.87,4048.44,4049.61,2036,8,0
2026-07-28 11:30:00,4049.61,4049.68,4044.59,4045.66,2097,8,0
2026-07-28 11:35:00,4045.66,4046.38,4042.4,4042.94,1669,8,0
2026-07-28 11:40:00,4042.94,4044.88,4041.78,4043.09,1718,7,0
2026-07-28 11:45:00,4043.15,4046.1,4042.95,4045.87,1592,8,0
2026-07-28 11:50:00,4045.87,4045.87,4041.6,4042.25,2009,13,0
2026-07-28 11:55:00,4042.23,4045.47,4041.88,4045.42,1159,8,0
2026-07-28 12:00:00,4045.31,4045.91,4042.87,4042.87,1599,9,0
2026-07-28 12:05:00,4042.87,4043.24,4041.17,4042.6,1280,8,0
2026-07-28 12:10:00,4042.6,4043.07,4040.65,4040.92,1220,9,0
2026-07-28 12:15:00,4040.92,4043.74,4040.92,4043.43,1678,14,0
2026-07-28 12:20:00,4043.43,4044.11,4042.41,4042.82,891,16,0
2026-07-28 12:25:00,4042.83,4042.97,4038.97,4040.32,1250,8,0
2026-07-28 12:30:00,4040.3,4040.33,4036.08,4037.78,1823,9,0
2026-07-28 12:35:00,4037.8,4038.23,4029.42,4032.11,1885,8,0
2026-07-28 12:40:00,4032.11,4034.14,4031.77,4033.28,1170,8,0
2026-07-28 12:45:00,4033.26,4034.26,4029.78,4031.12,1660,8,0
2026-07-28 12:50:00,4031.1,4031.93,4028.1,4029.87,1431,10,0
2026-07-28 12:55:00,4029.87,4029.97,4019.32,4023.38,1553,8,0
2026-07-28 13:00:00,4023.15,4025.2,4021.42,4024.4,1581,8,0
2026-07-28 13:05:00,4024.41,4027.02,4021.77,4021.9,1707,8,0
2026-07-28 13:10:00,4021.92,4024.38,4020.53,4024.22,1617,8,0
2026-07-28 13:15:00,4024.08,4025.82,4021.59,4021.81,1638,8,0
2026-07-28 13:20:00,4021.81,4022.89,4017.62,4019.42,1824,8,0
2026-07-28 13:25:00,4019.42,4020.25,4016.89,4017.49,1246,8,0
2026-07-28 13:30:00,4017.46,4023.5,4017.07,4022.73,1407,11,0
2026-07-28 13:35:00,4022.73,4023.16,4019.51,4021.91,1895,13,0
2026-07-28 13:40:00,4021.91,4022.71,4020.53,4022.42,1459,8,0
2026-07-28 13:45:00,4022.42,4026.16,4022.08,4024.01,1881,8,0
2026-07-28 13:50:00,4023.79,4028.47,4023.57,4028.39,1446,8,0
2026-07-28 13:55:00,4028.39,4028.51,4025.88,4026.51,1581,7,0
2026-07-28 14:00:00,4026.34,4028.74,4025.18,4026.56,2333,8,0
2026-07-28 14:05:00,4026.58,4028.62,4025.12,4027.61,2121,8,0
2026-07-28 14:10:00,4027.66,4027.86,4023.16,4023.96,1907,11,0
2026-07-28 14:15:00,4023.96,4032.33,4023.77,4030.56,2430,8,0
2026-07-28 14:20:00,4030.56,4030.69,4028.45,4028.62,2125,8,0
2026-07-28 14:25:00,4028.48,4029.33,4026.52,4027.51,1959,9,0
2026-07-28 14:30:00,4027.57,4028.95,4026.42,4027.23,1767,10,0
2026-07-28 14:35:00,4027.23,4031.45,4027.01,4029.49,1899,8,0
2026-07-28 14:40:00,4029.49,4029.71,4026.49,4027.07,1962,12,0
2026-07-28 14:45:00,4027.05,4027.89,4025.61,4026.57,1906,10,0
2026-07-28 14:50:00,4026.57,4026.89,4023.95,4024.13,1762,9,0
2026-07-28 14:55:00,4024.13,4028.28,4024.13,4028.07,1695,11,0
2026-07-28 15:00:00,4028.07,4028.65,4023.68,4026.32,2235,10,0
2026-07-28 15:05:00,4026.32,4028.8,4025.46,4026.24,2343,8,0
2026-07-28 15:10:00,4026.24,4028.08,4022.92,4027.75,2174,8,0
2026-07-28 15:15:00,4027.75,4030.65,4026.02,4030.56,1621,9,0
2026-07-28 15:20:00,4030.53,4034.22,4029.65,4033.87,1988,12,0
2026-07-28 15:25:00,4033.9,4034.88,4031.24,4034.34,2295,15,0
2026-07-28 15:30:00,4034.35,4034.75,4025.5,4028.62,1305,7,0
2026-07-28 15:35:00,4028.62,4030.25,4026.55,4028.48,1990,8,0
2026-07-28 15:40:00,4028.48,4034.93,4028.2,4033.55,2416,7,0
2026-07-28 15:45:00,4033.55,4038.07,4033.36,4034.38,2131,8,0
2026-07-28 15:50:00,4034.38,4034.7,4031.36,4032.02,2325,8,0
2026-07-28 15:55:00,4032.04,4032.8,4028.33,4029.35,2048,10,0
2026-07-28 16:00:00,4029.37,4034.32,4029.31,4032.92,2862,8,0
2026-07-28 16:05:00,4032.72,4035.59,4030.69,4032.84,2578,9,0
2026-07-28 16:10:00,4032.83,4033.84,4031.92,4032.83,2350,9,0
2026-07-28 16:15:00,4032.85,4033.02,4029.53,4030.68,2576,9,0
2026-07-28 16:20:00,4030.65,4035.9,4030.48,4034.53,2129,7,0
2026-07-28 16:25:00,4034.53,4036.03,4028.43,4028.91,2502,7,0
2026-07-28 16:30:00,4028.87,4032.79,4027.3,4030.98,4010,8,0
2026-07-28 16:35:00,4030.98,4032.63,4021.74,4021.95,3275,7,0
2026-07-28 16:40:00,4021.95,4025.37,4020.26,4025.14,2929,8,0
2026-07-28 16:45:00,4025.1,4026.76,4021.96,4025.06,3747,7,0
2026-07-28 16:50:00,4025.08,4028.95,4024.3,4027.1,3911,7,0
2026-07-28 16:55:00,4027.06,4027.19,4021.49,4021.98,2840,8,0
2026-07-28 17:00:00,4021.96,4027.2,4021.79,4026.19,3202,7,0
2026-07-28 17:05:00,4026.2,4031.22,4025.76,4029.63,3473,7,0
2026-07-28 17:10:00,4029.63,4033.37,4025.01,4025.72,2769,7,0
2026-07-28 17:15:00,4025.82,4026.78,4020.12,4020.15,3481,7,0
2026-07-28 17:20:00,4020.13,4020.77,4011.51,4017.28,3194,7,0
2026-07-28 17:25:00,4017.32,4022.55,4016.48,4022.18,2403,7,0
2026-07-28 17:30:00,4022.21,4025.22,4020.14,4020.27,3388,7,0
2026-07-28 17:35:00,4020.27,4023.54,4019.45,4020.3,3140,7,0
2026-07-28 17:40:00,4020.3,4024.1,4018.67,4022.65,3028,7,0
2026-07-28 17:45:00,4022.67,4028.56,4021.19,4028.16,2767,8,0
2026-07-28 17:50:00,4028.16,4029.55,4025.97,4027.45,2377,8,0
2026-07-28 17:55:00,4027.47,4028.28,4024.32,4024.41,2609,7,0
2026-07-28 18:00:00,4024.42,4029.86,4024.28,4024.81,3175,7,0
2026-07-28 18:05:00,4024.81,4027.95,4022.15,4027.95,3045,7,0
2026-07-28 18:10:00,4028.12,4036.42,4027.68,4033.61,3877,7,0
2026-07-28 18:15:00,4033.64,4036.2,4031.59,4035.44,3601,7,0
2026-07-28 18:20:00,4035.45,4040.92,4035.09,4035.81,3563,7,0
2026-07-28 18:25:00,4035.82,4040.17,4034.99,4035.46,2883,7,0
2026-07-28 18:30:00,4035.43,4036.41,4032.35,4033.42,2828,8,0
2026-07-28 18:35:00,4033.42,4038.39,4032.75,4037.08,2511,7,0
2026-07-28 18:40:00,4037.05,4041.97,4036.71,4041.34,2785,7,0
2026-07-28 18:45:00,4041.28,4044.91,4041.02,4043.26,2035,8,0
2026-07-28 18:50:00,4043.19,4046.99,4041.9,4046.21,2237,7,0
2026-07-28 18:55:00,4046.21,4047.04,4044.8,4045.99,2009,8,0
2026-07-28 19:00:00,4045.99,4046.5,4042.24,4042.65,2190,7,0
2026-07-28 19:05:00,4042.39,4044.84,4042.39,4043.23,1613,10,0
2026-07-28 19:10:00,4043.23,4045.82,4042.19,4044.68,2054,7,0
2026-07-28 19:15:00,4044.61,4045.51,4043.34,4045.26,1788,8,0
2026-07-28 19:20:00,4045.16,4045.8,4043.15,4043.79,1731,8,0
2026-07-28 19:25:00,4043.79,4044.91,4042.03,4042.13,1826,9,0
2026-07-28 19:30:00,4042.11,4043.81,4041.0,4042.82,2122,9,0
2026-07-28 19:35:00,4042.84,4043.7,4041.29,4041.89,1626,8,0
2026-07-28 19:40:00,4041.89,4043.3,4040.23,4040.46,1713,8,0
2026-07-28 19:45:00,4040.46,4041.07,4037.53,4037.73,2171,8,0
2026-07-28 19:50:00,4037.75,4038.38,4037.05,4038.31,1600,8,0
2026-07-28 19:55:00,4038.3,4038.33,4036.54,4037.49,1328,8,0
2026-07-28 20:00:00,4037.67,4039.89,4037.33,4039.85,1785,7,0
2026-07-28 20:05:00,4039.86,4041.08,4038.03,4038.51,2249,7,0
2026-07-28 20:10:00,4038.26,4038.86,4035.43,4036.96,1674,7,0
2026-07-28 20:15:00,4036.96,4037.04,4035.41,4035.44,1687,7,0
2026-07-28 20:20:00,4035.46,4041.5,4035.2,4036.41,2344,8,0
2026-07-28 20:25:00,4036.4,4039.66,4035.92,4037.64,1770,7,0
2026-07-28 20:30:00,4037.72,4037.85,4034.39,4034.94,1790,8,0
2026-07-28 20:35:00,4034.96,4035.1,4031.2,4031.52,1240,8,0
2026-07-28 20:40:00,4031.5,4031.52,4027.59,4028.23,1714,9,0
2026-07-28 20:45:00,4028.23,4029.66,4025.78,4029.42,1907,7,0
2026-07-28 20:50:00,4029.42,4029.42,4025.88,4026.46,1959,9,0
2026-07-28 20:55:00,4026.45,4028.22,4025.88,4027.84,1976,7,0
2026-07-28 21:00:00,4027.86,4029.54,4026.98,4029.47,1719,8,0
2026-07-28 21:05:00,4029.46,4030.4,4028.91,4029.78,1627,8,0
2026-07-28 21:10:00,4029.81,4030.0,4027.66,4028.25,1860,8,0
2026-07-28 21:15:00,4028.24,4030.03,4027.89,4028.47,2031,7,0
2026-07-28 21:20:00,4028.46,4028.92,4026.52,4026.76,2029,8,0
2026-07-28 21:25:00,4026.77,4027.67,4025.79,4027.16,2322,8,0
2026-07-28 21:30:00,4027.18,4027.5,4024.0,4024.33,2198,8,0
2026-07-28 21:35:00,4024.34,4024.7,4022.98,4023.83,1987,8,0
2026-07-28 21:40:00,4023.83,4025.04,4023.2,4024.17,1470,7,0
2026-07-28 21:45:00,4024.16,4026.04,4023.35,4023.99,1337,8,0
2026-07-28 21:50:00,4023.99,4024.56,4022.39,4022.84,1437,7,0
2026-07-28 21:55:00,4022.85,4023.22,4021.66,4022.94,1156,8,0
2026-07-28 22:00:00,4022.92,4024.71,4022.31,4024.36,1207,7,0
2026-07-28 22:05:00,4024.35,4025.72,4023.54,4024.76,1411,8,0
2026-07-28 22:10:00,4024.75,4024.88,4023.64,4024.08,1090,8,0
2026-07-28 22:15:00,4024.08,4025.12,4023.87,4023.95,946,8,0
2026-07-28 22:20:00,4023.97,4024.21,4022.84,4023.01,1201,7,0
2026-07-28 22:25:00,4023.14,4023.65,4021.9,4023.28,1185,7,0
2026-07-28 22:30:00,4023.37,4027.69,4023.07,4027.52,1532,7,0
2026-07-28 22:35:00,4027.49,4027.57,4024.32,4024.7,1490,7,0
2026-07-28 22:40:00,4024.7,4026.16,4024.7,4026.15,1352,7,0
2026-07-28 22:45:00,4026.17,4027.45,4026.15,4026.56,1279,7,0
2026-07-28 22:50:00,4026.54,4027.97,4025.31,4027.43,1254,8,0
2026-07-28 22:55:00,4027.34,4028.0,4026.06,4026.38,1851,8,0
2026-07-29 01:00:00,4022.84,4028.28,4019.96,4025.95,373,112,0
2026-07-29 01:05:00,4026.15,4027.31,4025.85,4026.98,230,22,0
2026-07-29 01:10:00,4026.98,4028.02,4024.33,4024.33,445,16,0
2026-07-29 01:15:00,4024.59,4025.15,4022.2,4022.22,356,24,0
2026-07-29 01:20:00,4022.11,4023.48,4017.08,4017.72,648,18,0
2026-07-29 01:25:00,4017.68,4021.04,4017.28,4020.82,588,15,0
2026-07-29 01:30:00,4020.84,4021.18,4013.71,4017.39,903,8,0
2026-07-29 01:35:00,4017.33,4017.38,4014.12,4014.98,901,16,0
2026-07-29 01:40:00,4015.01,4018.68,4014.94,4018.26,631,12,0
2026-07-29 01:45:00,4018.08,4018.31,4015.06,4016.53,856,29,0
2026-07-29 01:50:00,4016.71,4018.98,4015.99,4017.72,775,17,0
2026-07-29 01:55:00,4017.78,4019.65,4017.46,4018.2,627,29,0
2026-07-29 02:00:00,4018.2,4018.7,4016.3,4017.18,1065,9,0
2026-07-29 02:05:00,4016.96,4019.44,4016.28,4018.03,996,22,0
2026-07-29 02:10:00,4018.03,4023.05,4017.98,4022.01,934,16,0
2026-07-29 02:15:00,4022.01,4022.08,4015.54,4016.36,1214,9,0
2026-07-29 02:20:00,4016.36,4019.59,4016.21,4019.13,1115,12,0
2026-07-29 02:25:00,4019.2,4019.34,4014.96,4018.5,1018,8,0
2026-07-29 02:30:00,4018.5,4019.81,4017.3,4018.25,890,9,0
2026-07-29 02:35:00,4018.25,4020.35,4018.07,4018.74,558,15,0
2026-07-29 02:40:00,4018.74,4023.41,4018.13,4022.84,922,8,0
2026-07-29 02:45:00,4022.86,4023.29,4018.93,4022.33,3105,9,0
2026-07-29 02:50:00,4022.61,4024.4,4020.8,4023.59,2521,8,0
2026-07-29 02:55:00,4023.64,4026.21,4022.78,4024.84,1769,9,0
2026-07-29 03:00:00,4024.86,4026.05,4017.34,4021.85,3188,8,0
2026-07-29 03:05:00,4021.86,4024.32,4017.63,4017.63,2357,8,0
2026-07-29 03:10:00,4017.6,4022.04,4017.6,4020.55,1739,10,0
2026-07-29 03:15:00,4020.55,4026.29,4020.45,4025.24,1726,8,0
2026-07-29 03:20:00,4024.99,4029.87,4023.5,4024.85,2085,8,0
2026-07-29 03:25:00,4024.88,4026.71,4022.27,4022.64,1840,7,0
2026-07-29 03:30:00,4022.63,4025.11,4021.41,4024.39,1692,8,0
2026-07-29 03:35:00,4024.47,4027.7,4023.38,4024.51,1420,12,0
2026-07-29 03:40:00,4024.51,4026.11,4024.12,4025.76,1517,11,0
2026-07-29 03:45:00,4025.79,4025.96,4021.08,4021.15,1590,7,0
2026-07-29 03:50:00,4021.11,4024.02,4021.0,4023.79,1513,8,0
2026-07-29 03:55:00,4023.79,4023.87,4020.34,4021.83,1906,11,0
2026-07-29 04:00:00,4021.83,4021.83,4010.12,4011.94,3614,8,0
2026-07-29 04:05:00,4011.98,4015.81,4010.52,4015.1,2279,8,0
2026-07-29 04:10:00,4015.1,4017.63,4011.64,4012.98,2446,8,0
2026-07-29 04:15:00,4012.97,4016.58,4011.6,4016.41,1709,8,0
2026-07-29 04:20:00,4016.41,4017.58,4013.65,4015.05,1995,8,0
2026-07-29 04:25:00,4015.05,4020.18,4014.23,4018.31,1535,9,0
2026-07-29 04:30:00,4018.31,4024.3,4014.95,4024.18,2389,8,0
2026-07-29 04:35:00,4024.18,4030.53,4022.57,4029.16,2437,8,0
2026-07-29 04:40:00,4029.21,4030.37,4025.62,4027.56,1965,8,0
2026-07-29 04:45:00,4027.56,4028.2,4024.26,4024.6,1814,12,0
2026-07-29 04:50:00,4024.6,4025.78,4021.81,4023.14,1444,9,0
2026-07-29 04:55:00,4023.14,4026.15,4022.85,4025.82,2408,11,0
2026-07-29 05:00:00,4025.81,4029.2,4025.41,4027.44,2385,9,0
2026-07-29 05:05:00,4027.4,4028.11,4022.94,4025.15,2614,15,0
2026-07-29 05:10:00,4025.13,4028.19,4024.86,4028.17,2571,16,0
2026-07-29 05:15:00,4028.17,4030.12,4026.23,4027.27,1352,10,0
2026-07-29 05:20:00,4027.27,4035.41,4026.69,4033.21,1807,8,0
2026-07-29 05:25:00,4033.28,4035.17,4030.86,4032.98,1879,10,0
2026-07-29 05:30:00,4032.98,4036.62,4030.63,4031.47,2348,9,0
2026-07-29 05:35:00,4031.44,4035.27,4031.1,4035.17,988,8,0
2026-07-29 05:40:00,4035.17,4037.85,4034.34,4034.85,1647,12,0
2026-07-29 05:45:00,4034.72,4035.15,4032.31,4032.47,1537,13,0
2026-07-29 05:50:00,4032.47,4033.45,4029.14,4029.83,1323,8,0
2026-07-29 05:55:00,4029.83,4032.27,4029.37,4029.55,1455,11,0
2026-07-29 06:00:00,4029.34,4031.23,4028.02,4028.61,1967,8,0
2026-07-29 06:05:00,4028.87,4032.74,4028.31,4029.39,2079,7,0
2026-07-29 06:10:00,4029.39,4030.7,4027.25,4027.64,1600,11,0
2026-07-29 06:15:00,4027.64,4028.87,4026.09,4028.03,1517,8,0
2026-07-29 06:20:00,4028.03,4028.32,4025.95,4026.33,1363,17,0
2026-07-29 06:25:00,4026.31,4028.11,4025.48,4026.91,956,8,0
2026-07-29 06:30:00,4026.89,4026.98,4024.61,4026.72,1009,7,0
2026-07-29 06:35:00,4026.72,4029.57,4026.2,4027.11,1192,8,0
2026-07-29 06:40:00,4027.11,4027.3,4025.21,4026.05,1477,9,0
2026-07-29 06:45:00,4026.04,4026.89,4025.55,4026.08,1863,16,0
2026-07-29 06:50:00,4026.08,4026.38,4023.97,4024.24,1197,15,0
2026-07-29 06:55:00,4024.24,4024.44,4023.12,4023.57,1281,8,0
2026-07-29 07:00:00,4023.56,4024.86,4021.6,4022.52,1459,7,0
2026-07-29 07:05:00,4022.52,4023.12,4021.32,4022.88,1529,19,0
2026-07-29 07:10:00,4022.88,4023.05,4021.28,4021.79,1655,14,0
2026-07-29 07:15:00,4021.79,4022.24,4020.56,4021.84,1184,13,0
2026-07-29 07:20:00,4021.84,4024.12,4021.47,4023.9,1442,16,0
2026-07-29 07:25:00,4023.9,4025.51,4022.81,4023.42,1368,11,0
2026-07-29 07:30:00,4023.42,4026.94,4023.29,4026.51,1473,17,0
2026-07-29 07:35:00,4026.49,4026.5,4024.64,4024.9,1930,9,0
2026-07-29 07:40:00,4024.9,4027.36,4024.78,4027.09,1941,9,0
2026-07-29 07:45:00,4027.05,4027.32,4023.46,4023.89,2443,8,0
2026-07-29 07:50:00,4023.89,4026.84,4023.8,4026.56,2078,12,0
2026-07-29 07:55:00,4026.52,4027.6,4025.99,4027.2,1744,14,0
2026-07-29 08:00:00,4027.2,4029.42,4026.6,4028.94,1996,14,0
2026-07-29 08:05:00,4028.95,4029.09,4026.96,4027.33,1537,12,0
2026-07-29 08:10:00,4027.33,4031.6,4026.71,4030.35,1504,12,0
2026-07-29 08:15:00,4030.35,4030.35,4027.44,4027.69,1326,8,0
2026-07-29 08:20:00,4027.69,4030.95,4027.02,4030.72,1218,8,0
2026-07-29 08:25:00,4030.76,4031.14,4029.87,4030.44,1680,8,0
2026-07-29 08:30:00,4030.44,4034.43,4029.88,4031.98,3055,7,0
2026-07-29 08:35:00,4031.98,4033.0,4029.81,4031.63,1968,12,0
2026-07-29 08:40:00,4031.63,4039.51,4031.17,4039.06,1991,9,0
2026-07-29 08:45:00,4039.06,4039.97,4033.73,4033.76,2115,10,0
2026-07-29 08:50:00,4033.75,4035.95,4033.29,4033.82,1951,9,0
2026-07-29 08:55:00,4033.86,4034.77,4031.48,4032.97,1725,9,0
2026-07-29 09:00:00,4032.92,4037.52,4032.83,4037.52,1885,13,0
2026-07-29 09:05:00,4037.52,4037.52,4034.57,4034.9,1793,9,0
2026-07-29 09:10:00,4034.95,4038.19,4034.3,4037.35,1369,13,0
2026-07-29 09:15:00,4037.28,4039.99,4037.09,4038.04,1480,8,0
2026-07-29 09:20:00,4038.07,4042.95,4035.7,4040.96,1250,9,0
2026-07-29 09:25:00,4041.01,4041.74,4040.29,4040.89,1402,19,0
2026-07-29 09:30:00,4040.89,4043.77,4040.69,4043.58,1696,15,0
2026-07-29 09:35:00,4043.58,4044.69,4042.01,4043.18,1408,8,0
2026-07-29 09:40:00,4043.18,4043.82,4041.43,4042.72,1397,10,0
2026-07-29 09:45:00,4042.58,4042.9,4039.63,4040.03,1099,12,0
2026-07-29 09:50:00,4040.03,4042.52,4039.75,4041.05,1329,8,0
2026-07-29 09:55:00,4041.05,4042.22,4040.51,4041.1,1261,7,0
2026-07-29 10:00:00,4041.09,4044.2,4040.97,4041.94,1480,10,0
2026-07-29 10:05:00,4041.94,4044.72,4041.69,4044.64,1396,11,0
2026-07-29 10:10:00,4044.56,4046.48,4044.45,4045.3,1155,8,0
2026-07-29 10:15:00,4045.3,4045.94,4044.08,4045.44,1032,14,0
2026-07-29 10:20:00,4045.39,4047.66,4045.27,4046.65,1044,8,0
2026-07-29 10:25:00,4046.68,4047.03,4044.48,4045.94,1095,18,0
2026-07-29 10:30:00,4046.01,4046.69,4044.65,4045.51,1059,9,0
2026-07-29 10:35:00,4045.51,4047.46,4045.51,4045.76,808,8,0
2026-07-29 10:40:00,4045.77,4047.42,4045.63,4045.85,822,19,0
2026-07-29 10:45:00,4045.87,4046.88,4044.16,4044.44,940,10,0
2026-07-29 10:50:00,4044.41,4044.7,4042.68,4043.41,906,13,0
2026-07-29 10:55:00,4043.39,4044.25,4042.64,4043.72,997,19,0
2026-07-29 11:00:00,4043.72,4044.4,4042.59,4043.69,1365,14,0
2026-07-29 11:05:00,4043.69,4043.86,4040.59,4041.0,1287,11,0
2026-07-29 11:10:00,4041.0,4042.41,4039.0,4039.01,1185,7,0
2026-07-29 11:15:00,4039.0,4042.15,4039.0,4040.78,1136,8,0
2026-07-29 11:20:00,4040.78,4040.78,4037.26,4037.64,1150,14,0
2026-07-29 11:25:00,4037.61,4038.06,4035.6,4037.25,1176,13,0
2026-07-29 11:30:00,4037.26,4037.94,4035.66,4036.05,1384,9,0
2026-07-29 11:35:00,4036.02,4038.98,4035.85,4037.94,945,8,0
2026-07-29 11:40:00,4037.94,4039.16,4037.58,4038.18,932,14,0
2026-07-29 11:45:00,4038.18,4039.95,4037.42,4037.59,1042,16,0
2026-07-29 11:50:00,4037.61,4040.09,4037.08,4039.12,1123,9,0
2026-07-29 11:55:00,4039.12,4039.47,4036.95,4037.52,1029,12,0
2026-07-29 12:00:00,4037.5,4038.28,4036.27,4037.29,1050,15,0
2026-07-29 12:05:00,4037.26,4037.92,4035.85,4037.8,1234,10,0
2026-07-29 12:10:00,4037.8,4037.89,4035.55,4036.29,1142,9,0
2026-07-29 12:15:00,4036.29,4037.69,4035.95,4037.01,1044,14,0
2026-07-29 12:20:00,4037.02,4037.04,4033.67,4034.68,1476,8,0
2026-07-29 12:25:00,4034.68,4034.8,4033.35,4033.73,1002,12,0
2026-07-29 12:30:00,4033.69,4034.57,4031.17,4033.9,1293,8,0
2026-07-29 12:35:00,4033.95,4034.86,4032.52,4032.83,857,8,0
2026-07-29 12:40:00,4032.83,4034.93,4032.38,4034.32,1287,10,0
2026-07-29 12:45:00,4034.33,4035.76,4034.04,4035.65,981,15,0
2026-07-29 12:50:00,4035.57,4036.34,4034.85,4035.3,750,12,0
2026-07-29 12:55:00,4035.3,4035.3,4031.89,4032.63,1097,16,0
2026-07-29 13:00:00,4032.58,4033.89,4031.91,4033.13,1203,8,0
2026-07-29 13:05:00,4033.13,4034.1,4031.11,4032.61,1241,8,0
2026-07-29 13:10:00,4032.63,4033.47,4030.81,4031.82,1173,8,0
2026-07-29 13:15:00,4031.79,4032.23,4030.17,4032.16,1148,9,0
2026-07-29 13:20:00,4032.24,4032.76,4031.07,4031.37,721,14,0
2026-07-29 13:25:00,4031.31,4033.27,4030.07,4033.02,816,19,0
2026-07-29 13:30:00,4032.98,4034.32,4032.09,4032.11,757,13,0
2026-07-29 13:35:00,4031.95,4032.53,4028.78,4029.09,898,14,0
2026-07-29 13:40:00,4029.12,4029.49,4026.1,4027.36,919,8,0
2026-07-29 13:45:00,4027.32,4027.92,4026.4,4027.64,859,8,0
2026-07-29 13:50:00,4027.65,4028.61,4025.94,4026.77,903,8,0
2026-07-29 13:55:00,4026.79,4027.63,4026.01,4027.38,887,12,0
2026-07-29 14:00:00,4027.38,4029.38,4026.97,4027.95,951,7,0
2026-07-29 14:05:00,4027.95,4028.24,4024.92,4025.94,1128,8,0
2026-07-29 14:10:00,4025.94,4029.65,4025.9,4029.61,1016,13,0
2026-07-29 14:15:00,4029.79,4032.71,4028.34,4032.6,947,8,0
2026-07-29 14:20:00,4032.58,4033.18,4031.88,4032.38,928,9,0
2026-07-29 14:25:00,4032.38,4033.47,4031.69,4032.74,818,8,0
2026-07-29 14:30:00,4032.76,4032.92,4031.18,4031.75,726,9,0
2026-07-29 14:35:00,4031.73,4032.1,4030.14,4031.78,806,16,0
2026-07-29 14:40:00,4031.78,4032.21,4030.59,4030.94,833,12,0
2026-07-29 14:45:00,4030.92,4036.05,4030.48,4034.51,1400,8,0
2026-07-29 14:50:00,4034.51,4034.71,4031.87,4032.09,1330,7,0
2026-07-29 14:55:00,4032.07,4032.73,4031.09,4032.71,1034,12,0
2026-07-29 15:00:00,4032.73,4033.35,4030.37,4030.48,1394,8,0
2026-07-29 15:05:00,4030.48,4031.27,4028.61,4029.97,1413,9,0
2026-07-29 15:10:00,4029.97,4030.97,4026.04,4027.02,1389,8,0
2026-07-29 15:15:00,4027.08,4027.51,4018.83,4018.86,3271,8,0
2026-07-29 15:20:00,4018.86,4020.23,4014.26,4015.79,2955,8,0
2026-07-29 15:25:00,4015.81,4017.4,4012.56,4013.1,2452,8,0
2026-07-29 15:30:00,4013.03,4018.62,4009.16,4018.41,1851,8,0
2026-07-29 15:35:00,4018.41,4022.49,4016.96,4021.54,2030,8,0
2026-07-29 15:40:00,4021.53,4021.92,4017.26,4020.91,2065,8,0
2026-07-29 15:45:00,4020.89,4023.11,4019.46,4020.13,1896,7,0
2026-07-29 15:50:00,4020.07,4022.22,4018.89,4021.65,1936,7,0
2026-07-29 15:55:00,4021.65,4023.64,4021.08,4022.59,1620,8,0
2026-07-29 16:00:00,4022.59,4026.34,4018.72,4018.75,2829,8,0
2026-07-29 16:05:00,4018.78,4019.27,4015.42,4016.09,2516,8,0
2026-07-29 16:10:00,4016.11,4018.8,4014.91,4015.67,2215,9,0
2026-07-29 16:15:00,4015.64,4018.53,4014.16,4016.97,2302,8,0
2026-07-29 16:20:00,4016.97,4023.14,4015.59,4020.3,2611,8,0
2026-07-29 16:25:00,4020.23,4023.0,4013.66,4014.5,2586,7,0
2026-07-29 16:30:00,4014.49,4017.67,4010.13,4017.07,3418,7,0
2026-07-29 16:35:00,4017.06,4017.87,4014.06,4016.22,2806,9,0
2026-07-29 16:40:00,4016.23,4016.27,4012.75,4013.6,3454,7,0
2026-07-29 16:45:00,4013.62,4015.92,4010.87,4015.07,3527,8,0
2026-07-29 16:50:00,4015.07,4015.12,4006.5,4009.13,3235,7,0
2026-07-29 16:55:00,4009.01,4009.1,4002.44,4007.24,3539,8,0
2026-07-29 17:00:00,4007.27,4008.62,4001.11,4005.85,3949,7,0
2026-07-29 17:05:00,4006.1,4006.71,3998.76,3999.57,3057,7,0
2026-07-29 17:10:00,3999.57,4001.19,3995.92,3999.34,2970,6,0
2026-07-29 17:15:00,3999.31,4009.04,3998.95,4007.73,3058,7,0
2026-07-29 17:20:00,4007.7,4010.12,4006.47,4009.63,3443,8,0
2026-07-29 17:25:00,4009.63,4009.74,4003.42,4005.38,3133,7,0
2026-07-29 17:30:00,4005.41,4009.17,4003.94,4007.88,3368,8,0
2026-07-29 17:35:00,4007.9,4008.32,4003.13,4004.44,3194,7,0
2026-07-29 17:40:00,4004.41,4006.56,3998.82,4001.16,3137,8,0
2026-07-29 17:45:00,4001.16,4002.53,3998.23,4001.48,3369,6,0
2026-07-29 17:50:00,4001.44,4005.65,4000.37,4005.3,3334,8,0
2026-07-29 17:55:00,4005.27,4005.74,4002.23,4004.74,3024,7,0
2026-07-29 18:00:00,4004.74,4008.84,4003.13,4008.35,3425,8,0
2026-07-29 18:05:00,4008.26,4009.8,4006.52,4009.75,3179,8,0
2026-07-29 18:10:00,4009.75,4009.75,4005.69,4006.78,2882,8,0
2026-07-29 18:15:00,4006.79,4008.55,4004.97,4005.04,2533,9,0
2026-07-29 18:20:00,4005.06,4010.22,4003.69,4009.93,2810,7,0
2026-07-29 18:25:00,4009.9,4011.24,4007.95,4010.46,2690,12,0
2026-07-29 18:30:00,4010.64,4013.48,4009.65,4010.27,2826,7,0
2026-07-29 18:35:00,4010.27,4012.4,4007.9,4008.71,2634,7,0
2026-07-29 18:40:00,4008.72,4010.57,4007.07,4010.54,2095,7,0
2026-07-29 18:45:00,4010.54,4012.84,4009.42,4012.59,2001,14,0
2026-07-29 18:50:00,4012.58,4013.77,4010.72,4011.57,1887,9,0
2026-07-29 18:55:00,4011.73,4011.9,4008.17,4009.77,2166,10,0
2026-07-29 19:00:00,4009.95,4011.68,4007.6,4009.44,2029,7,0
2026-07-29 19:05:00,4009.52,4015.58,4008.68,4014.79,2068,7,0
2026-07-29 19:10:00,4014.81,4015.64,4009.38,4009.42,1842,8,0
2026-07-29 19:15:00,4009.42,4011.5,4007.8,4011.27,1694,8,0
2026-07-29 19:20:00,4011.26,4017.5,4010.89,4015.1,2066,8,0
2026-07-29 19:25:00,4015.07,4017.17,4015.04,4016.49,1847,10,0
2026-07-29 19:30:00,4016.39,4019.06,4014.97,4017.06,1943,7,0
2026-07-29 19:35:00,4017.06,4018.22,4015.06,4016.78,1846,10,0
2026-07-29 19:40:00,4016.78,4017.63,4015.85,4017.04,1650,7,0
2026-07-29 19:45:00,4017.0,4018.06,4015.17,4017.82,1901,9,0
2026-07-29 19:50:00,4017.83,4025.65,4017.7,4025.61,2102,8,0
2026-07-29 19:55:00,4025.6,4032.68,4024.99,4027.24,3463,8,0
2026-07-29 20:00:00,4027.26,4037.53,4027.13,4036.84,3314,8,0
2026-07-29 20:05:00,4036.87,4041.21,4034.91,4038.69,2909,7,0
2026-07-29 20:10:00,4038.77,4050.48,4037.43,4042.08,2980,8,0
2026-07-29 20:15:00,4042.08,4047.85,4040.69,4045.15,3249,9,0
2026-07-29 20:20:00,4045.15,4050.48,4044.54,4047.36,3291,7,0
2026-07-29 20:25:00,4047.37,4048.18,4037.16,4039.12,3388,7,0
2026-07-29 20:30:00,4039.07,4041.87,4037.59,4038.74,2907,7,0
2026-07-29 20:35:00,4038.7,4041.57,4036.23,4041.24,2821,8,0
2026-07-29 20:40:00,4041.4,4047.31,4040.71,4045.69,2970,9,0
2026-07-29 20:45:00,4045.84,4048.04,4044.82,4047.44,2677,7,0
2026-07-29 20:50:00,4047.4,4047.45,4044.42,4044.8,2188,10,0
2026-07-29 20:55:00,4044.81,4044.95,4041.3,4043.82,1578,16,0
2026-07-29 21:00:00,4043.82,4085.5,4041.55,4066.92,4591,7,0
2026-07-29 21:05:00,4066.82,4082.9,4066.31,4076.27,3822,7,0
2026-07-29 21:10:00,4076.27,4085.96,4071.69,4080.79,3754,7,0
2026-07-29 21:15:00,4080.79,4083.78,4071.02,4071.63,3359,8,0
2026-07-29 21:20:00,4071.65,4073.12,4066.28,4066.47,2463,8,0
2026-07-29 21:25:00,4066.47,4068.1,4063.67,4067.45,2355,10,0
2026-07-29 21:30:00,4067.45,4072.49,4051.88,4059.64,4089,7,0
2026-07-29 21:35:00,4059.61,4072.67,4053.31,4070.86,3782,7,0
2026-07-29 21:40:00,4070.86,4086.75,4069.58,4083.07,4287,7,0
2026-07-29 21:45:00,4083.07,4100.86,4081.83,4099.42,3851,7,0
2026-07-29 21:50:00,4099.39,4109.62,4092.57,4104.72,3599,8,0
2026-07-29 21:55:00,4104.61,4109.26,4101.18,4106.58,3797,7,0
2026-07-29 22:00:00,4106.71,4116.2,4101.57,4103.2,4150,7,0
2026-07-29 22:05:00,4103.21,4105.46,4093.52,4096.62,3993,8,0
2026-07-29 22:10:00,4096.62,4102.16,4089.8,4099.49,3604,8,0
2026-07-29 22:15:00,4099.52,4104.5,4097.29,4098.37,3653,8,0
2026-07-29 22:20:00,4098.6,4099.69,4084.92,4087.14,4219,8,0
2026-07-29 22:25:00,4087.14,4087.68,4080.86,4084.04,3855,7,0
2026-07-29 22:30:00,4084.04,4088.29,4066.97,4073.23,4064,7,0
2026-07-29 22:35:00,4073.24,4075.81,4065.94,4068.77,3934,7,0
2026-07-29 22:40:00,4068.88,4073.22,4065.11,4069.23,3889,8,0
2026-07-29 22:45:00,4069.23,4071.9,4065.87,4071.35,3771,7,0
2026-07-29 22:50:00,4071.14,4071.14,4061.1,4061.49,3455,8,0
2026-07-29 22:55:00,4061.49,4061.58,4044.2,4044.59,3779,7,0
2026-07-30 01:00:00,4027.47,4075.41,4016.39,4073.63,1037,30,0
2026-07-30 01:05:00,4073.79,4074.26,4064.26,4069.18,1077,7,0
2026-07-30 01:10:00,4069.21,4077.72,4069.21,4076.09,251,7,0
2026-07-30 01:15:00,4076.18,4077.53,4073.62,4074.53,315,7,0
2026-07-30 01:20:00,4074.53,4075.23,4072.8,4074.76,255,8,0
2026-07-30 01:25:00,4074.76,4075.06,4072.27,4074.71,397,16,0
2026-07-30 01:30:00,4074.71,4075.87,4072.7,4075.41,676,8,0
2026-07-30 01:35:00,4075.41,4078.75,4075.28,4075.79,711,10,0
2026-07-30 01:40:00,4075.79,4081.25,4075.47,4081.25,887,9,0
2026-07-30 01:45:00,4081.33,4085.43,4079.65,4084.77,1228,8,0
2026-07-30 01:50:00,4084.77,4085.76,4083.57,4084.94,901,9,0
2026-07-30 01:55:00,4084.94,4090.57,4084.7,4088.45,996,8,0
2026-07-30 02:00:00,4088.54,4095.52,4088.18,4095.19,1367,11,0
2026-07-30 02:05:00,4095.23,4100.37,4094.23,4096.3,1327,11,0
2026-07-30 02:10:00,4096.32,4096.92,4090.29,4091.56,1439,10,0
2026-07-30 02:15:00,4091.6,4094.34,4090.33,4093.46,1229,12,0
2026-07-30 02:20:00,4093.43,4094.87,4091.77,4092.13,1200,11,0
2026-07-30 02:25:00,4092.13,4094.36,4090.65,4093.44,954,8,0
2026-07-30 02:30:00,4093.46,4093.97,4090.75,4092.76,1123,13,0
2026-07-30 02:35:00,4092.76,4094.51,4091.97,4092.16,854,13,0
2026-07-30 02:40:00,4092.2,4092.36,4089.08,4090.13,1984,13,0
2026-07-30 02:45:00,4090.25,4093.02,4088.58,4090.85,3138,12,0
2026-07-30 02:50:00,4090.87,4092.73,4086.24,4087.22,3466,14,0
2026-07-30 02:55:00,4087.22,4088.38,4084.41,4084.65,3007,10,0
2026-07-30 03:00:00,4084.69,4086.6,4079.79,4080.74,3487,10,0
2026-07-30 03:05:00,4080.75,4085.36,4080.27,4082.58,3405,10,0
2026-07-30 03:10:00,4082.52,4083.08,4079.06,4081.37,3265,7,0
2026-07-30 03:15:00,4081.31,4083.59,4077.3,4077.39,3628,8,0
2026-07-30 03:20:00,4077.49,4080.69,4075.57,4080.56,3188,8,0
2026-07-30 03:25:00,4080.54,4080.68,4072.72,4075.25,3446,8,0
2026-07-30 03:30:00,4075.27,4076.88,4071.54,4072.17,3031,8,0
2026-07-30 03:35:00,4072.17,4073.29,4068.14,4069.38,2760,8,0
2026-07-30 03:40:00,4069.38,4071.11,4064.99,4066.09,2541,8,0
2026-07-30 03:45:00,4066.05,4068.17,4064.81,4066.87,2741,8,0
2026-07-30 03:50:00,4066.87,4067.98,4065.19,4067.74,2316,10,0
2026-07-30 03:55:00,4067.77,4072.91,4066.82,4072.18,2320,8,0
2026-07-30 04:00:00,4072.18,4089.57,4070.15,4089.1,3492,7,0
2026-07-30 04:05:00,4089.26,4092.82,4086.27,4086.28,3382,9,0
2026-07-30 04:10:00,4086.28,4087.93,4074.77,4075.6,3063,8,0
2026-07-30 04:15:00,4075.43,4078.6,4073.16,4075.06,2889,7,0
2026-07-30 04:20:00,4075.07,4081.56,4073.8,4080.59,2809,7,0
2026-07-30 04:25:00,4080.59,4084.67,4080.14,4081.19,2951,8,0
2026-07-30 04:30:00,4081.19,4086.61,4080.6,4086.03,2995,7,0
2026-07-30 04:35:00,4086.03,4088.01,4084.38,4087.07,3076,8,0
2026-07-30 04:40:00,4087.07,4089.7,4086.37,4086.72,2360,8,0
2026-07-30 04:45:00,4086.72,4089.77,4083.78,4088.69,2603,8,0
2026-07-30 04:50:00,4088.68,4090.24,4086.85,4088.36,2267,8,0
2026-07-30 04:55:00,4088.26,4090.93,4084.27,4084.59,2220,8,0
2026-07-30 05:00:00,4084.63,4090.31,4084.33,4089.55,2432,8,0
2026-07-30 05:05:00,4089.52,4090.14,4087.29,4088.16,1579,8,0
2026-07-30 05:10:00,4088.2,4088.48,4082.26,4082.5,2390,8,0
2026-07-30 05:15:00,4082.5,4082.8,4079.86,4082.16,1935,7,0
2026-07-30 05:20:00,4082.17,4083.7,4080.63,4082.85,1896,8,0
2026-07-30 05:25:00,4082.87,4083.66,4080.16,4082.68,1969,10,0
2026-07-30 05:30:00,4082.66,4082.84,4075.37,4076.35,3265,9,0
2026-07-30 05:35:00,4076.36,4078.29,4074.51,4076.48,3011,8,0
2026-07-30 05:40:00,4076.48,4078.81,4073.47,4076.83,2845,9,0
2026-07-30 05:45:00,4076.9,4077.05,4073.33,4074.48,2337,9,0
2026-07-30 05:50:00,4074.4,4074.76,4069.99,4070.9,2578,8,0
2026-07-30 05:55:00,4070.92,4071.49,4063.21,4063.7,2598,9,0
2026-07-30 06:00:00,4063.54,4069.72,4062.44,4069.5,2578,8,0
2026-07-30 06:05:00,4069.5,4070.06,4064.03,4064.46,1872,10,0
2026-07-30 06:10:00,4064.45,4065.38,4060.4,4062.95,2190,10,0
2026-07-30 06:15:00,4062.93,4063.92,4056.46,4057.77,2438,12,0
2026-07-30 06:20:00,4057.74,4058.49,4055.29,4056.68,2883,9,0
2026-07-30 06:25:00,4056.64,4057.53,4052.5,4053.83,2444,8,0
2026-07-30 06:30:00,4053.78,4055.28,4051.51,4053.8,2494,7,0
2026-07-30 06:35:00,4053.77,4055.91,4050.74,4051.37,2292,8,0
2026-07-30 06:40:00,4051.35,4053.83,4051.23,4052.41,1846,10,0
2026-07-30 06:45:00,4052.41,4058.39,4052.22,4058.05,2275,8,0
2026-07-30 06:50:00,4058.05,4059.6,4057.33,4058.34,1957,8,0
2026-07-30 06:55:00,4058.32,4059.73,4056.6,4058.8,1945,8,0
2026-07-30 07:00:00,4058.81,4060.16,4055.58,4056.56,2267,8,0
2026-07-30 07:05:00,4056.56,4056.98,4054.54,4056.12,1826,18,0
2026-07-30 07:10:00,4056.14,4056.62,4052.87,4053.29,1639,13,0
2026-07-30 07:15:00,4053.29,4054.79,4051.91,4052.1,1397,8,0
2026-07-30 07:20:00,4052.1,4053.78,4050.9,4052.51,1658,9,0
2026-07-30 07:25:00,4052.51,4055.24,4052.36,4054.05,1783,11,0
2026-07-30 07:30:00,4054.05,4054.08,4051.54,4051.7,1627,11,0
2026-07-30 07:35:00,4051.71,4052.28,4049.18,4049.88,1325,7,0
2026-07-30 07:40:00,4049.92,4050.45,4047.67,4048.71,1777,7,0
2026-07-30 07:45:00,4048.53,4051.93,4045.96,4046.66,1659,8,0
2026-07-30 07:50:00,4046.66,4048.29,4045.77,4047.57,1842,7,0
2026-07-30 07:55:00,4047.53,4047.88,4044.2,4045.92,1606,7,0
2026-07-30 08:00:00,4045.91,4046.07,4041.61,4044.74,2250,10,0
2026-07-30 08:05:00,4044.74,4045.5,4041.8,4045.1,2426,9,0
2026-07-30 08:10:00,4045.08,4045.89,4043.77,4045.86,1881,8,0
2026-07-30 08:15:00,4045.89,4046.3,4037.47,4041.96,2570,8,0
2026-07-30 08:20:00,4041.96,4044.5,4041.25,4044.02,1830,11,0
2026-07-30 08:25:00,4044.0,4047.33,4042.9,4046.82,1762,8,0
2026-07-30 08:30:00,4046.8,4051.24,4045.05,4047.86,3198,7,0
2026-07-30 08:35:00,4047.86,4047.96,4028.33,4031.57,3570,7,0
2026-07-30 08:40:00,4031.6,4037.0,4029.64,4033.34,2981,7,0
2026-07-30 08:45:00,4033.34,4038.54,4030.42,4032.06,2922,8,0
2026-07-30 08:50:00,4032.06,4035.3,4030.2,4033.17,2661,9,0
2026-07-30 08:55:00,4033.17,4036.05,4029.94,4033.67,2648,8,0
2026-07-30 09:00:00,4033.67,4038.37,4033.61,4038.15,3068,8,0
2026-07-30 09:05:00,4038.18,4039.46,4035.01,4035.81,2923,8,0
2026-07-30 09:10:00,4035.79,4037.06,4031.24,4032.32,2896,7,0
2026-07-30 09:15:00,4032.27,4034.23,4030.85,4033.72,2557,10,0
2026-07-30 09:20:00,4033.72,4039.29,4033.04,4037.29,2798,8,0
2026-07-30 09:25:00,4037.29,4037.43,4029.27,4033.1,2696,8,0
2026-07-30 09:30:00,4033.1,4036.68,4030.97,4035.35,2366,10,0
2026-07-30 09:35:00,4035.35,4037.16,4034.08,4037.02,2499,17,0
2026-07-30 09:40:00,4037.07,4038.24,4034.18,4035.73,2294,8,0
2026-07-30 09:45:00,4035.73,4037.75,4034.18,4036.32,2326,8,0
2026-07-30 09:50:00,4036.36,4040.45,4035.92,4038.59,2177,9,0
2026-07-30 09:55:00,4038.61,4038.83,4035.14,4036.71,1614,12,0
2026-07-30 10:00:00,4036.44,4047.76,4035.31,4044.75,3244,8,0
2026-07-30 10:05:00,4044.76,4045.55,4042.57,4045.46,2880,11,0
2026-07-30 10:10:00,4045.46,4047.65,4043.91,4046.68,2747,8,0
2026-07-30 10:15:00,4046.73,4051.19,4046.45,4049.68,2443,8,0
2026-07-30 10:20:00,4049.49,4050.32,4044.49,4048.08,2296,9,0
2026-07-30 10:25:00,4048.08,4048.12,4042.92,4045.84,2405,8,0
2026-07-30 10:30:00,4045.86,4046.13,4040.08,4041.1,2274,8,0
2026-07-30 10:35:00,4041.1,4042.13,4036.08,4040.45,2092,9,0
2026-07-30 10:40:00,4040.48,4047.23,4040.39,4045.86,2434,8,0
2026-07-30 10:45:00,4045.87,4046.52,4041.48,4041.83,2386,7,0
2026-07-30 10:50:00,4041.81,4045.45,4040.22,4040.82,2360,8,0
2026-07-30 10:55:00,4040.58,4041.16,4038.06,4038.87,1767,8,0
2026-07-30 11:00:00,4038.8,4045.8,4036.59,4045.74,2758,8,0
2026-07-30 11:05:00,4045.74,4053.59,4044.88,4050.32,3039,8,0
2026-07-30 11:10:00,4050.28,4056.31,4049.42,4053.28,2461,8,0
2026-07-30 11:15:00,4053.2,4056.9,4052.05,4056.78,2504,8,0
2026-07-30 11:20:00,4056.74,4063.99,4055.76,4060.2,2512,8,0
2026-07-30 11:25:00,4060.23,4068.22,4059.89,4064.56,2804,8,0
2026-07-30 11:30:00,4064.24,4072.73,4063.35,4067.96,2888,8,0
2026-07-30 11:35:00,4067.96,4071.63,4064.36,4064.47,2623,7,0
2026-07-30 11:40:00,4064.47,4066.69,4062.92,4065.77,2525,8,0
2026-07-30 11:45:00,4065.77,4070.87,4063.48,4063.8,2465,7,0
2026-07-30 11:50:00,4063.8,4064.38,4059.6,4060.2,2208,8,0
2026-07-30 11:55:00,4060.2,4061.98,4059.39,4061.4,1720,12,0
2026-07-30 12:00:00,4061.42,4067.37,4060.33,4066.37,2158,8,0
2026-07-30 12:05:00,4066.34,4068.93,4065.63,4067.53,2423,8,0
2026-07-30 12:10:00,4067.33,4069.14,4064.83,4065.86,2619,8,0
2026-07-30 12:15:00,4066.05,4067.45,4064.41,4066.78,3016,8,0
2026-07-30 12:20:00,4066.82,4072.18,4066.52,4070.15,2998,8,0
2026-07-30 12:25:00,4070.13,4072.38,4066.99,4067.55,2341,8,0
2026-07-30 12:30:00,4067.48,4068.15,4060.54,4066.2,2682,7,0
2026-07-30 12:35:00,4066.2,4069.15,4065.03,4065.21,2550,7,0
2026-07-30 12:40:00,4065.23,4065.92,4064.27,4065.5,2318,8,0
2026-07-30 12:45:00,4065.49,4069.37,4063.76,4069.14,2075,8,0
2026-07-30 12:50:00,4069.19,4073.05,4066.72,4066.9,2011,7,0
2026-07-30 12:55:00,4066.92,4067.17,4062.31,4063.34,1930,9,0
2026-07-30 13:00:00,4063.32,4067.99,4062.96,4064.76,2412,11,0
2026-07-30 13:05:00,4064.76,4072.15,4064.52,4071.31,2075,8,0
2026-07-30 13:10:00,4071.1,4074.68,4064.19,4068.32,3065,7,0
2026-07-30 13:15:00,4068.32,4077.4,4067.49,4075.51,2908,7,0
2026-07-30 13:20:00,4075.51,4077.49,4074.28,4076.25,2413,9,0
2026-07-30 13:25:00,4076.28,4077.6,4075.26,4076.36,2161,12,0
2026-07-30 13:30:00,4076.38,4079.1,4075.17,4077.49,2375,10,0
2026-07-30 13:35:00,4077.48,4081.49,4076.7,4077.21,2331,8,0
2026-07-30 13:40:00,4077.18,4082.7,4076.86,4081.17,3017,7,0
2026-07-30 13:45:00,4081.24,4083.09,4079.69,4079.86,2223,8,0
2026-07-30 13:50:00,4079.85,4081.75,4077.98,4079.13,2529,8,0
2026-07-30 13:55:00,4079.21,4080.04,4078.05,4078.08,1635,8,0
2026-07-30 14:00:00,4078.06,4080.95,4077.5,4078.87,2423,9,0
2026-07-30 14:05:00,4078.77,4082.64,4078.76,4081.89,2113,8,0
2026-07-30 14:10:00,4081.88,4082.85,4078.73,4079.67,1980,10,0
2026-07-30 14:15:00,4079.67,4081.93,4077.89,4077.89,1967,8,0
2026-07-30 14:20:00,4077.89,4081.54,4076.6,4081.3,1947,10,0
2026-07-30 14:25:00,4081.3,4081.66,4076.52,4077.8,1927,8,0
2026-07-30 14:30:00,4078.01,4078.74,4076.23,4077.13,2131,8,0
2026-07-30 14:35:00,4077.17,4079.36,4076.89,4077.67,1549,8,0
2026-07-30 14:40:00,4077.65,4079.37,4076.9,4077.42,1696,7,0
2026-07-30 14:45:00,4077.41,4077.83,4075.63,4076.5,1695,9,0
2026-07-30 14:50:00,4076.5,4080.64,4076.33,4080.3,2041,8,0
2026-07-30 14:55:00,4080.15,4080.38,4076.64,4077.74,1745,7,0
2026-07-30 15:00:00,4077.72,4079.48,4074.66,4078.2,2408,8,0
2026-07-30 15:05:00,4078.23,4082.5,4078.23,4081.66,2358,9,0
2026-07-30 15:10:00,4081.82,4081.82,4075.0,4078.74,2811,7,0
2026-07-30 15:15:00,4078.74,4078.85,4072.87,4074.99,2441,8,0
2026-07-30 15:20:00,4074.95,4076.46,4071.58,4076.33,2781,9,0
2026-07-30 15:25:00,4076.29,4081.32,4076.29,4076.89,1899,8,0
2026-07-30 15:30:00,4076.85,4086.5,4071.73,4073.54,2543,8,0
2026-07-30 15:35:00,4073.52,4078.21,4071.91,4077.91,3627,7,0
2026-07-30 15:40:00,4077.92,4081.8,4073.8,4077.05,3747,8,0
2026-07-30 15:45:00,4077.16,4079.34,4073.11,4075.29,3466,7,0
2026-07-30 15:50:00,4075.34,4076.88,4067.15,4069.98,3464,8,0
2026-07-30 15:55:00,4069.95,4073.72,4068.24,4068.88,3335,8,0
2026-07-30 16:00:00,4068.88,4073.86,4065.01,4068.13,4085,7,0
2026-07-30 16:05:00,4068.17,4076.64,4066.47,4073.44,3728,8,0
2026-07-30 16:10:00,4073.46,4076.61,4069.66,4076.58,3334,8,0
2026-07-30 16:15:00,4076.58,4077.27,4072.88,4073.18,3169,8,0
2026-07-30 16:20:00,4073.16,4083.9,4071.95,4082.12,3254,7,0
2026-07-30 16:25:00,4082.12,4082.84,4074.15,4080.2,3444,8,0
2026-07-30 16:30:00,4080.15,4081.8,4075.24,4075.7,4507,7,0
2026-07-30 16:35:00,4075.72,4098.51,4074.75,4091.27,4571,7,0
2026-07-30 16:40:00,4091.28,4096.23,4085.0,4088.86,4379,7,0
2026-07-30 16:45:00,4088.86,4101.39,4085.28,4094.68,4103,7,0
2026-07-30 16:50:00,4094.68,4103.1,4093.02,4102.28,3631,7,0
2026-07-30 16:55:00,4102.3,4112.68,4100.88,4112.21,3006,7,0
2026-07-30 17:00:00,4112.2,4120.29,4106.24,4107.4,3376,8,0
2026-07-30 17:05:00,4107.4,4109.55,4093.49,4099.03,3888,8,0
2026-07-30 17:10:00,4098.87,4102.16,4095.49,4097.97,3680,8,0
2026-07-30 17:15:00,4096.62,4100.18,4090.3,4090.38,3714,8,0
2026-07-30 17:20:00,4090.63,4098.56,4087.01,4089.43,3826,8,0
2026-07-30 17:25:00,4089.48,4095.83,4087.04,4095.24,3628,8,0
2026-07-30 17:30:00,4094.59,4102.41,4094.59,4100.46,3881,9,0
2026-07-30 17:35:00,4100.56,4106.01,4100.28,4105.98,3500,7,0
2026-07-30 17:40:00,4105.98,4111.28,4104.11,4110.7,3553,7,0
2026-07-30 17:45:00,4110.67,4112.91,4101.84,4104.53,3888,8,0
2026-07-30 17:50:00,4104.4,4104.75,4098.39,4099.65,4273,8,0
2026-07-30 17:55:00,4099.68,4100.95,4096.44,4099.99,4021,8,0
2026-07-30 18:00:00,4100.04,4100.32,4096.22,4097.33,4222,8,0
2026-07-30 18:05:00,4097.33,4098.52,4089.76,4090.74,4179,8,0
2026-07-30 18:10:00,4090.74,4090.78,4083.07,4085.54,3309,7,0
2026-07-30 18:15:00,4085.32,4096.82,4084.76,4095.89,3633,7,0
2026-07-30 18:20:00,4095.89,4097.14,4092.13,4094.0,3423,8,0
2026-07-30 18:25:00,4094.0,4096.76,4091.98,4096.0,3231,7,0
2026-07-30 18:30:00,4095.99,4100.07,4092.5,4099.41,3620,7,0
2026-07-30 18:35:00,4099.43,4100.73,4097.8,4098.99,3165,10,0
2026-07-30 18:40:00,4098.99,4106.87,4098.8,4105.35,3398,9,0
2026-07-30 18:45:00,4105.35,4106.83,4103.53,4106.08,3187,10,0
2026-07-30 18:50:00,4106.05,4108.06,4104.53,4107.29,2973,8,0
2026-07-30 18:55:00,4107.3,4110.01,4106.92,4108.13,2600,8,0
2026-07-30 19:00:00,4108.09,4115.87,4107.76,4114.86,3097,8,0
2026-07-30 19:05:00,4114.94,4115.19,4111.15,4111.34,2580,7,0
2026-07-30 19:10:00,4111.29,4115.85,4109.01,4114.2,2346,8,0
2026-07-30 19:15:00,4114.01,4116.07,4113.89,4114.06,2209,11,0
2026-07-30 19:20:00,4114.06,4119.24,4113.66,4118.86,2431,8,0
2026-07-30 19:25:00,4118.83,4118.98,4115.64,4116.01,2395,9,0
2026-07-30 19:30:00,4116.01,4116.41,4112.77,4113.2,2672,8,0
2026-07-30 19:35:00,4113.2,4114.94,4110.19,4110.86,2473,7,0
2026-07-30 19:40:00,4110.86,4112.0,4108.29,4108.6,2060,7,0
2026-07-30 19:45:00,4108.6,4109.71,4107.2,4109.51,2179,10,0
2026-07-30 19:50:00,4109.52,4110.24,4106.59,4107.86,2013,8,0
2026-07-30 19:55:00,4107.86,4110.75,4107.51,4110.75,1918,8,0
2026-07-30 20:00:00,4110.78,4111.27,4106.71,4107.58,2572,7,0
2026-07-30 20:05:00,4107.72,4108.79,4106.62,4107.54,1924,13,0
2026-07-30 20:10:00,4107.51,4108.64,4104.87,4104.89,2335,8,0
2026-07-30 20:15:00,4104.9,4106.87,4103.91,4106.4,2363,7,0
2026-07-30 20:20:00,4106.38,4108.22,4104.63,4107.99,2409,13,0
2026-07-30 20:25:00,4107.99,4108.02,4098.53,4101.67,2681,8,0
2026-07-30 20:30:00,4101.66,4102.44,4100.23,4100.77,2234,9,0
2026-07-30 20:35:00,4100.77,4108.14,4099.95,4102.89,3461,8,0
2026-07-30 20:40:00,4102.89,4106.77,4102.49,4106.0,3305,8,0
2026-07-30 20:45:00,4106.11,4108.46,4104.03,4104.08,2522,10,0
2026-07-30 20:50:00,4104.12,4104.61,4102.66,4103.22,2318,8,0
2026-07-30 20:55:00,4103.24,4103.69,4101.23,4102.66,2029,10,0
2026-07-30 21:00:00,4102.69,4105.93,4102.59,4105.59,1687,7,0
2026-07-30 21:05:00,4105.61,4106.8,4104.52,4106.29,2261,9,0
2026-07-30 21:10:00,4106.3,4106.78,4104.99,4106.52,1922,8,0
2026-07-30 21:15:00,4106.51,4106.78,4103.81,4104.03,2073,7,0
2026-07-30 21:20:00,4104.04,4105.5,4101.58,4102.21,2021,8,0
2026-07-30 21:25:00,4102.22,4103.62,4100.79,4103.5,2021,8,0
2026-07-30 21:30:00,4103.49,4107.8,4102.97,4106.51,2104,8,0
2026-07-30 21:35:00,4106.52,4106.52,4104.47,4104.64,1927,8,0
2026-07-30 21:40:00,4104.62,4105.87,4103.98,4104.89,1793,8,0
2026-07-30 21:45:00,4104.87,4105.31,4100.48,4100.87,1768,7,0
2026-07-30 21:50:00,4100.88,4101.45,4098.81,4099.0,1835,8,0
2026-07-30 21:55:00,4098.99,4100.21,4098.81,4099.79,1582,8,0
2026-07-30 22:00:00,4099.77,4103.55,4098.8,4103.53,2211,8,0
2026-07-30 22:05:00,4103.59,4105.43,4102.57,4105.38,2037,9,0
2026-07-30 22:10:00,4105.37,4105.65,4103.06,4104.7,2202,8,0
2026-07-30 22:15:00,4104.72,4113.09,4102.96,4110.76,2649,7,0
2026-07-30 22:20:00,4110.65,4111.67,4109.53,4111.31,2063,8,0
2026-07-30 22:25:00,4111.29,4114.95,4110.63,4112.88,2098,8,0
2026-07-30 22:30:00,4112.88,4114.57,4112.41,4114.56,2289,7,0
2026-07-30 22:35:00,4114.54,4115.41,4112.23,4112.89,2125,8,0
2026-07-30 22:40:00,4112.96,4114.13,4111.5,4112.3,1794,7,0
2026-07-30 22:45:00,4112.29,4113.1,4111.17,4112.45,1614,9,0
2026-07-30 22:50:00,4112.41,4112.96,4109.52,4109.6,1939,8,0
2026-07-30 22:55:00,4109.62,4112.69,4109.16,4111.96,1410,8,0
2026-07-31 01:00:00,4078.18,4106.47,4069.83,4102.89,660,61,0
2026-07-31 01:05:00,4103.19,4105.65,4102.29,4105.43,432,17,0
2026-07-31 01:10:00,4105.43,4107.71,4105.05,4106.7,578,9,0
2026-07-31 01:15:00,4106.7,4108.46,4106.36,4108.15,534,8,0
2026-07-31 01:20:00,4108.13,4108.27,4107.19,4107.82,424,8,0
2026-07-31 01:25:00,4107.8,4108.6,4106.9,4107.71,370,8,0
2026-07-31 01:30:00,4107.66,4108.3,4106.96,4107.9,564,8,0
2026-07-31 01:35:00,4107.9,4110.45,4107.83,4110.01,653,14,0
2026-07-31 01:40:00,4109.96,4110.41,4109.45,4110.36,439,8,0
2026-07-31 01:45:00,4110.36,4110.96,4108.94,4110.71,638,8,0
2026-07-31 01:50:00,4110.68,4111.19,4110.1,4110.93,489,16,0
2026-07-31 01:55:00,4110.95,4111.0,4108.99,4109.13,410,16,0
2026-07-31 02:00:00,4109.13,4111.19,4109.09,4110.66,793,17,0
2026-07-31 02:05:00,4110.66,4111.67,4108.92,4109.5,605,10,0
2026-07-31 02:10:00,4109.48,4109.56,4106.45,4107.28,719,10,0
2026-07-31 02:15:00,4107.17,4107.42,4105.98,4106.6,721,9,0
2026-07-31 02:20:00,4106.56,4106.99,4104.45,4106.0,757,13,0
2026-07-31 02:25:00,4105.95,4106.62,4103.76,4104.08,575,14,0
2026-07-31 02:30:00,4104.03,4105.13,4103.24,4103.8,609,16,0
2026-07-31 02:35:00,4103.8,4105.89,4102.16,4105.7,987,13,0
2026-07-31 02:40:00,4105.64,4107.42,4104.86,4106.05,793,18,0
2026-07-31 02:45:00,4106.05,4110.0,4106.05,4108.2,892,8,0
2026-07-31 02:50:00,4108.2,4109.01,4106.24,4107.04,1003,20,0
2026-07-31 02:55:00,4107.09,4107.3,4105.35,4105.85,777,22,0
2026-07-31 03:00:00,4105.58,4107.05,4101.42,4104.71,1839,8,0
2026-07-31 03:05:00,4104.61,4104.99,4101.43,4103.13,1390,20,0
2026-07-31 03:10:00,4102.96,4103.9,4100.5,4101.19,1354,23,0
2026-07-31 03:15:00,4101.21,4102.6,4100.06,4101.3,1470,14,0
2026-07-31 03:20:00,4101.31,4103.71,4098.61,4102.73,1536,16,0
2026-07-31 03:25:00,4102.71,4102.74,4096.0,4096.38,1366,8,0
2026-07-31 03:30:00,4096.38,4097.41,4093.33,4093.78,1301,13,0
2026-07-31 03:35:00,4093.71,4093.78,4091.48,4092.45,1403,19,0
2026-07-31 03:40:00,4092.41,4093.38,4090.41,4092.89,1519,20,0
2026-07-31 03:45:00,4092.89,4094.18,4090.41,4093.35,1695,12,0
2026-07-31 03:50:00,4093.46,4095.18,4092.79,4093.23,1419,12,0
2026-07-31 03:55:00,4093.23,4095.97,4092.54,4094.66,1481,11,0
2026-07-31 04:00:00,4094.62,4101.24,4094.62,4097.9,3122,8,0
2026-07-31 04:05:00,4097.91,4101.39,4095.39,4098.02,2290,10,0
2026-07-31 04:10:00,4097.98,4097.98,4088.66,4088.92,2380,8,0
2026-07-31 04:15:00,4088.92,4094.11,4086.46,4093.7,2148,12,0
2026-07-31 04:20:00,4093.67,4094.98,4090.89,4092.23,1780,8,0
2026-07-31 04:25:00,4092.23,4094.59,4090.48,4091.89,1344,12,0
2026-07-31 04:30:00,4091.89,4091.99,4086.87,4087.95,2095,9,0
2026-07-31 04:35:00,4087.97,4088.33,4083.68,4084.79,1838,9,0
2026-07-31 04:40:00,4084.79,4087.44,4084.27,4085.62,1453,15,0
2026-07-31 04:45:00,4085.31,4089.34,4083.12,4083.87,1712,9,0
2026-07-31 04:50:00,4083.87,4085.58,4081.87,4084.97,1752,8,0
2026-07-31 04:55:00,4084.97,4087.42,4084.24,4084.25,1292,9,0
2026-07-31 05:00:00,4084.31,4086.39,4081.46,4085.35,1721,7,0
2026-07-31 05:05:00,4085.35,4089.13,4085.3,4088.84,1526,8,0
2026-07-31 05:10:00,4088.74,4090.39,4085.33,4085.48,1511,8,0
2026-07-31 05:15:00,4085.54,4085.54,4081.45,4082.47,1166,8,0
2026-07-31 05:20:00,4082.49,4084.15,4082.19,4082.51,927,14,0
2026-07-31 05:25:00,4082.51,4083.0,4081.46,4082.14,786,17,0
2026-07-31 05:30:00,4082.09,4084.32,4081.01,4082.0,1601,9,0
2026-07-31 05:35:00,4081.97,4082.51,4081.09,4082.22,1374,9,0
2026-07-31 05:40:00,4082.22,4082.64,4075.37,4075.46,1388,10,0
2026-07-31 05:45:00,4075.44,4077.93,4074.45,4077.28,1385,8,0
2026-07-31 05:50:00,4077.28,4077.55,4074.15,4076.51,1360,13,0
2026-07-31 05:55:00,4076.51,4078.35,4075.98,4076.05,1273,10,0
2026-07-31 06:00:00,4076.03,4076.09,4073.33,4073.45,1331,17,0
2026-07-31 06:05:00,4073.47,4076.17,4073.36,4074.4,1072,12,0
2026-07-31 06:10:00,4074.4,4075.46,4071.97,4073.34,1189,9,0
2026-07-31 06:15:00,4073.36,4073.86,4072.24,4073.73,1135,13,0
2026-07-31 06:20:00,4073.73,4074.19,4072.48,4073.63,1205,13,0
2026-07-31 06:25:00,4073.63,4075.99,4072.7,4075.23,1166,16,0
2026-07-31 06:30:00,4075.23,4077.04,4074.96,4076.9,1210,8,0
2026-07-31 06:35:00,4076.78,4079.45,4075.01,4078.67,768,13,0
2026-07-31 06:40:00,4078.67,4078.67,4075.28,4076.41,875,10,0
2026-07-31 06:45:00,4076.41,4077.44,4075.46,4075.76,922,26,0
2026-07-31 06:50:00,4075.76,4076.7,4074.68,4074.9,974,16,0
2026-07-31 06:55:00,4074.92,4075.44,4074.16,4074.98,853,20,0
2026-07-31 07:00:00,4074.98,4075.84,4073.84,4074.61,1034,17,0
2026-07-31 07:05:00,4074.61,4075.08,4073.42,4075.05,737,8,0
2026-07-31 07:10:00,4075.04,4076.91,4073.29,4076.72,579,9,0
2026-07-31 07:15:00,4076.62,4077.84,4075.72,4076.02,668,9,0
2026-07-31 07:20:00,4076.0,4078.61,4074.49,4078.43,814,8,0
2026-07-31 07:25:00,4078.48,4080.02,4077.54,4079.99,785,8,0
2026-07-31 07:30:00,4079.97,4081.11,4079.22,4079.77,717,16,0
2026-07-31 07:35:00,4079.81,4081.25,4079.56,4081.16,531,12,0
2026-07-31 07:40:00,4081.11,4081.4,4079.25,4079.28,380,8,0
2026-07-31 07:45:00,4079.23,4079.56,4075.43,4075.48,739,8,0
2026-07-31 07:50:00,4075.52,4078.1,4074.69,4078.09,658,9,0
2026-07-31 07:55:00,4078.09,4080.03,4077.67,4079.91,615,15,0
2026-07-31 08:00:00,4079.91,4082.52,4079.74,4082.45,976,8,0
2026-07-31 08:05:00,4082.27,4083.21,4080.95,4081.54,725,12,0
2026-07-31 08:10:00,4081.58,4082.25,4079.62,4079.75,612,20,0
2026-07-31 08:15:00,4079.8,4082.26,4079.37,4081.72,647,11,0
2026-07-31 08:20:00,4081.76,4082.87,4080.44,4082.38,463,13,0
2026-07-31 08:25:00,4082.3,4082.34,4080.03,4080.8,536,19,0
2026-07-31 08:30:00,4080.8,4081.61,4078.69,4079.04,1612,8,0
2026-07-31 08:35:00,4079.04,4081.17,4077.21,4079.56,1355,11,0
2026-07-31 08:40:00,4079.76,4080.09,4075.69,4076.39,1242,8,0
2026-07-31 08:45:00,4076.39,4076.43,4073.64,4075.61,1086,8,0
2026-07-31 08:50:00,4075.59,4075.85,4073.28,4075.49,900,10,0
2026-07-31 08:55:00,4075.54,4076.11,4073.3,4074.26,1019,10,0
2026-07-31 09:00:00,4074.26,4077.98,4072.75,4077.95,1329,7,0
2026-07-31 09:05:00,4077.93,4082.4,4077.66,4081.89,1215,8,0
2026-07-31 09:10:00,4081.81,4082.74,4080.21,4082.23,1302,15,0
2026-07-31 09:15:00,4082.27,4087.42,4081.01,4086.53,1187,8,0
2026-07-31 09:20:00,4086.53,4087.3,4082.33,4083.5,1199,8,0
2026-07-31 09:25:00,4083.5,4086.18,4081.91,4084.83,1226,11,0
2026-07-31 09:30:00,4084.85,4084.97,4077.29,4078.32,1615,10,0
2026-07-31 09:35:00,4078.44,4079.99,4077.11,4078.87,1879,9,0
2026-07-31 09:40:00,4078.87,4079.18,4077.58,4078.05,1587,17,0
2026-07-31 09:45:00,4078.05,4081.54,4076.98,4077.82,1077,7,0
2026-07-31 09:50:00,4077.85,4078.76,4076.29,4078.51,1451,11,0
2026-07-31 09:55:00,4078.51,4079.25,4077.45,4077.56,1314,10,0
2026-07-31 10:00:00,4077.56,4078.01,4075.36,4077.81,1728,13,0
2026-07-31 10:05:00,4077.83,4079.03,4077.06,4078.31,1139,10,0
2026-07-31 10:10:00,4078.35,4078.48,4075.33,4077.47,1357,8,0
2026-07-31 10:15:00,4077.45,4079.13,4076.22,4078.67,1384,10,0
2026-07-31 10:20:00,4078.67,4078.67,4074.5,4074.84,1278,8,0
2026-07-31 10:25:00,4074.84,4075.89,4072.02,4072.56,1193,8,0
2026-07-31 10:30:00,4072.6,4072.87,4069.1,4069.58,1268,8,0
2026-07-31 10:35:00,4069.63,4072.48,4068.03,4071.99,1145,9,0
2026-07-31 10:40:00,4071.99,4073.82,4071.57,4072.08,1069,14,0
2026-07-31 10:45:00,4072.24,4074.35,4071.21,4071.92,1484,8,0
2026-07-31 10:50:00,4071.89,4072.44,4069.51,4071.08,1229,8,0
2026-07-31 10:55:00,4071.08,4071.74,4067.45,4067.5,1152,7,0
2026-07-31 11:00:00,4067.46,4067.65,4062.53,4063.07,1747,8,0
2026-07-31 11:05:00,4063.13,4065.22,4062.73,4064.65,1479,8,0
2026-07-31 11:10:00,4064.65,4065.26,4061.02,4062.1,1231,8,0
2026-07-31 11:15:00,4062.12,4066.38,4060.94,4066.07,1225,8,0
2026-07-31 11:20:00,4066.05,4067.27,4059.34,4060.24,1026,8,0
2026-07-31 11:25:00,4060.24,4061.46,4057.92,4058.56,1201,8,0
2026-07-31 11:30:00,4058.56,4059.51,4054.06,4057.15,1401,7,0
2026-07-31 11:35:00,4057.12,4060.05,4057.06,4059.7,1104,11,0
2026-07-31 11:40:00,4059.7,4061.43,4058.0,4059.14,1104,7,0
2026-07-31 11:45:00,4059.07,4062.77,4057.67,4061.07,903,7,0
2026-07-31 11:50:00,4061.07,4062.08,4058.04,4058.27,869,11,0
2026-07-31 11:55:00,4058.25,4064.43,4058.21,4060.92,2038,8,0
2026-07-31 12:00:00,4060.7,4063.94,4060.35,4060.48,2225,8,0
2026-07-31 12:05:00,4060.52,4061.83,4057.55,4057.55,2242,8,0
2026-07-31 12:10:00,4057.55,4058.05,4055.16,4056.63,1545,7,0
2026-07-31 12:15:00,4056.78,4057.14,4054.46,4055.62,1277,8,0
2026-07-31 12:20:00,4055.62,4057.45,4051.75,4052.53,1152,9,0
2026-07-31 12:25:00,4052.58,4053.26,4051.22,4052.38,1471,8,0
2026-07-31 12:30:00,4052.19,4054.55,4051.13,4051.14,1399,7,0
2026-07-31 12:35:00,4051.14,4052.2,4050.17,4051.4,1337,7,0
2026-07-31 12:40:00,4051.4,4053.02,4050.98,4053.02,1030,11,0
2026-07-31 12:45:00,4053.02,4056.93,4052.25,4056.52,1073,8,0
2026-07-31 12:50:00,4056.52,4057.05,4055.7,4055.7,927,15,0
2026-07-31 12:55:00,4055.68,4055.98,4053.79,4055.0,1000,8,0
2026-07-31 13:00:00,4055.0,4056.47,4053.09,4056.23,1118,12,0
2026-07-31 13:05:00,4056.23,4058.25,4055.85,4057.93,792,12,0
2026-07-31 13:10:00,4057.91,4057.93,4055.55,4055.79,924,9,0
2026-07-31 13:15:00,4055.79,4056.0,4052.51,4053.34,1025,8,0
2026-07-31 13:20:00,4053.44,4054.9,4051.94,4052.1,1034,11,0
2026-07-31 13:25:00,4052.1,4054.58,4052.1,4053.17,985,8,0
2026-07-31 13:30:00,4052.99,4056.45,4052.87,4055.01,912,8,0
2026-07-31 13:35:00,4055.03,4056.29,4052.81,4053.66,1145,9,0
2026-07-31 13:40:00,4053.66,4055.45,4053.09,4054.64,1045,7,0
2026-07-31 13:45:00,4054.63,4057.06,4054.49,4056.0,1095,9,0
2026-07-31 13:50:00,4056.01,4056.13,4054.22,4054.57,889,8,0
2026-07-31 13:55:00,4054.57,4055.19,4053.59,4054.39,1148,10,0
2026-07-31 14:00:00,4054.25,4055.7,4052.19,4055.48,1641,8,0
2026-07-31 14:05:00,4055.48,4057.57,4053.71,4057.16,1209,7,0
2026-07-31 14:10:00,4057.16,4059.3,4056.7,4056.91,1257,8,0
2026-07-31 14:15:00,4056.95,4058.62,4054.0,4056.75,1789,8,0
2026-07-31 14:20:00,4056.77,4060.96,4056.01,4060.64,1496,16,0
2026-07-31 14:25:00,4060.64,4060.71,4057.66,4058.75,1380,19,0
2026-07-31 14:30:00,4058.75,4058.75,4053.44,4054.22,1361,7,0
2026-07-31 14:35:00,4054.25,4055.63,4052.72,4053.09,1137,9,0
2026-07-31 14:40:00,4053.08,4053.39,4050.62,4051.99,1382,8,0
2026-07-31 14:45:00,4051.99,4053.35,4051.26,4052.26,872,11,0
2026-07-31 14:50:00,4052.26,4054.82,4052.1,4054.66,962,11,0
2026-07-31 14:55:00,4054.72,4055.38,4053.23,4053.59,1001,7,0
2026-07-31 15:00:00,4053.71,4057.88,4052.42,4057.87,1451,8,0
2026-07-31 15:05:00,4057.87,4059.06,4056.48,4057.0,1282,7,0
2026-07-31 15:10:00,4057.11,4059.26,4055.44,4059.03,1216,14,0
2026-07-31 15:15:00,4059.03,4059.24,4055.47,4056.47,1306,7,0
2026-07-31 15:20:00,4056.47,4058.33,4049.9,4050.64,1386,7,0
2026-07-31 15:25:00,4050.68,4052.13,4046.93,4047.15,1231,7,0
2026-07-31 15:30:00,4047.18,4051.49,4044.71,4048.17,1675,7,0
2026-07-31 15:35:00,4048.17,4051.49,4044.06,4044.49,1682,8,0
2026-07-31 15:40:00,4044.59,4045.46,4042.46,4044.53,1517,8,0
2026-07-31 15:45:00,4044.53,4045.6,4041.44,4041.5,1419,7,0
2026-07-31 15:50:00,4041.5,4046.32,4040.92,4045.36,1717,7,0
2026-07-31 15:55:00,4045.35,4045.37,4040.41,4040.64,1616,8,0
2026-07-31 16:00:00,4040.61,4042.64,4036.21,4039.53,3202,8,0
2026-07-31 16:05:00,4039.57,4040.05,4035.41,4036.53,2395,7,0
2026-07-31 16:10:00,4036.53,4037.94,4034.58,4036.12,2078,7,0
2026-07-31 16:15:00,4036.2,4038.47,4035.43,4037.73,1566,7,0
2026-07-31 16:20:00,4037.6,4046.81,4035.74,4045.25,2557,7,0
2026-07-31 16:25:00,4045.26,4045.52,4040.36,4042.42,2130,7,0
2026-07-31 16:30:00,4042.42,4043.69,4035.19,4035.49,3286,8,0
2026-07-31 16:35:00,4035.33,4037.28,4026.92,4027.61,3229,7,0
2026-07-31 16:40:00,4027.61,4030.25,4022.41,4024.98,3093,7,0
2026-07-31 16:45:00,4024.98,4028.49,4021.92,4023.15,2743,8,0
2026-07-31 16:50:00,4023.15,4029.09,4022.15,4028.88,3478,7,0
2026-07-31 16:55:00,4028.81,4032.13,4025.27,4025.27,2535,8,0
2026-07-31 17:00:00,4025.27,4032.42,4025.07,4029.55,3247,8,0
2026-07-31 17:05:00,4029.6,4029.93,4020.94,4026.86,3599,8,0
2026-07-31 17:10:00,4026.95,4032.4,4025.74,4031.98,3847,7,0
2026-07-31 17:15:00,4031.98,4035.0,4029.77,4033.23,3811,7,0
2026-07-31 17:20:00,4033.26,4038.5,4032.23,4035.25,3401,10,0
2026-07-31 17:25:00,4035.22,4040.12,4035.05,4038.77,2291,7,0
2026-07-31 17:30:00,4038.69,4040.68,4036.59,4040.34,2272,8,0
2026-07-31 17:35:00,4040.34,4042.5,4039.32,4040.78,2461,8,0
2026-07-31 17:40:00,4040.78,4043.0,4040.01,4041.35,2125,8,0
2026-07-31 17:45:00,4041.35,4045.49,4040.87,4043.91,2003,9,0
2026-07-31 17:50:00,4043.95,4048.95,4042.63,4046.19,2891,7,0
2026-07-31 17:55:00,4046.21,4050.21,4044.77,4049.13,2972,8,0
2026-07-31 18:00:00,4049.13,4050.62,4044.54,4044.99,2977,8,0
2026-07-31 18:05:00,4044.99,4049.13,4044.39,4045.65,2855,8,0
2026-07-31 18:10:00,4045.65,4047.44,4042.61,4046.91,3090,8,0
2026-07-31 18:15:00,4046.91,4052.62,4042.11,4045.25,2622,7,0
2026-07-31 18:20:00,4045.28,4046.0,4041.99,4042.83,2845,9,0
2026-07-31 18:25:00,4042.93,4044.63,4040.11,4041.13,2967,8,0
2026-07-31 18:30:00,4041.11,4042.18,4036.55,4038.57,2525,8,0
2026-07-31 18:35:00,4038.6,4043.21,4037.26,4042.23,1950,7,0
2026-07-31 18:40:00,4042.23,4043.64,4040.58,4042.08,1645,7,0
2026-07-31 18:45:00,4042.15,4042.85,4039.88,4040.21,2330,8,0
2026-07-31 18:50:00,4040.26,4046.07,4039.81,4045.36,2170,8,0
2026-07-31 18:55:00,4045.26,4046.68,4044.7,4045.44,2263,13,0
2026-07-31 19:00:00,4045.42,4046.17,4043.46,4044.06,1894,11,0
2026-07-31 19:05:00,4044.06,4044.61,4041.23,4044.04,1089,8,0
2026-07-31 19:10:00,4043.97,4046.83,4043.72,4046.27,1454,7,0
2026-07-31 19:15:00,4046.37,4046.63,4043.02,4045.11,1438,7,0
2026-07-31 19:20:00,4045.06,4047.57,4044.98,4046.11,1322,8,0
2026-07-31 19:25:00,4046.11,4048.36,4044.34,4047.36,1783,8,0
2026-07-31 19:30:00,4047.35,4049.42,4046.97,4048.95,1620,14,0
2026-07-31 19:35:00,4049.11,4049.86,4046.65,4046.69,1856,11,0
2026-07-31 19:40:00,4046.67,4047.45,4041.15,4042.44,2147,8,0
2026-07-31 19:45:00,4042.49,4044.52,4042.13,4043.77,1290,10,0
2026-07-31 19:50:00,4043.79,4045.07,4043.09,4043.43,1597,8,0
2026-07-31 19:55:00,4043.31,4043.85,4042.11,4043.24,1320,7,0
2026-07-31 20:00:00,4043.23,4045.58,4042.37,4042.84,1502,8,0
2026-07-31 20:05:00,4042.79,4044.35,4041.89,4041.96,1407,8,0
2026-07-31 20:10:00,4041.96,4046.38,4041.38,4045.53,1533,8,0
2026-07-31 20:15:00,4045.54,4047.21,4044.76,4046.78,1634,10,0
2026-07-31 20:20:00,4046.71,4048.67,4044.91,4047.6,1579,7,0
2026-07-31 20:25:00,4047.6,4053.41,4045.07,4050.3,3197,8,0
2026-07-31 20:30:00,4050.3,4053.12,4047.85,4047.97,2735,7,0
2026-07-31 20:35:00,4047.95,4051.42,4047.58,4050.08,1977,8,0
2026-07-31 20:40:00,4050.08,4052.21,4049.75,4051.9,1903,9,0
2026-07-31 20:45:00,4051.86,4054.73,4050.16,4052.43,2565,7,0
2026-07-31 20:50:00,4052.39,4054.68,4051.96,4052.73,2521,8,0
2026-07-31 20:55:00,4052.64,4054.28,4052.41,4053.46,1898,8,0
2026-07-31 21:00:00,4053.46,4055.06,4052.15,4052.32,2038,9,0
2026-07-31 21:05:00,4052.32,4052.49,4049.74,4051.39,2091,8,0
2026-07-31 21:10:00,4051.39,4051.43,4047.16,4048.13,1701,8,0
2026-07-31 21:15:00,4048.13,4050.63,4047.69,4049.83,1038,7,0
2026-07-31 21:20:00,4049.83,4051.39,4049.27,4051.33,1351,8,0
2026-07-31 21:25:00,4051.33,4051.68,4050.01,4051.01,1599,13,0
2026-07-31 21:30:00,4050.98,4051.34,4049.15,4049.19,970,10,0
2026-07-31 21:35:00,4049.17,4051.65,4048.04,4050.75,940,8,0
2026-07-31 21:40:00,4050.76,4051.43,4049.36,4049.43,1115,9,0
2026-07-31 21:45:00,4049.43,4050.0,4048.07,4049.88,1150,16,0
2026-07-31 21:50:00,4049.86,4051.58,4049.76,4050.16,971,10,0
2026-07-31 21:55:00,4050.16,4051.05,4049.29,4050.73,1394,8,0
2026-07-31 22:00:00,4050.74,4052.92,4048.74,4049.06,1320,8,0
2026-07-31 22:05:00,4049.08,4049.6,4048.25,4049.47,862,10,0
2026-07-31 22:10:00,4049.46,4049.94,4046.84,4047.97,976,9,0
2026-07-31 22:15:00,4047.95,4048.98,4047.05,4048.87,873,12,0
2026-07-31 22:20:00,4048.87,4049.74,4047.94,4049.05,888,8,0
2026-07-31 22:25:00,4049.06,4050.59,4048.84,4050.5,747,9,0
2026-07-31 22:30:00,4050.51,4051.37,4048.91,4050.22,803,8,0
2026-07-31 22:35:00,4050.22,4051.44,4049.63,4049.84,786,8,0
2026-07-31 22:40:00,4049.83,4054.56,4049.59,4054.08,1253,11,0
2026-07-31 22:45:00,4054.1,4055.54,4053.3,4054.79,1477,10,0
2026-07-31 22:50:00,4054.79,4054.79,4050.84,4050.95,1910,7,0
2026-07-31 22:55:00,4051.16,4052.62,4049.99,4050.77,2143,8,0
2026-08-03 01:00:00,4074.21,4078.85,4049.79,4074.69,1610,25,0
2026-08-03 01:05:00,4074.67,4077.6,4070.95,4074.75,846,21,0
2026-08-03 01:10:00,4074.59,4078.5,4073.46,4076.04,809,11,0
2026-08-03 01:15:00,4076.04,4077.06,4067.2,4068.37,848,13,0
2026-08-03 01:20:00,4068.37,4070.02,4063.84,4064.83,929,37,0
2026-08-03 01:25:00,4065.12,4067.15,4063.71,4065.8,736,17,0
2026-08-03 01:30:00,4065.8,4068.2,4064.09,4064.14,871,9,0
2026-08-03 01:35:00,4064.2,4067.41,4063.88,4065.53,557,19,0
2026-08-03 01:40:00,4065.53,4067.89,4065.04,4066.69,476,10,0
2026-08-03 01:45:00,4066.58,4066.96,4064.41,4064.48,595,10,0
2026-08-03 01:50:00,4064.81,4065.97,4063.55,4064.73,552,19,0
2026-08-03 01:55:00,4064.88,4065.63,4063.25,4063.47,541,25,0
2026-08-03 02:00:00,4063.47,4066.01,4063.02,4065.51,818,12,0
2026-08-03 02:05:00,4065.51,4065.68,4063.59,4064.33,527,28,0
2026-08-03 02:10:00,4064.33,4067.05,4062.99,4066.33,467,21,0
2026-08-03 02:15:00,4066.33,4071.74,4065.92,4071.59,613,14,0
2026-08-03 02:20:00,4071.56,4072.16,4067.67,4071.2,508,10,0
2026-08-03 02:25:00,4071.2,4072.59,4070.43,4071.93,445,20,0
2026-08-03 02:30:00,4071.93,4072.27,4069.51,4069.94,354,25,0
2026-08-03 02:35:00,4069.94,4070.78,4069.29,4069.29,327,28,0
2026-08-03 02:40:00,4069.34,4069.94,4067.69,4069.47,467,19,0
2026-08-03 02:45:00,4069.67,4072.24,4068.05,4068.85,1176,10,0
2026-08-03 02:50:00,4068.85,4073.66,4068.15,4072.5,1360,9,0
2026-08-03 02:55:00,4072.5,4074.82,4071.6,4074.77,1157,15,0
2026-08-03 03:00:00,4074.9,4079.24,4074.69,4077.94,2525,8,0
2026-08-03 03:05:00,4077.91,4078.47,4072.79,4073.15,2665,9,0
2026-08-03 03:10:00,4073.15,4073.72,4069.99,4072.01,2392,8,0
2026-08-03 03:15:00,4071.87,4072.87,4069.64,4070.17,2260,9,0
2026-08-03 03:20:00,4070.19,4070.31,4066.32,4066.72,2003,9,0
2026-08-03 03:25:00,4066.74,4067.81,4061.07,4064.14,2877,8,0
2026-08-03 03:30:00,4064.14,4069.89,4062.89,4064.53,2675,8,0
2026-08-03 03:35:00,4064.54,4065.24,4059.32,4059.83,2875,8,0
2026-08-03 03:40:00,4059.83,4061.04,4056.89,4058.19,2996,8,0
2026-08-03 03:45:00,4058.16,4060.5,4055.97,4057.87,2880,8,0
2026-08-03 03:50:00,4057.92,4060.63,4057.06,4058.57,2666,11,0
2026-08-03 03:55:00,4058.57,4059.68,4055.54,4057.06,2363,9,0
2026-08-03 04:00:00,4057.09,4063.36,4051.87,4058.22,3917,8,0
2026-08-03 04:05:00,4058.09,4061.65,4056.5,4059.77,3131,7,0
2026-08-03 04:10:00,4059.77,4060.63,4051.5,4052.29,2643,8,0
2026-08-03 04:15:00,4052.29,4053.78,4047.25,4049.1,2707,7,0
2026-08-03 04:20:00,4049.1,4053.94,4049.03,4053.77,2063,7,0
2026-08-03 04:25:00,4053.8,4055.12,4052.0,4052.81,2577,7,0
2026-08-03 04:30:00,4052.84,4053.96,4050.09,4053.81,2742,9,0
2026-08-03 04:35:00,4053.82,4056.98,4052.38,4053.44,2464,7,0
2026-08-03 04:40:00,4053.43,4054.15,4047.41,4051.09,2552,7,0
2026-08-03 04:45:00,4051.11,4055.33,4050.08,4053.24,2242,8,0
2026-08-03 04:50:00,4053.24,4055.55,4050.1,4051.46,2183,8,0
2026-08-03 04:55:00,4051.44,4057.46,4049.91,4056.54,1856,8,0
2026-08-03 05:00:00,4056.54,4060.96,4056.54,4059.42,1999,8,0
2026-08-03 05:05:00,4059.4,4060.46,4055.67,4055.92,1992,8,0
2026-08-03 05:10:00,4055.92,4056.65,4053.21,4055.75,1797,7,0
2026-08-03 05:15:00,4055.75,4060.69,4051.93,4060.52,1747,7,0
2026-08-03 05:20:00,4060.67,4060.83,4054.49,4055.18,1484,9,0
2026-08-03 05:25:00,4055.18,4058.63,4054.21,4058.03,1089,7,0
2026-08-03 05:30:00,4058.03,4059.44,4053.51,4055.78,2305,8,0
2026-08-03 05:35:00,4055.8,4058.79,4052.32,4057.71,2475,7,0
2026-08-03 05:40:00,4057.7,4060.68,4057.27,4059.56,1758,8,0
2026-08-03 05:45:00,4059.56,4067.0,4058.39,4063.63,1651,8,0
2026-08-03 05:50:00,4063.62,4065.24,4062.13,4062.69,2065,8,0
2026-08-03 05:55:00,4062.69,4064.45,4060.63,4062.38,1778,7,0
2026-08-03 06:00:00,4062.26,4063.96,4060.86,4062.48,1650,10,0
2026-08-03 06:05:00,4062.48,4065.47,4062.27,4064.33,1760,9,0
2026-08-03 06:10:00,4064.31,4064.99,4062.95,4064.28,1064,8,0
2026-08-03 06:15:00,4064.28,4067.65,4063.14,4067.47,1329,7,0
2026-08-03 06:20:00,4067.47,4067.87,4061.47,4062.91,1567,8,0
2026-08-03 06:25:00,4062.9,4065.16,4061.54,4063.8,1414,10,0
2026-08-03 06:30:00,4063.75,4064.84,4062.41,4063.23,1708,11,0
2026-08-03 06:35:00,4063.22,4064.9,4061.28,4062.83,1334,8,0
2026-08-03 06:40:00,4062.83,4063.66,4060.59,4060.62,795,9,0
2026-08-03 06:45:00,4060.62,4061.54,4059.29,4061.34,990,8,0
2026-08-03 06:50:00,4061.38,4066.39,4061.25,4066.08,1425,7,0
2026-08-03 06:55:00,4066.08,4066.74,4064.05,4065.01,1043,8,0
2026-08-03 07:00:00,4065.04,4066.67,4064.3,4066.42,1169,10,0
2026-08-03 07:05:00,4066.42,4068.27,4065.15,4065.43,1038,9,0
2026-08-03 07:10:00,4065.43,4066.65,4065.35,4066.62,913,9,0
2026-08-03 07:15:00,4066.62,4069.87,4066.09,4069.6,1114,9,0
2026-08-03 07:20:00,4069.6,4071.02,4068.82,4068.82,894,12,0
2026-08-03 07:25:00,4068.82,4069.9,4067.92,4068.19,943,9,0
2026-08-03 07:30:00,4068.21,4071.09,4068.21,4070.61,1178,14,0
2026-08-03 07:35:00,4070.61,4071.24,4068.55,4069.85,1297,9,0
2026-08-03 07:40:00,4069.84,4070.62,4068.9,4070.62,1143,15,0
2026-08-03 07:45:00,4070.56,4071.84,4068.88,4070.7,1220,10,0
2026-08-03 07:50:00,4070.7,4071.78,4067.5,4067.83,1043,8,0
2026-08-03 07:55:00,4067.83,4068.2,4063.8,4063.85,1168,8,0
2026-08-03 08:00:00,4063.89,4065.3,4062.33,4062.48,1867,8,0
2026-08-03 08:05:00,4062.49,4062.99,4060.64,4060.86,1635,8,0
2026-08-03 08:10:00,4060.86,4060.91,4056.72,4057.45,1355,7,0
2026-08-03 08:15:00,4057.45,4058.01,4054.12,4056.33,1434,7,0
2026-08-03 08:20:00,4056.34,4059.1,4055.87,4059.07,1158,9,0
2026-08-03 08:25:00,4059.08,4062.77,4058.35,4060.33,1220,11,0
2026-08-03 08:30:00,4060.3,4060.67,4055.79,4056.61,2143,7,0
2026-08-03 08:35:00,4056.62,4059.88,4055.04,4057.13,2101,9,0
2026-08-03 08:40:00,4057.13,4064.58,4056.19,4063.37,1794,8,0
2026-08-03 08:45:00,4063.4,4063.58,4058.79,4060.12,1589,8,0
2026-08-03 08:50:00,4059.95,4065.34,4059.33,4065.08,1544,8,0
2026-08-03 08:55:00,4065.09,4069.87,4064.54,4068.81,1438,8,0
2026-08-03 09:00:00,4068.81,4071.13,4067.31,4067.97,1884,8,0
2026-08-03 09:05:00,4067.97,4070.45,4067.07,4067.62,1452,8,0
2026-08-03 09:10:00,4067.69,4068.13,4065.92,4065.97,1447,18,0
2026-08-03 09:15:00,4065.97,4070.1,4065.26,4069.48,1503,13,0
2026-08-03 09:20:00,4069.47,4072.07,4067.56,4070.79,1948,8,0
2026-08-03 09:25:00,4070.8,4071.31,4065.93,4068.46,1813,12,0
2026-08-03 09:30:00,4068.51,4068.91,4060.44,4060.57,1920,8,0
2026-08-03 09:35:00,4060.51,4067.37,4060.38,4066.03,1272,7,0
2026-08-03 09:40:00,4065.91,4066.4,4064.43,4065.52,1942,11,0
2026-08-03 09:45:00,4065.49,4066.97,4062.93,4063.48,1761,8,0
2026-08-03 09:50:00,4063.49,4065.13,4062.73,4064.05,1435,8,0
2026-08-03 09:55:00,4064.02,4066.29,4063.54,4063.82,1717,8,0
2026-08-03 10:00:00,4063.82,4065.33,4059.76,4061.04,2106,8,0
2026-08-03 10:05:00,4060.81,4063.94,4059.59,4062.85,1853,10,0
2026-08-03 10:10:00,4062.72,4064.41,4061.36,4061.51,1898,7,0
2026-08-03 10:15:00,4061.52,4062.08,4053.09,4054.37,2750,7,0
2026-08-03 10:20:00,4054.37,4056.29,4051.92,4056.16,2020,7,0
2026-08-03 10:25:00,4056.13,4059.0,4055.53,4058.03,1617,8,0
2026-08-03 10:30:00,4058.03,4060.35,4057.4,4059.68,1759,15,0
2026-08-03 10:35:00,4059.67,4061.19,4056.5,4059.76,1870,10,0
2026-08-03 10:40:00,4059.86,4059.86,4058.11,4059.63,1421,8,0
2026-08-03 10:45:00,4059.64,4061.14,4058.36,4059.32,1530,7,0
2026-08-03 10:50:00,4059.31,4063.27,4058.62,4062.62,1682,8,0
2026-08-03 10:55:00,4062.63,4063.08,4060.77,4061.04,1402,7,0
2026-08-03 11:00:00,4060.88,4061.45,4058.39,4060.7,2025,8,0
2026-08-03 11:05:00,4060.69,4061.42,4059.46,4060.6,1486,14,0
2026-08-03 11:10:00,4060.66,4062.19,4059.75,4061.74,1470,8,0
2026-08-03 11:15:00,4061.72,4062.45,4056.95,4057.77,1604,7,0
2026-08-03 11:20:00,4057.93,4059.34,4057.57,4058.76,1561,7,0
2026-08-03 11:25:00,4058.79,4060.34,4054.23,4056.17,1491,9,0
2026-08-03 11:30:00,4056.17,4058.32,4054.81,4056.17,1491,8,0
2026-08-03 11:35:00,4056.18,4060.69,4055.28,4059.91,1738,9,0
2026-08-03 11:40:00,4059.93,4060.24,4058.12,4058.46,1454,9,0
2026-08-03 11:45:00,4058.46,4060.0,4057.58,4059.83,1379,11,0
2026-08-03 11:50:00,4059.86,4060.07,4057.7,4059.35,1186,9,0
2026-08-03 11:55:00,4059.37,4060.92,4058.62,4059.46,1253,7,0
2026-08-03 12:00:00,4059.46,4060.46,4057.38,4057.51,1540,7,0
2026-08-03 12:05:00,4057.51,4059.59,4057.26,4059.58,1131,10,0
2026-08-03 12:10:00,4059.59,4062.21,4059.4,4061.48,1253,13,0
2026-08-03 12:15:00,4061.49,4061.49,4058.22,4058.84,1309,8,0
2026-08-03 12:20:00,4058.82,4059.02,4052.65,4055.18,1353,8,0
2026-08-03 12:25:00,4055.29,4056.11,4052.05,4052.61,1411,7,0
2026-08-03 12:30:00,4052.6,4053.46,4046.43,4047.02,2045,8,0
2026-08-03 12:35:00,4047.11,4052.72,4046.59,4052.43,1743,8,0
2026-08-03 12:40:00,4052.43,4054.78,4051.33,4053.5,1595,8,0
2026-08-03 12:45:00,4053.5,4056.9,4053.43,4055.88,1451,9,0
2026-08-03 12:50:00,4056.12,4058.1,4055.89,4056.92,1434,10,0
2026-08-03 12:55:00,4056.92,4057.83,4054.49,4055.27,1661,7,0
2026-08-03 13:00:00,4055.27,4056.73,4053.02,4054.71,1590,8,0
2026-08-03 13:05:00,4054.77,4055.47,4053.55,4054.02,1296,9,0
2026-08-03 13:10:00,4054.05,4057.12,4053.75,4056.29,1295,13,0
2026-08-03 13:15:00,4056.24,4057.09,4053.9,4054.94,1458,8,0
2026-08-03 13:20:00,4054.93,4055.49,4052.49,4053.26,1608,8,0
2026-08-03 13:25:00,4053.26,4054.83,4051.9,4053.41,1367,11,0
2026-08-03 13:30:00,4053.4,4053.66,4049.92,4051.83,1370,11,0
2026-08-03 13:35:00,4051.82,4052.6,4050.89,4052.39,1203,13,0
2026-08-03 13:40:00,4052.41,4052.49,4048.65,4049.21,1329,8,0
2026-08-03 13:45:00,4049.19,4050.71,4048.38,4048.59,1112,9,0
2026-08-03 13:50:00,4048.65,4048.99,4046.08,4048.35,1355,8,0
2026-08-03 13:55:00,4048.34,4049.5,4046.75,4049.38,1322,7,0
2026-08-03 14:00:00,4049.39,4052.13,4047.67,4052.0,2120,8,0
2026-08-03 14:05:00,4052.01,4052.91,4049.36,4050.35,1332,13,0
2026-08-03 14:10:00,4050.34,4050.89,4047.98,4049.77,1415,14,0
2026-08-03 14:15:00,4049.72,4049.78,4046.88,4047.86,1456,10,0
2026-08-03 14:20:00,4047.86,4048.27,4045.35,4047.44,1697,8,0
2026-08-03 14:25:00,4047.42,4049.93,4046.85,4048.46,1421,11,0
2026-08-03 14:30:00,4048.45,4051.43,4047.9,4050.83,1793,8,0
2026-08-03 14:35:00,4050.81,4052.09,4049.63,4051.44,1470,8,0
2026-08-03 14:40:00,4051.44,4054.97,4051.02,4053.56,1301,8,0
2026-08-03 14:45:00,4053.56,4060.9,4052.59,4060.9,1409,8,0
2026-08-03 14:50:00,4061.02,4063.1,4059.14,4061.19,2240,7,0
2026-08-03 14:55:00,4061.17,4062.83,4059.92,4062.49,1707,8,0
2026-08-03 15:00:00,4062.49,4064.65,4059.69,4061.01,1939,8,0
2026-08-03 15:05:00,4060.8,4061.21,4058.25,4060.0,1914,8,0
2026-08-03 15:10:00,4059.96,4060.25,4054.74,4055.88,1896,7,0
2026-08-03 15:15:00,4055.93,4056.5,4050.95,4051.16,1916,7,0
2026-08-03 15:20:00,4051.07,4053.86,4048.55,4052.29,2350,8,0
2026-08-03 15:25:00,4052.28,4053.43,4050.25,4050.8,1909,7,0
2026-08-03 15:30:00,4050.83,4052.9,4047.9,4051.72,2040,7,0
2026-08-03 15:35:00,4051.76,4051.92,4045.79,4047.28,2027,7,0
2026-08-03 15:40:00,4047.28,4047.51,4042.21,4044.86,2162,7,0
2026-08-03 15:45:00,4044.79,4046.54,4043.48,4043.98,1729,8,0
2026-08-03 15:50:00,4043.9,4046.54,4043.23,4045.73,1530,8,0
2026-08-03 15:55:00,4045.77,4048.9,4045.43,4047.65,1787,8,0
2026-08-03 16:00:00,4047.65,4053.6,4040.92,4041.98,3696,7,0
2026-08-03 16:05:00,4041.79,4046.04,4041.23,4044.01,2637,8,0
2026-08-03 16:10:00,4043.99,4044.57,4038.71,4038.82,2435,7,0
2026-08-03 16:15:00,4038.77,4040.44,4035.23,4036.38,2753,7,0
2026-08-03 16:20:00,4036.36,4037.45,4032.85,4034.36,2773,7,0
2026-08-03 16:25:00,4034.35,4035.39,4031.47,4034.22,2937,7,0
2026-08-03 16:30:00,4034.06,4035.54,4029.47,4030.97,3898,7,0
2026-08-03 16:35:00,4030.99,4031.84,4019.0,4026.45,3929,7,0
2026-08-03 16:40:00,4026.45,4033.81,4024.63,4031.86,2839,8,0
2026-08-03 16:45:00,4031.89,4035.4,4028.54,4029.77,2677,7,0
2026-08-03 16:50:00,4029.56,4032.86,4028.09,4030.15,3367,7,0
2026-08-03 16:55:00,4030.08,4033.9,4028.43,4032.3,2307,7,0
2026-08-03 17:00:00,4031.15,4036.08,4027.71,4029.04,3365,8,0
2026-08-03 17:05:00,4028.98,4032.32,4027.09,4027.16,3306,7,0
2026-08-03 17:10:00,4027.16,4034.48,4026.62,4033.21,2815,7,0
2026-08-03 17:15:00,4033.2,4034.77,4031.06,4031.2,2572,7,0
2026-08-03 17:20:00,4031.25,4035.82,4029.78,4033.43,2498,8,0
2026-08-03 17:25:00,4033.43,4035.94,4032.23,4032.46,2326,8,0
2026-08-03 17:30:00,4032.33,4035.57,4031.76,4035.19,2451,7,0
2026-08-03 17:35:00,4035.21,4037.71,4032.83,4033.05,2405,8,0
2026-08-03 17:40:00,4033.01,4038.09,4032.13,4036.41,2676,8,0
2026-08-03 17:45:00,4036.48,4036.71,4033.88,4035.82,2646,8,0
2026-08-03 17:50:00,4035.83,4037.05,4033.72,4035.69,2526,7,0
2026-08-03 17:55:00,4035.7,4039.23,4035.7,4036.26,2442,10,0
2026-08-03 18:00:00,4036.26,4036.66,4031.81,4032.01,2639,8,0
2026-08-03 18:05:00,4032.01,4037.05,4030.35,4034.63,2699,8,0
2026-08-03 18:10:00,4034.6,4035.73,4032.07,4033.34,2650,8,0
2026-08-03 18:15:00,4033.33,4037.53,4033.27,4036.64,2209,7,0
2026-08-03 18:20:00,4036.66,4038.42,4035.9,4037.38,2115,7,0
2026-08-03 18:25:00,4037.23,4037.89,4030.59,4032.86,3030,7,0
2026-08-03 18:30:00,4032.78,4034.65,4030.95,4033.2,2608,7,0
2026-08-03 18:35:00,4033.19,4037.0,4033.06,4036.79,2204,7,0
2026-08-03 18:40:00,4036.77,4038.85,4036.35,4036.74,1760,8,0
2026-08-03 18:45:00,4036.74,4040.95,4036.71,4037.58,1998,8,0
2026-08-03 18:50:00,4037.59,4040.0,4037.2,4037.91,1758,9,0
2026-08-03 18:55:00,4037.95,4038.05,4035.36,4036.03,1603,8,0
2026-08-03 19:00:00,4036.14,4037.6,4035.33,4036.6,1644,10,0
2026-08-03 19:05:00,4036.61,4036.75,4034.64,4035.39,1421,8,0
2026-08-03 19:10:00,4035.4,4036.68,4035.3,4036.59,1529,9,0
2026-08-03 19:15:00,4036.5,4037.67,4035.24,4035.59,1486,8,0
2026-08-03 19:20:00,4035.78,4037.92,4034.93,4037.89,1393,7,0
2026-08-03 19:25:00,4037.9,4038.52,4036.19,4036.96,1398,7,0
2026-08-03 19:30:00,4036.96,4037.95,4035.45,4037.89,1309,7,0
2026-08-03 19:35:00,4037.74,4038.77,4036.12,4036.72,1042,7,0
2026-08-03 19:40:00,4036.67,4039.29,4036.67,4038.54,952,10,0
2026-08-03 19:45:00,4038.72,4038.75,4037.16,4037.25,1030,8,0
2026-08-03 19:50:00,4037.28,4038.03,4035.67,4036.2,1300,7,0
2026-08-03 19:55:00,4036.11,4037.75,4035.86,4036.91,1355,8,0
2026-08-03 20:00:00,4036.93,4037.7,4033.29,4034.13,1631,9,0
2026-08-03 20:05:00,4034.15,4035.11,4033.78,4034.84,1115,12,0
2026-08-03 20:10:00,4034.86,4034.96,4033.79,4034.31,1181,11,0
2026-08-03 20:15:00,4034.29,4037.73,4034.2,4036.38,1564,8,0
2026-08-03 20:20:00,4036.38,4036.48,4034.03,4035.24,1610,8,0
2026-08-03 20:25:00,4035.21,4036.43,4033.92,4034.38,1622,9,0
2026-08-03 20:30:00,4034.37,4035.27,4034.09,4034.94,1252,8,0
2026-08-03 20:35:00,4034.93,4036.97,4034.5,4036.24,1277,8,0
2026-08-03 20:40:00,4036.25,4036.6,4035.25,4036.06,1073,8,0
2026-08-03 20:45:00,4036.07,4036.45,4034.03,4034.05,863,9,0
2026-08-03 20:50:00,4033.99,4034.32,4030.5,4030.67,1083,8,0
2026-08-03 20:55:00,4030.67,4031.35,4030.27,4030.5,1077,8,0
2026-08-03 21:00:00,4030.55,4032.25,4029.65,4031.79,1570,8,0
2026-08-03 21:05:00,4031.79,4036.74,4031.79,4036.45,1299,9,0
2026-08-03 21:10:00,4036.51,4038.54,4034.87,4035.04,1622,8,0
2026-08-03 21:15:00,4035.07,4038.93,4034.93,4037.54,1384,11,0
2026-08-03 21:20:00,4037.54,4038.58,4036.76,4037.12,1275,11,0
2026-08-03 21:25:00,4037.12,4038.24,4036.27,4037.91,1466,10,0
2026-08-03 21:30:00,4037.92,4038.44,4036.53,4036.91,1323,10,0
2026-08-03 21:35:00,4036.9,4038.49,4036.79,4037.66,1145,8,0
2026-08-03 21:40:00,4037.74,4041.49,4037.47,4041.45,1398,9,0
2026-08-03 21:45:00,4041.46,4042.61,4040.49,4042.48,1461,8,0
2026-08-03 21:50:00,4042.46,4044.1,4041.89,4043.82,1337,8,0
2026-08-03 21:55:00,4043.82,4045.05,4042.98,4043.46,1559,12,0
2026-08-03 22:00:00,4043.46,4048.47,4043.46,4048.11,1645,8,0
2026-08-03 22:05:00,4048.11,4049.48,4045.91,4046.08,1839,7,0
2026-08-03 22:10:00,4046.06,4048.34,4045.33,4046.3,1327,8,0
2026-08-03 22:15:00,4046.29,4049.36,4046.25,4048.07,1574,8,0
2026-08-03 22:20:00,4048.09,4053.32,4048.03,4053.07,1681,8,0
2026-08-03 22:25:00,4053.08,4054.32,4052.12,4052.96,1507,8,0
2026-08-03 22:30:00,4052.96,4055.75,4051.99,4053.05,1431,8,0
2026-08-03 22:35:00,4052.96,4054.9,4052.96,4054.09,1295,7,0
2026-08-03 22:40:00,4054.1,4054.74,4052.81,4054.03,982,10,0
2026-08-03 22:45:00,4054.05,4055.49,4052.53,4054.63,1001,12,0
2026-08-03 22:50:00,4054.8,4055.56,4053.6,4054.27,1176,14,0
2026-08-03 22:55:00,4054.15,4054.31,4051.53,4051.83,1578,7,0
2026-08-04 01:00:00,4017.16,4053.97,4017.16,4051.15,339,58,0
2026-08-04 01:05:00,4051.5,4052.25,4049.14,4050.71,381,8,0
2026-08-04 01:10:00,4050.7,4051.91,4049.72,4051.26,275,31,0
2026-08-04 01:15:00,4051.26,4052.21,4050.71,4050.92,317,25,0
2026-08-04 01:20:00,4050.89,4052.52,4050.72,4052.04,364,23,0
2026-08-04 01:25:00,4052.04,4052.14,4050.83,4052.07,286,33,0
2026-08-04 01:30:00,4051.96,4053.41,4051.59,4053.05,413,21,0
2026-08-04 01:35:00,4053.05,4053.29,4052.4,4053.23,306,11,0
2026-08-04 01:40:00,4053.2,4053.37,4052.56,4052.83,265,22,0
2026-08-04 01:45:00,4052.79,4053.25,4051.9,4052.11,473,8,0
2026-08-04 01:50:00,4052.09,4052.52,4051.18,4051.57,482,12,0
2026-08-04 01:55:00,4051.57,4053.47,4051.36,4052.77,459,16,0
2026-08-04 02:00:00,4052.74,4053.73,4051.31,4052.92,627,13,0
2026-08-04 02:05:00,4052.92,4054.98,4051.85,4051.96,710,7,0
2026-08-04 02:10:00,4051.96,4052.07,4050.05,4051.35,355,10,0
2026-08-04 02:15:00,4051.35,4052.77,4050.53,4052.69,450,9,0
2026-08-04 02:20:00,4052.69,4054.52,4050.91,4052.22,724,12,0
2026-08-04 02:25:00,4052.22,4052.49,4051.09,4051.62,404,13,0
2026-08-04 02:30:00,4051.62,4052.09,4051.04,4051.67,364,9,0
2026-08-04 02:35:00,4051.67,4052.73,4051.13,4051.93,342,23,0
2026-08-04 02:40:00,4051.93,4052.57,4051.31,4052.24,429,23,0
2026-08-04 02:45:00,4052.32,4053.93,4051.16,4051.6,985,7,0
2026-08-04 02:50:00,4051.59,4052.73,4051.42,4052.34,384,12,0
2026-08-04 02:55:00,4052.26,4053.85,4052.17,4053.84,594,17,0
2026-08-04 03:00:00,4053.79,4063.46,4053.06,4059.66,2190,12,0
2026-08-04 03:05:00,4059.68,4067.44,4059.19,4067.22,1740,9,0
2026-08-04 03:10:00,4067.22,4069.1,4062.99,4063.61,1885,8,0
2026-08-04 03:15:00,4063.51,4064.46,4062.01,4062.77,1159,17,0
2026-08-04 03:20:00,4062.79,4063.49,4058.04,4059.2,1568,8,0
2026-08-04 03:25:00,4059.2,4060.97,4058.34,4059.02,1064,8,0
2026-08-04 03:30:00,4059.07,4060.71,4057.69,4060.0,1085,8,0
2026-08-04 03:35:00,4060.0,4060.06,4056.63,4058.04,1055,8,0
2026-08-04 03:40:00,4058.04,4058.23,4055.59,4056.32,854,15,0
2026-08-04 03:45:00,4056.34,4057.69,4055.16,4056.62,1277,8,0
2026-08-04 03:50:00,4056.66,4058.02,4054.16,4055.23,1616,9,0
2026-08-04 03:55:00,4055.23,4055.57,4048.59,4049.14,1617,13,0
2026-08-04 04:00:00,4049.11,4050.63,4045.35,4046.67,2622,7,0
2026-08-04 04:05:00,4046.66,4047.09,4042.45,4044.79,1630,10,0
2026-08-04 04:10:00,4044.76,4048.44,4043.29,4046.84,1326,10,0
2026-08-04 04:15:00,4046.83,4050.37,4046.83,4049.87,1435,9,0
2026-08-04 04:20:00,4049.86,4050.71,4047.9,4048.78,1349,10,0
2026-08-04 04:25:00,4048.78,4052.5,4048.05,4049.15,1682,9,0
2026-08-04 04:30:00,4049.17,4051.52,4048.32,4048.99,1793,8,0
2026-08-04 04:35:00,4048.99,4055.9,4048.92,4052.58,2087,8,0
2026-08-04 04:40:00,4052.61,4060.12,4052.06,4059.15,1532,7,0
2026-08-04 04:45:00,4059.15,4060.59,4057.19,4057.23,1697,9,0
2026-08-04 04:50:00,4057.02,4061.82,4056.59,4059.76,2017,7,0
2026-08-04 04:55:00,4059.72,4061.27,4058.03,4058.65,1567,9,0
2026-08-04 05:00:00,4058.72,4061.12,4056.67,4056.97,2079,8,0
2026-08-04 05:05:00,4056.97,4057.57,4055.68,4056.73,1642,9,0
2026-08-04 05:10:00,4056.71,4059.14,4056.14,4058.21,1391,8,0
2026-08-04 05:15:00,4058.21,4059.47,4057.54,4058.94,894,8,0
2026-08-04 05:20:00,4058.94,4059.8,4056.74,4057.05,1220,7,0
2026-08-04 05:25:00,4057.05,4057.91,4055.78,4056.74,1100,8,0
2026-08-04 05:30:00,4056.74,4060.05,4055.63,4057.74,1658,7,0
2026-08-04 05:35:00,4057.74,4064.98,4057.72,4063.52,1692,10,0
2026-08-04 05:40:00,4063.58,4063.89,4060.15,4061.75,1456,11,0
2026-08-04 05:45:00,4061.79,4062.38,4060.25,4060.61,1458,16,0
2026-08-04 05:50:00,4060.55,4061.68,4059.74,4060.01,1203,8,0
2026-08-04 05:55:00,4060.03,4061.38,4058.07,4058.83,1260,9,0
2026-08-04 06:00:00,4058.79,4060.62,4057.75,4057.77,1279,11,0
2026-08-04 06:05:00,4057.74,4058.72,4056.39,4058.24,1170,14,0
2026-08-04 06:10:00,4058.17,4060.43,4057.46,4058.1,1272,16,0
2026-08-04 06:15:00,4058.12,4061.08,4057.89,4060.21,1166,10,0
2026-08-04 06:20:00,4060.19,4061.66,4058.72,4060.03,1352,13,0
2026-08-04 06:25:00,4060.04,4060.39,4057.73,4057.81,1065,12,0
2026-08-04 06:30:00,4057.85,4058.76,4055.87,4058.33,833,8,0
2026-08-04 06:35:00,4058.27,4058.53,4055.99,4056.19,619,16,0
2026-08-04 06:40:00,4056.17,4056.34,4052.65,4052.86,892,8,0
2026-08-04 06:45:00,4052.87,4054.57,4052.36,4054.2,719,8,0
2026-08-04 06:50:00,4054.29,4055.52,4054.21,4055.13,633,13,0
2026-08-04 06:55:00,4055.1,4055.42,4052.07,4052.45,675,8,0
2026-08-04 07:00:00,4052.46,4053.22,4051.02,4052.44,860,11,0
2026-08-04 07:05:00,4052.42,4054.44,4051.62,4054.42,560,10,0
2026-08-04 07:10:00,4054.39,4056.83,4054.05,4056.79,456,11,0
2026-08-04 07:15:00,4057.03,4059.59,4056.57,4056.57,1081,7,0
2026-08-04 07:20:00,4056.56,4058.16,4055.94,4057.72,399,9,0
2026-08-04 07:25:00,4057.83,4061.63,4057.63,4061.37,704,8,0
2026-08-04 07:30:00,4061.41,4064.2,4060.5,4062.89,846,8,0
2026-08-04 07:35:00,4062.89,4063.41,4061.85,4063.39,616,11,0
2026-08-04 07:40:00,4063.39,4064.03,4062.25,4062.71,639,7,0
2026-08-04 07:45:00,4062.73,4066.23,4062.47,4064.74,747,12,0
2026-08-04 07:50:00,4064.73,4065.44,4063.27,4064.32,787,7,0
2026-08-04 07:55:00,4064.34,4065.6,4062.73,4063.74,798,11,0
2026-08-04 08:00:00,4063.76,4064.58,4061.54,4061.83,996,10,0
2026-08-04 08:05:00,4061.86,4062.97,4060.41,4060.66,955,11,0
2026-08-04 08:10:00,4060.66,4060.68,4057.13,4057.97,981,9,0
2026-08-04 08:15:00,4057.93,4061.85,4057.38,4061.85,875,11,0
2026-08-04 08:20:00,4061.85,4063.34,4061.02,4063.2,739,8,0
2026-08-04 08:25:00,4063.22,4063.98,4062.32,4063.25,780,10,0
2026-08-04 08:30:00,4063.23,4067.72,4061.64,4062.0,1945,8,0
2026-08-04 08:35:00,4062.0,4062.45,4059.82,4060.63,1257,8,0
2026-08-04 08:40:00,4060.62,4063.16,4059.18,4062.81,1320,8,0
2026-08-04 08:45:00,4062.83,4064.41,4060.32,4060.78,1326,8,0
2026-08-04 08:50:00,4060.78,4061.77,4058.61,4059.09,1401,10,0
2026-08-04 08:55:00,4059.1,4063.22,4058.62,4061.88,1399,9,0
2026-08-04 09:00:00,4061.88,4065.78,4061.78,4064.23,2098,7,0
2026-08-04 09:05:00,4064.21,4066.19,4063.32,4063.9,1407,11,0
2026-08-04 09:10:00,4063.91,4065.31,4062.83,4064.25,1396,9,0
2026-08-04 09:15:00,4063.94,4064.46,4061.65,4062.15,1283,10,0
2026-08-04 09:20:00,4062.24,4064.89,4061.88,4062.96,1376,11,0
2026-08-04 09:25:00,4062.96,4063.73,4059.5,4059.81,1364,7,0
2026-08-04 09:30:00,4059.91,4059.93,4056.66,4056.85,1499,9,0
2026-08-04 09:35:00,4056.85,4057.66,4055.62,4056.81,1182,8,0
2026-08-04 09:40:00,4056.89,4060.14,4056.73,4060.14,1309,8,0
2026-08-04 09:45:00,4060.09,4062.59,4059.96,4062.12,1300,9,0
2026-08-04 09:50:00,4062.1,4062.96,4059.66,4060.4,1338,8,0
2026-08-04 09:55:00,4060.38,4063.74,4058.82,4063.4,1050,7,0
2026-08-04 10:00:00,4063.4,4065.33,4062.31,4064.59,1541,11,0
2026-08-04 10:05:00,4064.55,4065.81,4063.91,4064.28,1576,8,0
2026-08-04 10:10:00,4064.25,4065.58,4060.83,4060.97,1271,14,0
2026-08-04 10:15:00,4060.9,4065.44,4060.89,4063.14,1498,8,0
2026-08-04 10:20:00,4063.17,4065.59,4062.52,4065.59,1250,9,0
2026-08-04 10:25:00,4065.64,4065.64,4062.61,4062.99,1267,7,0
2026-08-04 10:30:00,4063.0,4066.74,4062.78,4064.86,1203,8,0
2026-08-04 10:35:00,4064.86,4066.67,4061.34,4062.98,1482,8,0
2026-08-04 10:40:00,4062.98,4064.79,4062.31,4062.81,1295,7,0
2026-08-04 10:45:00,4062.81,4064.89,4062.27,4063.72,1066,8,0
2026-08-04 10:50:00,4063.57,4066.13,4063.51,4064.74,1032,8,0
2026-08-04 10:55:00,4064.65,4065.67,4063.88,4065.47,896,15,0
2026-08-04 11:00:00,4065.5,4072.8,4064.49,4069.89,2060,8,0
2026-08-04 11:05:00,4069.88,4071.08,4068.71,4069.22,1761,8,0
2026-08-04 11:10:00,4069.21,4071.21,4067.97,4068.14,1558,8,0
2026-08-04 11:15:00,4068.14,4068.7,4066.49,4067.01,987,8,0
2026-08-04 11:20:00,4066.88,4067.13,4061.53,4062.82,1162,7,0
2026-08-04 11:25:00,4062.83,4063.46,4060.32,4063.36,1398,8,0
2026-08-04 11:30:00,4063.36,4064.38,4061.05,4062.59,1708,11,0
2026-08-04 11:35:00,4062.59,4064.45,4058.5,4058.89,1566,7,0
2026-08-04 11:40:00,4058.89,4060.09,4058.4,4059.43,1210,8,0
2026-08-04 11:45:00,4059.36,4059.59,4055.65,4056.32,1287,8,0
2026-08-04 11:50:00,4056.26,4057.35,4055.12,4056.34,1173,8,0
2026-08-04 11:55:00,4056.36,4056.36,4054.44,4055.06,1035,10,0
2026-08-04 12:00:00,4055.02,4055.36,4052.92,4053.25,1287,7,0
2026-08-04 12:05:00,4053.25,4053.49,4050.51,4051.11,1283,8,0
2026-08-04 12:10:00,4051.08,4051.31,4048.51,4050.62,1154,8,0
2026-08-04 12:15:00,4050.55,4052.07,4049.74,4050.87,1203,9,0
2026-08-04 12:20:00,4050.85,4051.82,4048.56,4050.54,1106,8,0
2026-08-04 12:25:00,4050.58,4051.81,4049.48,4050.29,1300,8,0
2026-08-04 12:30:00,4050.3,4051.37,4048.86,4049.59,1468,8,0
2026-08-04 12:35:00,4049.59,4049.75,4046.1,4047.65,984,8,0
2026-08-04 12:40:00,4047.63,4050.44,4047.63,4050.33,986,9,0
2026-08-04 12:45:00,4050.32,4050.99,4048.11,4050.15,1304,7,0
2026-08-04 12:50:00,4050.14,4050.37,4047.72,4048.2,907,11,0
2026-08-04 12:55:00,4048.2,4049.77,4047.38,4049.74,834,19,0
2026-08-04 13:00:00,4049.74,4049.78,4048.32,4049.74,1170,12,0
2026-08-04 13:05:00,4049.72,4049.8,4047.07,4047.11,1156,8,0
2026-08-04 13:10:00,4047.09,4049.31,4046.88,4048.98,929,11,0
2026-08-04 13:15:00,4048.95,4049.54,4045.51,4048.23,964,7,0
2026-08-04 13:20:00,4048.21,4049.3,4047.44,4048.42,664,11,0
2026-08-04 13:25:00,4048.28,4049.9,4047.79,4048.99,751,8,0
2026-08-04 13:30:00,4048.97,4051.57,4048.97,4050.27,1110,8,0
2026-08-04 13:35:00,4050.27,4050.56,4048.74,4048.97,775,14,0
2026-08-04 13:40:00,4048.97,4054.07,4046.46,4052.68,1285,8,0
2026-08-04 13:45:00,4052.68,4060.61,4052.45,4058.14,3221,7,0
2026-08-04 13:50:00,4058.14,4058.21,4053.31,4054.9,2090,10,0
2026-08-04 13:55:00,4054.89,4055.97,4053.19,4053.76,1098,11,0
2026-08-04 14:00:00,4053.82,4055.69,4052.49,4055.04,1458,8,0
2026-08-04 14:05:00,4055.02,4055.62,4052.23,4055.08,1440,8,0
2026-08-04 14:10:00,4055.1,4058.76,4053.91,4056.65,1620,7,0
2026-08-04 14:15:00,4056.65,4057.82,4055.75,4055.76,1264,11,0
2026-08-04 14:20:00,4055.74,4059.15,4055.34,4058.52,1378,10,0
2026-08-04 14:25:00,4058.48,4060.97,4058.06,4060.77,1339,12,0
2026-08-04 14:30:00,4060.86,4064.99,4059.94,4062.29,1733,7,0
2026-08-04 14:35:00,4062.32,4064.31,4061.16,4063.6,1797,8,0
2026-08-04 14:40:00,4063.6,4070.46,4059.86,4069.52,2206,8,0
2026-08-04 14:45:00,4069.42,4079.74,4066.99,4076.2,2961,7,0
2026-08-04 14:50:00,4076.25,4084.15,4074.28,4075.89,3269,7,0
2026-08-04 14:55:00,4075.81,4076.21,4069.14,4074.97,2923,7,0
2026-08-04 15:00:00,4075.16,4075.93,4065.8,4068.37,2405,7,0
2026-08-04 15:05:00,4068.37,4070.26,4062.82,4063.26,2311,8,0
2026-08-04 15:10:00,4063.36,4064.43,4061.01,4062.06,2190,7,0
2026-08-04 15:15:00,4062.17,4065.78,4061.08,4065.7,1676,8,0
2026-08-04 15:20:00,4065.7,4069.05,4065.22,4066.95,2298,7,0
2026-08-04 15:25:00,4066.95,4070.36,4066.3,4067.95,1731,7,0
2026-08-04 15:30:00,4067.95,4076.35,4067.95,4076.25,1908,8,0
2026-08-04 15:35:00,4076.25,4083.48,4075.51,4082.47,2488,8,0
2026-08-04 15:40:00,4082.55,4084.4,4077.95,4078.02,2371,7,0
2026-08-04 15:45:00,4078.03,4079.22,4075.52,4076.19,2324,8,0
2026-08-04 15:50:00,4076.15,4077.53,4073.26,4073.97,2111,7,0
2026-08-04 15:55:00,4073.99,4075.7,4069.43,4070.86,2189,7,0
2026-08-04 16:00:00,4070.86,4071.63,4062.75,4064.03,2699,7,0
2026-08-04 16:05:00,4064.15,4065.93,4061.26,4064.44,1946,7,0
2026-08-04 16:10:00,4064.38,4066.36,4062.06,4063.75,1760,8,0
2026-08-04 16:15:00,4063.71,4065.33,4062.31,4063.63,1699,8,0
2026-08-04 16:20:00,4063.67,4091.2,4063.54,4081.43,3502,7,0
2026-08-04 16:25:00,4081.43,4082.11,4077.61,4078.48,3025,7,0
2026-08-04 16:30:00,4078.49,4084.68,4075.88,4083.32,3899,7,0
2026-08-04 16:35:00,4083.32,4088.86,4082.83,4088.35,3655,7,0
2026-08-04 16:40:00,4088.4,4091.65,4083.31,4083.43,3232,7,0
2026-08-04 16:45:00,4083.35,4093.71,4081.57,4092.44,3345,7,0
2026-08-04 16:50:00,4092.44,4093.87,4086.36,4086.66,3180,7,0
2026-08-04 16:55:00,4086.68,4087.18,4083.22,4083.94,2267,7,0
2026-08-04 17:00:00,4084.23,4090.44,4082.95,4087.73,2152,8,0
2026-08-04 17:05:00,4087.73,4090.71,4085.37,4089.7,2911,8,0
2026-08-04 17:10:00,4089.7,4091.45,4088.39,4090.15,2816,8,0
2026-08-04 17:15:00,4090.12,4091.83,4082.46,4083.34,3151,8,0
2026-08-04 17:20:00,4083.33,4084.88,4080.63,4081.74,2136,8,0
2026-08-04 17:25:00,4081.84,4086.71,4081.24,4083.77,1909,8,0
2026-08-04 17:30:00,4083.76,4086.7,4077.02,4077.56,3163,8,0
2026-08-04 17:35:00,4077.66,4084.32,4074.33,4079.04,3050,8,0
2026-08-04 17:40:00,4079.04,4080.78,4076.6,4079.91,2643,9,0
2026-08-04 17:45:00,4079.67,4081.2,4077.77,4080.45,2162,7,0
2026-08-04 17:50:00,4080.45,4084.56,4080.16,4084.01,2430,8,0
2026-08-04 17:55:00,4084.01,4084.74,4081.87,4083.51,1943,8,0
2026-08-04 18:00:00,4083.49,4084.08,4081.03,4081.6,2186,9,0
2026-08-04 18:05:00,4081.49,4085.21,4079.61,4085.01,1901,7,0
2026-08-04 18:10:00,4084.93,4085.67,4083.04,4084.08,2395,8,0
2026-08-04 18:15:00,4084.13,4084.34,4075.88,4076.69,2503,7,0
2026-08-04 18:20:00,4076.68,4077.9,4074.73,4076.06,1501,8,0
2026-08-04 18:25:00,4076.04,4078.46,4075.23,4078.32,1490,9,0
2026-08-04 18:30:00,4078.31,4080.09,4076.7,4077.52,2184,8,0
2026-08-04 18:35:00,4077.5,4086.76,4076.62,4083.46,2612,7,0
2026-08-04 18:40:00,4083.44,4087.2,4083.33,4083.99,2512,7,0
2026-08-04 18:45:00,4083.97,4085.64,4082.77,4083.27,2353,7,0
2026-08-04 18:50:00,4083.34,4087.84,4083.34,4087.42,2070,8,0
2026-08-04 18:55:00,4087.4,4088.78,4085.98,4087.18,1720,8,0
2026-08-04 19:00:00,4087.3,4088.42,4085.69,4086.2,1928,7,0
2026-08-04 19:05:00,4086.31,4086.98,4084.34,4086.72,1896,8,0
2026-08-04 19:10:00,4086.6,4087.47,4084.48,4085.03,1759,8,0
2026-08-04 19:15:00,4085.03,4085.7,4083.08,4083.59,1610,9,0
2026-08-04 19:20:00,4083.56,4088.28,4083.53,4087.26,1947,8,0
2026-08-04 19:25:00,4087.26,4089.97,4086.12,4087.65,1763,8,0
2026-08-04 19:30:00,4087.68,4088.45,4086.76,4087.87,1463,11,0
2026-08-04 19:35:00,4087.87,4087.87,4084.91,4085.81,1714,8,0
2026-08-04 19:40:00,4085.8,4089.36,4085.38,4089.09,1609,14,0
2026-08-04 19:45:00,4089.09,4093.47,4088.72,4092.85,1622,9,0
2026-08-04 19:50:00,4092.72,4093.54,4090.9,4090.92,1535,11,0
2026-08-04 19:55:00,4090.82,4093.5,4090.17,4093.31,1508,8,0
2026-08-04 20:00:00,4093.28,4102.41,4092.42,4102.15,2334,9,0
2026-08-04 20:05:00,4102.15,4106.35,4099.65,4099.85,2208,7,0
2026-08-04 20:10:00,4099.83,4101.52,4098.01,4099.99,2149,8,0
2026-08-04 20:15:00,4100.08,4101.22,4097.13,4097.6,1806,8,0
2026-08-04 20:20:00,4097.62,4100.76,4097.43,4099.91,2060,8,0
2026-08-04 20:25:00,4099.91,4100.71,4094.31,4094.65,2267,8,0
2026-08-04 20:30:00,4094.67,4094.77,4091.62,4093.8,1799,8,0
2026-08-04 20:35:00,4093.67,4095.7,4093.66,4094.82,1325,12,0
2026-08-04 20:40:00,4094.75,4096.18,4093.77,4095.46,1131,13,0
2026-08-04 20:45:00,4095.45,4096.47,4093.66,4093.69,1399,15,0
2026-08-04 20:50:00,4093.69,4094.26,4089.58,4089.6,1798,14,0
2026-08-04 20:55:00,4089.73,4091.08,4086.08,4086.09,1891,8,0
2026-08-04 21:00:00,4086.08,4088.53,4084.88,4086.78,1841,9,0
2026-08-04 21:05:00,4086.78,4088.89,4086.78,4087.96,1470,9,0
2026-08-04 21:10:00,4087.99,4088.67,4086.33,4088.67,1463,10,0
2026-08-04 21:15:00,4088.66,4088.71,4086.1,4086.65,1385,8,0
2026-08-04 21:20:00,4086.65,4088.9,4086.22,4086.94,1090,8,0
2026-08-04 21:25:00,4086.94,4088.09,4084.32,4084.63,1005,8,0
2026-08-04 21:30:00,4084.56,4085.74,4082.69,4082.74,676,7,0
2026-08-04 21:35:00,4082.72,4083.35,4078.38,4078.83,1078,8,0
2026-08-04 21:40:00,4078.83,4080.14,4076.31,4076.6,1269,7,0
2026-08-04 21:45:00,4076.6,4080.31,4075.17,4079.9,1023,7,0
2026-08-04 21:50:00,4079.89,4080.77,4078.62,4079.54,998,8,0
2026-08-04 21:55:00,4079.59,4081.18,4079.33,4079.85,1185,15,0
2026-08-04 22:00:00,4079.86,4082.05,4078.71,4080.46,1234,8,0
2026-08-04 22:05:00,4080.48,4084.15,4080.09,4084.13,1295,12,0
2026-08-04 22:10:00,4084.0,4084.24,4081.56,4081.62,1234,9,0
2026-08-04 22:15:00,4081.62,4084.8,4081.32,4084.28,1526,11,0
2026-08-04 22:20:00,4084.21,4084.44,4080.23,4080.27,1204,8,0
2026-08-04 22:25:00,4080.27,4081.08,4079.37,4080.21,951,9,0
2026-08-04 22:30:00,4080.12,4080.69,4078.83,4080.63,1265,11,0
2026-08-04 22:35:00,4080.61,4081.37,4079.7,4080.97,904,13,0
2026-08-04 22:40:00,4080.96,4082.49,4080.63,4081.42,1206,14,0
2026-08-04 22:45:00,4081.43,4082.25,4079.5,4080.3,1291,8,0
2026-08-04 22:50:00,4080.35,4080.5,4076.96,4077.21,1591,8,0
2026-08-04 22:55:00,4077.22,4079.45,4076.28,4078.54,1728,7,0
2026-08-05 01:00:00,4065.5,4078.31,4054.09,4077.9,247,62,0
2026-08-05 01:05:00,4078.2,4078.35,4076.38,4076.86,69,7,0
2026-08-05 01:10:00,4076.86,4077.62,4076.47,4076.94,58,8,0
2026-08-05 01:15:00,4076.77,4077.54,4075.69,4077.2,176,7,0
2026-08-05 01:20:00,4077.3,4077.8,4075.72,4077.5,306,7,0
2026-08-05 01:25:00,4077.5,4079.74,4077.37,4079.57,381,15,0
2026-08-05 01:30:00,4079.62,4080.84,4079.16,4080.8,366,10,0
2026-08-05 01:35:00,4080.86,4084.51,4080.67,4084.34,549,8,0
2026-08-05 01:40:00,4084.34,4085.73,4082.65,4083.96,821,8,0
2026-08-05 01:45:00,4083.96,4084.53,4081.2,4082.71,967,8,0
2026-08-05 01:50:00,4082.71,4083.88,4080.39,4081.0,703,10,0
2026-08-05 01:55:00,4080.96,4081.22,4075.58,4075.64,713,10,0
2026-08-05 02:00:00,4075.79,4077.08,4068.46,4069.92,1423,8,0
2026-08-05 02:05:00,4069.92,4071.72,4069.29,4071.58,738,9,0
2026-08-05 02:10:00,4071.58,4073.91,4069.3,4073.42,755,9,0
2026-08-05 02:15:00,4073.42,4074.74,4071.78,4071.87,578,9,0
2026-08-05 02:20:00,4071.87,4072.24,4067.75,4068.44,630,11,0
2026-08-05 02:25:00,4068.41,4068.86,4065.42,4067.04,872,8,0
2026-08-05 02:30:00,4067.04,4069.94,4065.78,4068.21,742,11,0
2026-08-05 02:35:00,4068.21,4069.53,4067.8,4069.32,418,12,0
2026-08-05 02:40:00,4069.32,4069.85,4068.43,4069.19,331,12,0
2026-08-05 02:45:00,4069.19,4071.75,4068.97,4071.57,835,11,0
2026-08-05 02:50:00,4071.57,4072.19,4071.23,4071.43,822,9,0
2026-08-05 02:55:00,4071.45,4073.56,4071.44,4072.41,798,12,0
2026-08-05 03:00:00,4072.44,4074.03,4070.3,4073.24,1424,11,0
2026-08-05 03:05:00,4073.32,4074.07,4072.28,4072.39,1303,12,0
2026-08-05 03:10:00,4072.39,4073.19,4071.29,4071.73,1032,16,0
2026-08-05 03:15:00,4071.73,4075.62,4071.3,4074.8,1057,8,0
2026-08-05 03:20:00,4074.89,4077.53,4073.83,4076.84,1047,11,0
2026-08-05 03:25:00,4076.8,4078.88,4076.03,4078.48,779,24,0
2026-08-05 03:30:00,4078.5,4080.95,4078.47,4080.45,682,8,0
2026-08-05 03:35:00,4080.45,4083.02,4080.19,4080.61,958,20,0
2026-08-05 03:40:00,4080.63,4081.55,4077.82,4078.06,1087,8,0
2026-08-05 03:45:00,4078.03,4079.55,4077.62,4078.84,1170,22,0
2026-08-05 03:50:00,4078.87,4083.42,4078.68,4083.29,1466,9,0
2026-08-05 03:55:00,4083.24,4083.36,4081.41,4082.41,1041,13,0
2026-08-05 04:00:00,4082.39,4085.47,4077.46,4080.18,3160,8,0
2026-08-05 04:05:00,4080.29,4083.22,4079.67,4082.04,1963,9,0
2026-08-05 04:10:00,4082.04,4086.81,4081.74,4085.76,1857,7,0
2026-08-05 04:15:00,4085.75,4088.46,4084.79,4087.67,1871,9,0
2026-08-05 04:20:00,4087.61,4088.19,4084.74,4084.81,1813,8,0
2026-08-05 04:25:00,4084.81,4085.22,4082.57,4084.57,1819,11,0
2026-08-05 04:30:00,4084.35,4086.39,4079.98,4084.9,1527,7,0
2026-08-05 04:35:00,4084.89,4090.06,4084.27,4089.81,1725,7,0
2026-08-05 04:40:00,4089.81,4093.07,4089.44,4092.88,1457,10,0
2026-08-05 04:45:00,4092.88,4094.91,4092.62,4094.16,1607,15,0
2026-08-05 04:50:00,4094.2,4096.01,4092.85,4095.85,1406,10,0
2026-08-05 04:55:00,4095.85,4102.47,4095.85,4101.31,1671,8,0
2026-08-05 05:00:00,4101.32,4102.86,4097.85,4098.19,1971,8,0
2026-08-05 05:05:00,4098.24,4098.66,4096.37,4097.3,1388,11,0
2026-08-05 05:10:00,4097.33,4100.44,4096.84,4099.6,1062,9,0
2026-08-05 05:15:00,4099.68,4100.74,4095.24,4098.56,1144,9,0
2026-08-05 05:20:00,4098.51,4103.56,4098.25,4102.21,1248,8,0
2026-08-05 05:25:00,4102.39,4108.51,4102.28,4103.5,1412,7,0
2026-08-05 05:30:00,4103.75,4108.31,4101.38,4107.66,2207,10,0
2026-08-05 05:35:00,4107.65,4121.72,4107.5,4120.22,2465,8,0
2026-08-05 05:40:00,4120.1,4128.78,4119.72,4128.14,2505,7,0
2026-08-05 05:45:00,4128.14,4131.18,4126.15,4130.23,2515,7,0
2026-08-05 05:50:00,4130.21,4132.53,4124.5,4130.91,2306,8,0
2026-08-05 05:55:00,4130.91,4135.26,4128.93,4129.17,1782,8,0
2026-08-05 06:00:00,4128.93,4130.53,4126.68,4128.82,1767,14,0
2026-08-05 06:05:00,4128.8,4135.04,4127.87,4132.43,1763,9,0
2026-08-05 06:10:00,4132.7,4136.02,4132.19,4135.78,1692,7,0
2026-08-05 06:15:00,4135.82,4136.55,4130.5,4131.04,1357,10,0
2026-08-05 06:20:00,4131.04,4132.83,4130.28,4131.33,1378,11,0
2026-08-05 06:25:00,4131.33,4132.28,4129.72,4130.42,1329,9,0
2026-08-05 06:30:00,4130.4,4130.78,4127.45,4128.16,1380,8,0
2026-08-05 06:35:00,4128.42,4129.08,4127.43,4127.48,1078,8,0
2026-08-05 06:40:00,4127.48,4128.88,4127.4,4128.51,798,8,0
2026-08-05 06:45:00,4128.49,4130.31,4127.39,4127.39,843,10,0
2026-08-05 06:50:00,4127.39,4128.77,4127.39,4128.31,770,8,0
2026-08-05 06:55:00,4128.28,4129.48,4127.47,4128.24,656,9,0
2026-08-05 07:00:00,4128.24,4136.09,4128.06,4134.74,1183,8,0
2026-08-05 07:05:00,4134.74,4140.01,4133.65,4139.36,1243,9,0
2026-08-05 07:10:00,4139.46,4141.27,4137.7,4138.5,1174,10,0
2026-08-05 07:15:00,4138.5,4140.97,4137.72,4140.62,920,8,0
2026-08-05 07:20:00,4140.68,4141.06,4138.32,4138.96,771,10,0
2026-08-05 07:25:00,4138.96,4139.89,4137.91,4138.54,802,8,0
2026-08-05 07:30:00,4138.54,4138.78,4136.73,4137.4,694,11,0
2026-08-05 07:35:00,4137.4,4137.64,4133.21,4134.55,670,12,0
2026-08-05 07:40:00,4134.55,4136.28,4134.34,4134.56,604,18,0
2026-08-05 07:45:00,4134.35,4135.48,4132.46,4132.69,635,17,0
2026-08-05 07:50:00,4132.75,4135.22,4132.35,4134.56,613,16,0
2026-08-05 07:55:00,4134.56,4136.0,4133.77,4135.44,698,17,0
2026-08-05 08:00:00,4135.4,4137.1,4134.67,4136.63,1228,16,0
2026-08-05 08:05:00,4136.65,4138.12,4135.38,4135.82,1213,8,0
2026-08-05 08:10:00,4135.82,4138.06,4135.66,4137.23,803,10,0
2026-08-05 08:15:00,4137.24,4138.01,4135.52,4137.09,723,8,0
2026-08-05 08:20:00,4137.25,4142.1,4137.0,4141.37,928,17,0
2026-08-05 08:25:00,4141.37,4141.42,4138.09,4139.47,968,8,0
2026-08-05 08:30:00,4139.46,4146.33,4139.46,4143.47,2294,8,0
2026-08-05 08:35:00,4143.47,4154.02,4142.49,4151.82,2237,7,0
2026-08-05 08:40:00,4151.66,4159.36,4149.45,4157.12,2440,7,0
2026-08-05 08:45:00,4157.0,4171.4,4156.76,4164.81,3060,7,0
2026-08-05 08:50:00,4164.81,4172.73,4164.7,4166.98,2188,8,0
2026-08-05 08:55:00,4166.85,4171.32,4161.34,4161.36,1912,7,0
2026-08-05 09:00:00,4161.36,4166.23,4160.06,4162.19,1665,8,0
2026-08-05 09:05:00,4162.19,4169.95,4160.47,4169.87,1345,8,0
2026-08-05 09:10:00,4169.84,4174.22,4168.81,4173.08,1685,7,0
2026-08-05 09:15:00,4173.06,4173.35,4165.96,4166.3,1770,11,0
2026-08-05 09:20:00,4166.3,4167.65,4160.87,4165.88,1578,10,0
2026-08-05 09:25:00,4165.88,4168.92,4163.69,4168.72,1402,8,0
2026-08-05 09:30:00,4168.72,4173.92,4166.93,4173.12,1408,8,0
2026-08-05 09:35:00,4173.22,4178.39,4173.22,4175.38,1644,7,0
2026-08-05 09:40:00,4175.38,4176.98,4172.68,4175.75,1684,12,0
2026-08-05 09:45:00,4175.73,4176.44,4172.11,4175.73,1381,9,0
2026-08-05 09:50:00,4175.58,4176.52,4172.98,4175.54,1174,8,0
2026-08-05 09:55:00,4175.54,4178.31,4175.25,4177.43,1335,8,0
2026-08-05 10:00:00,4177.43,4179.44,4170.49,4170.53,1805,8,0
2026-08-05 10:05:00,4170.58,4172.47,4168.77,4170.1,1604,8,0
2026-08-05 10:10:00,4170.1,4171.81,4166.09,4166.16,1621,9,0
2026-08-05 10:15:00,4166.19,4169.1,4165.86,4168.85,1707,7,0
2026-08-05 10:20:00,4168.8,4169.31,4166.52,4168.28,1849,8,0
2026-08-05 10:25:00,4168.28,4168.86,4163.07,4164.25,1622,9,0
2026-08-05 10:30:00,4164.24,4165.42,4162.89,4163.38,1526,8,0
2026-08-05 10:35:00,4163.27,4166.49,4162.24,4165.0,1575,7,0
2026-08-05 10:40:00,4164.97,4166.72,4164.37,4166.55,1510,8,0
2026-08-05 10:45:00,4166.65,4168.75,4164.11,4166.06,1349,8,0
2026-08-05 10:50:00,4166.06,4167.73,4164.73,4165.31,1140,9,0
2026-08-05 10:55:00,4165.33,4171.99,4165.21,4170.69,1214,8,0
2026-08-05 11:00:00,4170.8,4172.58,4169.04,4170.57,1233,8,0
2026-08-05 11:05:00,4170.57,4170.63,4168.06,4169.61,1251,8,0
2026-08-05 11:10:00,4169.63,4169.64,4164.82,4165.42,1430,8,0
2026-08-05 11:15:00,4165.42,4168.16,4165.31,4166.56,1192,10,0
2026-08-05 11:20:00,4166.5,4166.79,4162.1,4162.8,1367,8,0
2026-08-05 11:25:00,4162.75,4165.01,4162.31,4164.33,1324,8,0
2026-08-05 11:30:00,4164.33,4165.96,4162.72,4165.16,1836,8,0
2026-08-05 11:35:00,4165.12,4165.69,4163.39,4164.37,1486,7,0
2026-08-05 11:40:00,4164.37,4166.98,4161.2,4166.12,1762,7,0
2026-08-05 11:45:00,4166.15,4166.28,4159.87,4161.88,1988,8,0
2026-08-05 11:50:00,4162.0,4162.52,4159.99,4161.5,1437,8,0
2026-08-05 11:55:00,4161.42,4161.84,4158.99,4160.46,1610,7,0
2026-08-05 12:00:00,4160.56,4164.86,4160.44,4164.2,1612,8,0
2026-08-05 12:05:00,4164.2,4167.14,4164.04,4164.37,1706,7,0
2026-08-05 12:10:00,4164.35,4165.58,4161.94,4162.91,1711,8,0
2026-08-05 12:15:00,4162.95,4162.95,4159.29,4160.21,2018,8,0
2026-08-05 12:20:00,4160.09,4161.3,4155.07,4157.32,1766,7,0
2026-08-05 12:25:00,4157.45,4158.44,4156.03,4157.56,1232,10,0
2026-08-05 12:30:00,4157.65,4158.57,4154.48,4156.86,2165,8,0
2026-08-05 12:35:00,4156.87,4159.17,4154.32,4157.68,1584,8,0
2026-08-05 12:40:00,4157.68,4158.25,4154.99,4158.14,1500,10,0
2026-08-05 12:45:00,4158.17,4158.75,4156.44,4157.7,1046,7,0
2026-08-05 12:50:00,4157.63,4158.17,4156.22,4157.68,856,8,0
2026-08-05 12:55:00,4157.68,4159.15,4153.06,4157.98,1198,8,0
2026-08-05 13:00:00,4157.98,4158.06,4151.94,4152.33,1306,7,0
2026-08-05 13:05:00,4152.35,4153.84,4152.24,4153.38,1226,9,0
2026-08-05 13:10:00,4153.38,4153.4,4150.32,4151.14,1360,10,0
2026-08-05 13:15:00,4151.15,4155.98,4150.13,4155.9,1680,8,0
2026-08-05 13:20:00,4155.88,4158.07,4155.47,4156.18,1146,7,0
2026-08-05 13:25:00,4156.18,4158.51,4155.16,4156.69,1269,8,0
2026-08-05 13:30:00,4156.69,4157.83,4154.99,4155.24,1295,8,0
2026-08-05 13:35:00,4155.25,4156.25,4153.86,4155.34,1028,8,0
2026-08-05 13:40:00,4155.25,4156.72,4154.06,4155.14,950,11,0
2026-08-05 13:45:00,4155.39,4156.55,4154.17,4155.51,1079,8,0
2026-08-05 13:50:00,4155.48,4156.29,4153.81,4156.15,1241,8,0
2026-08-05 13:55:00,4156.17,4161.51,4155.89,4161.33,1288,9,0
2026-08-05 14:00:00,4161.17,4164.17,4160.74,4164.04,1465,8,0
2026-08-05 14:05:00,4164.04,4166.56,4163.08,4166.54,1143,12,0
2026-08-05 14:10:00,4166.54,4170.91,4166.07,4170.82,1848,8,0
2026-08-05 14:15:00,4170.82,4173.72,4169.98,4171.36,1316,8,0
2026-08-05 14:20:00,4171.36,4173.17,4169.63,4170.31,1337,8,0
2026-08-05 14:25:00,4170.39,4180.61,4169.3,4175.92,1744,8,0
2026-08-05 14:30:00,4175.96,4181.34,4173.99,4180.61,2016,8,0
2026-08-05 14:35:00,4180.68,4187.56,4180.56,4184.94,2132,7,0
2026-08-05 14:40:00,4184.94,4188.6,4182.52,4184.8,2298,7,0
2026-08-05 14:45:00,4184.75,4187.35,4182.84,4185.83,2423,8,0
2026-08-05 14:50:00,4185.72,4189.29,4185.31,4189.06,2116,8,0
2026-08-05 14:55:00,4189.12,4192.6,4188.16,4188.76,1686,8,0
2026-08-05 15:00:00,4188.7,4195.25,4188.68,4194.78,2088,7,0
2026-08-05 15:05:00,4194.78,4199.26,4193.98,4197.79,2233,7,0
2026-08-05 15:10:00,4197.91,4199.96,4197.01,4197.4,1836,7,0
2026-08-05 15:15:00,4197.31,4208.73,4197.31,4205.24,2460,7,0
2026-08-05 15:20:00,4205.25,4213.31,4205.07,4211.27,2521,7,0
2026-08-05 15:25:00,4211.27,4211.74,4204.82,4205.25,1868,7,0
2026-08-05 15:30:00,4205.3,4208.95,4197.66,4199.51,2266,7,0
2026-08-05 15:35:00,4199.61,4204.2,4198.3,4200.31,2165,8,0
2026-08-05 15:40:00,4200.31,4200.7,4192.76,4194.68,1946,8,0
2026-08-05 15:45:00,4194.68,4195.61,4190.93,4193.6,2181,7,0
2026-08-05 15:50:00,4193.59,4193.9,4186.52,4187.35,2216,7,0
2026-08-05 15:55:00,4187.35,4188.61,4183.02,4183.73,1951,7,0
2026-08-05 16:00:00,4183.73,4195.15,4183.63,4193.91,3087,8,0
2026-08-05 16:05:00,4193.83,4197.03,4191.22,4194.05,2336,8,0
2026-08-05 16:10:00,4194.05,4195.38,4186.8,4187.92,1847,8,0
2026-08-05 16:15:00,4187.92,4190.72,4185.56,4190.31,2230,10,0
2026-08-05 16:20:00,4190.38,4197.65,4190.05,4194.57,2409,7,0
2026-08-05 16:25:00,4194.55,4198.0,4193.35,4197.0,2407,7,0
2026-08-05 16:30:00,4197.07,4203.83,4194.57,4202.1,3089,8,0
2026-08-05 16:35:00,4202.1,4204.9,4192.5,4200.84,3458,7,0
2026-08-05 16:40:00,4200.92,4203.98,4197.22,4197.31,3842,7,0
2026-08-05 16:45:00,4197.31,4199.28,4190.69,4193.34,2771,7,0
2026-08-05 16:50:00,4193.32,4201.1,4189.52,4200.89,3119,8,0
2026-08-05 16:55:00,4200.89,4206.75,4200.0,4205.61,3086,7,0
2026-08-05 17:00:00,4205.58,4210.79,4203.56,4210.44,3588,7,0
2026-08-05 17:05:00,4210.6,4228.4,4210.32,4227.5,4299,8,0
2026-08-05 17:10:00,4227.65,4234.74,4225.65,4229.55,4138,7,0
2026-08-05 17:15:00,4229.37,4238.79,4226.45,4236.29,3846,7,0
2026-08-05 17:20:00,4236.38,4238.41,4230.58,4231.94,3664,7,0
2026-08-05 17:25:00,4231.94,4240.47,4231.62,4236.76,3624,7,0
2026-08-05 17:30:00,4236.66,4242.29,4229.25,4230.78,3904,7,0
2026-08-05 17:35:00,4230.75,4234.04,4228.59,4231.42,3533,9,0
2026-08-05 17:40:00,4231.57,4243.41,4229.59,4243.06,3340,7,0
2026-08-05 17:45:00,4243.28,4247.49,4241.24,4247.32,3375,7,0
2026-08-05 17:50:00,4247.39,4247.39,4233.27,4237.76,3281,7,0
2026-08-05 17:55:00,4237.76,4245.8,4235.88,4244.13,3614,8,0
2026-08-05 18:00:00,4244.13,4259.36,4242.67,4255.3,3678,8,0
2026-08-05 18:05:00,4255.47,4259.26,4251.63,4256.34,3448,7,0
2026-08-05 18:10:00,4256.34,4260.97,4255.36,4257.91,2858,8,0
2026-08-05 18:15:00,4257.91,4258.4,4250.13,4257.23,3484,8,0
2026-08-05 18:20:00,4257.31,4262.0,4255.96,4259.97,2769,8,0
2026-08-05 18:25:00,4259.97,4265.11,4257.08,4257.41,2840,8,0
2026-08-05 18:30:00,4257.44,4259.3,4254.45,4255.1,2080,7,0
2026-08-05 18:35:00,4254.83,4259.54,4254.32,4257.51,2063,17,0
2026-08-05 18:40:00,4257.51,4257.67,4252.17,4255.85,1913,8,0
2026-08-05 18:45:00,4255.72,4255.86,4249.13,4249.82,2846,7,0
2026-08-05 18:50:00,4249.79,4250.19,4241.21,4243.28,3050,7,0
2026-08-05 18:55:00,4243.31,4243.36,4232.17,4232.66,2943,7,0
2026-08-05 19:00:00,4232.66,4234.17,4225.37,4225.81,3064,8,0
2026-08-05 19:05:00,4225.81,4235.57,4224.74,4235.36,2043,7,0
2026-08-05 19:10:00,4235.36,4236.16,4231.8,4234.26,1610,7,0
2026-08-05 19:15:00,4234.3,4236.91,4232.61,4233.73,2417,8,0
2026-08-05 19:20:00,4233.69,4240.4,4233.63,4238.69,2255,8,0
2026-08-05 19:25:00,4238.7,4241.66,4238.55,4241.31,1847,8,0
2026-08-05 19:30:00,4241.31,4243.52,4238.93,4240.88,2167,8,0
2026-08-05 19:35:00,4240.88,4245.74,4240.25,4243.73,1772,10,0
2026-08-05 19:40:00,4243.73,4246.87,4243.29,4244.56,1451,8,0
2026-08-05 19:45:00,4244.59,4245.52,4240.95,4242.48,1808,8,0
2026-08-05 19:50:00,4242.48,4247.34,4242.39,4244.51,1584,8,0
2026-08-05 19:55:00,4244.51,4244.6,4238.24,4242.27,1716,8,0
2026-08-05 20:00:00,4242.3,4243.36,4239.24,4243.36,1592,8,0
2026-08-05 20:05:00,4243.42,4244.23,4240.89,4241.5,1142,8,0
2026-08-05 20:10:00,4241.45,4244.13,4241.07,4242.0,1033,7,0
2026-08-05 20:15:00,4241.87,4241.87,4237.92,4238.64,1159,7,0
2026-08-05 20:20:00,4238.61,4240.36,4236.79,4240.03,1328,7,0
2026-08-05 20:25:00,4240.01,4246.52,4237.27,4244.71,2493,9,0
2026-08-05 20:30:00,4244.71,4248.2,4240.93,4248.04,2427,11,0
2026-08-05 20:35:00,4248.06,4250.57,4245.95,4250.12,1815,7,0
2026-08-05 20:40:00,4250.04,4250.79,4247.75,4248.27,1588,8,0
2026-08-05 20:45:00,4248.27,4250.81,4247.44,4248.94,1606,7,0
2026-08-05 20:50:00,4248.93,4250.33,4248.4,4249.42,1501,8,0
2026-08-05 20:55:00,4249.43,4252.41,4249.36,4250.22,1485,8,0
2026-08-05 21:00:00,4250.2,4254.36,4249.1,4252.98,2018,8,0
2026-08-05 21:05:00,4252.86,4257.31,4252.75,4255.51,1871,9,0
2026-08-05 21:10:00,4255.51,4257.46,4252.98,4253.15,1642,7,0
2026-08-05 21:15:00,4253.15,4257.32,4252.9,4257.01,1074,7,0
2026-08-05 21:20:00,4256.92,4267.72,4256.84,4263.43,1823,7,0
2026-08-05 21:25:00,4263.43,4265.42,4262.07,4262.93,1296,8,0
2026-08-05 21:30:00,4262.93,4263.88,4254.54,4255.27,1414,7,0
2026-08-05 21:35:00,4255.21,4258.27,4255.11,4257.46,1355,11,0
2026-08-05 21:40:00,4257.44,4260.34,4257.01,4259.28,1505,8,0
2026-08-05 21:45:00,4259.33,4261.43,4257.89,4258.91,1414,8,0
2026-08-05 21:50:00,4258.89,4262.56,4258.51,4262.07,1387,8,0
2026-08-05 21:55:00,4261.99,4263.53,4260.54,4260.86,1229,7,0
2026-08-05 22:00:00,4260.86,4262.08,4259.24,4261.95,1464,8,0
2026-08-05 22:05:00,4261.96,4262.1,4257.45,4257.81,1307,9,0
2026-08-05 22:10:00,4257.82,4258.96,4256.02,4258.14,1681,11,0
2026-08-05 22:15:00,4258.14,4258.25,4250.61,4251.74,1642,9,0
2026-08-05 22:20:00,4251.77,4255.51,4250.49,4255.35,1255,8,0
2026-08-05 22:25:00,4255.35,4256.0,4252.77,4252.88,1476,8,0
2026-08-05 22:30:00,4252.87,4254.18,4249.49,4249.64,1771,7,0
2026-08-05 22:35:00,4249.69,4250.87,4248.26,4250.24,1365,8,0
2026-08-05 22:40:00,4250.24,4253.52,4250.2,4253.17,1435,8,0
2026-08-05 22:45:00,4253.15,4253.4,4247.95,4248.34,1459,8,0
2026-08-05 22:50:00,4248.61,4249.71,4247.02,4248.97,1598,8,0
2026-08-05 22:55:00,4248.97,4249.26,4246.23,4246.93,2128,8,0
2026-08-06 01:00:00,4244.09,4253.63,4237.35,4248.78,519,21,0
2026-08-06 01:05:00,4249.24,4249.46,4245.44,4246.52,812,9,0
2026-08-06 01:10:00,4246.49,4248.63,4246.26,4247.53,489,9,0
2026-08-06 01:15:00,4247.3,4248.31,4246.91,4247.6,409,9,0
2026-08-06 01:20:00,4247.6,4248.86,4246.83,4248.09,455,8,0
2026-08-06 01:25:00,4248.07,4248.79,4247.17,4247.92,438,8,0
2026-08-06 01:30:00,4247.92,4249.92,4247.65,4249.42,762,8,0
2026-08-06 01:35:00,4249.47,4250.29,4249.04,4249.48,639,8,0
2026-08-06 01:40:00,4249.46,4249.99,4247.96,4248.29,453,8,0
2026-08-06 01:45:00,4248.29,4249.06,4247.82,4248.65,530,11,0
2026-08-06 01:50:00,4248.61,4249.28,4248.09,4248.24,611,17,0
2026-08-06 01:55:00,4248.27,4250.26,4248.0,4249.95,572,10,0
2026-08-06 02:00:00,4249.91,4252.76,4249.02,4252.6,581,9,0
2026-08-06 02:05:00,4252.75,4254.42,4251.46,4252.03,773,10,0
2026-08-06 02:10:00,4252.01,4258.1,4251.94,4256.19,977,9,0
2026-08-06 02:15:00,4256.19,4260.61,4256.0,4259.5,922,8,0
2026-08-06 02:20:00,4259.5,4262.76,4257.67,4262.06,755,9,0
2026-08-06 02:25:00,4262.06,4264.19,4260.25,4263.51,752,9,0
2026-08-06 02:30:00,4263.52,4265.37,4261.03,4265.2,832,9,0
2026-08-06 02:35:00,4265.19,4279.7,4265.17,4277.96,2044,8,0
2026-08-06 02:40:00,4278.01,4281.88,4276.38,4280.49,1364,10,0
2026-08-06 02:45:00,4280.48,4280.63,4271.97,4274.61,1818,14,0
2026-08-06 02:50:00,4274.61,4277.04,4272.49,4275.49,1190,8,0
2026-08-06 02:55:00,4275.64,4279.67,4274.09,4277.84,1377,9,0
2026-08-06 03:00:00,4277.88,4277.99,4264.67,4268.29,2116,9,0
2026-08-06 03:05:00,4268.29,4277.09,4265.98,4271.42,1973,8,0
2026-08-06 03:10:00,4271.3,4273.45,4264.46,4270.71,2142,8,0
2026-08-06 03:15:00,4270.71,4276.79,4270.69,4274.4,1996,11,0
2026-08-06 03:20:00,4274.4,4283.87,4273.25,4282.25,2163,8,0
2026-08-06 03:25:00,4282.29,4284.56,4272.14,4274.02,1751,8,0
2026-08-06 03:30:00,4273.92,4286.88,4273.83,4286.22,2010,9,0
2026-08-06 03:35:00,4286.11,4291.02,4282.75,4285.5,2181,8,0
2026-08-06 03:40:00,4285.54,4289.0,4284.26,4286.33,1700,8,0
2026-08-06 03:45:00,4286.33,4295.43,4286.33,4287.66,2081,7,0
2026-08-06 03:50:00,4287.64,4296.77,4285.91,4296.46,2061,8,0
2026-08-06 03:55:00,4296.48,4300.17,4293.73,4294.69,2157,7,0
2026-08-06 04:00:00,4294.69,4302.64,4291.1,4292.82,3416,7,0
2026-08-06 04:05:00,4292.82,4298.4,4286.71,4296.72,2976,8,0
2026-08-06 04:10:00,4296.72,4298.49,4280.14,4284.83,3168,8,0
2026-08-06 04:15:00,4284.72,4287.84,4283.1,4283.77,2419,8,0
2026-08-06 04:20:00,4283.82,4285.09,4272.87,4283.19,3096,8,0
2026-08-06 04:25:00,4283.3,4285.96,4273.51,4276.11,2601,8,0
2026-08-06 04:30:00,4276.12,4286.4,4275.73,4284.04,2782,8,0
2026-08-06 04:35:00,4284.04,4297.12,4281.26,4292.28,2981,8,0
2026-08-06 04:40:00,4292.28,4292.72,4287.52,4287.62,2111,7,0
2026-08-06 04:45:00,4287.62,4295.29,4282.93,4293.16,2402,8,0
2026-08-06 04:50:00,4293.15,4297.41,4287.36,4287.46,2449,7,0
2026-08-06 04:55:00,4287.46,4288.66,4284.61,4286.51,1809,7,0
2026-08-06 05:00:00,4286.38,4297.02,4283.53,4296.68,2157,8,0
2026-08-06 05:05:00,4296.68,4304.08,4296.68,4301.1,2664,8,0
2026-08-06 05:10:00,4301.1,4302.6,4292.33,4295.16,2070,7,0
2026-08-06 05:15:00,4295.18,4300.03,4292.54,4293.92,1588,7,0
2026-08-06 05:20:00,4293.62,4294.97,4292.26,4293.53,1385,10,0
2026-08-06 05:25:00,4293.52,4295.11,4291.82,4292.13,1392,7,0
2026-08-06 05:30:00,4291.96,4292.41,4282.15,4285.75,2464,7,0
2026-08-06 05:35:00,4285.73,4288.35,4284.08,4285.31,2097,9,0
2026-08-06 05:40:00,4285.34,4285.9,4280.91,4285.77,1776,8,0
2026-08-06 05:45:00,4285.75,4287.05,4274.76,4276.51,2035,8,0
2026-08-06 05:50:00,4276.51,4280.59,4276.04,4278.1,2104,11,0
2026-08-06 05:55:00,4278.05,4280.2,4276.65,4278.55,1947,8,0
2026-08-06 06:00:00,4278.55,4278.55,4275.3,4276.23,1755,8,0
2026-08-06 06:05:00,4276.23,4280.93,4276.04,4279.11,1893,8,0
2026-08-06 06:10:00,4279.05,4280.11,4273.87,4274.03,1969,8,0
2026-08-06 06:15:00,4273.98,4274.09,4264.05,4267.14,2221,8,0
2026-08-06 06:20:00,4267.37,4267.55,4263.7,4263.87,1979,9,0
2026-08-06 06:25:00,4263.97,4266.29,4260.7,4266.25,2387,8,0
2026-08-06 06:30:00,4266.24,4266.64,4263.17,4266.54,1570,8,0
2026-08-06 06:35:00,4266.48,4266.73,4263.24,4263.7,1052,8,0
2026-08-06 06:40:00,4263.72,4264.65,4261.45,4262.74,1354,8,0
2026-08-06 06:45:00,4262.75,4263.55,4260.21,4263.03,1417,7,0
2026-08-06 06:50:00,4263.01,4264.19,4261.26,4263.61,1266,11,0
2026-08-06 06:55:00,4263.53,4265.74,4262.75,4265.66,1284,11,0
2026-08-06 07:00:00,4265.69,4266.62,4262.18,4265.31,1715,8,0
2026-08-06 07:05:00,4265.29,4267.24,4262.97,4265.84,1312,8,0
2026-08-06 07:10:00,4265.81,4266.73,4262.36,4263.35,1140,9,0
2026-08-06 07:15:00,4263.32,4263.85,4261.43,4261.71,1270,10,0
2026-08-06 07:20:00,4261.71,4263.38,4260.38,4260.58,1298,8,0
2026-08-06 07:25:00,4260.71,4262.0,4252.78,4255.21,1354,8,0
2026-08-06 07:30:00,4255.23,4259.25,4255.23,4258.36,1396,14,0
2026-08-06 07:35:00,4258.34,4260.93,4256.92,4259.57,1211,13,0
2026-08-06 07:40:00,4259.54,4261.18,4257.87,4259.04,1173,9,0
2026-08-06 07:45:00,4259.07,4260.59,4258.71,4260.33,1047,10,0
2026-08-06 07:50:00,4260.33,4262.97,4258.26,4261.79,1216,8,0
2026-08-06 07:55:00,4261.76,4262.7,4260.74,4262.22,1081,16,0
2026-08-06 08:00:00,4262.21,4265.21,4259.49,4260.65,1962,8,0
2026-08-06 08:05:00,4260.65,4260.85,4258.74,4259.87,1679,13,0
2026-08-06 08:10:00,4259.86,4260.54,4256.49,4259.47,1900,8,0
2026-08-06 08:15:00,4259.55,4259.55,4256.06,4256.74,1504,12,0
2026-08-06 08:20:00,4256.78,4257.38,4253.62,4255.27,1578,8,0
2026-08-06 08:25:00,4255.28,4255.49,4252.98,4253.94,1588,8,0
2026-08-06 08:30:00,4254.04,4257.82,4247.1,4257.61,2869,8,0
2026-08-06 08:35:00,4257.6,4262.13,4256.86,4261.91,2237,8,0
2026-08-06 08:40:00,4261.93,4265.94,4261.14,4263.38,2275,8,0
2026-08-06 08:45:00,4263.38,4266.62,4262.18,4262.34,1989,8,0
2026-08-06 08:50:00,4262.34,4268.48,4261.97,4266.8,1828,8,0
2026-08-06 08:55:00,4266.8,4267.7,4264.11,4267.07,1508,10,0
2026-08-06 09:00:00,4267.21,4268.56,4265.17,4267.19,2111,8,0
2026-08-06 09:05:00,4267.2,4268.0,4261.68,4262.66,1803,8,0
2026-08-06 09:10:00,4262.66,4262.79,4256.59,4260.46,2264,8,0
2026-08-06 09:15:00,4260.28,4261.2,4254.52,4259.81,2122,7,0
2026-08-06 09:20:00,4259.81,4259.97,4255.3,4257.52,1802,9,0
2026-08-06 09:25:00,4257.52,4257.93,4255.48,4257.5,1555,8,0
2026-08-06 09:30:00,4257.5,4257.99,4254.27,4254.77,1760,10,0
2026-08-06 09:35:00,4254.86,4255.66,4252.71,4253.36,1459,13,0
2026-08-06 09:40:00,4253.36,4256.67,4249.27,4256.63,1632,8,0
2026-08-06 09:45:00,4256.61,4258.21,4254.08,4254.86,1507,9,0
2026-08-06 09:50:00,4254.86,4255.86,4250.9,4252.3,1588,9,0
2026-08-06 09:55:00,4252.3,4256.39,4252.06,4256.07,1288,8,0
2026-08-06 10:00:00,4256.1,4256.67,4253.09,4256.2,2349,10,0
2026-08-06 10:05:00,4256.27,4260.16,4255.7,4259.48,1875,10,0
2026-08-06 10:10:00,4259.48,4263.65,4259.42,4263.18,1640,8,0
2026-08-06 10:15:00,4263.18,4265.25,4261.13,4264.36,1337,8,0
2026-08-06 10:20:00,4264.37,4264.86,4258.11,4261.78,1648,10,0
2026-08-06 10:25:00,4261.78,4263.83,4261.29,4261.8,1520,10,0
2026-08-06 10:30:00,4261.77,4261.96,4259.65,4259.8,1151,10,0
2026-08-06 10:35:00,4259.8,4260.0,4256.48,4256.71,1545,10,0
2026-08-06 10:40:00,4256.71,4258.22,4254.61,4254.91,1236,8,0
2026-08-06 10:45:00,4254.9,4257.22,4252.93,4254.24,1724,8,0
2026-08-06 10:50:00,4254.25,4259.61,4252.59,4259.56,1500,8,0
2026-08-06 10:55:00,4259.52,4262.89,4258.33,4262.66,1483,8,0
2026-08-06 11:00:00,4262.71,4265.74,4260.22,4261.33,2061,8,0
2026-08-06 11:05:00,4261.31,4264.83,4260.38,4264.6,1361,7,0
2026-08-06 11:10:00,4264.62,4269.46,4264.56,4268.87,1873,7,0
2026-08-06 11:15:00,4268.89,4270.61,4267.72,4269.27,1905,8,0
2026-08-06 11:20:00,4269.4,4269.42,4263.74,4265.6,1571,7,0
2026-08-06 11:25:00,4265.6,4269.35,4263.48,4267.82,1571,9,0
2026-08-06 11:30:00,4267.78,4274.27,4266.41,4273.61,1955,7,0
2026-08-06 11:35:00,4273.6,4274.91,4271.01,4271.41,1463,8,0
2026-08-06 11:40:00,4271.42,4274.19,4270.49,4273.21,1572,8,0
2026-08-06 11:45:00,4273.24,4275.08,4270.42,4273.7,1778,8,0
2026-08-06 11:50:00,4273.71,4277.28,4272.59,4275.13,2536,9,0
2026-08-06 11:55:00,4275.16,4278.83,4274.33,4278.27,1980,8,0
2026-08-06 12:00:00,4278.27,4283.63,4277.35,4280.27,2366,8,0
2026-08-06 12:05:00,4280.3,4280.72,4275.98,4276.66,2412,8,0
2026-08-06 12:10:00,4276.64,4279.85,4276.43,4279.85,2066,8,0
2026-08-06 12:15:00,4279.96,4283.24,4279.65,4282.59,1530,8,0
2026-08-06 12:20:00,4282.6,4284.67,4280.51,4283.67,1375,8,0
2026-08-06 12:25:00,4283.66,4283.67,4278.43,4283.37,1420,8,0
2026-08-06 12:30:00,4283.37,4284.26,4277.66,4278.93,1888,8,0
2026-08-06 12:35:00,4278.94,4279.56,4275.98,4278.82,1629,8,0
2026-08-06 12:40:00,4278.94,4279.14,4271.72,4271.72,1903,8,0
2026-08-06 12:45:00,4271.88,4276.28,4271.78,4275.99,1579,7,0
2026-08-06 12:50:00,4275.87,4275.95,4271.11,4271.52,1035,8,0
2026-08-06 12:55:00,4271.58,4273.29,4271.27,4272.93,1698,8,0
2026-08-06 13:00:00,4272.92,4273.7,4270.61,4271.59,1977,8,0
2026-08-06 13:05:00,4271.59,4272.13,4269.31,4270.72,1661,9,0
2026-08-06 13:10:00,4270.73,4271.0,4268.56,4269.51,1333,8,0
2026-08-06 13:15:00,4269.51,4269.57,4267.13,4268.99,1552,8,0
2026-08-06 13:20:00,4269.0,4270.91,4267.73,4270.9,1648,12,0
2026-08-06 13:25:00,4270.91,4270.99,4267.73,4269.22,1351,9,0
2026-08-06 13:30:00,4269.22,4269.78,4266.36,4268.04,1662,8,0
2026-08-06 13:35:00,4268.02,4269.13,4267.14,4268.65,1423,8,0
2026-08-06 13:40:00,4268.76,4269.59,4264.53,4265.37,1511,9,0
2026-08-06 13:45:00,4265.37,4270.27,4264.72,4270.2,1630,8,0
2026-08-06 13:50:00,4270.2,4271.48,4268.67,4270.54,1489,8,0
2026-08-06 13:55:00,4270.42,4271.47,4269.2,4270.77,1267,11,0
2026-08-06 14:00:00,4270.87,4273.34,4268.1,4268.62,2248,9,0
2026-08-06 14:05:00,4268.62,4270.18,4266.5,4267.08,2203,7,0
2026-08-06 14:10:00,4267.08,4269.1,4266.77,4268.96,1351,7,0
2026-08-06 14:15:00,4268.92,4271.44,4264.0,4265.89,1815,8,0
2026-08-06 14:20:00,4265.89,4266.39,4260.56,4261.44,1999,8,0
2026-08-06 14:25:00,4261.48,4264.28,4260.71,4264.28,1827,8,0
2026-08-06 14:30:00,4264.33,4266.96,4263.26,4264.61,1711,8,0
2026-08-06 14:35:00,4264.54,4266.98,4261.16,4262.01,1706,7,0
2026-08-06 14:40:00,4262.01,4262.43,4259.74,4260.61,1717,7,0
2026-08-06 14:45:00,4260.61,4260.84,4255.42,4256.42,2013,7,0
2026-08-06 14:50:00,4256.42,4258.61,4254.14,4256.64,2009,8,0
2026-08-06 14:55:00,4256.64,4263.6,4255.4,4263.2,2095,8,0
2026-08-06 15:00:00,4263.2,4265.76,4260.62,4264.06,2495,8,0
2026-08-06 15:05:00,4264.1,4264.12,4257.1,4257.69,2540,8,0
2026-08-06 15:10:00,4257.76,4259.35,4255.4,4256.17,2313,8,0
2026-08-06 15:15:00,4256.19,4257.35,4253.28,4257.04,2464,8,0
2026-08-06 15:20:00,4257.08,4263.11,4256.09,4260.84,2531,8,0
2026-08-06 15:25:00,4260.82,4261.66,4256.73,4261.62,1840,8,0
2026-08-06 15:30:00,4261.62,4270.18,4257.97,4267.78,1541,7,0
2026-08-06 15:35:00,4267.81,4271.0,4267.09,4270.28,2134,7,0
2026-08-06 15:40:00,4270.28,4270.67,4266.32,4267.0,2269,7,0
2026-08-06 15:45:00,4267.26,4267.64,4254.47,4255.57,2217,7,0
2026-08-06 15:50:00,4255.57,4256.44,4250.98,4251.05,2339,8,0
2026-08-06 15:55:00,4251.1,4254.63,4249.04,4250.15,2448,8,0
2026-08-06 16:00:00,4250.14,4255.93,4249.74,4252.38,2982,8,0
2026-08-06 16:05:00,4252.38,4252.78,4230.69,4231.61,3202,8,0
2026-08-06 16:10:00,4231.61,4239.44,4230.62,4238.28,2829,7,0
2026-08-06 16:15:00,4238.25,4244.3,4235.91,4244.3,2701,7,0
2026-08-06 16:20:00,4244.33,4248.22,4241.01,4242.83,2462,8,0
2026-08-06 16:25:00,4242.83,4248.12,4240.61,4247.61,2199,7,0
2026-08-06 16:30:00,4247.64,4252.14,4245.77,4250.55,3724,8,0
2026-08-06 16:35:00,4250.67,4265.07,4250.2,4258.82,3668,8,0
2026-08-06 16:40:00,4258.85,4274.15,4258.5,4270.38,2923,7,0
2026-08-06 16:45:00,4270.22,4270.29,4262.63,4263.69,3413,7,0
2026-08-06 16:50:00,4263.76,4267.9,4262.19,4266.29,2835,8,0
2026-08-06 16:55:00,4266.26,4269.59,4265.36,4266.92,3393,8,0
2026-08-06 17:00:00,4266.99,4271.45,4264.96,4266.62,2837,7,0
2026-08-06 17:05:00,4266.6,4271.25,4263.83,4264.97,2893,7,0
2026-08-06 17:10:00,4264.97,4275.28,4264.85,4268.26,3110,8,0
2026-08-06 17:15:00,4268.26,4268.7,4260.52,4265.63,3424,8,0
2026-08-06 17:20:00,4265.64,4267.27,4261.15,4262.28,2870,7,0
2026-08-06 17:25:00,4262.28,4268.99,4260.15,4265.25,2963,8,0
2026-08-06 17:30:00,4265.29,4274.56,4265.29,4271.95,3007,7,0
2026-08-06 17:35:00,4272.03,4274.7,4269.82,4270.14,3151,11,0
2026-08-06 17:40:00,4270.14,4274.78,4269.55,4273.51,2711,8,0
2026-08-06 17:45:00,4273.53,4275.24,4264.99,4265.27,3212,8,0
2026-08-06 17:50:00,4265.26,4271.1,4262.77,4270.85,2865,10,0
2026-08-06 17:55:00,4270.83,4273.27,4267.21,4272.96,3272,8,0
2026-08-06 18:00:00,4273.02,4274.33,4268.49,4270.29,3513,8,0
2026-08-06 18:05:00,4270.29,4271.69,4265.19,4266.22,3283,7,0
2026-08-06 18:10:00,4266.24,4268.39,4262.0,4263.82,2694,8,0
2026-08-06 18:15:00,4263.82,4263.88,4256.35,4256.77,2872,8,0
2026-08-06 18:20:00,4256.76,4258.17,4250.68,4254.82,3610,8,0
2026-08-06 18:25:00,4254.76,4259.22,4253.36,4254.84,2801,7,0
2026-08-06 18:30:00,4254.84,4255.6,4249.2,4249.22,2624,9,0
2026-08-06 18:35:00,4249.2,4252.77,4246.37,4251.97,2419,8,0
2026-08-06 18:40:00,4251.97,4253.08,4248.14,4251.5,2688,7,0
2026-08-06 18:45:00,4251.49,4251.73,4247.57,4247.99,2767,8,0
2026-08-06 18:50:00,4248.01,4250.03,4234.33,4234.95,3516,7,0
2026-08-06 18:55:00,4234.95,4237.8,4229.51,4233.69,3055,7,0
2026-08-06 19:00:00,4233.71,4238.35,4232.2,4238.01,3445,7,0
2026-08-06 19:05:00,4238.19,4243.11,4236.51,4241.72,2684,8,0
2026-08-06 19:10:00,4241.73,4242.41,4230.87,4232.78,2844,8,0
2026-08-06 19:15:00,4232.84,4233.07,4224.51,4227.05,3246,7,0
2026-08-06 19:20:00,4227.01,4228.01,4223.43,4224.47,3084,8,0
2026-08-06 19:25:00,4224.58,4230.47,4223.33,4230.07,2533,8,0
2026-08-06 19:30:00,4230.07,4233.8,4229.98,4232.2,2743,9,0
2026-08-06 19:35:00,4232.21,4236.06,4231.94,4235.14,2731,8,0
2026-08-06 19:40:00,4235.15,4235.4,4231.95,4233.46,2207,11,0
2026-08-06 19:45:00,4233.46,4236.55,4231.61,4236.52,2252,9,0
2026-08-06 19:50:00,4236.45,4237.88,4235.23,4237.07,2167,7,0
2026-08-06 19:55:00,4237.1,4242.54,4236.94,4241.39,2189,8,0
2026-08-06 20:00:00,4241.42,4243.17,4239.34,4241.67,2365,8,0
2026-08-06 20:05:00,4241.66,4243.37,4240.41,4242.91,2192,8,0
2026-08-06 20:10:00,4242.97,4244.62,4240.83,4240.96,1889,8,0
2026-08-06 20:15:00,4240.95,4241.71,4239.12,4241.33,1934,8,0
2026-08-06 20:20:00,4241.32,4242.43,4238.38,4239.82,1995,8,0
2026-08-06 20:25:00,4239.99,4242.7,4239.39,4241.7,2342,7,0
2026-08-06 20:30:00,4241.68,4242.01,4238.89,4240.68,2168,8,0
2026-08-06 20:35:00,4240.7,4243.58,4238.38,4242.05,1622,9,0
2026-08-06 20:40:00,4242.04,4243.21,4241.29,4241.98,1396,8,0
2026-08-06 20:45:00,4241.99,4242.74,4240.28,4241.85,1457,10,0
2026-08-06 20:50:00,4241.85,4248.04,4241.85,4247.04,2107,9,0
2026-08-06 20:55:00,4246.97,4248.11,4245.59,4247.15,1571,8,0
2026-08-06 21:00:00,4247.31,4247.53,4244.09,4245.8,1774,12,0
2026-08-06 21:05:00,4245.68,4249.05,4245.68,4248.28,1621,8,0
2026-08-06 21:10:00,4248.36,4248.75,4246.42,4246.84,1598,10,0
2026-08-06 21:15:00,4246.85,4249.19,4245.96,4247.78,1808,8,0
2026-08-06 21:20:00,4247.79,4249.63,4246.94,4248.02,1471,14,0
2026-08-06 21:25:00,4247.99,4248.24,4246.33,4246.72,1357,14,0
2026-08-06 21:30:00,4246.73,4247.77,4243.5,4243.99,1384,12,0
2026-08-06 21:35:00,4243.98,4244.81,4242.37,4243.37,1121,13,0
2026-08-06 21:40:00,4243.37,4243.8,4240.72,4241.75,1198,13,0
2026-08-06 21:45:00,4241.78,4244.98,4241.59,4244.78,1155,8,0
2026-08-06 21:50:00,4244.78,4245.63,4241.59,4241.69,1207,8,0
2026-08-06 21:55:00,4241.67,4243.49,4240.73,4243.43,1146,9,0
2026-08-06 22:00:00,4243.43,4248.88,4242.95,4248.37,1549,7,0
2026-08-06 22:05:00,4248.4,4249.07,4246.98,4249.06,1501,10,0
2026-08-06 22:10:00,4249.06,4251.27,4247.19,4247.37,1447,8,0
2026-08-06 22:15:00,4247.35,4248.53,4245.25,4245.46,1122,10,0
2026-08-06 22:20:00,4245.52,4247.19,4239.61,4240.11,1366,8,0
2026-08-06 22:25:00,4240.11,4241.81,4235.22,4237.27,2680,7,0
2026-08-06 22:30:00,4237.27,4238.56,4235.53,4238.16,2218,8,0
2026-08-06 22:35:00,4238.19,4239.54,4236.13,4236.45,1557,8,0
2026-08-06 22:40:00,4236.48,4236.95,4232.95,4234.65,1702,7,0
2026-08-06 22:45:00,4234.66,4239.19,4234.59,4237.7,1924,8,0
2026-08-06 22:50:00,4237.68,4250.66,4237.51,4247.12,2512,8,0
2026-08-06 22:55:00,4247.09,4249.01,4243.83,4248.72,2605,8,0
2026-08-07 01:00:00,4220.77,4240.3,4220.77,4236.07,473,21,0
2026-08-07 01:05:00,4236.31,4238.34,4236.13,4237.89,156,21,0
2026-08-07 01:10:00,4237.71,4238.91,4236.45,4238.91,332,26,0
2026-08-07 01:15:00,4238.91,4241.58,4238.67,4240.91,267,27,0
2026-08-07 01:20:00,4240.91,4242.47,4239.43,4241.87,446,31,0
2026-08-07 01:25:00,4241.8,4243.34,4240.96,4242.2,756,19,0
2026-08-07 01:30:00,4242.2,4243.37,4241.19,4241.3,765,22,0
2026-08-07 01:35:00,4241.3,4241.82,4239.74,4240.14,300,29,0
2026-08-07 01:40:00,4240.28,4241.18,4238.86,4239.14,503,28,0
2026-08-07 01:45:00,4239.12,4241.84,4238.8,4241.45,528,9,0
2026-08-07 01:50:00,4241.46,4242.69,4240.81,4241.89,562,29,0
2026-08-07 01:55:00,4241.89,4241.89,4240.48,4240.5,559,28,0
2026-08-07 02:00:00,4240.17,4242.79,4240.0,4241.86,521,32,0
2026-08-07 02:05:00,4242.07,4245.48,4241.96,4243.7,416,21,0
2026-08-07 02:10:00,4243.7,4245.18,4243.46,4245.13,298,48,0
2026-08-07 02:15:00,4245.05,4245.94,4244.58,4245.42,498,43,0
2026-08-07 02:20:00,4245.32,4245.87,4245.28,4245.8,356,38,0
2026-08-07 02:25:00,4245.79,4245.96,4242.78,4244.91,369,17,0
2026-08-07 02:30:00,4244.89,4248.46,4244.81,4246.95,440,13,0
2026-08-07 02:35:00,4246.92,4247.54,4245.83,4245.84,264,44,0
2026-08-07 02:40:00,4246.09,4247.6,4244.54,4246.41,349,32,0
2026-08-07 02:45:00,4246.41,4249.03,4245.57,4248.33,562,16,0
2026-08-07 02:50:00,4248.33,4252.1,4248.33,4251.56,1539,12,0
2026-08-07 02:55:00,4251.55,4252.94,4250.26,4252.08,1348,9,0
2026-08-07 03:00:00,4252.11,4252.71,4247.26,4249.46,1930,11,0
2026-08-07 03:05:00,4249.46,4250.8,4248.68,4249.14,1460,19,0
2026-08-07 03:10:00,4249.14,4249.25,4243.34,4244.76,1259,9,0
2026-08-07 03:15:00,4244.74,4246.13,4241.16,4242.24,1161,11,0
2026-08-07 03:20:00,4242.24,4245.37,4239.44,4239.69,1178,8,0
2026-08-07 03:25:00,4239.77,4244.02,4238.93,4243.85,1036,8,0
2026-08-07 03:30:00,4243.76,4243.86,4240.24,4241.29,1285,16,0
2026-08-07 03:35:00,4241.33,4242.49,4235.13,4235.38,1186,10,0
2026-08-07 03:40:00,4235.39,4235.74,4230.07,4234.73,1296,9,0
2026-08-07 03:45:00,4234.73,4236.71,4231.28,4231.28,1109,15,0
2026-08-07 03:50:00,4231.28,4235.06,4231.19,4233.54,1387,8,0
2026-08-07 03:55:00,4233.54,4233.85,4229.56,4232.66,1781,23,0
2026-08-07 04:00:00,4232.64,4242.95,4231.61,4241.4,2470,8,0
2026-08-07 04:05:00,4241.4,4246.45,4239.72,4242.29,1752,14,0
2026-08-07 04:10:00,4242.29,4244.98,4240.35,4244.15,1533,19,0
2026-08-07 04:15:00,4244.25,4246.23,4243.24,4244.2,1389,8,0
2026-08-07 04:20:00,4244.2,4250.05,4240.7,4241.4,1765,7,0
2026-08-07 04:25:00,4241.4,4245.68,4239.86,4243.28,1692,9,0
2026-08-07 04:30:00,4243.28,4245.05,4238.97,4242.59,1535,8,0
2026-08-07 04:35:00,4242.58,4246.5,4241.46,4246.5,1383,13,0
2026-08-07 04:40:00,4246.38,4258.68,4245.8,4256.47,2024,8,0
2026-08-07 04:45:00,4256.47,4258.66,4252.3,4253.91,1647,8,0
2026-08-07 04:50:00,4253.95,4255.17,4251.7,4254.26,1214,13,0
2026-08-07 04:55:00,4254.21,4259.14,4253.74,4256.56,1577,10,0
2026-08-07 05:00:00,4256.62,4261.59,4255.87,4261.02,1541,7,0
2026-08-07 05:05:00,4261.02,4261.12,4257.77,4258.68,1318,9,0
2026-08-07 05:10:00,4258.93,4259.61,4257.2,4258.52,876,17,0
2026-08-07 05:15:00,4258.52,4260.93,4257.52,4257.96,708,9,0
2026-08-07 05:20:00,4257.96,4260.68,4257.28,4260.4,829,11,0
2026-08-07 05:25:00,4260.39,4261.03,4259.19,4260.65,530,15,0
2026-08-07 05:30:00,4260.66,4261.67,4256.26,4256.74,2198,11,0
2026-08-07 05:35:00,4256.73,4257.08,4251.86,4252.65,1773,9,0
2026-08-07 05:40:00,4252.68,4254.78,4249.59,4249.61,1665,8,0
2026-08-07 05:45:00,4249.59,4252.09,4246.82,4250.8,1404,9,0
2026-08-07 05:50:00,4250.81,4255.43,4250.81,4254.44,1183,24,0
2026-08-07 05:55:00,4254.43,4255.86,4249.61,4250.28,1160,8,0
2026-08-07 06:00:00,4250.28,4259.3,4249.38,4258.19,1484,11,0
2026-08-07 06:05:00,4258.02,4258.29,4255.87,4256.58,1453,24,0
2026-08-07 06:10:00,4256.56,4257.2,4252.58,4254.49,943,8,0
2026-08-07 06:15:00,4254.49,4255.64,4252.66,4253.75,880,10,0
2026-08-07 06:20:00,4253.75,4256.14,4251.63,4254.67,1236,10,0
2026-08-07 06:25:00,4254.68,4258.73,4254.28,4258.62,1374,12,0
2026-08-07 06:30:00,4258.61,4261.2,4258.42,4259.21,719,20,0
2026-08-07 06:35:00,4258.78,4260.9,4257.38,4260.24,747,13,0
2026-08-07 06:40:00,4260.24,4261.05,4259.57,4260.53,533,17,0
2026-08-07 06:45:00,4260.52,4261.36,4259.08,4260.58,819,8,0
2026-08-07 06:50:00,4260.58,4260.79,4258.95,4260.26,646,19,0
2026-08-07 06:55:00,4260.2,4266.28,4259.98,4265.99,1006,7,0
2026-08-07 07:00:00,4265.95,4268.95,4261.92,4265.03,1037,14,0
2026-08-07 07:05:00,4264.97,4267.62,4264.3,4266.35,1150,8,0
2026-08-07 07:10:00,4266.55,4267.58,4263.63,4265.84,1054,11,0
2026-08-07 07:15:00,4265.84,4267.28,4261.99,4262.1,902,8,0
2026-08-07 07:20:00,4262.12,4268.35,4261.66,4265.52,1143,10,0
2026-08-07 07:25:00,4265.31,4266.84,4263.63,4264.67,937,26,0
2026-08-07 07:30:00,4264.7,4268.29,4263.44,4267.69,1391,9,0
2026-08-07 07:35:00,4267.69,4268.01,4263.94,4264.45,671,17,0
2026-08-07 07:40:00,4264.45,4265.94,4260.5,4263.72,855,9,0
2026-08-07 07:45:00,4263.72,4264.44,4262.1,4264.05,467,8,0
2026-08-07 07:50:00,4264.05,4266.83,4264.03,4266.82,465,24,0
2026-08-07 07:55:00,4266.81,4267.06,4264.68,4264.76,507,15,0
2026-08-07 08:00:00,4264.83,4266.42,4263.34,4265.7,1581,14,0
2026-08-07 08:05:00,4265.7,4266.94,4261.67,4266.89,1210,8,0
2026-08-07 08:10:00,4266.85,4271.09,4265.92,4269.09,2331,8,0
2026-08-07 08:15:00,4269.02,4270.53,4267.79,4268.19,2038,12,0
2026-08-07 08:20:00,4268.19,4270.45,4265.49,4266.43,1301,8,0
2026-08-07 08:25:00,4266.35,4267.7,4264.61,4266.45,937,14,0
2026-08-07 08:30:00,4266.46,4276.47,4265.84,4274.91,2905,8,0
2026-08-07 08:35:00,4274.97,4277.24,4272.68,4273.35,2587,8,0
2026-08-07 08:40:00,4273.37,4273.61,4270.34,4271.29,2274,19,0
2026-08-07 08:45:00,4271.28,4276.74,4271.24,4276.13,2149,8,0
2026-08-07 08:50:00,4276.13,4279.42,4273.36,4274.39,1841,8,0
2026-08-07 08:55:00,4274.4,4280.38,4274.4,4278.48,1512,7,0
2026-08-07 09:00:00,4278.58,4282.91,4278.22,4282.43,1229,8,0
2026-08-07 09:05:00,4282.46,4284.27,4281.12,4282.13,1643,9,0
2026-08-07 09:10:00,4282.04,4291.38,4281.5,4286.63,2066,8,0
2026-08-07 09:15:00,4286.63,4290.25,4283.91,4287.97,1994,7,0
2026-08-07 09:20:00,4287.97,4291.31,4286.78,4287.32,2768,10,0
2026-08-07 09:25:00,4287.32,4287.39,4283.09,4283.28,1696,15,0
2026-08-07 09:30:00,4283.27,4287.34,4279.97,4286.13,1228,8,0
2026-08-07 09:35:00,4286.13,4293.36,4285.94,4291.59,1126,11,0
2026-08-07 09:40:00,4291.59,4295.0,4291.42,4291.92,1202,7,0
2026-08-07 09:45:00,4291.87,4294.56,4289.36,4289.36,1036,8,0
2026-08-07 09:50:00,4289.36,4295.19,4288.63,4293.28,1089,13,0
2026-08-07 09:55:00,4293.33,4298.59,4293.13,4297.04,1134,7,0
2026-08-07 10:00:00,4297.07,4297.77,4292.67,4294.62,982,8,0
2026-08-07 10:05:00,4294.76,4294.76,4290.35,4291.25,792,8,0
2026-08-07 10:10:00,4291.25,4293.13,4290.13,4291.07,853,8,0
2026-08-07 10:15:00,4291.07,4292.24,4288.88,4291.24,774,11,0
2026-08-07 10:20:00,4291.24,4292.56,4287.74,4287.87,847,10,0
2026-08-07 10:25:00,4288.22,4288.22,4284.54,4285.33,956,18,0
2026-08-07 10:30:00,4285.33,4287.61,4283.71,4287.19,793,20,0
2026-08-07 10:35:00,4287.19,4288.65,4285.22,4285.36,848,8,0
2026-08-07 10:40:00,4285.35,4287.97,4284.2,4284.92,916,15,0
2026-08-07 10:45:00,4284.93,4286.95,4282.76,4285.15,863,8,0
2026-08-07 10:50:00,4285.15,4286.9,4284.24,4286.75,751,8,0
2026-08-07 10:55:00,4286.77,4291.09,4286.43,4289.93,715,13,0
2026-08-07 11:00:00,4289.93,4293.52,4288.9,4292.23,1070,8,0
2026-08-07 11:05:00,4292.23,4296.33,4292.22,4294.48,1126,8,0
2026-08-07 11:10:00,4294.47,4300.43,4294.36,4299.64,1049,13,0
2026-08-07 11:15:00,4299.64,4300.53,4296.75,4297.79,912,10,0
2026-08-07 11:20:00,4297.79,4298.12,4293.5,4294.16,728,13,0
2026-08-07 11:25:00,4294.16,4295.49,4293.11,4294.77,738,17,0
2026-08-07 11:30:00,4294.76,4314.72,4293.9,4313.83,1224,8,0
2026-08-07 11:35:00,4313.91,4316.52,4300.84,4304.19,1375,8,0
2026-08-07 11:40:00,4304.41,4309.86,4304.26,4308.93,875,8,0
2026-08-07 11:45:00,4308.93,4311.31,4306.64,4306.96,645,9,0
2026-08-07 11:50:00,4306.96,4307.66,4303.29,4304.27,808,8,0
2026-08-07 11:55:00,4304.27,4307.79,4303.3,4306.01,859,8,0
2026-08-07 12:00:00,4306.0,4307.2,4304.4,4305.42,581,8,0
2026-08-07 12:05:00,4305.42,4307.19,4304.51,4305.85,664,11,0
2026-08-07 12:10:00,4305.86,4307.11,4304.64,4305.96,902,14,0
2026-08-07 12:15:00,4305.96,4307.86,4304.66,4306.55,619,15,0
2026-08-07 12:20:00,4306.55,4310.91,4306.11,4310.52,603,10,0
2026-08-07 12:25:00,4310.5,4310.74,4305.45,4306.65,778,8,0
2026-08-07 12:30:00,4306.79,4308.05,4302.19,4304.13,816,10,0
2026-08-07 12:35:00,4304.37,4309.08,4302.56,4308.74,932,13,0
2026-08-07 12:40:00,4308.79,4318.39,4308.75,4317.32,1310,8,0
2026-08-07 12:45:00,4317.46,4320.87,4314.87,4316.52,1199,8,0
2026-08-07 12:50:00,4316.52,4319.81,4316.06,4317.71,1069,13,0
2026-08-07 12:55:00,4317.71,4319.34,4314.3,4315.88,942,8,0
2026-08-07 13:00:00,4315.88,4319.24,4314.76,4317.33,783,7,0
2026-08-07 13:05:00,4317.36,4317.73,4311.86,4312.01,845,8,0
2026-08-07 13:10:00,4312.24,4313.86,4307.96,4308.13,915,10,0
2026-08-07 13:15:00,4308.12,4314.02,4308.12,4313.28,1125,8,0
2026-08-07 13:20:00,4313.28,4313.28,4310.58,4312.49,1871,20,0
2026-08-07 13:25:00,4312.49,4314.37,4312.13,4313.64,1734,10,0
2026-08-07 13:30:00,4313.66,4316.58,4313.07,4315.67,1432,8,0
2026-08-07 13:35:00,4315.67,4318.11,4314.27,4317.14,1210,8,0
2026-08-07 13:40:00,4317.11,4318.19,4315.23,4316.72,726,19,0
2026-08-07 13:45:00,4316.89,4319.79,4316.41,4318.54,660,8,0
2026-08-07 13:50:00,4318.54,4320.54,4316.94,4317.07,799,8,0
2026-08-07 13:55:00,4316.99,4317.8,4316.23,4316.65,669,12,0
2026-08-07 14:00:00,4316.65,4324.26,4316.63,4323.29,1783,8,0
2026-08-07 14:05:00,4323.29,4326.1,4321.61,4324.64,763,10,0
2026-08-07 14:10:00,4324.64,4325.36,4319.49,4320.06,923,8,0
2026-08-07 14:15:00,4320.06,4320.78,4316.99,4320.33,1019,11,0
2026-08-07 14:20:00,4320.31,4325.33,4320.08,4323.97,1074,9,0
2026-08-07 14:25:00,4323.97,4327.23,4323.93,4324.87,810,8,0
2026-08-07 14:30:00,4324.87,4327.71,4324.28,4324.37,1148,8,0
2026-08-07 14:35:00,4324.34,4324.89,4320.77,4323.41,1941,8,0
2026-08-07 14:40:00,4323.41,4325.56,4321.91,4322.67,1868,7,0
2026-08-07 14:45:00,4322.61,4325.54,4322.12,4323.73,1494,8,0
2026-08-07 14:50:00,4323.73,4326.73,4320.59,4325.58,1240,8,0
2026-08-07 14:55:00,4325.58,4326.84,4320.69,4321.05,811,7,0
2026-08-07 15:00:00,4320.84,4325.28,4318.87,4319.48,1304,7,0
2026-08-07 15:05:00,4319.48,4320.16,4315.52,4319.09,1130,8,0
2026-08-07 15:10:00,4319.09,4322.7,4314.85,4315.05,1181,7,0
2026-08-07 15:15:00,4315.05,4316.81,4311.83,4314.35,1503,7,0
2026-08-07 15:20:00,4314.35,4317.23,4310.31,4310.82,1943,7,0
2026-08-07 15:25:00,4310.82,4315.39,4300.97,4308.84,2230,7,0
2026-08-07 15:30:00,4308.36,4364.52,4308.36,4359.68,4544,7,0
2026-08-07 15:35:00,4359.75,4366.47,4351.83,4364.42,4645,7,0
2026-08-07 15:40:00,4364.42,4370.64,4360.98,4366.81,3525,7,0
2026-08-07 15:45:00,4366.81,4371.74,4366.58,4368.52,3725,8,0
2026-08-07 15:50:00,4368.49,4371.66,4363.28,4365.66,3257,8,0
2026-08-07 15:55:00,4365.66,4365.66,4355.48,4361.3,2797,7,0
2026-08-07 16:00:00,4361.39,4363.97,4347.38,4347.38,3179,8,0
2026-08-07 16:05:00,4347.38,4352.52,4345.91,4350.21,2380,8,0
2026-08-07 16:10:00,4350.25,4351.06,4346.23,4347.77,2211,8,0
2026-08-07 16:15:00,4347.75,4349.31,4338.97,4346.96,2663,8,0
2026-08-07 16:20:00,4347.02,4353.33,4346.96,4350.25,2953,7,0
2026-08-07 16:25:00,4350.25,4357.88,4348.27,4356.05,3155,8,0
2026-08-07 16:30:00,4356.2,4359.36,4350.5,4353.27,3651,8,0
2026-08-07 16:35:00,4353.23,4365.97,4349.98,4364.7,3345,7,0
2026-08-07 16:40:00,4364.73,4367.73,4358.12,4358.4,2689,8,0
2026-08-07 16:45:00,4358.4,4359.79,4351.98,4353.43,3029,8,0
2026-08-07 16:50:00,4353.43,4358.3,4352.2,4354.77,3087,7,0
2026-08-07 16:55:00,4354.77,4357.05,4342.25,4348.05,3424,8,0
2026-08-07 17:00:00,4348.03,4348.91,4333.57,4333.59,4564,8,0
2026-08-07 17:05:00,4333.93,4338.19,4330.57,4337.72,3750,8,0
2026-08-07 17:10:00,4337.72,4341.75,4327.22,4334.41,4513,7,0
2026-08-07 17:15:00,4334.41,4346.87,4330.4,4345.81,4232,8,0
2026-08-07 17:20:00,4345.81,4351.98,4343.53,4351.25,2946,7,0
2026-08-07 17:25:00,4351.25,4352.72,4347.91,4348.73,2678,8,0
2026-08-07 17:30:00,4348.73,4350.5,4343.72,4347.43,2434,7,0
2026-08-07 17:35:00,4347.46,4349.29,4342.66,4343.26,2226,8,0
2026-08-07 17:40:00,4343.35,4350.01,4342.22,4343.97,2001,7,0
2026-08-07 17:45:00,4343.97,4346.88,4340.18,4342.98,1999,8,0
2026-08-07 17:50:00,4342.98,4348.76,4342.93,4344.97,2014,8,0
2026-08-07 17:55:00,4345.04,4346.22,4340.39,4341.47,1956,7,0
2026-08-07 18:00:00,4341.42,4348.87,4340.18,4345.03,2668,7,0
2026-08-07 18:05:00,4345.0,4353.24,4344.49,4348.33,1851,8,0
2026-08-07 18:10:00,4348.28,4355.9,4346.3,4355.24,1947,8,0
2026-08-07 18:15:00,4355.25,4356.83,4352.13,4354.43,2036,8,0
2026-08-07 18:20:00,4354.38,4358.31,4354.32,4356.81,1595,8,0
2026-08-07 18:25:00,4356.8,4357.98,4350.94,4351.19,2227,8,0
2026-08-07 18:30:00,4351.21,4353.17,4346.91,4349.41,2124,8,0
2026-08-07 18:35:00,4349.37,4353.76,4348.68,4352.11,1651,7,0
2026-08-07 18:40:00,4352.14,4353.04,4348.65,4349.56,1456,8,0
2026-08-07 18:45:00,4349.54,4351.72,4348.52,4348.98,1329,7,0
2026-08-07 18:50:00,4349.05,4350.27,4339.68,4342.77,1869,8,0
2026-08-07 18:55:00,4342.76,4345.02,4340.49,4340.89,2291,8,0
2026-08-07 19:00:00,4340.87,4343.49,4338.45,4342.95,2855,8,0
2026-08-07 19:05:00,4342.95,4349.45,4342.88,4346.71,2765,12,0
2026-08-07 19:10:00,4346.81,4348.27,4343.4,4347.34,2800,8,0
2026-08-07 19:15:00,4347.32,4347.98,4342.04,4342.08,2331,13,0
2026-08-07 19:20:00,4342.04,4349.36,4337.62,4337.88,2959,8,0
2026-08-07 19:25:00,4337.89,4338.27,4334.15,4337.42,3769,18,0
2026-08-07 19:30:00,4337.45,4339.05,4332.52,4338.93,2231,9,0
2026-08-07 19:35:00,4338.93,4342.09,4336.25,4339.8,2638,15,0
2026-08-07 19:40:00,4339.77,4340.97,4336.81,4338.57,2705,8,0
2026-08-07 19:45:00,4338.52,4342.21,4335.68,4338.71,3435,8,0
2026-08-07 19:50:00,4338.25,4338.61,4332.46,4333.57,2960,8,0
2026-08-07 19:55:00,4333.54,4334.38,4328.99,4329.0,2724,13,0
2026-08-07 20:00:00,4328.99,4335.37,4327.75,4334.9,1801,11,0
2026-08-07 20:05:00,4334.9,4338.52,4334.66,4335.42,1509,8,0
2026-08-07 20:10:00,4335.42,4337.53,4334.84,4335.48,1710,20,0
2026-08-07 20:15:00,4335.48,4336.31,4333.64,4335.08,1198,8,0
2026-08-07 20:20:00,4335.08,4339.45,4334.05,4338.51,1394,10,0
2026-08-07 20:25:00,4338.56,4342.04,4336.87,4339.54,1707,8,0
2026-08-07 20:30:00,4339.5,4339.99,4333.88,4336.61,1482,8,0
2026-08-07 20:35:00,4336.61,4336.68,4329.51,4334.68,2195,8,0
2026-08-07 20:40:00,4334.68,4338.26,4334.68,4336.1,2131,19,0
2026-08-07 20:45:00,4336.07,4337.48,4334.78,4336.61,1550,18,0
2026-08-07 20:50:00,4336.62,4341.56,4336.62,4340.97,1258,8,0
2026-08-07 20:55:00,4340.97,4342.98,4339.75,4340.06,1462,23,0
2026-08-07 21:00:00,4340.07,4341.06,4338.9,4339.97,2057,8,0
2026-08-07 21:05:00,4339.96,4342.93,4339.71,4341.74,2335,13,0
2026-08-07 21:10:00,4341.73,4342.48,4334.67,4334.85,1426,8,0
2026-08-07 21:15:00,4334.84,4337.88,4334.82,4335.52,1362,13,0
2026-08-07 21:20:00,4335.4,4335.79,4332.06,4333.45,2092,8,0
2026-08-07 21:25:00,4333.45,4335.49,4332.12,4334.26,2140,8,0
2026-08-07 21:30:00,4334.33,4337.87,4333.63,4336.89,1780,10,0
2026-08-07 21:35:00,4336.89,4338.87,4336.66,4336.96,1173,8,0
2026-08-07 21:40:00,4336.98,4337.48,4333.21,4334.17,1044,10,0
2026-08-07 21:45:00,4334.15,4337.44,4333.93,4336.6,1353,12,0
2026-08-07 21:50:00,4336.6,4337.44,4333.87,4335.11,1011,8,0
2026-08-07 21:55:00,4335.16,4335.52,4333.03,4335.39,851,8,0
2026-08-07 22:00:00,4335.42,4344.64,4335.27,4340.23,2868,8,0
2026-08-07 22:05:00,4340.24,4344.96,4339.92,4344.64,2981,9,0
2026-08-07 22:10:00,4344.64,4345.67,4343.16,4343.43,1626,10,0
2026-08-07 22:15:00,4343.41,4349.91,4342.81,4347.07,2360,9,0
2026-08-07 22:20:00,4346.97,4350.33,4346.81,4348.68,2191,8,0
2026-08-07 22:25:00,4348.68,4348.86,4346.88,4348.41,2078,11,0
2026-08-07 22:30:00,4348.41,4348.7,4344.91,4345.59,2788,9,0
2026-08-07 22:35:00,4345.53,4347.02,4344.2,4345.97,2864,8,0
2026-08-07 22:40:00,4345.97,4348.24,4344.49,4347.7,1949,19,0
2026-08-07 22:45:00,4347.74,4349.32,4347.02,4347.34,1507,15,0
2026-08-07 22:50:00,4347.31,4349.37,4342.14,4342.94,1787,9,0
2026-08-07 22:55:00,4343.18,4345.58,4339.89,4343.88,1952,8,0
2026-08-10 01:00:00,4336.25,4350.02,4307.72,4339.8,1982,21,0
2026-08-10 01:05:00,4340.24,4340.24,4334.38,4338.88,2360,21,0
2026-08-10 01:10:00,4338.89,4345.89,4338.41,4343.35,2372,8,0
2026-08-10 01:15:00,4343.35,4344.6,4339.37,4339.6,2163,45,0
2026-08-10 01:20:00,4339.6,4340.3,4338.02,4338.99,1584,11,0
2026-08-10 01:25:00,4338.98,4343.82,4338.74,4343.38,1828,50,0
2026-08-10 01:30:00,4343.38,4345.06,4340.43,4342.06,1447,13,0
2026-08-10 01:35:00,4342.05,4342.74,4339.8,4341.02,1085,27,0
2026-08-10 01:40:00,4341.02,4342.22,4339.94,4340.17,1496,46,0
2026-08-10 01:45:00,4340.01,4343.93,4339.78,4343.14,1603,63,0
2026-08-10 01:50:00,4343.15,4343.62,4341.72,4342.31,1021,34,0
2026-08-10 01:55:00,4342.32,4342.32,4341.04,4341.18,633,34,0
2026-08-10 02:00:00,4341.33,4347.32,4340.78,4346.94,1819,11,0
2026-08-10 02:05:00,4346.75,4347.37,4344.67,4345.84,1112,20,0
2026-08-10 02:10:00,4345.85,4347.29,4345.3,4346.2,515,19,0
2026-08-10 02:15:00,4346.24,4347.2,4343.79,4345.68,568,16,0
2026-08-10 02:20:00,4345.68,4348.91,4345.12,4347.9,832,30,0
2026-08-10 02:25:00,4347.8,4348.9,4345.75,4346.15,798,10,0
2026-08-10 02:30:00,4346.15,4347.15,4340.14,4341.31,1281,8,0
2026-08-10 02:35:00,4341.31,4342.8,4339.87,4342.67,847,25,0
2026-08-10 02:40:00,4342.67,4342.97,4341.05,4341.98,334,30,0
2026-08-10 02:45:00,4342.11,4343.32,4341.15,4341.86,755,34,0
2026-08-10 02:50:00,4341.86,4342.7,4340.12,4340.13,930,19,0
2026-08-10 02:55:00,4340.13,4340.54,4331.83,4332.65,1810,15,0
2026-08-10 03:00:00,4332.46,4340.63,4332.39,4340.36,1634,13,0
2026-08-10 03:05:00,4340.36,4343.25,4339.47,4341.47,1824,9,0
2026-08-10 03:10:00,4341.55,4346.88,4339.64,4344.16,2014,13,0
2026-08-10 03:15:00,4344.23,4345.47,4338.97,4343.94,1901,8,0
2026-08-10 03:20:00,4343.82,4343.87,4338.98,4339.92,1177,23,0
2026-08-10 03:25:00,4339.92,4340.33,4337.03,4337.46,1597,25,0
2026-08-10 03:30:00,4337.43,4339.18,4335.24,4336.0,1967,25,0
2026-08-10 03:35:00,4336.05,4337.11,4333.64,4336.76,1530,31,0
2026-08-10 03:40:00,4336.76,4338.12,4333.53,4334.3,1531,21,0
2026-08-10 03:45:00,4334.29,4336.25,4333.37,4335.53,1451,18,0
2026-08-10 03:50:00,4335.53,4337.35,4333.34,4333.69,1453,9,0
2026-08-10 03:55:00,4333.68,4334.57,4330.61,4331.87,1729,11,0
2026-08-10 04:00:00,4331.93,4340.58,4326.84,4327.05,4425,10,0
2026-08-10 04:05:00,4326.99,4328.09,4322.38,4323.61,3606,8,0
2026-08-10 04:10:00,4323.54,4325.1,4321.86,4322.94,2701,14,0
2026-08-10 04:15:00,4322.94,4326.08,4321.54,4324.06,2142,8,0
2026-08-10 04:20:00,4324.06,4328.04,4321.29,4327.72,1888,8,0
2026-08-10 04:25:00,4327.72,4327.99,4316.08,4316.1,1355,8,0
2026-08-10 04:30:00,4316.0,4320.59,4313.74,4319.87,1710,9,0
2026-08-10 04:35:00,4319.87,4319.89,4315.74,4316.49,1778,18,0
2026-08-10 04:40:00,4316.45,4317.83,4313.07,4317.1,1633,15,0
2026-08-10 04:45:00,4317.1,4321.25,4315.84,4320.07,1589,28,0
2026-08-10 04:50:00,4320.07,4323.26,4318.7,4319.86,1363,22,0
2026-08-10 04:55:00,4319.86,4323.94,4317.64,4322.25,1310,8,0
2026-08-10 05:00:00,4322.25,4323.22,4319.61,4321.34,1909,17,0
2026-08-10 05:05:00,4321.34,4323.97,4318.42,4323.22,1687,12,0
2026-08-10 05:10:00,4323.25,4325.68,4321.17,4324.27,1320,20,0
2026-08-10 05:15:00,4324.24,4325.94,4323.23,4324.77,1084,25,0
2026-08-10 05:20:00,4324.77,4327.79,4323.94,4327.03,1215,21,0
2026-08-10 05:25:00,4326.99,4331.95,4326.25,4330.61,903,8,0
2026-08-10 05:30:00,4330.63,4332.15,4324.43,4327.89,1484,9,0
2026-08-10 05:35:00,4327.9,4329.52,4324.63,4325.27,1324,9,0
2026-08-10 05:40:00,4325.41,4329.63,4323.04,4326.22,1322,9,0
2026-08-10 05:45:00,4326.19,4327.1,4321.09,4323.12,1364,11,0
2026-08-10 05:50:00,4323.07,4324.44,4319.06,4319.65,1063,26,0
2026-08-10 05:55:00,4319.65,4322.04,4318.57,4319.38,1168,22,0
2026-08-10 06:00:00,4319.38,4321.23,4317.84,4318.97,1115,17,0
2026-08-10 06:05:00,4318.97,4319.64,4317.55,4317.86,879,13,0
2026-08-10 06:10:00,4317.86,4320.16,4317.57,4319.88,892,21,0
2026-08-10 06:15:00,4319.87,4324.14,4319.49,4323.96,1170,13,0
2026-08-10 06:20:00,4323.94,4326.52,4323.19,4323.33,1217,13,0
2026-08-10 06:25:00,4323.33,4328.24,4323.33,4327.19,983,9,0
2026-08-10 06:30:00,4327.19,4328.35,4325.5,4327.87,848,30,0
2026-08-10 06:35:00,4327.87,4329.8,4325.59,4326.04,928,8,0
2026-08-10 06:40:00,4326.06,4326.44,4324.53,4324.96,468,20,0
2026-08-10 06:45:00,4324.93,4327.3,4324.14,4326.73,502,17,0
2026-08-10 06:50:00,4326.75,4327.75,4326.19,4327.09,517,40,0
2026-08-10 06:55:00,4327.12,4327.77,4326.05,4326.55,364,13,0
2026-08-10 07:00:00,4326.55,4328.06,4322.85,4325.65,550,10,0
2026-08-10 07:05:00,4325.7,4327.57,4323.48,4327.42,683,10,0
2026-08-10 07:10:00,4327.4,4332.67,4327.4,4332.08,985,15,0
2026-08-10 07:15:00,4332.1,4333.85,4330.59,4333.75,761,7,0
2026-08-10 07:20:00,4333.64,4337.08,4333.0,4336.76,617,8,0
2026-08-10 07:25:00,4336.72,4337.43,4333.77,4334.47,426,18,0
2026-08-10 07:30:00,4334.39,4336.16,4332.93,4334.5,564,10,0
2026-08-10 07:35:00,4334.47,4336.12,4333.42,4333.62,471,10,0
2026-08-10 07:40:00,4333.6,4333.66,4329.62,4332.03,697,9,0
2026-08-10 07:45:00,4332.0,4335.48,4331.73,4333.75,813,9,0
2026-08-10 07:50:00,4333.75,4337.14,4333.14,4335.84,662,17,0
2026-08-10 07:55:00,4335.84,4339.33,4335.45,4339.22,868,8,0
2026-08-10 08:00:00,4339.29,4339.66,4334.91,4336.97,714,8,0
2026-08-10 08:05:00,4336.97,4338.93,4335.91,4335.94,545,9,0
2026-08-10 08:10:00,4335.94,4336.39,4333.34,4334.9,707,11,0
2026-08-10 08:15:00,4334.97,4336.16,4332.51,4332.94,503,11,0
2026-08-10 08:20:00,4332.93,4336.4,4332.89,4335.01,441,10,0
2026-08-10 08:25:00,4335.01,4335.07,4333.13,4333.57,368,9,0
2026-08-10 08:30:00,4333.57,4340.89,4331.32,4340.03,2365,8,0
2026-08-10 08:35:00,4339.99,4341.71,4338.42,4341.05,2614,15,0
2026-08-10 08:40:00,4341.05,4344.13,4338.38,4343.34,1792,14,0
2026-08-10 08:45:00,4343.34,4347.05,4340.36,4345.5,1733,8,0
2026-08-10 08:50:00,4345.54,4352.02,4345.05,4348.27,2280,12,0
2026-08-10 08:55:00,4348.35,4349.41,4344.91,4347.15,1270,9,0
2026-08-10 09:00:00,4347.23,4347.39,4341.84,4342.58,1243,21,0
2026-08-10 09:05:00,4342.58,4346.57,4342.09,4346.01,853,12,0
2026-08-10 09:10:00,4346.01,4350.0,4345.94,4347.13,851,15,0
2026-08-10 09:15:00,4347.09,4349.59,4342.53,4342.96,1370,10,0
2026-08-10 09:20:00,4342.95,4345.53,4342.61,4345.36,891,10,0
2026-08-10 09:25:00,4345.36,4348.24,4343.97,4348.13,591,8,0
2026-08-10 09:30:00,4348.13,4349.28,4346.43,4347.62,1039,13,0
2026-08-10 09:35:00,4347.62,4349.57,4345.94,4348.43,1757,9,0
2026-08-10 09:40:00,4348.43,4355.69,4346.81,4354.95,1742,13,0
2026-08-10 09:45:00,4354.98,4358.28,4354.8,4356.59,1150,8,0
2026-08-10 09:50:00,4356.59,4357.48,4355.42,4357.4,1541,8,0
2026-08-10 09:55:00,4357.4,4359.68,4356.37,4357.95,2055,14,0
2026-08-10 10:00:00,4357.87,4358.65,4353.58,4354.56,1639,8,0
2026-08-10 10:05:00,4354.54,4357.03,4353.67,4353.67,1178,8,0
2026-08-10 10:10:00,4353.68,4354.39,4350.01,4351.05,964,7,0
2026-08-10 10:15:00,4351.05,4356.84,4350.41,4354.42,894,9,0
2026-08-10 10:20:00,4354.42,4358.81,4351.93,4358.04,1998,9,0
2026-08-10 10:25:00,4358.05,4358.66,4352.01,4354.88,2587,14,0
2026-08-10 10:30:00,4354.96,4355.01,4352.6,4353.13,1972,8,0
2026-08-10 10:35:00,4353.15,4359.97,4352.97,4358.55,1349,8,0
2026-08-10 10:40:00,4358.55,4359.77,4356.07,4359.16,751,13,0
2026-08-10 10:45:00,4359.16,4361.88,4356.85,4357.07,1079,8,0
2026-08-10 10:50:00,4357.0,4358.21,4355.1,4355.17,759,19,0
2026-08-10 10:55:00,4355.17,4356.09,4354.81,4355.24,935,26,0
2026-08-10 11:00:00,4355.24,4356.09,4353.96,4355.38,933,19,0
2026-08-10 11:05:00,4355.38,4355.77,4351.52,4352.41,789,8,0
2026-08-10 11:10:00,4352.32,4354.44,4351.98,4354.44,651,16,0
2026-08-10 11:15:00,4354.44,4355.46,4353.24,4354.89,742,14,0
2026-08-10 11:20:00,4354.89,4355.11,4352.52,4352.7,550,20,0
2026-08-10 11:25:00,4352.7,4356.15,4352.12,4355.48,643,7,0
2026-08-10 11:30:00,4355.43,4356.52,4348.97,4350.39,1073,8,0
2026-08-10 11:35:00,4350.36,4351.4,4348.17,4348.17,626,8,0
2026-08-10 11:40:00,4348.17,4349.76,4345.6,4346.12,943,8,0
2026-08-10 11:45:00,4346.11,4349.0,4345.47,4346.14,1180,9,0
2026-08-10 11:50:00,4346.14,4348.1,4344.79,4345.94,1283,8,0
2026-08-10 11:55:00,4345.98,4348.25,4343.69,4346.47,1134,8,0
2026-08-10 12:00:00,4346.47,4348.68,4345.46,4348.21,662,12,0
2026-08-10 12:05:00,4348.21,4348.87,4345.66,4347.66,1088,14,0
2026-08-10 12:10:00,4347.66,4349.82,4346.9,4349.47,1241,19,0
2026-08-10 12:15:00,4349.54,4349.54,4345.91,4347.2,904,8,0
2026-08-10 12:20:00,4347.07,4348.38,4346.73,4348.02,477,14,0
2026-08-10 12:25:00,4347.82,4348.82,4344.8,4346.9,756,9,0
2026-08-10 12:30:00,4346.9,4346.9,4341.69,4343.67,1928,8,0
2026-08-10 12:35:00,4343.77,4343.98,4340.44,4341.87,2096,8,0
2026-08-10 12:40:00,4341.85,4344.25,4341.76,4344.06,1459,14,0
2026-08-10 12:45:00,4344.06,4345.24,4341.72,4342.31,1365,15,0
2026-08-10 12:50:00,4342.21,4342.6,4340.91,4342.08,1118,24,0
2026-08-10 12:55:00,4342.17,4343.13,4340.97,4341.03,618,20,0
2026-08-10 13:00:00,4341.03,4341.21,4338.99,4340.29,1014,11,0
2026-08-10 13:05:00,4340.48,4341.42,4339.66,4340.15,1122,8,0
2026-08-10 13:10:00,4340.13,4340.72,4339.34,4340.51,972,12,0
2026-08-10 13:15:00,4340.51,4341.43,4339.15,4341.24,962,8,0
2026-08-10 13:20:00,4341.24,4344.06,4340.75,4343.07,672,21,0
2026-08-10 13:25:00,4343.07,4343.68,4341.84,4343.53,322,21,0
2026-08-10 13:30:00,4343.53,4344.08,4340.34,4341.89,473,20,0
2026-08-10 13:35:00,4342.01,4342.13,4338.27,4339.63,564,23,0
2026-08-10 13:40:00,4339.75,4340.05,4337.78,4337.9,524,8,0
2026-08-10 13:45:00,4337.93,4339.4,4337.49,4338.03,437,14,0
2026-08-10 13:50:00,4338.03,4340.56,4337.48,4338.05,833,8,0
2026-08-10 13:55:00,4338.14,4339.22,4335.25,4335.52,1065,11,0
2026-08-10 14:00:00,4335.55,4336.64,4334.3,4334.42,1489,17,0
2026-08-10 14:05:00,4334.38,4335.52,4333.19,4333.85,1088,13,0
2026-08-10 14:10:00,4333.84,4334.02,4329.64,4331.44,1039,16,0
2026-08-10 14:15:00,4331.33,4331.33,4328.78,4329.8,1047,16,0
2026-08-10 14:20:00,4329.8,4333.56,4328.83,4333.04,982,14,0
2026-08-10 14:25:00,4333.06,4336.24,4332.98,4334.73,589,8,0
2026-08-10 14:30:00,4334.73,4339.09,4334.3,4337.53,575,8,0
2026-08-10 14:35:00,4337.53,4339.18,4335.45,4338.89,640,22,0
2026-08-10 14:40:00,4338.89,4339.14,4336.25,4337.32,525,8,0
2026-08-10 14:45:00,4337.26,4337.86,4332.0,4332.74,544,11,0
2026-08-10 14:50:00,4332.74,4336.04,4332.18,4335.04,634,7,0
2026-08-10 14:55:00,4335.07,4336.18,4333.32,4334.91,622,13,0
2026-08-10 15:00:00,4334.82,4335.01,4332.4,4333.78,923,13,0
2026-08-10 15:05:00,4333.78,4337.41,4332.06,4335.01,1076,8,0
2026-08-10 15:10:00,4335.17,4335.44,4331.29,4331.75,784,15,0
2026-08-10 15:15:00,4331.75,4332.54,4328.21,4328.53,1066,8,0
2026-08-10 15:20:00,4328.45,4330.96,4326.27,4327.2,1330,13,0
2026-08-10 15:25:00,4327.2,4327.97,4323.99,4327.65,1052,9,0
2026-08-10 15:30:00,4327.57,4331.36,4326.23,4327.52,918,8,0
2026-08-10 15:35:00,4327.4,4332.26,4326.37,4331.12,993,11,0
2026-08-10 15:40:00,4331.09,4332.51,4328.91,4329.0,1047,16,0
2026-08-10 15:45:00,4329.02,4333.05,4328.73,4331.74,653,17,0
2026-08-10 15:50:00,4331.62,4332.94,4329.69,4331.57,702,18,0
2026-08-10 15:55:00,4331.57,4335.48,4330.37,4332.31,935,12,0
2026-08-10 16:00:00,4332.31,4334.48,4325.82,4329.13,2026,8,0
2026-08-10 16:05:00,4329.1,4334.32,4328.27,4334.3,1336,13,0
2026-08-10 16:10:00,4334.2,4337.69,4333.64,4337.06,1082,11,0
2026-08-10 16:15:00,4337.2,4337.64,4334.19,4335.18,806,11,0
2026-08-10 16:20:00,4335.18,4336.46,4329.05,4330.62,1179,8,0
2026-08-10 16:25:00,4330.6,4335.25,4330.13,4335.08,1443,7,0
2026-08-10 16:30:00,4335.02,4338.71,4331.79,4336.91,2910,8,0
2026-08-10 16:35:00,4336.91,4339.86,4336.19,4338.02,2554,10,0
2026-08-10 16:40:00,4338.02,4338.4,4329.89,4330.86,2397,11,0
2026-08-10 16:45:00,4330.83,4331.88,4324.8,4327.34,2660,8,0
2026-08-10 16:50:00,4327.34,4328.16,4321.01,4323.02,2341,7,0
2026-08-10 16:55:00,4323.02,4324.71,4316.47,4317.75,2470,8,0
2026-08-10 17:00:00,4317.75,4325.45,4317.74,4323.2,1524,8,0
2026-08-10 17:05:00,4323.38,4326.31,4321.75,4324.18,1508,8,0
2026-08-10 17:10:00,4324.28,4331.15,4324.28,4330.04,1222,9,0
2026-08-10 17:15:00,4330.13,4336.24,4328.36,4333.82,1627,9,0
2026-08-10 17:20:00,4333.89,4340.1,4332.26,4338.23,1735,11,0
2026-08-10 17:25:00,4338.19,4348.02,4338.15,4345.35,2061,12,0
2026-08-10 17:30:00,4345.36,4351.76,4345.25,4347.52,1919,8,0
2026-08-10 17:35:00,4347.52,4348.92,4344.5,4346.35,1653,8,0
2026-08-10 17:40:00,4346.32,4350.0,4345.92,4349.32,1436,12,0
2026-08-10 17:45:00,4349.3,4350.67,4345.94,4347.24,1506,8,0
2026-08-10 17:50:00,4347.24,4347.28,4342.5,4342.83,1560,9,0
2026-08-10 17:55:00,4342.81,4345.53,4342.77,4345.32,1407,10,0
2026-08-10 18:00:00,4345.57,4349.26,4343.27,4347.47,1707,8,0
2026-08-10 18:05:00,4347.42,4352.18,4343.09,4344.75,1496,11,0
2026-08-10 18:10:00,4344.75,4347.51,4343.37,4346.82,1302,20,0
2026-08-10 18:15:00,4346.77,4351.87,4345.76,4349.53,1334,8,0
2026-08-10 18:20:00,4349.53,4352.41,4348.91,4349.16,1036,13,0
2026-08-10 18:25:00,4349.27,4351.13,4347.22,4349.04,1426,8,0
2026-08-10 18:30:00,4349.14,4351.34,4347.72,4347.92,1249,7,0
2026-08-10 18:35:00,4347.92,4351.9,4347.92,4350.18,1052,12,0
2026-08-10 18:40:00,4350.18,4351.44,4349.34,4350.1,861,19,0
2026-08-10 18:45:00,4350.03,4353.06,4348.45,4352.16,1279,8,0
2026-08-10 18:50:00,4352.06,4357.21,4351.97,4356.88,1335,10,0
2026-08-10 18:55:00,4356.9,4359.37,4356.15,4358.27,1646,9,0
2026-08-10 19:00:00,4358.31,4364.02,4357.74,4357.98,1808,8,0
2026-08-10 19:05:00,4358.09,4363.28,4356.67,4363.13,1410,16,0
2026-08-10 19:10:00,4362.96,4364.64,4361.08,4361.26,1515,19,0
2026-08-10 19:15:00,4361.26,4363.13,4360.76,4361.31,1401,9,0
2026-08-10 19:20:00,4361.28,4364.2,4361.24,4363.06,1067,11,0
2026-08-10 19:25:00,4363.08,4364.59,4361.49,4362.58,1023,8,0
2026-08-10 19:30:00,4362.58,4362.86,4349.38,4356.27,2050,8,0
2026-08-10 19:35:00,4356.28,4359.01,4354.67,4355.16,979,14,0
2026-08-10 19:40:00,4355.21,4356.46,4350.84,4351.56,1124,10,0
2026-08-10 19:45:00,4351.71,4354.91,4351.53,4353.31,995,13,0
2026-08-10 19:50:00,4353.31,4353.93,4351.97,4353.53,897,11,0
2026-08-10 19:55:00,4353.53,4356.92,4351.87,4356.76,794,11,0
2026-08-10 20:00:00,4356.76,4357.59,4354.19,4354.37,896,7,0
2026-08-10 20:05:00,4354.34,4357.02,4351.61,4355.67,1013,8,0
2026-08-10 20:10:00,4355.67,4358.14,4355.2,4356.96,717,16,0
2026-08-10 20:15:00,4356.96,4358.02,4356.22,4357.05,888,17,0
2026-08-10 20:20:00,4357.11,4360.17,4357.01,4359.88,1236,14,0
2026-08-10 20:25:00,4359.93,4361.15,4358.48,4361.0,1384,11,0
2026-08-10 20:30:00,4360.79,4362.59,4359.5,4362.05,1040,17,0
2026-08-10 20:35:00,4362.06,4365.37,4361.97,4363.91,1385,8,0
2026-08-10 20:40:00,4363.85,4364.0,4359.4,4360.14,1106,8,0
2026-08-10 20:45:00,4360.18,4360.8,4357.58,4360.35,1210,8,0
2026-08-10 20:50:00,4360.37,4361.14,4358.67,4358.72,1187,19,0
2026-08-10 20:55:00,4358.72,4360.2,4357.58,4360.16,1453,8,0
2026-08-10 21:00:00,4360.16,4363.9,4359.76,4363.66,1728,11,0
2026-08-10 21:05:00,4363.63,4365.25,4363.1,4363.53,1364,8,0
2026-08-10 21:10:00,4363.53,4364.42,4362.76,4362.9,1106,14,0
2026-08-10 21:15:00,4362.9,4364.13,4361.31,4362.96,1349,10,0
2026-08-10 21:20:00,4363.04,4364.72,4362.21,4364.3,1289,9,0
2026-08-10 21:25:00,4364.36,4366.99,4364.36,4365.74,1544,8,0
2026-08-10 21:30:00,4365.83,4380.64,4365.06,4379.44,2207,7,0
2026-08-10 21:35:00,4379.52,4381.6,4377.28,4381.22,2009,9,0
2026-08-10 21:40:00,4381.22,4382.91,4379.47,4379.56,1818,7,0
2026-08-10 21:45:00,4379.56,4379.71,4373.22,4376.69,1896,8,0
2026-08-10 21:50:00,4376.69,4379.06,4374.81,4376.71,1608,9,0
2026-08-10 21:55:00,4376.67,4378.98,4376.11,4378.38,1330,12,0
2026-08-10 22:00:00,4378.31,4381.14,4378.31,4380.03,1663,11,0
2026-08-10 22:05:00,4380.03,4382.78,4379.85,4381.8,1855,8,0
2026-08-10 22:10:00,4381.84,4382.74,4380.53,4382.03,1595,8,0
2026-08-10 22:15:00,4382.03,4383.01,4381.26,4382.8,1472,8,0
2026-08-10 22:20:00,4382.81,4387.99,4382.53,4386.74,1890,7,0
2026-08-10 22:25:00,4386.74,4391.52,4386.07,4390.59,2078,7,0
2026-08-10 22:30:00,4390.59,4393.97,4386.1,4387.15,2034,7,0
2026-08-10 22:35:00,4387.12,4388.76,4384.23,4387.96,1888,7,0
2026-08-10 22:40:00,4387.96,4390.63,4387.08,4388.11,1660,8,0
2026-08-10 22:45:00,4388.09,4394.88,4387.25,4393.92,1526,13,0
2026-08-10 22:50:00,4393.92,4395.18,4391.26,4392.44,1809,8,0
2026-08-10 22:55:00,4392.44,4392.63,4387.23,4388.19,1665,10,0
2026-08-11 01:00:00,4382.37,4391.23,4352.16,4389.34,600,59,0
2026-08-11 01:05:00,4389.4,4391.53,4389.08,4390.9,325,23,0
2026-08-11 01:10:00,4391.02,4392.75,4390.22,4391.11,361,10,0
2026-08-11 01:15:00,4391.11,4392.43,4390.87,4392.01,322,8,0
2026-08-11 01:20:00,4392.01,4393.32,4391.47,4392.78,423,10,0
2026-08-11 01:25:00,4392.82,4393.44,4391.59,4391.85,370,9,0
2026-08-11 01:30:00,4391.85,4393.58,4391.82,4393.47,410,8,0
2026-08-11 01:35:00,4393.47,4394.04,4392.82,4393.62,370,8,0
2026-08-11 01:40:00,4393.73,4396.05,4393.32,4395.3,452,9,0
2026-08-11 01:45:00,4395.32,4398.26,4395.22,4397.44,500,26,0
2026-08-11 01:50:00,4397.44,4399.52,4397.23,4399.35,329,23,0
2026-08-11 01:55:00,4399.32,4400.66,4398.49,4399.55,454,12,0
2026-08-11 02:00:00,4399.55,4401.58,4397.49,4398.55,676,34,0
2026-08-11 02:05:00,4398.55,4401.78,4395.58,4396.21,708,8,0
2026-08-11 02:10:00,4396.49,4397.35,4395.47,4397.25,354,34,0
2026-08-11 02:15:00,4397.21,4397.25,4394.5,4394.96,455,14,0
2026-08-11 02:20:00,4394.96,4395.89,4394.59,4394.73,468,37,0
2026-08-11 02:25:00,4394.73,4395.68,4394.46,4395.22,288,40,0
2026-08-11 02:30:00,4395.22,4396.13,4395.07,4395.29,443,30,0
2026-08-11 02:35:00,4395.29,4398.76,4395.22,4398.6,392,37,0
2026-08-11 02:40:00,4398.6,4398.71,4397.43,4398.51,691,39,0
2026-08-11 02:45:00,4398.44,4399.2,4396.55,4397.66,795,38,0
2026-08-11 02:50:00,4397.66,4398.82,4396.14,4398.64,894,28,0
2026-08-11 02:55:00,4398.64,4402.66,4398.25,4402.06,975,17,0
2026-08-11 03:00:00,4402.07,4404.56,4396.1,4404.12,1767,8,0
2026-08-11 03:05:00,4404.12,4406.18,4402.49,4405.78,1054,9,0
2026-08-11 03:10:00,4405.77,4408.88,4403.65,4405.24,1033,20,0
2026-08-11 03:15:00,4405.24,4407.76,4404.31,4406.06,963,18,0
2026-08-11 03:20:00,4406.02,4412.18,4405.63,4412.11,1007,16,0
2026-08-11 03:25:00,4412.06,4415.92,4411.6,4413.93,930,12,0
2026-08-11 03:30:00,4413.99,4413.99,4411.16,4412.68,885,10,0
2026-08-11 03:35:00,4412.68,4413.37,4408.67,4411.47,810,12,0
2026-08-11 03:40:00,4411.53,4414.06,4407.46,4414.06,1110,7,0
2026-08-11 03:45:00,4414.06,4419.08,4409.88,4413.01,1492,10,0
2026-08-11 03:50:00,4412.67,4413.06,4409.49,4409.49,636,16,0
2026-08-11 03:55:00,4409.64,4411.74,4408.21,4409.22,610,8,0
2026-08-11 04:00:00,4409.69,4409.81,4393.48,4400.33,3049,7,0
2026-08-11 04:05:00,4400.33,4409.18,4398.7,4408.39,2332,12,0
2026-08-11 04:10:00,4408.39,4415.21,4408.39,4414.37,1814,8,0
2026-08-11 04:15:00,4414.37,4419.52,4412.32,4414.82,1940,8,0
2026-08-11 04:20:00,4414.81,4420.37,4413.77,4414.52,1709,8,0
2026-08-11 04:25:00,4414.61,4419.13,4413.47,4419.06,1515,8,0
2026-08-11 04:30:00,4419.02,4421.59,4417.99,4419.22,1457,11,0
2026-08-11 04:35:00,4419.22,4420.47,4416.39,4419.58,1404,8,0
2026-08-11 04:40:00,4419.58,4422.45,4414.95,4415.17,1697,8,0
2026-08-11 04:45:00,4415.26,4427.17,4414.48,4426.46,1640,8,0
2026-08-11 04:50:00,4426.28,4431.49,4425.16,4431.42,1121,8,0
2026-08-11 04:55:00,4431.52,4434.09,4428.99,4429.66,1474,8,0
2026-08-11 05:00:00,4429.66,4429.72,4423.48,4426.82,1541,7,0
2026-08-11 05:05:00,4426.82,4429.42,4421.81,4423.46,1299,10,0
2026-08-11 05:10:00,4423.46,4434.3,4422.96,4433.69,1151,8,0
2026-08-11 05:15:00,4433.69,4435.21,4431.71,4431.77,859,16,0
2026-08-11 05:20:00,4431.77,4431.94,4425.81,4426.36,1130,9,0
2026-08-11 05:25:00,4426.36,4430.14,4425.99,4428.3,753,8,0
2026-08-11 05:30:00,4428.3,4429.07,4423.9,4426.59,1462,8,0
2026-08-11 05:35:00,4426.55,4426.73,4413.72,4415.76,1756,8,0
2026-08-11 05:40:00,4415.82,4421.21,4415.67,4418.23,1117,11,0
2026-08-11 05:45:00,4418.23,4419.05,4414.87,4415.01,1181,10,0
2026-08-11 05:50:00,4415.01,4415.1,4409.08,4411.4,1258,8,0
2026-08-11 05:55:00,4411.4,4412.79,4407.88,4410.7,1231,13,0
2026-08-11 06:00:00,4410.65,4414.29,4410.02,4413.32,1299,12,0
2026-08-11 06:05:00,4413.29,4414.72,4409.69,4413.53,993,11,0
2026-08-11 06:10:00,4413.53,4415.12,4412.13,4413.21,876,18,0
2026-08-11 06:15:00,4413.21,4417.14,4412.73,4416.79,998,13,0
2026-08-11 06:20:00,4416.61,4417.97,4414.33,4415.46,716,10,0
2026-08-11 06:25:00,4415.41,4420.49,4415.28,4420.3,921,16,0
2026-08-11 06:30:00,4420.3,4421.47,4418.33,4419.58,608,12,0
2026-08-11 06:35:00,4419.58,4420.16,4418.16,4418.63,453,8,0
2026-08-11 06:40:00,4418.63,4419.73,4415.57,4415.92,453,17,0
2026-08-11 06:45:00,4415.92,4418.34,4414.0,4414.92,648,11,0
2026-08-11 06:50:00,4414.96,4418.76,4414.12,4416.57,569,7,0
2026-08-11 06:55:00,4416.64,4417.8,4416.02,4416.75,594,15,0
2026-08-11 07:00:00,4416.74,4419.62,4416.44,4417.53,527,8,0
2026-08-11 07:05:00,4417.53,4418.18,4413.61,4413.72,618,8,0
2026-08-11 07:10:00,4413.72,4414.25,4411.95,4413.85,662,12,0
2026-08-11 07:15:00,4413.79,4415.69,4412.49,4413.12,547,11,0
2026-08-11 07:20:00,4413.12,4413.74,4409.91,4412.92,505,10,0
2026-08-11 07:25:00,4412.98,4415.38,4410.83,4415.22,490,20,0
2026-08-11 07:30:00,4415.17,4420.15,4410.91,4415.56,1250,8,0
2026-08-11 07:35:00,4415.56,4415.79,4410.21,4413.75,1140,14,0
2026-08-11 07:40:00,4413.75,4414.69,4408.09,4410.0,934,8,0
2026-08-11 07:45:00,4410.0,4411.3,4407.04,4407.6,780,12,0
2026-08-11 07:50:00,4407.6,4408.14,4405.52,4406.63,920,8,0
2026-08-11 07:55:00,4406.62,4409.22,4403.12,4408.69,756,10,0
2026-08-11 08:00:00,4408.69,4408.83,4404.66,4405.15,681,8,0
2026-08-11 08:05:00,4405.15,4406.3,4402.47,4405.84,718,15,0
2026-08-11 08:10:00,4405.84,4406.03,4399.25,4402.14,678,8,0
2026-08-11 08:15:00,4402.14,4402.14,4397.7,4398.92,745,8,0
2026-08-11 08:20:00,4398.83,4399.73,4396.08,4397.82,940,8,0
2026-08-11 08:25:00,4397.82,4398.03,4390.84,4392.38,1158,9,0
2026-08-11 08:30:00,4392.38,4392.38,4372.31,4383.99,3107,8,0
2026-08-11 08:35:00,4383.98,4385.67,4376.9,4379.4,2541,8,0
2026-08-11 08:40:00,4379.38,4379.99,4373.4,4376.77,3305,12,0
2026-08-11 08:45:00,4376.78,4378.28,4372.02,4372.19,2186,8,0
2026-08-11 08:50:00,4372.11,4373.46,4368.31,4370.08,1826,12,0
2026-08-11 08:55:00,4370.21,4375.49,4367.47,4375.3,1848,8,0
2026-08-11 09:00:00,4375.33,4380.85,4371.67,4379.34,1629,7,0
2026-08-11 09:05:00,4379.34,4382.43,4377.95,4382.32,1078,9,0
2026-08-11 09:10:00,4382.29,4382.31,4372.63,4372.77,1384,8,0
2026-08-11 09:15:00,4372.83,4376.05,4369.47,4369.81,1572,14,0
2026-08-11 09:20:00,4369.81,4374.37,4367.5,4373.52,1592,7,0
2026-08-11 09:25:00,4373.52,4373.9,4361.65,4363.28,1710,8,0
2026-08-11 09:30:00,4363.29,4367.57,4359.74,4362.33,2124,8,0
2026-08-11 09:35:00,4362.33,4368.05,4360.46,4367.95,1769,11,0
2026-08-11 09:40:00,4367.95,4369.07,4362.95,4363.41,1000,10,0
2026-08-11 09:45:00,4363.41,4367.26,4362.44,4366.69,1281,17,0
2026-08-11 09:50:00,4366.69,4367.38,4360.47,4361.26,1400,9,0
2026-08-11 09:55:00,4361.25,4366.12,4359.39,4366.12,1182,9,0
2026-08-11 10:00:00,4366.07,4367.52,4361.77,4362.67,1440,8,0
2026-08-11 10:05:00,4362.71,4364.87,4361.14,4361.74,1062,8,0
2026-08-11 10:10:00,4361.74,4364.81,4361.25,4363.22,867,19,0
2026-08-11 10:15:00,4363.18,4363.47,4357.63,4359.74,950,14,0
2026-08-11 10:20:00,4359.79,4361.8,4357.45,4359.9,923,8,0
2026-08-11 10:25:00,4359.9,4365.8,4359.25,4362.89,909,8,0
2026-08-11 10:30:00,4362.91,4364.69,4358.54,4360.95,1084,8,0
2026-08-11 10:35:00,4360.95,4363.37,4358.93,4358.93,822,9,0
2026-08-11 10:40:00,4358.76,4358.96,4356.67,4358.28,951,17,0
2026-08-11 10:45:00,4358.53,4359.6,4357.36,4359.12,679,8,0
2026-08-11 10:50:00,4359.12,4361.34,4357.67,4359.73,684,8,0
2026-08-11 10:55:00,4359.45,4359.8,4356.59,4357.47,697,10,0
2026-08-11 11:00:00,4357.47,4364.21,4356.78,4363.03,1112,8,0
2026-08-11 11:05:00,4362.99,4366.62,4362.25,4365.4,821,8,0
2026-08-11 11:10:00,4365.33,4366.62,4363.8,4365.06,733,9,0
2026-08-11 11:15:00,4365.06,4365.52,4360.05,4362.24,834,8,0
2026-08-11 11:20:00,4362.22,4364.6,4358.95,4364.54,898,7,0
2026-08-11 11:25:00,4364.46,4369.76,4363.76,4369.04,835,8,0
2026-08-11 11:30:00,4369.01,4372.37,4368.49,4371.1,746,7,0
2026-08-11 11:35:00,4371.1,4375.02,4370.64,4374.67,688,8,0
2026-08-11 11:40:00,4374.64,4375.83,4373.94,4374.62,677,8,0
2026-08-11 11:45:00,4374.63,4375.44,4372.37,4374.23,752,10,0
2026-08-11 11:50:00,4374.23,4376.6,4370.94,4371.04,902,19,0
2026-08-11 11:55:00,4371.1,4372.41,4368.88,4369.04,589,8,0
2026-08-11 12:00:00,4369.04,4371.68,4367.43,4371.18,1000,7,0
2026-08-11 12:05:00,4371.2,4372.33,4370.25,4370.28,694,8,0
2026-08-11 12:10:00,4370.32,4372.84,4370.19,4372.31,624,14,0
2026-08-11 12:15:00,4372.31,4374.02,4371.02,4373.88,675,7,0
2026-08-11 12:20:00,4373.81,4375.35,4370.68,4372.66,917,8,0
2026-08-11 12:25:00,4372.66,4375.45,4370.63,4371.74,1010,8,0
2026-08-11 12:30:00,4371.74,4374.92,4369.98,4373.54,855,8,0
2026-08-11 12:35:00,4373.54,4374.54,4371.74,4373.19,582,20,0
2026-08-11 12:40:00,4373.19,4374.15,4370.37,4370.37,575,9,0
2026-08-11 12:45:00,4370.37,4374.54,4370.19,4373.69,484,8,0
2026-08-11 12:50:00,4373.65,4373.82,4371.06,4371.65,411,19,0
2026-08-11 12:55:00,4371.65,4372.84,4370.92,4372.25,475,9,0
2026-08-11 13:00:00,4372.25,4374.01,4371.05,4372.23,652,14,0
2026-08-11 13:05:00,4372.23,4374.73,4371.37,4373.44,539,8,0
2026-08-11 13:10:00,4373.44,4375.83,4372.92,4373.12,574,23,0
2026-08-11 13:15:00,4373.11,4375.0,4372.33,4372.33,414,13,0
2026-08-11 13:20:00,4372.33,4377.83,4372.23,4377.48,816,8,0
2026-08-11 13:25:00,4377.48,4381.63,4376.38,4378.12,1345,8,0
2026-08-11 13:30:00,4378.07,4381.06,4377.99,4379.13,1035,8,0
2026-08-11 13:35:00,4379.13,4379.82,4377.56,4377.84,455,8,0
2026-08-11 13:40:00,4377.86,4378.43,4376.8,4377.61,555,21,0
2026-08-11 13:45:00,4377.57,4380.97,4377.42,4380.97,608,8,0
2026-08-11 13:50:00,4381.02,4381.71,4380.19,4380.57,601,16,0
2026-08-11 13:55:00,4380.57,4382.49,4378.92,4382.25,659,13,0
2026-08-11 14:00:00,4382.25,4392.84,4380.36,4391.21,2671,8,0
2026-08-11 14:05:00,4391.2,4392.44,4388.6,4390.46,1642,7,0
2026-08-11 14:10:00,4390.51,4392.44,4387.79,4391.23,1155,9,0
2026-08-11 14:15:00,4391.38,4392.31,4388.13,4389.85,1254,8,0
2026-08-11 14:20:00,4389.91,4391.09,4385.46,4386.01,941,10,0
2026-08-11 14:25:00,4386.02,4388.49,4385.1,4387.2,904,16,0
2026-08-11 14:30:00,4387.24,4387.97,4385.24,4386.19,943,7,0
2026-08-11 14:35:00,4386.19,4387.02,4383.27,4384.36,869,8,0
2026-08-11 14:40:00,4384.36,4386.25,4382.99,4386.23,809,9,0
2026-08-11 14:45:00,4386.17,4388.89,4385.43,4387.47,956,8,0
2026-08-11 14:50:00,4387.6,4389.75,4384.82,4387.45,1022,7,0
2026-08-11 14:55:00,4387.42,4388.58,4385.57,4387.58,657,8,0
2026-08-11 15:00:00,4387.57,4387.72,4383.76,4385.05,1147,8,0
2026-08-11 15:05:00,4385.07,4395.19,4384.82,4393.48,1185,8,0
2026-08-11 15:10:00,4393.48,4397.42,4391.64,4396.8,1234,8,0
2026-08-11 15:15:00,4396.83,4397.69,4392.68,4395.86,1079,8,0
2026-08-11 15:20:00,4395.62,4399.67,4387.79,4389.16,2288,8,0
2026-08-11 15:25:00,4388.98,4393.17,4387.46,4391.14,1419,7,0
2026-08-11 15:30:00,4391.14,4395.15,4388.68,4390.07,1262,7,0
2026-08-11 15:35:00,4390.07,4392.06,4388.75,4389.71,1037,9,0
2026-08-11 15:40:00,4389.9,4398.39,4389.66,4398.38,1032,7,0
2026-08-11 15:45:00,4398.38,4400.1,4395.34,4397.27,986,8,0
2026-08-11 15:50:00,4397.27,4397.86,4392.82,4393.54,871,8,0
2026-08-11 15:55:00,4393.56,4394.64,4392.1,4392.27,1028,8,0
2026-08-11 16:00:00,4392.27,4399.1,4391.71,4392.54,1780,8,0
2026-08-11 16:05:00,4392.64,4398.91,4392.44,4398.84,1299,12,0
2026-08-11 16:10:00,4399.04,4400.91,4393.78,4393.86,1012,9,0
2026-08-11 16:15:00,4393.79,4395.32,4389.61,4394.08,1539,7,0
2026-08-11 16:20:00,4394.08,4400.69,4394.05,4397.77,1248,8,0
2026-08-11 16:25:00,4397.77,4399.84,4395.66,4397.71,1216,8,0
2026-08-11 16:30:00,4397.76,4399.79,4389.92,4392.1,2595,7,0
2026-08-11 16:35:00,4392.1,4399.8,4388.81,4399.61,1941,8,0
2026-08-11 16:40:00,4399.61,4401.79,4398.11,4399.6,1808,8,0
2026-08-11 16:45:00,4399.6,4404.01,4392.42,4394.69,2562,8,0
2026-08-11 16:50:00,4394.74,4396.5,4384.51,4387.25,2499,8,0
2026-08-11 16:55:00,4387.26,4394.51,4386.86,4388.92,1887,8,0
2026-08-11 17:00:00,4388.94,4389.74,4381.07,4384.86,2141,8,0
2026-08-11 17:05:00,4384.8,4386.93,4382.65,4384.63,1825,8,0
2026-08-11 17:10:00,4384.63,4387.05,4382.01,4386.86,1602,7,0
2026-08-11 17:15:00,4386.86,4390.1,4382.59,4385.51,1788,8,0
2026-08-11 17:20:00,4385.44,4389.32,4381.46,4384.25,1833,10,0
2026-08-11 17:25:00,4384.25,4387.7,4381.99,4383.9,1473,8,0
2026-08-11 17:30:00,4384.04,4390.75,4384.04,4390.49,1785,8,0
2026-08-11 17:35:00,4390.45,4393.0,4389.14,4391.8,1545,7,0
2026-08-11 17:40:00,4391.78,4395.29,4390.65,4393.25,1285,8,0
2026-08-11 17:45:00,4393.31,4395.85,4392.55,4393.43,1092,10,0
2026-08-11 17:50:00,4393.37,4395.44,4391.65,4395.19,1297,8,0
2026-08-11 17:55:00,4395.22,4397.88,4392.78,4394.03,1349,7,0
2026-08-11 18:00:00,4394.12,4398.66,4392.95,4396.7,1364,7,0
2026-08-11 18:05:00,4396.87,4397.2,4389.74,4390.91,1214,8,0
2026-08-11 18:10:00,4390.91,4395.83,4389.08,4392.12,1249,8,0
2026-08-11 18:15:00,4392.04,4392.06,4382.05,4386.2,1880,8,0
2026-08-11 18:20:00,4386.2,4389.5,4383.31,4383.92,1501,8,0
2026-08-11 18:25:00,4383.92,4387.69,4381.97,4386.69,1280,8,0
2026-08-11 18:30:00,4386.75,4386.99,4376.52,4377.74,1743,7,0
2026-08-11 18:35:00,4377.74,4379.39,4371.59,4371.59,2285,7,0
2026-08-11 18:40:00,4371.59,4376.1,4368.98,4375.81,1898,8,0
2026-08-11 18:45:00,4375.7,4377.92,4374.85,4376.07,1415,14,0
2026-08-11 18:50:00,4376.13,4380.34,4375.26,4380.28,1162,8,0
2026-08-11 18:55:00,4380.28,4383.72,4379.63,4383.66,1221,15,0
2026-08-11 19:00:00,4383.68,4384.72,4380.34,4380.71,1232,8,0
2026-08-11 19:05:00,4380.71,4381.43,4378.59,4380.09,1003,10,0
2026-08-11 19:10:00,4380.13,4381.49,4378.57,4379.31,892,17,0
2026-08-11 19:15:00,4379.39,4381.29,4378.33,4378.63,744,18,0
2026-08-11 19:20:00,4378.54,4382.94,4378.33,4381.41,1065,11,0
2026-08-11 19:25:00,4381.41,4383.3,4380.49,4382.88,848,12,0
2026-08-11 19:30:00,4382.88,4382.97,4379.27,4382.4,829,21,0
2026-08-11 19:35:00,4382.4,4384.8,4382.23,4383.81,666,8,0
2026-08-11 19:40:00,4383.81,4385.66,4382.88,4384.64,646,13,0
2026-08-11 19:45:00,4384.64,4385.38,4381.99,4382.68,749,17,0
2026-08-11 19:50:00,4382.68,4383.09,4380.89,4382.2,734,19,0
2026-08-11 19:55:00,4382.2,4385.05,4381.74,4383.31,924,9,0
2026-08-11 20:00:00,4383.23,4385.35,4382.26,4383.45,756,17,0
2026-08-11 20:05:00,4383.45,4385.67,4381.53,4384.53,783,13,0
2026-08-11 20:10:00,4384.44,4384.5,4381.02,4381.03,802,15,0
2026-08-11 20:15:00,4381.05,4383.68,4379.89,4383.12,945,14,0
2026-08-11 20:20:00,4383.09,4384.18,4379.7,4380.9,1002,9,0
2026-08-11 20:25:00,4380.9,4383.31,4378.83,4381.26,1099,8,0
2026-08-11 20:30:00,4381.26,4381.85,4375.83,4376.6,933,10,0
2026-08-11 20:35:00,4376.6,4377.22,4374.14,4376.81,847,8,0
2026-08-11 20:40:00,4376.81,4378.21,4376.01,4376.18,694,11,0
2026-08-11 20:45:00,4376.18,4377.47,4374.75,4376.3,535,19,0
2026-08-11 20:50:00,4376.3,4376.72,4372.65,4372.65,529,9,0
2026-08-11 20:55:00,4372.65,4373.31,4368.89,4369.09,968,10,0
2026-08-11 21:00:00,4369.09,4369.16,4363.47,4365.04,1243,8,0
2026-08-11 21:05:00,4365.04,4366.71,4361.0,4361.37,1382,8,0
2026-08-11 21:10:00,4361.37,4364.06,4360.11,4363.67,1055,8,0
2026-08-11 21:15:00,4363.67,4367.26,4363.47,4366.72,1007,12,0
2026-08-11 21:20:00,4366.69,4366.71,4362.04,4364.28,960,16,0
2026-08-11 21:25:00,4364.28,4365.46,4360.28,4361.3,1024,8,0
2026-08-11 21:30:00,4361.29,4367.89,4361.1,4367.57,812,20,0
2026-08-11 21:35:00,4367.6,4371.02,4367.41,4370.53,774,20,0
2026-08-11 21:40:00,4370.37,4371.76,4368.76,4371.06,540,19,0
2026-08-11 21:45:00,4371.06,4372.62,4370.71,4371.28,609,9,0
2026-08-11 21:50:00,4371.3,4372.44,4371.23,4371.74,423,14,0
2026-08-11 21:55:00,4371.73,4371.94,4370.02,4371.46,540,9,0
2026-08-11 22:00:00,4371.33,4372.15,4366.92,4366.98,671,9,0
2026-08-11 22:05:00,4366.98,4367.04,4363.35,4364.61,745,8,0
2026-08-11 22:10:00,4364.66,4367.35,4363.31,4363.77,669,10,0
2026-08-11 22:15:00,4363.77,4364.67,4361.27,4362.77,660,8,0
2026-08-11 22:20:00,4362.77,4369.28,4362.04,4368.79,705,8,0
2026-08-11 22:25:00,4368.79,4370.7,4366.93,4370.22,847,8,0
2026-08-11 22:30:00,4370.34,4374.1,4370.26,4371.13,939,7,0
2026-08-11 22:35:00,4371.13,4371.46,4368.21,4370.52,757,8,0
2026-08-11 22:40:00,4370.52,4370.53,4366.36,4367.52,594,16,0
2026-08-11 22:45:00,4367.52,4370.36,4366.52,4369.88,636,9,0
2026-08-11 22:50:00,4369.88,4370.5,4366.21,4369.4,766,9,0
2026-08-11 22:55:00,4369.29,4373.25,4369.07,4370.61,1222,8,0
2026-08-12 01:00:00,4367.51,4372.74,4355.96,4372.15,491,79,0
2026-08-12 01:05:00,4372.15,4374.46,4370.83,4374.12,276,8,0
2026-08-12 01:10:00,4374.07,4375.39,4373.66,4373.85,201,8,0
2026-08-12 01:15:00,4373.85,4375.12,4373.2,4374.53,329,9,0
2026-08-12 01:20:00,4374.53,4376.79,4374.4,4376.05,365,8,0
2026-08-12 01:25:00,4376.2,4377.03,4375.46,4376.36,324,8,0
2026-08-12 01:30:00,4376.41,4377.94,4375.93,4376.65,450,8,0
2026-08-12 01:35:00,4376.67,4377.34,4375.79,4376.33,628,9,0
2026-08-12 01:40:00,4376.33,4376.54,4374.91,4376.19,513,8,0
2026-08-12 01:45:00,4376.18,4378.31,4373.97,4374.88,963,9,0
2026-08-12 01:50:00,4374.88,4375.39,4371.04,4374.04,1049,8,0
2026-08-12 01:55:00,4374.06,4374.7,4366.98,4368.94,1021,12,0
2026-08-12 02:00:00,4369.21,4369.49,4363.14,4364.54,1087,17,0
2026-08-12 02:05:00,4364.54,4369.58,4362.39,4364.62,1337,8,0
2026-08-12 02:10:00,4364.66,4369.66,4364.47,4366.39,1069,10,0
2026-08-12 02:15:00,4366.37,4371.95,4365.1,4370.88,732,17,0
2026-08-12 02:20:00,4370.89,4374.52,4370.87,4372.64,704,10,0
2026-08-12 02:25:00,4372.46,4373.92,4367.92,4372.51,926,10,0
2026-08-12 02:30:00,4372.49,4372.67,4366.54,4368.43,1062,11,0
2026-08-12 02:35:00,4368.4,4368.61,4367.22,4367.61,548,22,0
2026-08-12 02:40:00,4367.61,4368.32,4367.49,4367.82,376,11,0
2026-08-12 02:45:00,4367.82,4370.44,4367.79,4368.65,809,13,0
2026-08-12 02:50:00,4368.6,4369.81,4368.25,4369.81,500,8,0
2026-08-12 02:55:00,4369.76,4371.72,4369.61,4371.45,808,10,0
2026-08-12 03:00:00,4371.47,4371.49,4366.29,4368.76,2292,10,0
2026-08-12 03:05:00,4368.76,4371.01,4367.61,4370.75,1349,10,0
2026-08-12 03:10:00,4370.75,4379.29,4370.19,4377.94,1697,10,0
2026-08-12 03:15:00,4378.03,4379.84,4373.94,4379.7,1720,8,0
2026-08-12 03:20:00,4379.51,4380.47,4377.49,4378.49,1258,8,0
2026-08-12 03:25:00,4378.6,4381.03,4377.68,4380.61,1503,16,0
2026-08-12 03:30:00,4380.64,4383.19,4379.08,4381.19,1585,12,0
2026-08-12 03:35:00,4381.19,4383.57,4380.77,4381.51,1061,8,0
2026-08-12 03:40:00,4381.51,4383.1,4381.01,4382.82,1005,10,0
2026-08-12 03:45:00,4382.79,4383.12,4380.79,4381.18,1090,12,0
2026-08-12 03:50:00,4381.15,4381.92,4377.96,4378.0,1013,14,0
2026-08-12 03:55:00,4378.0,4381.57,4377.53,4380.44,1137,14,0
2026-08-12 04:00:00,4380.44,4385.2,4378.27,4384.41,2780,8,0
2026-08-12 04:05:00,4384.43,4387.43,4382.29,4387.05,1831,7,0
2026-08-12 04:10:00,4387.03,4390.58,4386.73,4390.23,1404,8,0
2026-08-12 04:15:00,4390.23,4391.82,4386.5,4391.33,1473,8,0
2026-08-12 04:20:00,4391.33,4393.9,4389.22,4390.68,1235,8,0
2026-08-12 04:25:00,4390.68,4391.83,4389.67,4390.44,919,9,0
2026-08-12 04:30:00,4390.44,4391.32,4385.95,4386.91,1685,7,0
2026-08-12 04:35:00,4387.02,4391.23,4385.21,4387.59,1494,8,0
2026-08-12 04:40:00,4387.59,4393.18,4386.9,4393.04,1469,7,0
2026-08-12 04:45:00,4393.09,4396.22,4391.05,4395.01,1705,12,0
2026-08-12 04:50:00,4395.04,4397.34,4394.81,4394.99,1254,7,0
2026-08-12 04:55:00,4395.25,4397.19,4393.28,4396.31,1319,12,0
2026-08-12 05:00:00,4396.35,4396.92,4394.12,4396.48,1450,9,0
2026-08-12 05:05:00,4396.48,4397.91,4395.15,4397.16,1062,9,0
2026-08-12 05:10:00,4397.11,4404.71,4396.98,4401.64,1873,7,0
2026-08-12 05:15:00,4401.56,4402.86,4399.17,4401.6,1087,9,0
2026-08-12 05:20:00,4401.6,4403.67,4400.72,4402.38,973,8,0
2026-08-12 05:25:00,4402.38,4403.08,4400.95,4402.08,880,8,0
2026-08-12 05:30:00,4402.1,4403.25,4398.13,4398.62,2082,8,0
2026-08-12 05:35:00,4398.64,4400.04,4397.67,4399.48,1794,13,0
2026-08-12 05:40:00,4399.62,4408.21,4399.19,4405.41,2213,7,0
2026-08-12 05:45:00,4405.33,4411.15,4405.22,4409.66,1881,8,0
2026-08-12 05:50:00,4409.64,4414.48,4409.4,4413.58,2001,14,0
2026-08-12 05:55:00,4413.56,4413.69,4410.95,4411.18,1489,12,0
2026-08-12 06:00:00,4411.18,4414.24,4408.65,4409.45,1704,15,0
2026-08-12 06:05:00,4409.45,4416.07,4408.43,4413.32,1800,11,0
2026-08-12 06:10:00,4413.34,4414.51,4410.36,4410.68,1463,9,0
2026-08-12 06:15:00,4410.68,4410.7,4406.41,4407.23,1322,7,0
2026-08-12 06:20:00,4407.2,4407.61,4404.45,4406.51,966,8,0
2026-08-12 06:25:00,4406.31,4408.12,4405.89,4407.29,1141,14,0
2026-08-12 06:30:00,4407.29,4408.71,4404.85,4405.41,1110,12,0
2026-08-12 06:35:00,4405.34,4406.51,4403.66,4403.88,838,10,0
2026-08-12 06:40:00,4403.92,4404.29,4401.1,4401.33,945,8,0
2026-08-12 06:45:00,4401.33,4403.22,4401.2,4402.66,783,11,0
2026-08-12 06:50:00,4402.66,4403.62,4400.57,4402.02,931,13,0
2026-08-12 06:55:00,4401.95,4402.86,4401.12,4402.23,670,9,0
2026-08-12 07:00:00,4402.24,4403.19,4401.4,4403.05,685,10,0
2026-08-12 07:05:00,4403.03,4403.18,4399.63,4399.97,593,11,0
2026-08-12 07:10:00,4399.97,4400.13,4396.5,4397.37,1035,8,0
2026-08-12 07:15:00,4397.39,4397.39,4395.42,4396.26,941,15,0
2026-08-12 07:20:00,4396.26,4398.44,4396.23,4397.53,655,9,0
2026-08-12 07:25:00,4397.6,4399.25,4397.35,4398.96,666,11,0
2026-08-12 07:30:00,4398.95,4399.36,4397.15,4398.95,568,9,0
2026-08-12 07:35:00,4398.92,4399.76,4397.83,4398.85,725,9,0
2026-08-12 07:40:00,4398.85,4400.05,4395.43,4400.01,716,7,0
2026-08-12 07:45:00,4400.01,4402.27,4399.46,4401.3,778,9,0
2026-08-12 07:50:00,4401.26,4401.74,4399.56,4399.6,638,14,0
2026-08-12 07:55:00,4399.53,4401.12,4399.11,4400.93,774,13,0
2026-08-12 08:00:00,4400.94,4402.19,4400.14,4401.42,668,10,0
2026-08-12 08:05:00,4401.53,4404.7,4400.85,4404.51,910,9,0
2026-08-12 08:10:00,4404.46,4404.76,4400.72,4400.72,847,13,0
2026-08-12 08:15:00,4400.72,4400.76,4396.98,4398.56,879,14,0
2026-08-12 08:20:00,4398.61,4399.09,4392.35,4394.1,1058,11,0
2026-08-12 08:25:00,4394.08,4395.84,4392.49,4392.49,1167,8,0
2026-08-12 08:30:00,4392.61,4397.03,4389.09,4392.32,2200,8,0
2026-08-12 08:35:00,4392.31,4394.98,4390.49,4393.55,1434,7,0
2026-08-12 08:40:00,4393.62,4394.16,4387.91,4387.91,1469,8,0
2026-08-12 08:45:00,4387.91,4389.15,4385.0,4385.03,1620,8,0
2026-08-12 08:50:00,4385.2,4389.07,4383.82,4388.67,1599,12,0
2026-08-12 08:55:00,4388.67,4393.83,4388.32,4390.74,1666,10,0
2026-08-12 09:00:00,4390.78,4392.9,4387.29,4387.91,1056,8,0
2026-08-12 09:05:00,4387.88,4388.51,4385.14,4386.47,1123,8,0
2026-08-12 09:10:00,4386.5,4388.22,4385.07,4386.97,1259,15,0
2026-08-12 09:15:00,4386.97,4390.3,4385.48,4389.04,1276,17,0
2026-08-12 09:20:00,4389.13,4390.4,4387.68,4389.01,1287,15,0
2026-08-12 09:25:00,4389.01,4390.05,4386.88,4389.7,955,8,0
2026-08-12 09:30:00,4389.7,4390.36,4388.23,4389.29,952,18,0
2026-08-12 09:35:00,4389.31,4394.92,4388.58,4393.84,1921,10,0
2026-08-12 09:40:00,4393.7,4397.33,4393.37,4394.41,1694,16,0
2026-08-12 09:45:00,4394.43,4400.64,4394.4,4399.91,1766,8,0
2026-08-12 09:50:00,4399.91,4403.1,4399.49,4401.08,1288,8,0
2026-08-12 09:55:00,4401.13,4406.28,4401.06,4403.35,1511,8,0
2026-08-12 10:00:00,4403.36,4406.06,4401.12,4401.14,1601,8,0
2026-08-12 10:05:00,4401.22,4403.23,4400.99,4402.16,1318,10,0
2026-08-12 10:10:00,4402.2,4405.98,4401.22,4401.5,1503,8,0
2026-08-12 10:15:00,4401.5,4401.5,4398.64,4399.22,1463,9,0
2026-08-12 10:20:00,4399.22,4400.48,4398.13,4399.92,1241,9,0
2026-08-12 10:25:00,4399.9,4402.78,4399.46,4402.37,1123,8,0
2026-08-12 10:30:00,4402.37,4405.52,4401.34,4403.84,838,8,0
2026-08-12 10:35:00,4403.84,4407.35,4403.27,4407.35,1152,9,0
2026-08-12 10:40:00,4407.37,4408.46,4405.71,4407.79,1240,15,0
2026-08-12 10:45:00,4407.76,4409.74,4405.95,4408.61,1247,8,0
2026-08-12 10:50:00,4408.56,4409.97,4407.5,4408.78,1515,8,0
2026-08-12 10:55:00,4408.78,4408.99,4404.84,4406.13,1169,8,0
2026-08-12 11:00:00,4406.13,4410.25,4405.76,4408.67,1625,9,0
2026-08-12 11:05:00,4408.67,4410.43,4407.22,4407.26,1557,20,0
2026-08-12 11:10:00,4407.35,4409.33,4407.22,4408.47,1308,8,0
2026-08-12 11:15:00,4408.34,4408.56,4406.48,4407.32,1078,8,0
2026-08-12 11:20:00,4407.28,4409.38,4407.28,4408.2,1468,9,0
2026-08-12 11:25:00,4408.17,4408.44,4405.49,4406.91,1241,14,0
2026-08-12 11:30:00,4406.91,4407.5,4405.1,4405.6,1108,9,0
2026-08-12 11:35:00,4405.7,4406.51,4404.66,4405.88,1141,8,0
2026-08-12 11:40:00,4405.88,4406.24,4404.38,4405.94,1044,9,0
2026-08-12 11:45:00,4405.96,4405.96,4402.7,4404.14,1059,12,0
2026-08-12 11:50:00,4404.16,4404.99,4403.13,4403.14,988,22,0
2026-08-12 11:55:00,4403.14,4403.65,4401.66,4401.72,818,10,0
2026-08-12 12:00:00,4401.75,4407.87,4401.72,4407.2,1175,12,0
2026-08-12 12:05:00,4407.2,4408.83,4406.59,4408.69,1054,8,0
2026-08-12 12:10:00,4408.67,4413.02,4407.81,4412.75,1747,8,0
2026-08-12 12:15:00,4412.97,4417.84,4412.3,4415.35,1685,8,0
2026-08-12 12:20:00,4415.42,4424.15,4413.45,4423.52,2404,8,0
2026-08-12 12:25:00,4423.49,4423.49,4412.98,4413.17,2226,8,0
2026-08-12 12:30:00,4413.06,4415.76,4412.04,4414.15,1742,8,0
2026-08-12 12:35:00,4414.15,4416.3,4412.53,4415.96,1753,8,0
2026-08-12 12:40:00,4415.86,4417.01,4413.17,4413.65,1335,12,0
2026-08-12 12:45:00,4413.73,4414.28,4412.33,4412.83,1438,9,0
2026-08-12 12:50:00,4412.8,4416.5,4410.8,4411.69,2158,8,0
2026-08-12 12:55:00,4411.8,4416.37,4411.39,4415.77,1592,8,0
2026-08-12 13:00:00,4415.77,4416.29,4414.52,4414.94,1291,8,0
2026-08-12 13:05:00,4414.97,4419.1,4414.92,4417.97,1536,8,0
2026-08-12 13:10:00,4417.96,4419.24,4417.02,4417.85,1301,8,0
2026-08-12 13:15:00,4417.87,4419.72,4417.24,4419.37,1102,8,0
2026-08-12 13:20:00,4419.41,4420.28,4418.63,4419.05,1487,17,0
2026-08-12 13:25:00,4419.1,4420.91,4417.97,4419.54,1385,8,0
2026-08-12 13:30:00,4419.57,4419.83,4416.9,4417.01,1324,8,0
2026-08-12 13:35:00,4417.01,4417.01,4412.81,4413.82,966,12,0
2026-08-12 13:40:00,4413.82,4415.12,4413.29,4414.7,1067,13,0
2026-08-12 13:45:00,4414.69,4415.7,4407.23,4409.38,1755,8,0
2026-08-12 13:50:00,4409.38,4411.0,4408.3,4410.55,1704,8,0
2026-08-12 13:55:00,4410.57,4412.71,4409.69,4412.63,1510,8,0
2026-08-12 14:00:00,4412.64,4415.18,4410.77,4411.0,1491,13,0
2026-08-12 14:05:00,4411.14,4411.56,4409.3,4410.53,1176,10,0
2026-08-12 14:10:00,4410.52,4411.24,4407.77,4407.8,1031,8,0
2026-08-12 14:15:00,4407.78,4410.16,4407.76,4410.1,812,12,0
2026-08-12 14:20:00,4410.13,4411.39,4409.77,4410.78,868,26,0
2026-08-12 14:25:00,4410.78,4416.69,4410.11,4414.97,1447,13,0
2026-08-12 14:30:00,4414.97,4415.8,4412.84,4413.23,1103,11,0
2026-08-12 14:35:00,4413.16,4413.73,4410.16,4411.52,1057,10,0
2026-08-12 14:40:00,4411.51,4413.78,4411.46,4413.23,1087,8,0
2026-08-12 14:45:00,4413.21,4414.14,4412.52,4413.32,1002,9,0
2026-08-12 14:50:00,4413.37,4414.29,4412.67,4414.14,936,15,0
2026-08-12 14:55:00,4414.06,4415.35,4412.51,4412.7,899,16,0
2026-08-12 15:00:00,4412.68,4413.01,4407.72,4408.56,1512,11,0
2026-08-12 15:05:00,4408.45,4409.22,4406.68,4407.19,1650,14,0
2026-08-12 15:10:00,4407.17,4409.28,4406.12,4408.63,1577,8,0
2026-08-12 15:15:00,4408.61,4408.98,4406.6,4408.24,1789,8,0
2026-08-12 15:20:00,4408.24,4409.7,4404.86,4406.66,2233,8,0
2026-08-12 15:25:00,4406.68,4426.45,4404.55,4426.12,2655,8,0
2026-08-12 15:30:00,4426.12,4431.65,4381.56,4424.84,4247,8,0
2026-08-12 15:35:00,4424.87,4429.99,4415.42,4428.95,3808,8,0
2026-08-12 15:40:00,4428.95,4438.15,4423.7,4428.43,3237,8,0
2026-08-12 15:45:00,4428.43,4428.43,4416.76,4421.55,3156,8,0
2026-08-12 15:50:00,4421.66,4428.81,4420.85,4427.57,2877,8,0
2026-08-12 15:55:00,4427.66,4438.23,4426.25,4437.11,3071,8,0
2026-08-12 16:00:00,4437.09,4441.09,4426.47,4432.2,3715,8,0
2026-08-12 16:05:00,4432.19,4434.36,4427.55,4429.89,3179,8,0
2026-08-12 16:10:00,4430.02,4430.73,4420.7,4421.81,3104,8,0
2026-08-12 16:15:00,4421.82,4428.94,4420.9,4424.18,2919,8,0
2026-08-12 16:20:00,4424.18,4427.59,4416.97,4417.01,3174,8,0
2026-08-12 16:25:00,4417.04,4419.35,4414.49,4418.36,3206,8,0
2026-08-12 16:30:00,4418.33,4420.7,4412.37,4413.8,4075,8,0
2026-08-12 16:35:00,4413.8,4419.84,4410.19,4411.91,3426,8,0
2026-08-12 16:40:00,4411.91,4420.13,4408.28,4416.5,4205,8,0
2026-08-12 16:45:00,4416.41,4428.04,4415.25,4427.77,3831,8,0
2026-08-12 16:50:00,4427.96,4433.94,4426.08,4432.24,3985,9,0
2026-08-12 16:55:00,4432.47,4432.96,4426.79,4427.56,3762,8,0
2026-08-12 17:00:00,4427.56,4429.09,4420.95,4426.64,3592,8,0
2026-08-12 17:05:00,4426.64,4430.07,4426.11,4429.64,3597,11,0
2026-08-12 17:10:00,4429.54,4434.79,4429.1,4431.84,3121,10,0
2026-08-12 17:15:00,4431.7,4437.47,4429.68,4436.25,2952,8,0
2026-08-12 17:20:00,4436.17,4439.63,4433.74,4436.37,2806,8,0
2026-08-12 17:25:00,4436.38,4437.2,4430.2,4431.43,2976,8,0
2026-08-12 17:30:00,4431.45,4435.97,4419.14,4420.68,3728,7,0
2026-08-12 17:35:00,4420.66,4423.17,4416.22,4418.21,3282,9,0
2026-08-12 17:40:00,4418.3,4425.42,4417.0,4424.86,3078,8,0
2026-08-12 17:45:00,4424.86,4432.45,4420.26,4422.18,3581,8,0
2026-08-12 17:50:00,4422.23,4424.32,4416.32,4422.67,3735,8,0
2026-08-12 17:55:00,4422.71,4424.08,4418.8,4422.06,3453,7,0
2026-08-12 18:00:00,4422.07,4423.53,4415.25,4416.11,3656,8,0
2026-08-12 18:05:00,4416.12,4423.28,4414.82,4421.51,3117,8,0
2026-08-12 18:10:00,4421.6,4430.09,4421.26,4426.47,3088,8,0
2026-08-12 18:15:00,4426.49,4427.0,4422.14,4424.35,2837,8,0
2026-08-12 18:20:00,4424.42,4428.09,4424.08,4426.31,2410,8,0
2026-08-12 18:25:00,4426.29,4426.45,4419.48,4421.36,2774,8,0
2026-08-12 18:30:00,4421.53,4425.3,4418.31,4418.9,2310,12,0
2026-08-12 18:35:00,4418.88,4421.06,4416.63,4420.81,2145,9,0
2026-08-12 18:40:00,4420.81,4421.82,4416.81,4418.11,2096,11,0
2026-08-12 18:45:00,4418.11,4418.41,4414.16,4415.73,2308,13,0
2026-08-12 18:50:00,4415.73,4416.7,4410.85,4416.6,2292,8,0
2026-08-12 18:55:00,4416.53,4422.29,4416.47,4420.99,1885,13,0
2026-08-12 19:00:00,4420.97,4425.72,4418.17,4420.48,2453,8,0
2026-08-12 19:05:00,4420.45,4422.18,4417.92,4419.47,2029,8,0
2026-08-12 19:10:00,4419.63,4424.18,4416.77,4423.35,2275,8,0
2026-08-12 19:15:00,4423.46,4426.17,4422.62,4425.24,1854,8,0
2026-08-12 19:20:00,4425.28,4426.4,4423.75,4426.19,1175,8,0
2026-08-12 19:25:00,4426.18,4426.38,4422.22,4423.12,1515,8,0
2026-08-12 19:30:00,4423.09,4423.86,4413.06,4413.06,2601,8,0
2026-08-12 19:35:00,4413.23,4415.98,4411.34,4413.93,2768,8,0
2026-08-12 19:40:00,4413.9,4415.67,4409.14,4410.97,2573,8,0
2026-08-12 19:45:00,4410.97,4411.37,4402.01,4402.39,1944,8,0
2026-08-12 19:50:00,4402.39,4406.23,4401.84,4405.28,2664,8,0
2026-08-12 19:55:00,4405.31,4405.31,4396.39,4401.5,2719,9,0
2026-08-12 20:00:00,4401.53,4405.37,4399.72,4403.0,2712,9,0
2026-08-12 20:05:00,4403.06,4407.56,4402.24,4406.48,2318,10,0
2026-08-12 20:10:00,4406.44,4406.71,4403.08,4403.62,2049,11,0
2026-08-12 20:15:00,4403.6,4404.28,4401.87,4403.29,1877,8,0
2026-08-12 20:20:00,4403.29,4409.86,4402.62,4407.63,2740,8,0
2026-08-12 20:25:00,4407.63,4408.94,4405.35,4406.4,2449,12,0
2026-08-12 20:30:00,4406.52,4410.64,4405.97,4410.31,1878,9,0
2026-08-12 20:35:00,4410.34,4411.45,4404.78,4405.68,1735,13,0
2026-08-12 20:40:00,4405.64,4405.64,4401.3,4401.93,1904,8,0
2026-08-12 20:45:00,4401.93,4403.88,4401.49,4403.11,1583,12,0
2026-08-12 20:50:00,4402.94,4405.49,4399.71,4400.12,1339,14,0
2026-08-12 20:55:00,4400.1,4401.7,4398.87,4399.27,771,10,0
2026-08-12 21:00:00,4398.99,4399.35,4396.31,4398.89,1105,8,0
2026-08-12 21:05:00,4398.89,4404.11,4398.38,4404.05,1238,12,0
2026-08-12 21:10:00,4404.07,4406.54,4404.07,4405.7,1343,8,0
2026-08-12 21:15:00,4405.8,4408.21,4404.49,4408.0,1595,15,0
2026-08-12 21:20:00,4408.0,4410.7,4407.32,4410.63,1174,13,0
2026-08-12 21:25:00,4410.63,4411.12,4407.33,4408.49,1858,9,0
2026-08-12 21:30:00,4408.51,4413.06,4407.94,4412.27,1518,12,0
2026-08-12 21:35:00,4412.27,4412.92,4410.47,4411.04,1488,12,0
2026-08-12 21:40:00,4410.9,4413.63,4410.44,4413.54,1680,12,0
2026-08-12 21:45:00,4413.56,4417.86,4413.32,4417.26,1773,8,0
2026-08-12 21:50:00,4417.24,4417.24,4413.52,4413.77,1295,10,0
2026-08-12 21:55:00,4413.78,4414.25,4412.74,4413.04,1603,8,0
2026-08-12 22:00:00,4413.04,4416.97,4412.83,4416.67,1699,8,0
2026-08-12 22:05:00,4416.57,4418.36,4415.02,4415.91,1273,13,0
2026-08-12 22:10:00,4415.95,4416.8,4415.55,4416.35,1245,16,0
2026-08-12 22:15:00,4416.32,4417.97,4415.98,4417.44,1448,13,0
2026-08-12 22:20:00,4417.33,4417.57,4416.08,4416.42,1271,15,0
2026-08-12 22:25:00,4416.46,4417.34,4415.65,4416.66,1637,10,0
2026-08-12 22:30:00,4416.68,4416.76,4413.27,4413.69,1605,12,0
2026-08-12 22:35:00,4413.69,4414.2,4411.29,4411.72,1389,12,0
2026-08-12 22:40:00,4411.76,4413.44,4411.26,4413.21,1815,8,0
2026-08-12 22:45:00,4413.21,4413.55,4408.09,4409.67,1810,9,0
2026-08-12 22:50:00,4409.65,4413.15,4409.65,4411.41,1866,9,0
2026-08-12 22:55:00,4411.41,4413.98,4410.84,4413.76,2270,9,0
2026-08-13 01:00:00,4403.56,4409.89,4360.52,4405.15,703,49,0
2026-08-13 01:05:00,4405.16,4405.43,4402.34,4403.97,239,8,0
2026-08-13 01:10:00,4403.62,4404.07,4402.45,4403.02,82,7,0
2026-08-13 01:15:00,4403.02,4403.17,4401.66,4402.17,71,8,0
2026-08-13 01:20:00,4402.18,4402.7,4401.55,4402.03,120,21,0
2026-08-13 01:25:00,4402.08,4402.71,4398.1,4399.25,325,10,0
2026-08-13 01:30:00,4399.25,4401.72,4398.79,4400.16,397,12,0
2026-08-13 01:35:00,4400.28,4400.97,4398.7,4399.54,662,11,0
2026-08-13 01:40:00,4399.52,4400.52,4399.3,4400.09,623,12,0
2026-08-13 01:45:00,4400.08,4401.27,4399.82,4400.49,712,17,0
2026-08-13 01:50:00,4400.49,4402.01,4400.49,4401.97,339,15,0
2026-08-13 01:55:00,4401.95,4402.98,4401.64,4402.22,517,18,0
2026-08-13 02:00:00,4401.52,4404.44,4401.52,4403.74,635,16,0
2026-08-13 02:05:00,4403.7,4405.33,4403.15,4405.33,557,9,0
2026-08-13 02:10:00,4405.31,4405.94,4404.95,4405.59,511,12,0
2026-08-13 02:15:00,4405.59,4407.95,4405.56,4407.25,407,28,0
2026-08-13 02:20:00,4407.25,4408.39,4407.25,4408.19,304,24,0
2026-08-13 02:25:00,4408.43,4409.71,4407.49,4408.25,639,9,0
2026-08-13 02:30:00,4408.25,4410.3,4408.18,4408.74,544,13,0
2026-08-13 02:35:00,4408.74,4409.47,4407.8,4408.09,413,21,0
2026-08-13 02:40:00,4408.09,4408.99,4407.24,4408.48,375,18,0
2026-08-13 02:45:00,4408.51,4409.91,4408.21,4408.36,565,11,0
2026-08-13 02:50:00,4408.35,4411.08,4407.79,4410.98,435,14,0
2026-08-13 02:55:00,4410.98,4414.47,4410.76,4414.37,1065,13,0
2026-08-13 03:00:00,4414.16,4419.53,4412.95,4416.26,2427,8,0
2026-08-13 03:05:00,4416.26,4422.27,4415.1,4421.08,2114,10,0
2026-08-13 03:10:00,4421.08,4421.19,4418.44,4419.14,1726,14,0
2026-08-13 03:15:00,4419.12,4429.32,4419.12,4428.41,2276,8,0
2026-08-13 03:20:00,4428.41,4437.38,4428.2,4434.18,2242,8,0
2026-08-13 03:25:00,4434.18,4434.45,4426.89,4428.26,2083,11,0
2026-08-13 03:30:00,4428.26,4449.63,4424.49,4444.2,2731,9,0
2026-08-13 03:35:00,4444.18,4445.34,4437.08,4437.48,2378,8,0
2026-08-13 03:40:00,4437.5,4440.57,4437.21,4440.08,1911,8,0
2026-08-13 03:45:00,4440.06,4440.21,4429.43,4429.73,2149,8,0
2026-08-13 03:50:00,4429.73,4432.66,4428.66,4431.45,2212,9,0
2026-08-13 03:55:00,4431.55,4431.66,4423.9,4427.89,2527,8,0
2026-08-13 04:00:00,4427.63,4433.99,4422.82,4433.24,3724,8,0
2026-08-13 04:05:00,4433.24,4435.27,4430.69,4434.91,2832,9,0
2026-08-13 04:10:00,4434.88,4434.94,4428.58,4430.07,2505,8,0
2026-08-13 04:15:00,4430.07,4435.32,4426.58,4427.14,2787,12,0
2026-08-13 04:20:00,4427.13,4427.54,4418.81,4421.24,2835,13,0
2026-08-13 04:25:00,4421.24,4423.65,4419.1,4419.34,2287,11,0
2026-08-13 04:30:00,4419.34,4429.02,4418.97,4428.29,2940,8,0
2026-08-13 04:35:00,4428.34,4430.11,4424.06,4424.14,2566,8,0
2026-08-13 04:40:00,4424.14,4424.14,4417.75,4419.23,2971,12,0
2026-08-13 04:45:00,4419.22,4419.22,4410.18,4412.77,3002,8,0
2026-08-13 04:50:00,4412.78,4415.56,4409.36,4415.46,3114,8,0
2026-08-13 04:55:00,4415.46,4416.07,4406.23,4408.43,2653,8,0
2026-08-13 05:00:00,4408.4,4410.21,4405.74,4408.23,2697,8,0
2026-08-13 05:05:00,4408.26,4413.37,4405.33,4413.14,3054,8,0
2026-08-13 05:10:00,4412.88,4414.01,4410.12,4410.72,2407,12,0
2026-08-13 05:15:00,4410.74,4412.03,4409.94,4411.71,1594,10,0
2026-08-13 05:20:00,4411.76,4412.5,4405.94,4406.66,1141,8,0
2026-08-13 05:25:00,4406.66,4408.83,4406.35,4406.5,1167,11,0
2026-08-13 05:30:00,4406.36,4406.36,4400.34,4402.45,3258,8,0
2026-08-13 05:35:00,4402.45,4408.9,4398.68,4408.61,2423,8,0
2026-08-13 05:40:00,4408.64,4410.3,4406.12,4410.28,2097,11,0
2026-08-13 05:45:00,4410.28,4410.36,4407.17,4410.05,2195,11,0
2026-08-13 05:50:00,4410.02,4410.57,4405.38,4405.48,1586,10,0
2026-08-13 05:55:00,4405.48,4408.25,4405.46,4407.06,1371,15,0
2026-08-13 06:00:00,4407.06,4411.55,4406.75,4410.82,2209,11,0
2026-08-13 06:05:00,4410.84,4412.15,4407.76,4408.05,2011,11,0
2026-08-13 06:10:00,4408.02,4409.47,4403.81,4406.97,1730,16,0
2026-08-13 06:15:00,4406.98,4410.1,4405.52,4408.8,1780,13,0
2026-08-13 06:20:00,4408.8,4409.46,4406.94,4409.15,1681,17,0
2026-08-13 06:25:00,4409.13,4410.07,4407.63,4409.15,1616,10,0
2026-08-13 06:30:00,4409.18,4410.36,4408.93,4409.78,899,17,0
2026-08-13 06:35:00,4409.83,4410.4,4408.77,4409.23,854,11,0
2026-08-13 06:40:00,4409.23,4409.25,4405.32,4405.88,1117,8,0
2026-08-13 06:45:00,4405.88,4407.53,4404.85,4405.38,1115,9,0
2026-08-13 06:50:00,4405.25,4405.96,4402.19,4403.34,1138,11,0
2026-08-13 06:55:00,4403.34,4403.34,4398.65,4400.16,1406,9,0
2026-08-13 07:00:00,4400.16,4400.29,4394.7,4396.1,2088,7,0
2026-08-13 07:05:00,4396.1,4397.23,4395.14,4395.87,1601,8,0
2026-08-13 07:10:00,4395.87,4396.04,4391.47,4394.48,1557,11,0
2026-08-13 07:15:00,4394.49,4395.84,4393.33,4394.69,1225,10,0
2026-08-13 07:20:00,4394.68,4397.81,4392.49,4397.5,1306,8,0
2026-08-13 07:25:00,4397.51,4399.15,4396.82,4398.11,1188,15,0
2026-08-13 07:30:00,4398.12,4399.48,4397.53,4398.74,1163,10,0
2026-08-13 07:35:00,4398.72,4399.34,4397.24,4397.66,918,11,0
2026-08-13 07:40:00,4397.68,4399.28,4395.07,4395.8,907,9,0
2026-08-13 07:45:00,4395.81,4398.83,4395.66,4395.76,1881,8,0
2026-08-13 07:50:00,4395.74,4397.59,4395.29,4396.58,1200,12,0
2026-08-13 07:55:00,4396.74,4398.53,4396.17,4397.75,995,14,0
2026-08-13 08:00:00,4397.69,4397.86,4393.03,4394.56,1859,8,0
2026-08-13 08:05:00,4394.56,4397.65,4394.3,4396.71,1389,8,0
2026-08-13 08:10:00,4396.77,4404.75,4395.34,4404.53,2063,8,0
2026-08-13 08:15:00,4404.57,4405.64,4400.64,4401.29,1696,8,0
2026-08-13 08:20:00,4401.32,4403.59,4400.99,4402.93,1130,9,0
2026-08-13 08:25:00,4402.91,4407.23,4402.59,4406.28,1306,10,0
2026-08-13 08:30:00,4406.26,4407.16,4393.32,4397.45,3010,8,0
2026-08-13 08:35:00,4397.42,4399.85,4396.9,4399.63,2520,12,0
2026-08-13 08:40:00,4399.58,4400.83,4386.36,4387.62,2866,8,0
2026-08-13 08:45:00,4387.6,4389.22,4383.1,4387.1,2764,9,0
2026-08-13 08:50:00,4387.27,4389.26,4384.29,4384.5,2631,8,0
2026-08-13 08:55:00,4384.5,4386.17,4380.33,4382.96,2213,8,0
2026-08-13 09:00:00,4382.93,4385.51,4376.38,4377.89,2565,10,0
2026-08-13 09:05:00,4377.89,4379.78,4375.48,4379.1,2503,9,0
2026-08-13 09:10:00,4379.1,4380.64,4374.98,4375.81,2361,9,0
2026-08-13 09:15:00,4375.81,4378.52,4374.96,4375.42,1839,8,0
2026-08-13 09:20:00,4375.36,4378.56,4374.15,4378.47,2136,15,0
2026-08-13 09:25:00,4378.49,4378.72,4374.44,4375.94,2310,12,0
2026-08-13 09:30:00,4375.94,4378.7,4369.68,4371.98,2319,8,0
2026-08-13 09:35:00,4371.95,4372.58,4368.75,4371.27,1984,8,0
2026-08-13 09:40:00,4371.6,4374.52,4371.38,4374.08,1647,8,0
2026-08-13 09:45:00,4374.08,4379.12,4373.92,4378.55,1774,7,0
2026-08-13 09:50:00,4378.54,4380.41,4378.26,4380.09,1885,14,0
2026-08-13 09:55:00,4380.07,4381.58,4379.49,4380.87,1807,11,0
2026-08-13 10:00:00,4380.86,4381.67,4378.23,4379.59,2178,11,0
2026-08-13 10:05:00,4379.69,4380.6,4377.36,4378.23,1610,10,0
2026-08-13 10:10:00,4378.18,4378.83,4374.97,4376.83,1693,8,0
2026-08-13 10:15:00,4376.93,4377.65,4373.76,4374.0,1852,14,0
2026-08-13 10:20:00,4373.97,4376.89,4373.65,4376.47,1704,11,0
2026-08-13 10:25:00,4376.45,4377.24,4374.62,4376.42,1743,8,0
2026-08-13 10:30:00,4376.37,4377.26,4372.15,4373.52,1992,8,0
2026-08-13 10:35:00,4373.43,4376.6,4372.38,4374.41,1881,8,0
2026-08-13 10:40:00,4374.4,4378.6,4373.69,4378.39,1744,9,0
2026-08-13 10:45:00,4378.54,4378.75,4371.11,4371.74,1864,7,0
2026-08-13 10:50:00,4371.74,4373.55,4369.77,4372.91,1536,8,0
2026-08-13 10:55:00,4372.97,4373.03,4369.21,4369.87,2125,9,0
2026-08-13 11:00:00,4369.86,4370.52,4365.75,4367.05,2610,8,0
2026-08-13 11:05:00,4367.07,4369.74,4365.85,4365.85,1799,8,0
2026-08-13 11:10:00,4365.86,4367.85,4364.05,4365.92,2014,8,0
2026-08-13 11:15:00,4365.95,4367.93,4365.3,4365.4,1912,8,0
2026-08-13 11:20:00,4365.44,4370.79,4364.88,4370.04,2188,8,0
2026-08-13 11:25:00,4370.04,4373.52,4369.61,4372.74,1761,8,0
2026-08-13 11:30:00,4372.72,4375.74,4371.85,4374.53,1789,8,0
2026-08-13 11:35:00,4374.57,4375.69,4373.48,4373.53,1818,8,0
2026-08-13 11:40:00,4373.42,4375.34,4373.34,4373.63,1283,11,0
2026-08-13 11:45:00,4373.62,4379.07,4373.41,4378.54,1746,10,0
2026-08-13 11:50:00,4378.48,4379.22,4374.85,4375.98,1601,10,0
2026-08-13 11:55:00,4376.09,4377.06,4374.97,4375.83,1101,9,0
2026-08-13 12:00:00,4375.86,4376.84,4373.45,4374.16,1708,8,0
2026-08-13 12:05:00,4374.19,4378.08,4372.39,4377.0,1945,8,0
2026-08-13 12:10:00,4377.0,4378.35,4376.52,4376.83,1900,8,0
2026-08-13 12:15:00,4376.83,4380.93,4376.2,4380.5,1759,8,0
2026-08-13 12:20:00,4380.27,4382.02,4378.0,4378.52,1640,8,0
2026-08-13 12:25:00,4378.54,4382.25,4378.54,4379.91,2047,9,0
2026-08-13 12:30:00,4379.91,4381.3,4379.64,4380.8,1606,8,0
2026-08-13 12:35:00,4380.83,4381.68,4380.16,4380.96,1377,10,0
2026-08-13 12:40:00,4380.97,4381.57,4378.76,4379.97,1536,9,0
2026-08-13 12:45:00,4380.01,4380.62,4378.45,4379.49,1022,8,0
2026-08-13 12:50:00,4379.55,4381.07,4378.92,4380.29,990,8,0
2026-08-13 12:55:00,4380.3,4384.83,4379.96,4384.47,1464,8,0
2026-08-13 13:00:00,4384.53,4385.29,4383.45,4384.44,1495,8,0
2026-08-13 13:05:00,4384.46,4385.32,4383.69,4384.09,1044,11,0
2026-08-13 13:10:00,4384.1,4384.64,4381.38,4381.56,1045,9,0
2026-08-13 13:15:00,4381.59,4385.93,4381.57,4385.23,1015,9,0
2026-08-13 13:20:00,4385.21,4386.34,4383.76,4384.69,1454,7,0
2026-08-13 13:25:00,4384.69,4387.6,4384.57,4387.15,997,9,0
2026-08-13 13:30:00,4387.14,4387.8,4384.51,4385.33,1222,8,0
2026-08-13 13:35:00,4385.33,4389.13,4385.33,4388.71,853,8,0
2026-08-13 13:40:00,4388.72,4390.56,4388.0,4390.51,1005,9,0
2026-08-13 13:45:00,4390.51,4390.58,4388.19,4390.26,995,12,0
2026-08-13 13:50:00,4390.27,4393.76,4390.14,4392.58,1372,12,0
2026-08-13 13:55:00,4392.57,4392.82,4391.07,4392.08,1325,9,0
2026-08-13 14:00:00,4392.1,4392.97,4388.28,4389.04,1695,8,0
2026-08-13 14:05:00,4389.04,4391.7,4388.83,4390.56,1262,13,0
2026-08-13 14:10:00,4390.56,4394.35,4390.23,4394.22,1459,8,0
2026-08-13 14:15:00,4394.22,4396.51,4392.65,4393.24,1599,8,0
2026-08-13 14:20:00,4393.26,4394.17,4391.19,4392.45,1416,10,0
2026-08-13 14:25:00,4392.45,4393.05,4388.01,4388.05,1689,13,0
2026-08-13 14:30:00,4388.07,4389.28,4386.68,4388.43,1585,8,0
2026-08-13 14:35:00,4388.43,4389.84,4387.78,4389.02,1245,9,0
2026-08-13 14:40:00,4389.04,4389.04,4383.7,4383.96,1569,8,0
2026-08-13 14:45:00,4383.94,4385.78,4383.07,4384.64,1389,9,0
2026-08-13 14:50:00,4384.64,4385.33,4382.72,4384.44,1386,8,0
2026-08-13 14:55:00,4384.44,4388.07,4383.15,4387.61,1600,8,0
2026-08-13 15:00:00,4387.63,4388.09,4385.67,4387.02,1608,8,0
2026-08-13 15:05:00,4387.02,4391.7,4385.96,4390.77,1897,8,0
2026-08-13 15:10:00,4390.76,4390.8,4387.97,4388.99,2168,8,0
2026-08-13 15:15:00,4389.03,4389.54,4384.7,4386.37,1983,11,0
2026-08-13 15:20:00,4386.48,4389.85,4384.33,4385.6,2408,8,0
2026-08-13 15:25:00,4385.62,4392.65,4384.0,4390.9,2004,7,0
2026-08-13 15:30:00,4390.81,4401.09,4380.72,4391.77,2428,8,0
2026-08-13 15:35:00,4391.77,4392.58,4386.41,4390.18,2805,8,0
2026-08-13 15:40:00,4390.18,4394.21,4385.83,4392.08,3108,8,0
2026-08-13 15:45:00,4392.09,4397.23,4391.67,4394.82,2697,8,0
2026-08-13 15:50:00,4394.8,4396.94,4392.65,4394.72,2796,9,0
2026-08-13 15:55:00,4394.72,4401.9,4392.85,4401.77,3309,8,0
2026-08-13 16:00:00,4401.85,4402.17,4391.52,4394.01,3910,8,0
2026-08-13 16:05:00,4394.02,4398.0,4392.01,4393.4,3490,9,0
2026-08-13 16:10:00,4393.38,4394.62,4391.03,4393.84,3288,8,0
2026-08-13 16:15:00,4393.84,4395.38,4390.58,4392.27,3083,8,0
2026-08-13 16:20:00,4392.27,4395.25,4388.6,4388.77,3367,7,0
2026-08-13 16:25:00,4388.48,4390.12,4384.01,4385.2,3264,9,0
2026-08-13 16:30:00,4384.9,4389.74,4377.11,4378.85,4043,8,0
2026-08-13 16:35:00,4378.85,4382.71,4375.23,4382.42,3652,8,0
2026-08-13 16:40:00,4382.33,4384.09,4376.46,4379.41,3860,8,0
2026-08-13 16:45:00,4379.42,4382.97,4375.7,4377.6,4170,8,0
2026-08-13 16:50:00,4377.54,4378.39,4370.67,4376.29,3998,8,0
2026-08-13 16:55:00,4376.29,4378.26,4371.94,4372.62,4000,7,0
2026-08-13 17:00:00,4372.76,4378.86,4369.69,4373.07,3626,8,0
2026-08-13 17:05:00,4373.07,4378.81,4368.26,4369.28,3858,8,0
2026-08-13 17:10:00,4369.16,4371.99,4366.5,4370.83,3632,7,0
2026-08-13 17:15:00,4370.83,4378.13,4368.95,4375.63,3533,8,0
2026-08-13 17:20:00,4375.73,4377.99,4370.57,4374.33,3733,9,0
2026-08-13 17:25:00,4374.34,4376.25,4367.49,4367.62,3714,8,0
2026-08-13 17:30:00,4367.39,4376.28,4357.53,4374.87,2318,8,0
2026-08-13 17:35:00,4374.76,4378.05,4371.88,4377.51,3435,9,0
2026-08-13 17:40:00,4377.51,4381.75,4376.44,4381.18,3222,9,0
2026-08-13 17:45:00,4381.33,4386.95,4381.03,4384.84,3272,8,0
2026-08-13 17:50:00,4384.66,4386.96,4382.39,4384.04,3250,9,0
2026-08-13 17:55:00,4384.04,4386.89,4383.19,4383.67,2889,8,0
2026-08-13 18:00:00,4383.69,4385.67,4377.82,4378.1,3128,8,0
2026-08-13 18:05:00,4378.14,4378.31,4369.3,4371.05,2934,8,0
2026-08-13 18:10:00,4371.07,4371.95,4368.26,4369.68,2808,7,0
2026-08-13 18:15:00,4369.71,4370.43,4363.57,4367.91,3198,8,0
2026-08-13 18:20:00,4367.85,4372.23,4366.39,4371.42,3023,8,0
2026-08-13 18:25:00,4371.44,4373.92,4363.46,4365.34,3324,8,0
2026-08-13 18:30:00,4365.35,4365.49,4357.44,4360.64,3497,8,0
2026-08-13 18:35:00,4360.72,4371.47,4360.43,4369.07,2824,8,0
2026-08-13 18:40:00,4369.03,4371.51,4368.04,4368.37,2708,12,0
2026-08-13 18:45:00,4368.39,4370.87,4368.17,4369.19,2499,13,0
2026-08-13 18:50:00,4369.16,4370.16,4365.52,4365.89,2454,8,0
2026-08-13 18:55:00,4365.91,4368.12,4363.23,4365.09,2511,8,0
2026-08-13 19:00:00,4365.13,4367.37,4362.57,4363.42,2575,19,0
2026-08-13 19:05:00,4363.4,4363.55,4358.51,4358.72,2486,13,0
2026-08-13 19:10:00,4358.4,4360.18,4353.97,4355.1,2878,8,0
2026-08-13 19:15:00,4355.07,4355.62,4351.41,4351.56,3181,9,0
2026-08-13 19:20:00,4351.52,4358.32,4351.08,4358.22,3118,8,0
2026-08-13 19:25:00,4358.11,4362.93,4356.55,4362.42,2917,15,0
2026-08-13 19:30:00,4362.46,4366.54,4362.44,4366.52,2661,9,0
2026-08-13 19:35:00,4366.53,4366.77,4362.88,4363.77,2283,12,0
2026-08-13 19:40:00,4363.72,4367.09,4363.27,4365.57,2024,9,0
2026-08-13 19:45:00,4365.65,4367.45,4365.6,4366.08,1815,12,0
2026-08-13 19:50:00,4366.14,4366.66,4364.01,4365.3,1905,13,0
2026-08-13 19:55:00,4365.27,4368.39,4365.19,4366.96,1875,11,0
2026-08-13 20:00:00,4366.9,4369.31,4364.92,4366.21,1769,15,0
2026-08-13 20:05:00,4366.22,4372.58,4366.21,4371.99,2559,17,0
2026-08-13 20:10:00,4371.96,4373.29,4371.03,4371.38,2376,14,0
2026-08-13 20:15:00,4371.5,4371.82,4366.02,4367.5,2495,11,0
2026-08-13 20:20:00,4367.5,4369.25,4366.99,4367.98,2448,9,0
2026-08-13 20:25:00,4367.98,4369.08,4362.36,4363.12,2458,10,0
2026-08-13 20:30:00,4363.13,4364.42,4359.96,4361.11,2164,8,0
2026-08-13 20:35:00,4361.1,4362.37,4359.85,4361.51,2516,11,0
2026-08-13 20:40:00,4361.48,4362.16,4355.53,4357.22,2770,9,0
2026-08-13 20:45:00,4357.22,4359.86,4357.13,4359.27,2201,9,0
2026-08-13 20:50:00,4359.27,4360.02,4357.33,4357.83,1982,18,0
2026-08-13 20:55:00,4357.72,4358.21,4355.71,4355.91,1700,14,0
2026-08-13 21:00:00,4355.9,4359.98,4355.84,4358.55,2568,12,0
2026-08-13 21:05:00,4358.48,4360.02,4357.26,4359.39,2241,9,0
2026-08-13 21:10:00,4359.41,4362.73,4358.05,4361.92,2431,12,0
2026-08-13 21:15:00,4361.9,4363.51,4360.78,4363.01,2138,13,0
2026-08-13 21:20:00,4363.01,4363.1,4356.0,4357.17,2185,16,0
2026-08-13 21:25:00,4357.23,4358.26,4354.72,4357.54,2441,14,0
2026-08-13 21:30:00,4357.48,4359.48,4356.33,4358.41,2025,12,0
2026-08-13 21:35:00,4358.45,4359.93,4357.55,4359.46,1962,9,0
2026-08-13 21:40:00,4359.46,4360.34,4357.28,4357.89,1927,8,0
2026-08-13 21:45:00,4357.96,4358.21,4356.46,4357.05,1487,14,0
2026-08-13 21:50:00,4357.26,4357.54,4354.65,4356.78,1779,10,0
2026-08-13 21:55:00,4356.94,4357.82,4356.53,4356.94,1319,17,0
2026-08-13 22:00:00,4356.98,4358.86,4356.01,4358.12,1585,14,0
2026-08-13 22:05:00,4358.11,4358.27,4353.06,4353.43,1920,12,0
2026-08-13 22:10:00,4353.42,4353.73,4346.18,4346.77,1908,8,0
2026-08-13 22:15:00,4346.77,4348.53,4343.58,4347.81,3009,8,0
2026-08-13 22:20:00,4347.81,4349.24,4346.32,4348.58,1964,7,0
2026-08-13 22:25:00,4348.58,4351.73,4348.32,4351.53,1883,7,0
2026-08-13 22:30:00,4351.51,4352.09,4349.65,4350.97,1958,7,0
2026-08-13 22:35:00,4350.95,4354.14,4350.57,4353.2,1972,11,0
2026-08-13 22:40:00,4353.2,4353.27,4350.7,4351.33,2082,8,0
2026-08-13 22:45:00,4351.33,4351.46,4347.73,4349.21,2019,8,0
2026-08-13 22:50:00,4349.2,4350.81,4348.68,4350.33,1749,8,0
2026-08-13 22:55:00,4350.3,4350.56,4347.86,4350.1,2421,8,0
2026-08-14 01:00:00,4340.87,4353.83,4339.71,4352.61,450,87,0
2026-08-14 01:05:00,4352.97,4356.84,4352.7,4356.78,563,23,0
2026-08-14 01:10:00,4356.85,4356.85,4353.73,4354.01,649,11,0
2026-08-14 01:15:00,4354.01,4354.44,4352.75,4353.26,699,13,0
2026-08-14 01:20:00,4353.28,4356.57,4353.13,4356.57,1018,18,0
2026-08-14 01:25:00,4356.37,4357.86,4356.2,4357.21,659,8,0
2026-08-14 01:30:00,4357.16,4357.92,4355.77,4357.3,961,11,0
2026-08-14 01:35:00,4357.27,4362.47,4357.27,4361.73,1090,9,0
2026-08-14 01:40:00,4361.66,4362.77,4359.59,4360.4,1137,12,0
2026-08-14 01:45:00,4360.37,4361.08,4355.14,4355.52,1385,8,0
2026-08-14 01:50:00,4355.69,4357.6,4354.44,4356.22,1101,9,0
2026-08-14 01:55:00,4356.16,4356.52,4353.19,4354.61,707,9,0
2026-08-14 02:00:00,4354.61,4355.13,4349.13,4349.35,958,8,0
2026-08-14 02:05:00,4349.49,4359.56,4349.4,4359.37,1141,11,0
2026-08-14 02:10:00,4359.34,4360.53,4354.67,4360.53,954,8,0
2026-08-14 02:15:00,4360.51,4361.29,4356.86,4358.35,1269,8,0
2026-08-14 02:20:00,4358.35,4360.79,4357.05,4360.36,772,10,0
2026-08-14 02:25:00,4360.38,4363.05,4359.82,4363.02,858,8,0
2026-08-14 02:30:00,4363.02,4363.5,4360.85,4361.49,916,24,0
2026-08-14 02:35:00,4361.49,4361.73,4360.14,4361.73,723,8,0
2026-08-14 02:40:00,4361.53,4362.32,4358.52,4360.21,1602,8,0
2026-08-14 02:45:00,4360.37,4364.09,4359.36,4361.53,1789,9,0
2026-08-14 02:50:00,4361.7,4361.7,4357.1,4357.85,1303,13,0
2026-08-14 02:55:00,4357.82,4359.53,4356.35,4356.35,1226,8,0
2026-08-14 03:00:00,4356.22,4362.02,4355.3,4360.0,2181,8,0
2026-08-14 03:05:00,4360.0,4360.27,4353.83,4357.99,1732,8,0
2026-08-14 03:10:00,4358.02,4358.2,4350.24,4352.08,2191,8,0
2026-08-14 03:15:00,4352.08,4352.24,4347.86,4349.27,1802,10,0
2026-08-14 03:20:00,4349.3,4349.73,4345.45,4347.2,1624,13,0
2026-08-14 03:25:00,4347.2,4347.31,4339.26,4339.26,1882,9,0
2026-08-14 03:30:00,4339.3,4346.93,4336.98,4345.61,2284,8,0
2026-08-14 03:35:00,4345.62,4346.62,4334.4,4335.49,2299,10,0
2026-08-14 03:40:00,4335.47,4340.36,4334.29,4339.64,2017,8,0
2026-08-14 03:45:00,4339.7,4342.72,4329.09,4333.91,2285,8,0
2026-08-14 03:50:00,4333.85,4340.04,4333.33,4339.68,2626,8,0
2026-08-14 03:55:00,4339.6,4342.03,4337.72,4340.96,2425,11,0
2026-08-14 04:00:00,4340.92,4341.4,4329.34,4329.37,3419,8,0
2026-08-14 04:05:00,4329.68,4333.58,4328.1,4328.7,2676,8,0
2026-08-14 04:10:00,4328.7,4328.79,4321.89,4324.15,2816,8,0
2026-08-14 04:15:00,4324.37,4326.0,4317.51,4322.52,2624,8,0
2026-08-14 04:20:00,4322.45,4325.72,4315.86,4316.41,2721,8,0
2026-08-14 04:25:00,4316.41,4321.97,4314.91,4319.57,2261,7,0
2026-08-14 04:30:00,4319.59,4319.66,4313.14,4313.53,2218,8,0
2026-08-14 04:35:00,4313.43,4320.02,4313.01,4319.34,2222,11,0
2026-08-14 04:40:00,4319.36,4321.52,4318.58,4319.57,2288,14,0
2026-08-14 04:45:00,4319.57,4323.34,4314.02,4315.61,2481,9,0
2026-08-14 04:50:00,4315.63,4319.34,4312.11,4317.66,2295,8,0
2026-08-14 04:55:00,4317.69,4321.38,4316.24,4318.14,2728,9,0
2026-08-14 05:00:00,4318.14,4322.86,4315.72,4316.85,2390,9,0
2026-08-14 05:05:00,4316.89,4319.49,4315.88,4317.3,2056,13,0
2026-08-14 05:10:00,4317.31,4317.52,4310.73,4312.44,2432,9,0
2026-08-14 05:15:00,4312.42,4317.3,4312.28,4315.71,2075,8,0
2026-08-14 05:20:00,4315.6,4317.37,4314.9,4316.42,1536,12,0
2026-08-14 05:25:00,4316.27,4318.26,4312.71,4312.94,1597,8,0
2026-08-14 05:30:00,4312.96,4321.31,4311.2,4320.56,2629,8,0
2026-08-14 05:35:00,4320.56,4322.57,4317.94,4320.79,1825,8,0
2026-08-14 05:40:00,4320.76,4322.04,4318.05,4321.1,2100,9,0
2026-08-14 05:45:00,4320.98,4321.93,4313.98,4316.67,2195,10,0
2026-08-14 05:50:00,4316.67,4318.35,4315.07,4316.14,1861,10,0
2026-08-14 05:55:00,4316.11,4316.36,4312.65,4315.62,2180,13,0
2026-08-14 06:00:00,4315.71,4319.16,4313.67,4318.71,2134,14,0
2026-08-14 06:05:00,4318.73,4323.12,4318.71,4319.69,2031,10,0
2026-08-14 06:10:00,4319.69,4323.69,4318.61,4320.17,1830,8,0
2026-08-14 06:15:00,4320.15,4322.97,4319.9,4322.64,1619,9,0
2026-08-14 06:20:00,4322.77,4326.11,4322.33,4325.1,1811,9,0
2026-08-14 06:25:00,4325.1,4326.11,4324.37,4325.71,1424,11,0
2026-08-14 06:30:00,4325.68,4327.9,4325.06,4327.29,1159,8,0
2026-08-14 06:35:00,4327.3,4328.24,4325.46,4326.54,993,9,0
2026-08-14 06:40:00,4326.6,4326.6,4325.29,4325.61,531,12,0
2026-08-14 06:45:00,4325.69,4326.68,4325.56,4326.36,567,19,0
2026-08-14 06:50:00,4326.37,4326.75,4324.14,4324.21,905,9,0
2026-08-14 06:55:00,4324.22,4324.72,4323.44,4323.46,721,12,0
2026-08-14 07:00:00,4323.43,4324.76,4322.69,4322.94,1006,14,0
2026-08-14 07:05:00,4322.96,4324.87,4322.73,4323.82,859,12,0
2026-08-14 07:10:00,4323.82,4327.22,4323.37,4325.95,1101,15,0
2026-08-14 07:15:00,4325.95,4327.64,4325.47,4326.63,858,13,0
2026-08-14 07:20:00,4326.63,4328.02,4326.12,4326.93,908,8,0
2026-08-14 07:25:00,4326.89,4327.31,4325.08,4325.17,1007,8,0
2026-08-14 07:30:00,4325.17,4325.72,4323.17,4324.76,1211,8,0
2026-08-14 07:35:00,4324.7,4325.72,4324.22,4325.13,998,11,0
2026-08-14 07:40:00,4325.15,4326.46,4324.9,4325.23,1027,8,0
2026-08-14 07:45:00,4325.24,4325.24,4324.02,4324.48,796,14,0
2026-08-14 07:50:00,4324.47,4325.33,4323.74,4324.81,614,11,0
2026-08-14 07:55:00,4324.79,4326.91,4324.47,4326.91,831,12,0
2026-08-14 08:00:00,4326.86,4326.96,4323.6,4325.14,1220,8,0
2026-08-14 08:05:00,4325.15,4325.63,4319.87,4319.87,1534,11,0
2026-08-14 08:10:00,4319.9,4322.23,4319.33,4320.23,1433,11,0
2026-08-14 08:15:00,4320.21,4320.29,4317.91,4318.88,1452,11,0
2026-08-14 08:20:00,4318.88,4319.33,4317.08,4318.34,1137,9,0
2026-08-14 08:25:00,4318.28,4319.43,4317.39,4318.37,1048,11,0
2026-08-14 08:30:00,4318.35,4318.35,4310.93,4316.74,2592,8,0
2026-08-14 08:35:00,4316.77,4324.89,4316.63,4322.36,2225,9,0
2026-08-14 08:40:00,4322.34,4324.36,4317.47,4317.71,2138,12,0
2026-08-14 08:45:00,4317.69,4324.19,4317.41,4323.9,2137,14,0
2026-08-14 08:50:00,4323.9,4329.75,4323.55,4329.49,1797,8,0
2026-08-14 08:55:00,4329.5,4333.45,4329.01,4333.44,1827,9,0
2026-08-14 09:00:00,4333.62,4336.0,4331.8,4335.7,2429,8,0
2026-08-14 09:05:00,4335.7,4336.59,4329.75,4330.47,2021,10,0
2026-08-14 09:10:00,4330.45,4334.0,4329.55,4332.44,2183,8,0
2026-08-14 09:15:00,4332.44,4333.54,4331.21,4331.69,1660,17,0
2026-08-14 09:20:00,4331.69,4332.33,4328.38,4331.63,1756,12,0
2026-08-14 09:25:00,4331.63,4332.23,4329.07,4329.12,1701,9,0
2026-08-14 09:30:00,4329.15,4330.42,4328.22,4329.13,1486,15,0
2026-08-14 09:35:00,4329.13,4330.4,4328.06,4329.73,1352,24,0
2026-08-14 09:40:00,4329.73,4332.99,4327.87,4332.99,1557,10,0
2026-08-14 09:45:00,4332.99,4335.6,4332.57,4334.99,1839,10,0
2026-08-14 09:50:00,4334.95,4335.27,4333.36,4334.05,1257,8,0
2026-08-14 09:55:00,4333.98,4335.84,4333.62,4335.54,1125,13,0
2026-08-14 10:00:00,4335.55,4337.34,4332.85,4335.13,1813,8,0
2026-08-14 10:05:00,4335.13,4335.33,4333.28,4334.54,1324,8,0
2026-08-14 10:10:00,4334.57,4334.81,4331.08,4331.13,1611,8,0
2026-08-14 10:15:00,4331.13,4333.41,4331.13,4332.35,1285,8,0
2026-08-14 10:20:00,4332.39,4336.41,4329.74,4336.36,1691,8,0
2026-08-14 10:25:00,4336.36,4336.45,4331.77,4331.9,1799,8,0
2026-08-14 10:30:00,4331.87,4334.14,4331.59,4333.65,1167,20,0
2026-08-14 10:35:00,4333.65,4336.63,4333.44,4336.4,1486,12,0
2026-08-14 10:40:00,4336.38,4340.24,4336.15,4339.67,1559,9,0
2026-08-14 10:45:00,4339.69,4343.34,4339.3,4342.52,1570,8,0
2026-08-14 10:50:00,4342.5,4343.47,4341.49,4343.17,1420,11,0
2026-08-14 10:55:00,4343.28,4345.22,4341.67,4343.63,1248,10,0
2026-08-14 11:00:00,4343.68,4347.95,4342.11,4342.67,2032,9,0
2026-08-14 11:05:00,4342.71,4346.08,4341.84,4345.24,1726,8,0
2026-08-14 11:10:00,4345.15,4347.95,4344.16,4347.77,1189,8,0
2026-08-14 11:15:00,4347.72,4349.18,4345.94,4346.46,1562,8,0
2026-08-14 11:20:00,4346.36,4347.0,4343.48,4344.1,1455,18,0
2026-08-14 11:25:00,4344.1,4345.78,4343.69,4345.69,1281,12,0
2026-08-14 11:30:00,4345.73,4346.6,4344.19,4344.27,1281,8,0
2026-08-14 11:35:00,4344.28,4349.12,4344.28,4348.15,1329,10,0
2026-08-14 11:40:00,4348.15,4349.27,4343.53,4343.68,1283,8,0
2026-08-14 11:45:00,4343.68,4344.71,4342.71,4344.41,1002,11,0
2026-08-14 11:50:00,4344.24,4347.6,4343.81,4346.76,1237,8,0
2026-08-14 11:55:00,4346.75,4349.67,4346.71,4348.61,1091,8,0
2026-08-14 12:00:00,4348.61,4349.06,4347.26,4347.53,1240,11,0
2026-08-14 12:05:00,4347.53,4349.3,4346.04,4348.88,1241,8,0
2026-08-14 12:10:00,4348.88,4351.0,4347.97,4350.73,1058,8,0
2026-08-14 12:15:00,4350.73,4351.94,4349.21,4349.47,1248,8,0
2026-08-14 12:20:00,4349.44,4352.47,4348.77,4352.26,1227,7,0
2026-08-14 12:25:00,4352.26,4354.19,4349.81,4351.74,1366,9,0
2026-08-14 12:30:00,4351.77,4354.14,4349.92,4352.55,1289,8,0
2026-08-14 12:35:00,4352.55,4354.49,4352.16,4352.7,843,12,0
2026-08-14 12:40:00,4352.69,4353.48,4351.74,4353.47,966,9,0
2026-08-14 12:45:00,4353.55,4354.62,4352.66,4353.62,967,8,0
2026-08-14 12:50:00,4353.6,4355.21,4353.01,4354.77,1106,10,0
2026-08-14 12:55:00,4354.77,4357.46,4353.82,4357.15,1470,8,0
2026-08-14 13:00:00,4357.16,4357.44,4355.87,4356.94,1349,10,0
2026-08-14 13:05:00,4356.94,4358.65,4355.74,4356.08,1403,8,0
2026-08-14 13:10:00,4356.18,4356.85,4353.83,4354.34,1382,8,0
2026-08-14 13:15:00,4354.39,4355.32,4351.96,4353.45,1272,8,0
2026-08-14 13:20:00,4353.43,4354.28,4352.4,4353.89,1050,8,0
2026-08-14 13:25:00,4353.9,4354.12,4349.95,4351.3,1447,8,0
2026-08-14 13:30:00,4351.27,4351.46,4348.22,4349.48,1265,8,0
2026-08-14 13:35:00,4349.5,4350.26,4348.61,4348.96,955,10,0
2026-08-14 13:40:00,4348.96,4351.97,4348.61,4351.92,958,8,0
2026-08-14 13:45:00,4351.85,4352.55,4351.34,4351.39,1081,12,0
2026-08-14 13:50:00,4351.37,4353.51,4350.88,4351.06,1193,8,0
2026-08-14 13:55:00,4351.06,4351.12,4348.32,4349.3,1296,8,0
2026-08-14 14:00:00,4349.33,4351.01,4348.33,4349.17,1397,14,0
2026-08-14 14:05:00,4349.15,4351.48,4349.02,4350.91,1056,8,0
2026-08-14 14:10:00,4351.02,4351.64,4350.0,4350.6,1159,12,0
2026-08-14 14:15:00,4350.61,4355.52,4350.59,4355.49,1646,9,0
2026-08-14 14:20:00,4355.5,4356.76,4353.44,4353.99,1478,9,0
2026-08-14 14:25:00,4354.0,4357.09,4353.15,4356.73,1312,16,0
2026-08-14 14:30:00,4356.71,4361.69,4356.46,4361.48,1855,8,0
2026-08-14 14:35:00,4361.49,4363.49,4360.14,4361.67,1556,8,0
2026-08-14 14:40:00,4361.66,4363.49,4361.44,4362.43,1390,10,0
2026-08-14 14:45:00,4362.42,4363.21,4360.94,4361.83,1557,8,0
2026-08-14 14:50:00,4361.8,4368.2,4361.76,4367.12,1835,8,0
2026-08-14 14:55:00,4367.11,4369.42,4365.57,4369.2,1570,13,0
2026-08-14 15:00:00,4369.23,4375.29,4369.01,4373.81,2527,8,0
2026-08-14 15:05:00,4373.83,4376.8,4371.76,4372.08,2028,8,0
2026-08-14 15:10:00,4371.91,4372.2,4365.64,4371.73,2107,8,0
2026-08-14 15:15:00,4371.73,4372.5,4369.62,4372.25,2129,15,0
2026-08-14 15:20:00,4372.34,4380.38,4372.34,4379.06,2667,9,0
2026-08-14 15:25:00,4379.04,4380.84,4377.3,4380.03,1963,8,0
2026-08-14 15:30:00,4380.0,4386.74,4377.34,4381.26,2555,8,0
2026-08-14 15:35:00,4381.26,4381.73,4375.92,4377.73,2284,9,0
2026-08-14 15:40:00,4377.56,4377.56,4372.14,4372.79,2301,8,0
2026-08-14 15:45:00,4372.85,4376.86,4370.91,4374.7,2372,7,0
2026-08-14 15:50:00,4374.7,4377.82,4372.8,4375.42,2237,8,0
2026-08-14 15:55:00,4375.44,4375.72,4372.62,4373.65,2408,10,0
2026-08-14 16:00:00,4373.69,4378.97,4370.18,4378.21,3420,11,0
2026-08-14 16:05:00,4378.21,4380.2,4376.11,4379.8,2779,15,0
2026-08-14 16:10:00,4379.85,4381.08,4374.7,4375.02,2342,8,0
2026-08-14 16:15:00,4375.09,4381.01,4374.99,4380.95,2253,16,0
2026-08-14 16:20:00,4380.96,4385.49,4379.62,4385.4,2332,12,0
2026-08-14 16:25:00,4385.4,4386.49,4383.84,4384.46,2452,9,0
2026-08-14 16:30:00,4384.42,4391.62,4383.56,4390.95,3635,7,0
2026-08-14 16:35:00,4390.95,4396.87,4390.95,4395.34,3015,8,0
2026-08-14 16:40:00,4395.34,4396.22,4390.43,4393.86,3023,8,0
2026-08-14 16:45:00,4393.87,4394.74,4386.38,4386.59,3112,8,0
2026-08-14 16:50:00,4386.59,4388.51,4382.85,4384.57,2927,8,0
2026-08-14 16:55:00,4384.57,4385.78,4382.91,4384.41,2452,8,0
2026-08-14 17:00:00,4384.53,4392.83,4384.23,4391.32,3334,8,0
2026-08-14 17:05:00,4391.44,4391.93,4388.64,4388.65,2887,8,0
2026-08-14 17:10:00,4388.67,4393.19,4386.92,4390.49,2712,9,0
2026-08-14 17:15:00,4390.54,4392.2,4385.48,4386.34,2942,8,0
2026-08-14 17:20:00,4386.22,4392.35,4385.08,4392.07,2920,8,0
2026-08-14 17:25:00,4392.09,4394.68,4390.28,4390.67,2898,13,0
2026-08-14 17:30:00,4390.69,4391.56,4384.16,4384.53,2926,8,0
2026-08-14 17:35:00,4384.53,4387.16,4383.96,4386.03,2916,9,0
2026-08-14 17:40:00,4386.17,4386.63,4381.52,4384.32,3021,9,0
2026-08-14 17:45:00,4384.3,4384.47,4378.82,4380.5,3012,8,0
2026-08-14 17:50:00,4380.51,4383.12,4379.53,4381.62,2535,9,0
2026-08-14 17:55:00,4381.57,4382.86,4379.84,4381.43,2798,8,0
2026-08-14 18:00:00,4381.43,4390.66,4381.01,4386.83,3473,8,0
2026-08-14 18:05:00,4386.83,4389.18,4385.46,4386.43,2980,10,0
2026-08-14 18:10:00,4386.45,4394.09,4385.96,4392.09,3236,9,0
2026-08-14 18:15:00,4392.13,4393.81,4385.95,4386.16,3131,11,0
2026-08-14 18:20:00,4386.15,4387.08,4382.89,4383.24,3063,12,0
2026-08-14 18:25:00,4383.22,4385.0,4378.86,4384.8,3198,8,0
2026-08-14 18:30:00,4384.81,4389.01,4383.88,4387.58,3022,8,0
2026-08-14 18:35:00,4387.58,4389.91,4386.7,4387.59,2513,9,0
2026-08-14 18:40:00,4387.57,4389.8,4386.65,4389.52,2406,10,0
2026-08-14 18:45:00,4389.5,4394.74,4389.31,4392.09,2678,8,0
2026-08-14 18:50:00,4392.11,4393.04,4390.07,4390.42,1983,15,0
2026-08-14 18:55:00,4390.42,4392.99,4390.42,4391.56,1929,8,0
2026-08-14 19:00:00,4391.58,4396.6,4390.93,4390.94,2407,8,0
2026-08-14 19:05:00,4390.94,4393.12,4389.17,4389.92,1966,10,0
2026-08-14 19:10:00,4389.87,4390.42,4388.76,4389.73,1876,18,0
2026-08-14 19:15:00,4389.65,4391.96,4389.39,4391.86,1737,10,0
2026-08-14 19:20:00,4391.81,4393.03,4389.46,4389.8,1365,12,0
2026-08-14 19:25:00,4389.79,4389.79,4386.93,4387.54,1717,14,0
2026-08-14 19:30:00,4387.54,4387.67,4380.22,4383.86,2350,8,0
2026-08-14 19:35:00,4383.83,4389.02,4383.41,4388.36,2479,9,0
2026-08-14 19:40:00,4388.23,4388.67,4385.63,4385.81,2289,13,0
2026-08-14 19:45:00,4385.78,4387.14,4385.28,4387.0,1833,17,0
2026-08-14 19:50:00,4387.02,4387.43,4385.43,4386.45,1971,11,0
2026-08-14 19:55:00,4386.45,4386.62,4384.79,4385.88,1733,11,0
2026-08-14 20:00:00,4385.95,4386.44,4382.97,4383.48,2203,8,0
2026-08-14 20:05:00,4383.48,4384.1,4381.46,4382.23,1980,11,0
2026-08-14 20:10:00,4382.23,4382.52,4380.31,4382.31,2065,11,0
2026-08-14 20:15:00,4382.34,4384.77,4381.4,4381.56,2223,8,0
2026-08-14 20:20:00,4381.56,4382.56,4379.75,4381.59,1579,8,0
2026-08-14 20:25:00,4381.59,4382.37,4379.25,4379.46,2271,8,0
2026-08-14 20:30:00,4379.43,4382.75,4379.29,4382.68,2257,12,0
2026-08-14 20:35:00,4382.68,4382.69,4379.4,4379.47,2054,9,0
2026-08-14 20:40:00,4379.46,4380.6,4376.94,4377.68,1782,13,0
2026-08-14 20:45:00,4377.66,4377.87,4376.28,4376.86,1625,13,0
2026-08-14 20:50:00,4376.85,4379.04,4376.39,4378.17,1498,16,0
2026-08-14 20:55:00,4378.12,4378.46,4377.15,4378.43,1182,17,0
2026-08-14 21:00:00,4378.45,4381.57,4376.44,4381.29,1730,13,0
2026-08-14 21:05:00,4381.31,4381.75,4379.25,4379.89,1449,13,0
2026-08-14 21:10:00,4379.89,4380.82,4376.91,4377.34,1551,13,0
2026-08-14 21:15:00,4377.34,4378.99,4377.0,4378.5,1166,14,0
2026-08-14 21:20:00,4378.51,4380.23,4378.15,4379.45,1230,9,0
2026-08-14 21:25:00,4379.42,4380.43,4377.92,4379.33,1235,14,0
2026-08-14 21:30:00,4379.33,4379.72,4377.26,4378.09,1149,10,0
2026-08-14 21:35:00,4378.33,4382.74,4378.17,4382.72,1237,13,0
2026-08-14 21:40:00,4382.62,4382.71,4376.12,4376.47,1533,8,0
2026-08-14 21:45:00,4376.41,4376.88,4370.71,4374.09,1699,10,0
2026-08-14 21:50:00,4374.19,4375.69,4372.86,4373.28,1092,8,0
2026-08-14 21:55:00,4373.28,4374.3,4372.95,4373.48,802,8,0
2026-08-14 22:00:00,4373.48,4373.78,4372.55,4372.68,1060,8,0
2026-08-14 22:05:00,4372.67,4376.74,4372.1,4376.33,1161,8,0
2026-08-14 22:10:00,4376.32,4377.2,4375.69,4375.96,1119,9,0
2026-08-14 22:15:00,4375.96,4376.55,4374.28,4375.13,1178,8,0
2026-08-14 22:20:00,4375.13,4376.91,4375.13,4376.32,1166,11,0
2026-08-14 22:25:00,4376.32,4377.85,4376.26,4377.33,1191,9,0
2026-08-14 22:30:00,4377.18,4377.96,4376.49,4377.32,1334,10,0
2026-08-14 22:35:00,4377.32,4378.2,4376.07,4376.5,1266,8,0
2026-08-14 22:40:00,4376.49,4377.43,4375.62,4375.63,1081,9,0
2026-08-14 22:45:00,4375.63,4375.97,4375.16,4375.73,1208,9,0
2026-08-14 22:50:00,4375.71,4379.88,4375.71,4378.27,1758,8,0
2026-08-14 22:55:00,4378.25,4378.26,4373.36,4376.0,2532,7,0
2026-08-17 01:00:00,4375.27,4380.11,4276.43,4372.31,1442,65,0
2026-08-17 01:05:00,4372.68,4376.82,4371.9,4376.36,883,12,0
2026-08-17 01:10:00,4376.36,4378.73,4373.88,4375.56,767,8,0
2026-08-17 01:15:00,4375.56,4375.97,4372.67,4373.79,658,12,0
2026-08-17 01:20:00,4373.67,4375.06,4372.89,4373.14,579,8,0
2026-08-17 01:25:00,4372.98,4375.26,4372.88,4374.54,694,10,0
2026-08-17 01:30:00,4374.54,4378.0,4374.54,4377.33,982,11,0
2026-08-17 01:35:00,4376.93,4379.02,4376.72,4378.66,885,11,0
2026-08-17 01:40:00,4378.7,4378.79,4376.73,4377.76,432,8,0
2026-08-17 01:45:00,4377.76,4380.99,4377.62,4380.75,960,9,0
2026-08-17 01:50:00,4380.64,4384.37,4380.2,4383.25,1102,8,0
2026-08-17 01:55:00,4383.25,4386.84,4382.69,4385.89,1028,19,0
2026-08-17 02:00:00,4385.92,4386.23,4380.47,4382.19,1206,13,0
2026-08-17 02:05:00,4382.19,4383.06,4381.12,4383.04,883,17,0
2026-08-17 02:10:00,4383.01,4383.39,4379.49,4379.8,726,16,0
2026-08-17 02:15:00,4379.8,4381.1,4378.3,4379.84,759,17,0
2026-08-17 02:20:00,4379.82,4380.76,4375.31,4375.93,1092,8,0
2026-08-17 02:25:00,4375.89,4376.51,4372.66,4374.7,852,9,0
2026-08-17 02:30:00,4374.72,4375.16,4369.59,4370.99,911,10,0
2026-08-17 02:35:00,4370.99,4371.84,4367.16,4370.48,1316,8,0
2026-08-17 02:40:00,4370.48,4370.48,4367.73,4368.28,711,8,0
2026-08-17 02:45:00,4368.24,4373.86,4368.14,4371.66,1357,9,0
2026-08-17 02:50:00,4371.74,4372.79,4370.36,4371.9,968,9,0
2026-08-17 02:55:00,4371.81,4372.38,4369.54,4370.25,1437,8,0
2026-08-17 03:00:00,4370.28,4375.85,4368.0,4374.8,2221,8,0
2026-08-17 03:05:00,4374.65,4375.92,4371.97,4372.08,1642,8,0
2026-08-17 03:10:00,4372.09,4379.46,4372.03,4378.82,1471,8,0
2026-08-17 03:15:00,4378.75,4387.42,4378.26,4384.56,1969,12,0
2026-08-17 03:20:00,4384.63,4388.37,4384.04,4386.8,1574,12,0
2026-08-17 03:25:00,4386.8,4390.86,4386.39,4389.76,1290,15,0
2026-08-17 03:30:00,4389.62,4394.39,4389.25,4392.58,1660,13,0
2026-08-17 03:35:00,4392.58,4393.09,4388.63,4389.03,1266,9,0
2026-08-17 03:40:00,4389.03,4397.58,4387.34,4395.77,1506,11,0
2026-08-17 03:45:00,4395.77,4396.46,4394.28,4395.35,1276,9,0
2026-08-17 03:50:00,4395.42,4398.66,4394.51,4397.98,1322,8,0
2026-08-17 03:55:00,4397.98,4402.05,4397.51,4400.71,1597,7,0
2026-08-17 04:00:00,4400.71,4409.01,4398.95,4407.71,3341,8,0
2026-08-17 04:05:00,4407.73,4411.76,4405.07,4406.77,2274,8,0
2026-08-17 04:10:00,4406.77,4411.73,4404.1,4409.11,2137,8,0
2026-08-17 04:15:00,4409.11,4410.42,4406.0,4407.81,2493,8,0
2026-08-17 04:20:00,4407.81,4416.33,4407.66,4412.51,2404,8,0
2026-08-17 04:25:00,4412.42,4414.88,4406.24,4407.17,2218,8,0
2026-08-17 04:30:00,4407.17,4408.09,4401.29,4402.28,2367,8,0
2026-08-17 04:35:00,4402.31,4403.25,4399.03,4400.66,2066,12,0
2026-08-17 04:40:00,4400.73,4403.53,4397.42,4403.52,1937,11,0
2026-08-17 04:45:00,4403.51,4403.95,4393.98,4395.0,2127,8,0
2026-08-17 04:50:00,4395.0,4398.84,4391.92,4397.44,2016,9,0
2026-08-17 04:55:00,4397.44,4397.54,4393.07,4395.63,1845,8,0
2026-08-17 05:00:00,4395.58,4398.19,4394.65,4395.86,1987,8,0
2026-08-17 05:05:00,4395.81,4397.37,4392.49,4395.57,1824,8,0
2026-08-17 05:10:00,4395.04,4395.41,4392.52,4394.26,1596,8,0
2026-08-17 05:15:00,4394.32,4395.73,4392.27,4393.75,1612,8,0
2026-08-17 05:20:00,4393.73,4395.11,4389.71,4394.71,1544,8,0
2026-08-17 05:25:00,4394.71,4397.45,4394.55,4395.36,1389,10,0
2026-08-17 05:30:00,4395.38,4398.15,4392.06,4392.86,2354,8,0
2026-08-17 05:35:00,4392.86,4395.45,4391.45,4392.06,2105,8,0
2026-08-17 05:40:00,4392.06,4395.11,4389.72,4392.97,1830,8,0
2026-08-17 05:45:00,4392.96,4393.26,4390.41,4391.46,1734,13,0
2026-08-17 05:50:00,4391.49,4392.67,4389.96,4390.31,1654,9,0
2026-08-17 05:55:00,4390.27,4393.45,4388.16,4393.08,1856,8,0
2026-08-17 06:00:00,4393.11,4394.87,4392.37,4392.61,1803,10,0
2026-08-17 06:05:00,4392.64,4393.92,4389.12,4389.76,1407,10,0
2026-08-17 06:10:00,4389.76,4391.51,4388.58,4390.33,1545,10,0
2026-08-17 06:15:00,4390.33,4390.97,4387.87,4390.74,1418,16,0
2026-08-17 06:20:00,4390.86,4391.66,4389.69,4390.71,1355,10,0
2026-08-17 06:25:00,4390.71,4393.57,4388.61,4392.95,1463,8,0
2026-08-17 06:30:00,4392.94,4395.57,4390.91,4394.42,1305,8,0
2026-08-17 06:35:00,4394.39,4395.08,4392.29,4393.58,1041,10,0
2026-08-17 06:40:00,4393.58,4397.1,4393.58,4395.11,1172,10,0
2026-08-17 06:45:00,4395.1,4395.6,4392.79,4394.88,1201,11,0
2026-08-17 06:50:00,4394.88,4395.32,4393.91,4395.01,834,11,0
2026-08-17 06:55:00,4395.03,4397.61,4393.92,4397.02,984,8,0
2026-08-17 07:00:00,4397.06,4399.48,4396.52,4397.68,1252,11,0
2026-08-17 07:05:00,4397.65,4398.65,4396.42,4397.87,1285,9,0
2026-08-17 07:10:00,4397.87,4399.49,4397.12,4398.3,1128,9,0
2026-08-17 07:15:00,4398.3,4398.83,4396.5,4397.0,952,9,0
2026-08-17 07:20:00,4397.0,4397.05,4392.87,4393.77,1066,14,0
2026-08-17 07:25:00,4393.79,4394.01,4390.08,4390.75,948,9,0
2026-08-17 07:30:00,4390.75,4391.96,4388.87,4391.78,885,17,0
2026-08-17 07:35:00,4391.76,4393.71,4389.97,4392.57,938,13,0
2026-08-17 07:40:00,4392.57,4396.61,4391.72,4395.68,1226,9,0
2026-08-17 07:45:00,4395.71,4397.86,4395.14,4396.03,1186,8,0
2026-08-17 07:50:00,4396.03,4396.7,4394.74,4395.11,953,8,0
2026-08-17 07:55:00,4395.12,4395.33,4389.85,4390.71,1130,8,0
2026-08-17 08:00:00,4390.71,4392.92,4389.74,4392.83,1392,9,0
2026-08-17 08:05:00,4392.87,4393.2,4389.69,4392.01,1013,9,0
2026-08-17 08:10:00,4391.99,4392.05,4386.92,4387.67,1024,8,0
2026-08-17 08:15:00,4387.67,4393.27,4386.94,4392.87,1127,10,0
2026-08-17 08:20:00,4392.89,4396.68,4390.51,4395.29,1090,9,0
2026-08-17 08:25:00,4395.29,4399.4,4394.36,4399.33,1175,9,0
2026-08-17 08:30:00,4399.33,4401.24,4395.61,4396.04,2273,8,0
2026-08-17 08:35:00,4396.04,4396.42,4391.96,4395.29,1782,8,0
2026-08-17 08:40:00,4395.29,4396.79,4393.72,4395.69,1878,14,0
2026-08-17 08:45:00,4395.8,4397.38,4392.33,4397.19,1899,9,0
2026-08-17 08:50:00,4397.19,4397.45,4392.53,4392.98,1603,8,0
2026-08-17 08:55:00,4393.08,4395.98,4392.68,4394.75,1758,8,0
2026-08-17 09:00:00,4394.83,4398.17,4394.49,4395.36,2031,13,0
2026-08-17 09:05:00,4395.34,4397.9,4393.51,4395.19,1776,8,0
2026-08-17 09:10:00,4395.19,4397.6,4392.69,4396.8,1791,8,0
2026-08-17 09:15:00,4396.8,4396.8,4392.7,4393.58,1670,8,0
2026-08-17 09:20:00,4393.57,4396.92,4393.46,4395.02,1592,9,0
2026-08-17 09:25:00,4395.02,4400.02,4394.5,4398.49,1926,9,0
2026-08-17 09:30:00,4398.46,4398.61,4394.89,4395.53,1798,10,0
2026-08-17 09:35:00,4395.53,4395.87,4393.44,4395.12,1863,8,0
2026-08-17 09:40:00,4395.11,4396.29,4393.52,4396.12,1463,8,0
2026-08-17 09:45:00,4396.2,4400.9,4396.12,4400.32,1384,7,0
2026-08-17 09:50:00,4400.33,4404.49,4400.33,4402.08,1763,9,0
2026-08-17 09:55:00,4402.06,4403.38,4401.08,4403.04,1646,8,0
2026-08-17 10:00:00,4403.04,4403.98,4401.23,4401.41,2159,8,0
2026-08-17 10:05:00,4401.41,4402.83,4399.33,4400.31,1363,9,0
2026-08-17 10:10:00,4400.37,4401.31,4395.95,4396.45,1721,11,0
2026-08-17 10:15:00,4396.43,4399.2,4396.37,4397.45,1622,9,0
2026-08-17 10:20:00,4397.48,4397.72,4396.1,4397.12,1620,8,0
2026-08-17 10:25:00,4397.13,4405.09,4396.63,4404.92,1606,9,0
2026-08-17 10:30:00,4404.91,4408.12,4404.58,4407.11,2081,9,0
2026-08-17 10:35:00,4407.1,4411.32,4406.71,4407.57,1813,13,0
2026-08-17 10:40:00,4407.63,4410.91,4407.13,4409.24,1371,8,0
2026-08-17 10:45:00,4409.26,4409.89,4407.09,4407.32,1285,11,0
2026-08-17 10:50:00,4407.37,4408.25,4403.38,4404.17,1190,14,0
2026-08-17 10:55:00,4404.19,4405.97,4403.91,4405.18,1186,8,0
2026-08-17 11:00:00,4405.21,4405.21,4399.63,4400.12,2136,8,0
2026-08-17 11:05:00,4400.12,4400.56,4397.51,4399.74,1489,8,0
2026-08-17 11:10:00,4399.76,4402.84,4398.45,4402.84,1345,11,0
2026-08-17 11:15:00,4402.81,4403.72,4400.3,4401.16,1450,13,0
2026-08-17 11:20:00,4401.14,4403.1,4400.38,4402.18,1209,10,0
2026-08-17 11:25:00,4402.02,4403.22,4400.84,4401.75,1135,16,0
2026-08-17 11:30:00,4401.75,4402.08,4399.42,4399.92,1145,8,0
2026-08-17 11:35:00,4399.92,4402.14,4398.9,4401.19,1420,11,0
2026-08-17 11:40:00,4401.22,4401.34,4395.99,4396.28,1262,8,0
2026-08-17 11:45:00,4396.28,4396.85,4394.95,4395.52,1277,12,0
2026-08-17 11:50:00,4395.55,4396.06,4392.75,4393.51,1444,12,0
2026-08-17 11:55:00,4393.47,4395.93,4392.51,4395.0,1563,9,0
2026-08-17 12:00:00,4394.99,4396.31,4393.23,4396.27,1396,9,0
2026-08-17 12:05:00,4396.28,4399.72,4395.32,4399.49,1243,8,0
2026-08-17 12:10:00,4399.42,4400.58,4398.78,4399.06,1289,10,0
2026-08-17 12:15:00,4399.09,4399.91,4397.02,4398.36,1536,8,0
2026-08-17 12:20:00,4398.38,4398.71,4396.26,4396.8,1098,10,0
2026-08-17 12:25:00,4396.84,4398.16,4395.5,4396.85,1391,9,0
2026-08-17 12:30:00,4396.8,4397.45,4394.31,4396.49,1325,8,0
2026-08-17 12:35:00,4396.32,4397.15,4393.91,4394.5,1115,10,0
2026-08-17 12:40:00,4394.54,4396.43,4393.5,4394.13,1058,11,0
2026-08-17 12:45:00,4394.2,4395.28,4392.43,4395.15,1162,9,0
2026-08-17 12:50:00,4395.22,4395.85,4392.77,4393.45,1442,8,0
2026-08-17 12:55:00,4393.57,4395.61,4393.38,4395.56,1049,11,0
2026-08-17 13:00:00,4395.58,4395.97,4393.11,4394.1,1101,15,0
2026-08-17 13:05:00,4394.12,4396.23,4394.12,4394.19,1265,10,0
2026-08-17 13:10:00,4394.15,4396.34,4393.98,4395.96,1285,12,0
2026-08-17 13:15:00,4395.95,4399.95,4394.91,4395.92,1224,8,0
2026-08-17 13:20:00,4395.95,4397.28,4395.09,4396.58,1198,16,0
2026-08-17 13:25:00,4396.6,4405.49,4391.76,4404.95,1678,8,0
2026-08-17 13:30:00,4404.88,4405.69,4397.03,4397.21,2692,8,0
2026-08-17 13:35:00,4397.29,4398.31,4395.56,4395.91,1844,8,0
2026-08-17 13:40:00,4395.94,4398.93,4395.25,4398.17,1338,14,0
2026-08-17 13:45:00,4398.17,4399.23,4396.27,4396.94,1112,15,0
2026-08-17 13:50:00,4396.96,4398.58,4396.56,4397.63,1127,12,0
2026-08-17 13:55:00,4397.64,4399.47,4397.04,4398.97,1414,8,0
2026-08-17 14:00:00,4399.1,4402.21,4397.82,4400.29,1978,8,0
2026-08-17 14:05:00,4400.29,4403.97,4400.14,4402.06,2068,8,0
2026-08-17 14:10:00,4402.09,4402.79,4399.56,4399.64,1783,9,0
2026-08-17 14:15:00,4399.83,4400.05,4397.03,4398.32,1496,10,0
2026-08-17 14:20:00,4398.33,4404.12,4398.33,4403.58,2050,10,0
2026-08-17 14:25:00,4403.6,4404.64,4402.77,4403.58,1582,8,0
2026-08-17 14:30:00,4403.58,4404.89,4402.16,4404.02,1597,13,0
2026-08-17 14:35:00,4404.03,4404.83,4402.69,4402.7,1480,8,0
2026-08-17 14:40:00,4402.83,4403.14,4399.17,4399.51,1193,14,0
2026-08-17 14:45:00,4399.51,4400.71,4396.69,4396.81,1080,9,0
2026-08-17 14:50:00,4397.01,4398.91,4395.36,4396.83,1630,14,0
2026-08-17 14:55:00,4396.7,4397.62,4395.81,4396.67,1622,16,0
2026-08-17 15:00:00,4396.66,4397.6,4393.75,4394.58,2670,8,0
2026-08-17 15:05:00,4394.6,4395.15,4391.92,4392.55,2388,10,0
2026-08-17 15:10:00,4392.58,4394.98,4391.6,4393.95,2461,13,0
2026-08-17 15:15:00,4393.94,4395.65,4393.02,4394.7,2034,8,0
2026-08-17 15:20:00,4394.71,4398.82,4391.95,4392.82,2620,8,0
2026-08-17 15:25:00,4392.83,4393.66,4382.41,4385.57,2694,8,0
2026-08-17 15:30:00,4385.45,4390.25,4383.94,4388.88,1916,8,0
2026-08-17 15:35:00,4388.88,4389.35,4381.27,4381.33,2804,8,0
2026-08-17 15:40:00,4381.39,4383.34,4378.29,4378.34,2912,8,0
2026-08-17 15:45:00,4378.34,4380.57,4377.17,4378.07,2642,8,0
2026-08-17 15:50:00,4378.09,4385.03,4377.74,4384.24,2588,11,0
2026-08-17 15:55:00,4384.22,4386.4,4383.36,4384.89,2307,9,0
2026-08-17 16:00:00,4384.9,4388.4,4381.83,4384.85,3529,9,0
2026-08-17 16:05:00,4384.87,4386.21,4382.26,4385.53,2988,11,0
2026-08-17 16:10:00,4385.56,4389.52,4385.14,4386.4,2959,12,0
2026-08-17 16:15:00,4386.43,4386.92,4382.2,4385.62,2853,12,0
2026-08-17 16:20:00,4385.62,4388.94,4384.61,4386.51,2474,8,0
2026-08-17 16:25:00,4386.66,4388.44,4385.96,4386.28,2823,11,0
2026-08-17 16:30:00,4386.25,4390.34,4385.73,4388.82,4175,9,0
2026-08-17 16:35:00,4388.82,4391.94,4386.17,4388.61,3602,9,0
2026-08-17 16:40:00,4388.61,4389.49,4384.88,4385.76,3434,11,0
2026-08-17 16:45:00,4385.73,4395.49,4384.66,4395.0,3378,9,0
2026-08-17 16:50:00,4395.19,4407.54,4394.5,4401.59,3538,8,0
2026-08-17 16:55:00,4401.61,4416.2,4401.44,4408.65,3330,8,0
2026-08-17 17:00:00,4408.48,4409.96,4404.19,4407.97,2997,8,0
2026-08-17 17:05:00,4407.99,4408.51,4404.81,4405.3,3041,8,0
2026-08-17 17:10:00,4405.3,4412.86,4403.71,4412.49,2419,8,0
2026-08-17 17:15:00,4412.34,4420.7,4411.71,4418.29,3047,8,0
2026-08-17 17:20:00,4418.35,4427.62,4417.11,4423.99,2903,8,0
2026-08-17 17:25:00,4423.98,4426.36,4415.61,4418.18,2896,9,0
2026-08-17 17:30:00,4418.31,4424.65,4417.97,4422.04,2535,8,0
2026-08-17 17:35:00,4422.17,4423.58,4416.28,4417.73,2237,8,0
2026-08-17 17:40:00,4417.79,4421.68,4417.22,4417.41,2738,8,0
2026-08-17 17:45:00,4417.44,4419.62,4413.92,4417.06,2440,8,0
2026-08-17 17:50:00,4417.26,4421.01,4415.75,4416.33,2788,8,0
2026-08-17 17:55:00,4416.33,4418.24,4414.47,4417.3,2222,8,0
2026-08-17 18:00:00,4417.3,4419.17,4415.13,4418.58,2757,8,0
2026-08-17 18:05:00,4418.63,4419.82,4415.91,4417.02,2498,8,0
2026-08-17 18:10:00,4416.83,4422.37,4416.01,4421.27,2615,8,0
2026-08-17 18:15:00,4421.19,4423.23,4419.39,4422.14,2536,8,0
2026-08-17 18:20:00,4422.18,4423.81,4421.47,4423.22,2569,8,0
2026-08-17 18:25:00,4423.2,4425.97,4420.77,4425.44,2721,8,0
2026-08-17 18:30:00,4425.58,4426.43,4421.28,4422.81,2536,8,0
2026-08-17 18:35:00,4422.82,4423.89,4420.07,4421.96,2234,8,0
2026-08-17 18:40:00,4421.96,4423.48,4418.79,4419.33,2347,9,0
2026-08-17 18:45:00,4419.31,4424.34,4417.68,4423.83,2069,8,0
2026-08-17 18:50:00,4423.82,4426.72,4423.02,4426.34,1775,8,0
2026-08-17 18:55:00,4426.36,4427.81,4425.85,4427.5,1624,8,0
2026-08-17 19:00:00,4427.64,4428.16,4423.99,4425.44,2106,9,0
2026-08-17 19:05:00,4425.44,4428.34,4424.03,4427.39,1889,8,0
2026-08-17 19:10:00,4427.38,4428.83,4425.67,4425.95,1754,8,0
2026-08-17 19:15:00,4426.02,4427.49,4425.18,4425.76,1633,8,0
2026-08-17 19:20:00,4425.76,4427.66,4424.67,4425.07,1889,8,0
2026-08-17 19:25:00,4425.11,4425.24,4422.94,4424.8,1871,8,0
2026-08-17 19:30:00,4424.93,4425.39,4422.78,4424.03,1737,8,0
2026-08-17 19:35:00,4424.01,4427.08,4423.38,4426.65,1740,8,0
2026-08-17 19:40:00,4426.6,4426.83,4424.32,4424.66,1414,8,0
2026-08-17 19:45:00,4424.68,4424.89,4422.41,4424.11,1499,8,0
2026-08-17 19:50:00,4424.11,4425.7,4422.59,4423.34,1355,8,0
2026-08-17 19:55:00,4423.34,4425.47,4423.33,4424.24,1427,8,0
2026-08-17 20:00:00,4424.24,4426.13,4423.64,4424.7,1659,8,0
2026-08-17 20:05:00,4424.71,4424.97,4421.15,4422.29,2024,8,0
2026-08-17 20:10:00,4422.24,4423.4,4421.62,4422.94,1796,10,0
2026-08-17 20:15:00,4422.91,4423.25,4418.84,4419.43,2216,9,0
2026-08-17 20:20:00,4419.44,4420.26,4415.8,4416.68,2477,8,0
2026-08-17 20:25:00,4416.69,4417.4,4413.41,4416.57,2746,8,0
2026-08-17 20:30:00,4416.56,4418.59,4413.83,4417.2,2451,8,0
2026-08-17 20:35:00,4417.2,4417.45,4411.73,4411.81,2414,10,0
2026-08-17 20:40:00,4411.81,4417.43,4411.2,4417.38,2129,9,0
2026-08-17 20:45:00,4417.39,4420.39,4417.12,4419.13,1947,10,0
2026-08-17 20:50:00,4419.08,4420.54,4416.89,4417.17,1216,14,0
2026-08-17 20:55:00,4417.19,4417.98,4413.2,4413.68,1769,9,0
2026-08-17 21:00:00,4413.69,4414.56,4410.85,4411.23,2274,9,0
2026-08-17 21:05:00,4411.23,4413.14,4410.2,4411.71,1836,8,0
2026-08-17 21:10:00,4411.64,4413.87,4410.09,4413.76,1831,9,0
2026-08-17 21:15:00,4413.79,4416.13,4413.39,4415.01,1706,8,0
2026-08-17 21:20:00,4415.0,4415.34,4408.82,4409.05,1890,8,0
2026-08-17 21:25:00,4409.14,4409.79,4404.74,4406.24,2235,8,0
2026-08-17 21:30:00,4406.28,4406.9,4398.14,4399.94,2723,8,0
2026-08-17 21:35:00,4399.9,4402.43,4399.19,4402.21,1645,8,0
2026-08-17 21:40:00,4402.21,4404.72,4401.35,4401.36,1734,8,0
2026-08-17 21:45:00,4401.36,4406.11,4400.13,4405.84,1607,9,0
2026-08-17 21:50:00,4405.85,4407.51,4405.09,4406.52,1614,8,0
2026-08-17 21:55:00,4406.52,4406.98,4405.78,4406.62,1122,8,0
2026-08-17 22:00:00,4406.6,4407.21,4401.96,4403.0,1608,8,0
2026-08-17 22:05:00,4403.01,4403.69,4400.23,4403.65,1745,9,0
2026-08-17 22:10:00,4403.68,4408.62,4403.66,4408.58,1475,9,0
2026-08-17 22:15:00,4408.58,4416.12,4408.58,4414.97,1914,8,0
2026-08-17 22:20:00,4414.94,4416.82,4414.88,4416.04,1580,8,0
2026-08-17 22:25:00,4416.04,4417.42,4414.3,4414.45,1285,8,0
2026-08-17 22:30:00,4414.47,4416.64,4413.97,4416.34,1410,8,0
2026-08-17 22:35:00,4416.33,4417.16,4415.05,4416.58,1523,12,0
2026-08-17 22:40:00,4416.52,4420.44,4415.57,4419.38,1859,8,0
2026-08-17 22:45:00,4419.38,4420.96,4418.54,4420.15,1662,8,0
2026-08-17 22:50:00,4420.15,4420.19,4416.44,4418.02,1862,9,0
2026-08-17 22:55:00,4418.02,4420.82,4417.62,4419.68,1884,11,0
2026-08-18 01:00:00,4406.6,4418.43,4405.48,4415.74,421,88,0
2026-08-18 01:05:00,4415.99,4416.67,4414.77,4415.6,79,8,0
2026-08-18 01:10:00,4415.6,4416.87,4415.31,4416.74,54,8,0
2026-08-18 01:15:00,4416.74,4417.1,4415.63,4415.64,102,9,0
2026-08-18 01:20:00,4415.64,4416.29,4415.16,4415.44,144,17,0
2026-08-18 01:25:00,4415.44,4415.57,4411.83,4412.36,333,15,0
2026-08-18 01:30:00,4412.36,4413.3,4411.44,4412.51,590,22,0
2026-08-18 01:35:00,4412.54,4414.67,4412.25,4413.18,491,8,0
2026-08-18 01:40:00,4413.12,4415.65,4412.88,4414.58,447,20,0
2026-08-18 01:45:00,4414.55,4416.22,4414.07,4415.04,367,12,0
2026-08-18 01:50:00,4415.06,4415.45,4411.92,4411.92,442,13,0
2026-08-18 01:55:00,4411.94,4413.2,4410.41,4411.74,749,8,0
2026-08-18 02:00:00,4411.91,4413.66,4409.66,4413.44,997,17,0
2026-08-18 02:05:00,4413.24,4414.38,4412.71,4413.77,544,15,0
2026-08-18 02:10:00,4413.76,4414.88,4413.34,4414.72,471,10,0
2026-08-18 02:15:00,4414.72,4418.45,4414.72,4417.58,1018,17,0
2026-08-18 02:20:00,4417.56,4418.15,4416.4,4417.79,681,13,0
2026-08-18 02:25:00,4417.81,4421.83,4417.66,4420.23,966,14,0
2026-08-18 02:30:00,4419.93,4422.22,4419.93,4422.07,941,9,0
2026-08-18 02:35:00,4422.05,4422.27,4420.59,4421.1,703,15,0
2026-08-18 02:40:00,4421.1,4422.76,4420.13,4422.62,995,8,0
2026-08-18 02:45:00,4422.58,4423.96,4421.5,4423.77,1325,8,0
2026-08-18 02:50:00,4423.8,4424.31,4422.53,4423.52,1287,8,0
2026-08-18 02:55:00,4423.52,4426.03,4423.03,4425.93,966,13,0
2026-08-18 03:00:00,4425.92,4429.76,4419.0,4425.26,1915,8,0
2026-08-18 03:05:00,4425.29,4426.14,4420.04,4420.14,1541,15,0
2026-08-18 03:10:00,4420.12,4422.36,4418.95,4421.73,1526,18,0
2026-08-18 03:15:00,4421.71,4428.19,4420.83,4426.84,1766,10,0
2026-08-18 03:20:00,4426.93,4431.28,4422.68,4427.9,1747,8,0
2026-08-18 03:25:00,4427.67,4431.54,4425.03,4431.18,1756,8,0
2026-08-18 03:30:00,4431.11,4431.95,4428.25,4431.27,1326,13,0
2026-08-18 03:35:00,4431.11,4433.45,4430.3,4432.92,995,11,0
2026-08-18 03:40:00,4432.9,4432.96,4428.44,4429.45,1159,8,0
2026-08-18 03:45:00,4429.45,4430.21,4428.37,4429.13,1022,15,0
2026-08-18 03:50:00,4429.13,4430.5,4428.57,4429.18,1314,11,0
2026-08-18 03:55:00,4429.18,4434.93,4428.83,4434.64,1416,11,0
2026-08-18 04:00:00,4434.34,4436.1,4429.09,4431.02,2940,8,0
2026-08-18 04:05:00,4430.84,4436.15,4428.93,4430.41,2509,10,0
2026-08-18 04:10:00,4430.39,4431.78,4428.43,4429.21,2056,16,0
2026-08-18 04:15:00,4429.23,4430.79,4422.64,4425.26,2340,8,0
2026-08-18 04:20:00,4425.48,4426.51,4421.94,4423.62,2305,9,0
2026-08-18 04:25:00,4423.52,4425.84,4420.21,4424.89,1865,9,0
2026-08-18 04:30:00,4424.94,4426.23,4421.11,4422.36,1964,8,0
2026-08-18 04:35:00,4422.38,4423.52,4420.17,4420.33,1543,10,0
2026-08-18 04:40:00,4420.33,4421.79,4411.61,4411.61,2216,10,0
2026-08-18 04:45:00,4411.61,4412.04,4404.07,4407.58,2934,10,0
2026-08-18 04:50:00,4407.46,4408.51,4404.21,4408.05,2615,12,0
2026-08-18 04:55:00,4408.05,4409.32,4407.27,4407.99,2179,12,0
2026-08-18 05:00:00,4407.93,4408.13,4400.73,4402.09,2710,9,0
2026-08-18 05:05:00,4402.18,4404.03,4399.57,4399.95,2191,8,0
2026-08-18 05:10:00,4399.94,4402.7,4398.48,4400.98,1939,9,0
2026-08-18 05:15:00,4400.98,4405.54,4400.28,4403.67,1699,8,0
2026-08-18 05:20:00,4403.92,4404.47,4401.34,4404.04,1382,11,0
2026-08-18 05:25:00,4404.04,4405.4,4402.16,4402.31,1431,15,0
2026-08-18 05:30:00,4402.31,4402.63,4395.81,4396.22,2633,8,0
2026-08-18 05:35:00,4396.21,4399.72,4395.04,4396.24,1995,10,0
2026-08-18 05:40:00,4396.45,4396.87,4394.05,4394.89,1875,8,0
2026-08-18 05:45:00,4394.93,4398.03,4394.26,4397.13,1761,8,0
2026-08-18 05:50:00,4397.11,4398.19,4395.64,4397.78,1839,10,0
2026-08-18 05:55:00,4397.81,4400.45,4397.26,4399.86,2010,8,0
2026-08-18 06:00:00,4399.85,4404.06,4399.8,4403.14,1839,9,0
2026-08-18 06:05:00,4403.09,4403.58,4399.51,4401.32,2214,16,0
2026-08-18 06:10:00,4401.41,4402.49,4398.79,4401.46,1768,14,0
2026-08-18 06:15:00,4401.44,4402.04,4395.56,4396.46,1976,11,0
2026-08-18 06:20:00,4396.57,4397.35,4394.29,4395.07,1516,11,0
2026-08-18 06:25:00,4395.07,4397.59,4394.85,4397.12,1382,19,0
2026-08-18 06:30:00,4397.14,4397.24,4395.56,4396.34,1620,9,0
2026-08-18 06:35:00,4396.32,4396.74,4394.88,4394.96,1139,20,0
2026-08-18 06:40:00,4394.95,4395.76,4394.54,4394.77,1180,13,0
2026-08-18 06:45:00,4394.74,4395.0,4393.7,4393.94,1076,7,0
2026-08-18 06:50:00,4393.95,4393.95,4391.44,4392.02,1175,8,0
2026-08-18 06:55:00,4391.88,4392.47,4390.57,4391.75,1027,12,0
2026-08-18 07:00:00,4391.79,4392.0,4390.01,4390.7,1053,11,0
2026-08-18 07:05:00,4390.73,4392.14,4389.95,4391.08,1027,9,0
2026-08-18 07:10:00,4391.01,4392.75,4390.85,4392.28,1012,8,0
2026-08-18 07:15:00,4392.26,4393.63,4390.82,4391.39,1054,9,0
2026-08-18 07:20:00,4391.39,4392.5,4390.67,4392.46,909,8,0
2026-08-18 07:25:00,4392.48,4392.86,4391.5,4392.39,1039,12,0
2026-08-18 07:30:00,4392.39,4393.9,4391.4,4391.99,1225,8,0
2026-08-18 07:35:00,4392.03,4393.03,4388.76,4391.35,1363,8,0
2026-08-18 07:40:00,4391.52,4394.31,4390.24,4393.53,1033,9,0
2026-08-18 07:45:00,4393.56,4395.01,4392.14,4394.7,1015,8,0
2026-08-18 07:50:00,4394.72,4395.38,4393.58,4395.38,940,11,0
2026-08-18 07:55:00,4395.35,4395.4,4392.84,4393.56,933,14,0
2026-08-18 08:00:00,4393.58,4393.72,4391.08,4391.38,1393,9,0
2026-08-18 08:05:00,4391.38,4394.11,4391.38,4393.83,1052,17,0
2026-08-18 08:10:00,4393.83,4394.0,4390.79,4391.29,1074,16,0
2026-08-18 08:15:00,4391.27,4394.44,4391.04,4394.41,986,14,0
2026-08-18 08:20:00,4394.41,4395.86,4394.34,4395.54,1055,19,0
2026-08-18 08:25:00,4395.54,4395.93,4391.35,4391.36,1214,16,0
2026-08-18 08:30:00,4391.33,4391.51,4385.9,4386.85,2675,8,0
2026-08-18 08:35:00,4386.84,4390.9,4386.64,4389.95,2159,8,0
2026-08-18 08:40:00,4389.97,4394.15,4388.46,4393.61,2110,9,0
2026-08-18 08:45:00,4393.59,4395.76,4392.96,4395.73,1917,15,0
2026-08-18 08:50:00,4395.66,4397.46,4393.95,4395.63,1712,8,0
2026-08-18 08:55:00,4395.63,4396.89,4393.81,4394.19,1351,15,0
2026-08-18 09:00:00,4394.19,4394.38,4388.88,4390.53,2211,10,0
2026-08-18 09:05:00,4390.55,4393.8,4387.49,4392.82,1890,12,0
2026-08-18 09:10:00,4392.79,4395.29,4392.37,4395.14,1552,14,0
2026-08-18 09:15:00,4395.12,4396.27,4393.56,4395.24,1696,19,0
2026-08-18 09:20:00,4395.19,4397.91,4394.23,4397.65,1431,14,0
2026-08-18 09:25:00,4397.65,4399.76,4396.61,4399.4,1340,9,0
2026-08-18 09:30:00,4399.4,4400.15,4395.16,4395.19,1294,9,0
2026-08-18 09:35:00,4395.19,4397.46,4395.03,4397.03,1264,9,0
2026-08-18 09:40:00,4397.03,4398.7,4396.67,4397.12,972,19,0
2026-08-18 09:45:00,4397.19,4399.33,4397.19,4397.98,1013,8,0
2026-08-18 09:50:00,4397.98,4398.96,4397.45,4398.42,1349,12,0
2026-08-18 09:55:00,4398.42,4399.05,4397.26,4398.77,1499,11,0
2026-08-18 10:00:00,4398.77,4400.25,4396.72,4399.74,1517,9,0
2026-08-18 10:05:00,4399.88,4400.78,4397.15,4397.59,1388,8,0
2026-08-18 10:10:00,4397.61,4399.33,4396.82,4397.62,1411,8,0
2026-08-18 10:15:00,4397.59,4400.67,4397.4,4399.56,1256,11,0
2026-08-18 10:20:00,4399.54,4401.38,4399.27,4401.3,1124,15,0
2026-08-18 10:25:00,4401.11,4403.31,4401.02,4403.06,1411,11,0
2026-08-18 10:30:00,4403.07,4403.64,4396.33,4396.91,1797,12,0
2026-08-18 10:35:00,4396.91,4402.58,4396.44,4401.92,1406,9,0
2026-08-18 10:40:00,4401.92,4403.5,4400.09,4401.47,1576,10,0
2026-08-18 10:45:00,4401.45,4402.65,4399.59,4399.96,1403,13,0
2026-08-18 10:50:00,4399.67,4400.4,4397.92,4398.34,1320,12,0
2026-08-18 10:55:00,4398.37,4398.71,4395.43,4395.58,1329,13,0
2026-08-18 11:00:00,4395.58,4396.12,4394.02,4394.34,1887,8,0
2026-08-18 11:05:00,4394.37,4394.46,4389.91,4390.85,2137,8,0
2026-08-18 11:10:00,4390.76,4394.63,4387.92,4392.47,2201,8,0
2026-08-18 11:15:00,4392.47,4393.47,4391.55,4392.0,1817,10,0
2026-08-18 11:20:00,4392.02,4392.45,4386.83,4388.56,1869,11,0
2026-08-18 11:25:00,4388.53,4389.5,4387.32,4389.35,1903,8,0
2026-08-18 11:30:00,4389.34,4394.03,4389.07,4393.56,1601,9,0
2026-08-18 11:35:00,4393.58,4398.6,4393.57,4398.23,1781,8,0
2026-08-18 11:40:00,4398.23,4398.46,4396.47,4396.51,1753,9,0
2026-08-18 11:45:00,4396.49,4396.9,4391.66,4393.11,1378,8,0
2026-08-18 11:50:00,4393.11,4393.76,4391.43,4393.73,1171,8,0
2026-08-18 11:55:00,4393.74,4394.57,4392.31,4393.21,1095,8,0
2026-08-18 12:00:00,4393.23,4393.84,4391.95,4392.25,1742,8,0
2026-08-18 12:05:00,4392.26,4392.92,4391.02,4391.65,1364,12,0
2026-08-18 12:10:00,4391.69,4393.49,4391.33,4392.68,1464,15,0
2026-08-18 12:15:00,4392.65,4392.74,4390.77,4391.2,1276,11,0
2026-08-18 12:20:00,4391.18,4391.42,4388.93,4390.08,2044,11,0
2026-08-18 12:25:00,4390.15,4391.41,4388.51,4389.36,1851,8,0
2026-08-18 12:30:00,4389.09,4393.67,4389.09,4393.6,1593,8,0
2026-08-18 12:35:00,4393.6,4394.96,4390.29,4391.21,1565,9,0
2026-08-18 12:40:00,4391.23,4391.69,4387.24,4388.38,1391,10,0
2026-08-18 12:45:00,4388.29,4392.28,4386.97,4392.0,1519,10,0
2026-08-18 12:50:00,4392.01,4394.2,4391.98,4393.97,1445,17,0
2026-08-18 12:55:00,4393.98,4394.92,4392.75,4393.29,1504,8,0
2026-08-18 13:00:00,4393.29,4395.69,4392.25,4393.97,1614,8,0
2026-08-18 13:05:00,4393.96,4394.69,4392.42,4393.39,1305,12,0
2026-08-18 13:10:00,4393.45,4394.77,4392.65,4394.5,1469,17,0
2026-08-18 13:15:00,4394.5,4396.15,4394.09,4395.46,1303,16,0
2026-08-18 13:20:00,4395.54,4395.54,4391.35,4391.6,1295,8,0
2026-08-18 13:25:00,4391.63,4392.18,4389.63,4391.99,1040,8,0
2026-08-18 13:30:00,4391.99,4394.17,4391.66,4393.61,1168,14,0
2026-08-18 13:35:00,4393.59,4397.67,4393.45,4397.5,1036,15,0
2026-08-18 13:40:00,4397.47,4398.56,4396.97,4398.55,1012,9,0
2026-08-18 13:45:00,4398.53,4399.57,4398.12,4398.87,1196,8,0
2026-08-18 13:50:00,4398.81,4399.31,4396.36,4396.85,1075,16,0
2026-08-18 13:55:00,4396.83,4397.7,4396.43,4397.59,1143,14,0
2026-08-18 14:00:00,4397.59,4399.04,4393.5,4393.82,1966,8,0
2026-08-18 14:05:00,4393.81,4394.6,4392.47,4393.57,1320,7,0
2026-08-18 14:10:00,4393.58,4394.05,4391.97,4393.51,1100,17,0
2026-08-18 14:15:00,4393.49,4394.66,4392.05,4393.05,1258,8,0
2026-08-18 14:20:00,4393.12,4393.88,4390.24,4390.33,1445,9,0
2026-08-18 14:25:00,4390.32,4391.77,4389.55,4390.01,1391,13,0
2026-08-18 14:30:00,4390.02,4391.71,4389.36,4389.49,1304,12,0
2026-08-18 14:35:00,4389.48,4391.61,4388.57,4390.46,1440,9,0
2026-08-18 14:40:00,4390.38,4392.45,4389.49,4390.9,1558,10,0
2026-08-18 14:45:00,4390.91,4393.74,4390.72,4392.19,1236,12,0
2026-08-18 14:50:00,4392.17,4393.05,4389.78,4390.79,1465,11,0
2026-08-18 14:55:00,4390.77,4396.77,4390.56,4395.91,1762,11,0
2026-08-18 15:00:00,4395.91,4396.93,4391.44,4396.59,2200,8,0
2026-08-18 15:05:00,4396.57,4397.03,4390.4,4391.18,2234,8,0
2026-08-18 15:10:00,4391.16,4393.38,4389.47,4393.03,1830,9,0
2026-08-18 15:15:00,4393.04,4393.6,4391.43,4392.91,1293,8,0
2026-08-18 15:20:00,4392.84,4400.78,4392.81,4395.64,2552,8,0
2026-08-18 15:25:00,4395.81,4395.94,4391.82,4395.15,1788,8,0
2026-08-18 15:30:00,4395.16,4398.11,4392.17,4396.56,1261,10,0
2026-08-18 15:35:00,4396.67,4397.78,4392.71,4394.2,2263,8,0
2026-08-18 15:40:00,4394.03,4394.07,4391.05,4392.13,1855,10,0
2026-08-18 15:45:00,4392.15,4396.54,4392.12,4395.91,1768,9,0
2026-08-18 15:50:00,4395.91,4396.93,4392.29,4393.06,1591,7,0
2026-08-18 15:55:00,4393.04,4395.72,4390.64,4394.18,1557,8,0
2026-08-18 16:00:00,4394.15,4397.29,4390.25,4395.64,2946,8,0
2026-08-18 16:05:00,4395.66,4396.54,4388.76,4388.99,2341,9,0
2026-08-18 16:10:00,4388.97,4395.97,4388.21,4395.69,1790,7,0
2026-08-18 16:15:00,4395.61,4395.96,4388.38,4390.91,2330,8,0
2026-08-18 16:20:00,4391.01,4393.45,4388.12,4389.67,2533,8,0
2026-08-18 16:25:00,4389.73,4392.28,4388.12,4388.96,2788,8,0
2026-08-18 16:30:00,4388.97,4398.8,4376.11,4396.81,4292,7,0
2026-08-18 16:35:00,4396.85,4403.39,4395.21,4402.96,3903,8,0
2026-08-18 16:40:00,4402.86,4406.56,4399.55,4401.17,3688,8,0
2026-08-18 16:45:00,4401.18,4402.22,4391.39,4395.11,4012,8,0
2026-08-18 16:50:00,4394.91,4398.15,4389.39,4390.88,4173,8,0
2026-08-18 16:55:00,4391.3,4395.03,4389.69,4394.46,3589,8,0
2026-08-18 17:00:00,4394.46,4406.53,4393.18,4403.98,3525,7,0
2026-08-18 17:05:00,4404.01,4404.56,4397.7,4398.12,3523,8,0
2026-08-18 17:10:00,4398.24,4399.06,4390.99,4393.14,3895,10,0
2026-08-18 17:15:00,4393.27,4404.95,4392.86,4401.48,3683,9,0
2026-08-18 17:20:00,4401.51,4402.76,4395.7,4397.73,3603,8,0
2026-08-18 17:25:00,4397.76,4398.82,4392.29,4394.13,3712,8,0
2026-08-18 17:30:00,4394.13,4396.26,4385.21,4389.75,3231,8,0
2026-08-18 17:35:00,4389.77,4390.06,4381.93,4382.83,3254,8,0
2026-08-18 17:40:00,4382.86,4384.89,4377.61,4379.58,3500,8,0
2026-08-18 17:45:00,4379.61,4388.4,4377.94,4386.81,3040,7,0
2026-08-18 17:50:00,4387.03,4388.77,4372.32,4378.68,3740,8,0
2026-08-18 17:55:00,4378.64,4382.96,4363.72,4366.58,3999,8,0
2026-08-18 18:00:00,4366.54,4376.58,4365.64,4375.5,3855,8,0
2026-08-18 18:05:00,4375.48,4377.6,4364.92,4365.69,3415,8,0
2026-08-18 18:10:00,4365.69,4368.31,4358.93,4359.87,3826,8,0
2026-08-18 18:15:00,4359.87,4365.17,4355.09,4355.14,3295,8,0
2026-08-18 18:20:00,4355.06,4356.95,4351.5,4354.47,3428,8,0
2026-08-18 18:25:00,4354.4,4360.99,4353.12,4354.87,2771,7,0
2026-08-18 18:30:00,4354.9,4362.04,4354.43,4359.69,2597,8,0
2026-08-18 18:35:00,4359.83,4362.33,4356.6,4361.09,2197,7,0
2026-08-18 18:40:00,4361.09,4362.0,4356.5,4358.57,2603,8,0
2026-08-18 18:45:00,4358.94,4365.01,4358.71,4364.02,2381,8,0
2026-08-18 18:50:00,4364.02,4366.62,4361.15,4364.51,1794,8,0
2026-08-18 18:55:00,4364.62,4365.97,4363.24,4364.74,1995,8,0
2026-08-18 19:00:00,4364.87,4369.24,4364.87,4368.12,2012,8,0
2026-08-18 19:05:00,4368.01,4371.6,4366.81,4371.39,2505,8,0
2026-08-18 19:10:00,4371.39,4371.61,4367.38,4367.63,2350,9,0
2026-08-18 19:15:00,4367.62,4368.35,4364.43,4367.11,2581,10,0
2026-08-18 19:20:00,4367.12,4369.67,4366.53,4368.24,2521,15,0
2026-08-18 19:25:00,4368.24,4369.11,4363.42,4363.91,2153,12,0
2026-08-18 19:30:00,4364.56,4366.79,4363.21,4365.72,2443,7,0
2026-08-18 19:35:00,4365.92,4367.07,4363.0,4365.17,2285,8,0
2026-08-18 19:40:00,4365.17,4368.57,4365.05,4367.31,2184,11,0
2026-08-18 19:45:00,4367.42,4367.72,4363.14,4363.49,2176,8,0
2026-08-18 19:50:00,4363.48,4368.77,4362.99,4368.53,1931,9,0
2026-08-18 19:55:00,4368.55,4368.55,4363.02,4363.79,2085,9,0
2026-08-18 20:00:00,4363.63,4365.76,4363.54,4364.47,2602,8,0
2026-08-18 20:05:00,4364.51,4366.19,4364.25,4365.71,2081,10,0
2026-08-18 20:10:00,4365.89,4367.11,4364.66,4366.86,1548,8,0
2026-08-18 20:15:00,4366.86,4368.27,4363.03,4364.28,1892,8,0
2026-08-18 20:20:00,4364.35,4367.48,4364.24,4367.48,2360,9,0
2026-08-18 20:25:00,4367.45,4368.26,4363.6,4365.35,2533,8,0
2026-08-18 20:30:00,4365.27,4366.21,4361.24,4364.38,2211,8,0
2026-08-18 20:35:00,4364.38,4365.25,4360.8,4362.63,2166,8,0
2026-08-18 20:40:00,4362.63,4365.1,4358.65,4358.67,2006,9,0
2026-08-18 20:45:00,4358.66,4360.47,4356.93,4357.88,2223,12,0
2026-08-18 20:50:00,4357.83,4359.81,4357.75,4358.6,1816,10,0
2026-08-18 20:55:00,4358.61,4359.11,4356.58,4357.68,2073,11,0
2026-08-18 21:00:00,4357.68,4357.95,4352.63,4353.48,2353,9,0
2026-08-18 21:05:00,4353.45,4355.78,4352.67,4355.65,2037,12,0
2026-08-18 21:10:00,4355.66,4358.12,4352.84,4357.78,1726,8,0
2026-08-18 21:15:00,4357.78,4359.06,4356.71,4358.92,1847,9,0
2026-08-18 21:20:00,4358.9,4359.35,4355.68,4356.96,1807,10,0
2026-08-18 21:25:00,4356.96,4360.98,4356.39,4360.19,1611,13,0
2026-08-18 21:30:00,4360.29,4360.54,4357.98,4359.66,1484,12,0
2026-08-18 21:35:00,4359.66,4360.25,4358.33,4359.65,1364,8,0
2026-08-18 21:40:00,4359.64,4359.78,4353.4,4354.16,1620,8,0
2026-08-18 21:45:00,4354.18,4355.49,4352.82,4353.85,1513,15,0
2026-08-18 21:50:00,4353.82,4355.14,4353.8,4354.56,1092,12,0
2026-08-18 21:55:00,4354.55,4356.05,4353.92,4354.2,1257,10,0
2026-08-18 22:00:00,4354.24,4358.01,4354.03,4355.29,1205,10,0
2026-08-18 22:05:00,4355.2,4356.92,4354.76,4355.22,963,8,0
2026-08-18 22:10:00,4355.2,4358.38,4354.59,4356.98,1335,8,0
2026-08-18 22:15:00,4356.96,4358.64,4353.96,4354.58,1289,11,0
2026-08-18 22:20:00,4354.58,4356.32,4352.59,4353.17,1308,11,0
2026-08-18 22:25:00,4353.12,4355.85,4352.38,4354.8,811,8,0
2026-08-18 22:30:00,4354.85,4356.75,4353.68,4354.15,1522,8,0
2026-08-18 22:35:00,4354.06,4355.59,4353.56,4354.92,614,7,0
2026-08-18 22:40:00,4354.9,4357.77,4349.64,4349.84,1088,8,0
2026-08-18 22:45:00,4349.93,4353.28,4343.73,4345.86,2152,7,0
2026-08-18 22:50:00,4345.74,4346.8,4342.1,4345.26,2446,8,0
2026-08-18 22:55:00,4345.53,4346.38,4338.24,4345.5,2774,7,0
2026-08-19 01:00:00,4316.78,4341.4,4314.8,4340.07,326,21,0
2026-08-19 01:05:00,4340.15,4343.31,4340.05,4341.9,405,8,0
2026-08-19 01:10:00,4341.85,4342.71,4339.15,4339.97,358,8,0
2026-08-19 01:15:00,4339.97,4341.31,4338.06,4338.59,607,8,0
2026-08-19 01:20:00,4338.59,4339.69,4333.15,4334.78,844,8,0
2026-08-19 01:25:00,4334.78,4338.66,4334.12,4335.97,702,7,0
2026-08-19 01:30:00,4335.97,4336.5,4334.79,4335.28,559,8,0
2026-08-19 01:35:00,4335.59,4336.33,4332.92,4333.55,571,8,0
2026-08-19 01:40:00,4333.35,4334.54,4332.38,4333.64,638,13,0
2026-08-19 01:45:00,4333.62,4334.77,4333.07,4334.59,436,21,0
2026-08-19 01:50:00,4334.59,4335.49,4333.67,4334.81,637,12,0
2026-08-19 01:55:00,4334.84,4334.95,4333.02,4333.74,468,11,0
2026-08-19 02:00:00,4333.74,4336.03,4332.8,4335.87,655,16,0
2026-08-19 02:05:00,4335.87,4338.23,4334.51,4335.15,715,12,0
2026-08-19 02:10:00,4335.15,4335.37,4332.57,4334.01,798,8,0
2026-08-19 02:15:00,4333.95,4334.86,4332.07,4332.34,584,9,0
2026-08-19 02:20:00,4332.37,4337.3,4330.55,4332.54,823,12,0
2026-08-19 02:25:00,4332.66,4333.56,4329.96,4330.41,995,16,0
2026-08-19 02:30:00,4330.44,4332.59,4327.01,4330.84,1073,9,0
2026-08-19 02:35:00,4330.84,4331.74,4327.14,4328.82,792,10,0
2026-08-19 02:40:00,4328.82,4330.25,4328.0,4329.73,1410,15,0
2026-08-19 02:45:00,4329.77,4332.02,4329.41,4330.91,1767,9,0
2026-08-19 02:50:00,4330.83,4334.19,4329.85,4333.88,902,8,0
2026-08-19 02:55:00,4333.88,4333.91,4331.36,4332.92,1610,15,0
2026-08-19 03:00:00,4332.77,4340.61,4331.49,4336.82,2615,8,0
2026-08-19 03:05:00,4336.82,4341.21,4335.91,4339.87,2421,8,0
2026-08-19 03:10:00,4339.87,4344.9,4338.15,4342.85,2109,8,0
2026-08-19 03:15:00,4342.78,4346.34,4342.78,4343.54,2073,9,0
2026-08-19 03:20:00,4343.56,4346.08,4341.45,4343.05,2082,8,0
2026-08-19 03:25:00,4343.05,4343.65,4339.07,4342.88,2065,10,0
2026-08-19 03:30:00,4342.86,4345.66,4339.55,4340.63,2049,8,0
2026-08-19 03:35:00,4340.63,4346.71,4340.45,4344.73,1970,8,0
2026-08-19 03:40:00,4344.68,4347.09,4343.02,4343.59,1684,13,0
2026-08-19 03:45:00,4343.62,4344.29,4342.3,4342.66,1675,12,0
2026-08-19 03:50:00,4342.66,4344.65,4341.17,4341.4,2611,18,0
2026-08-19 03:55:00,4341.32,4342.3,4337.05,4337.91,2483,9,0
2026-08-19 04:00:00,4337.79,4339.89,4324.46,4332.37,3927,8,0
2026-08-19 04:05:00,4332.44,4342.73,4331.38,4340.33,2934,8,0
2026-08-19 04:10:00,4340.38,4343.95,4336.97,4343.81,2836,15,0
2026-08-19 04:15:00,4343.83,4346.24,4334.46,4337.81,3265,8,0
2026-08-19 04:20:00,4337.81,4340.11,4332.97,4337.35,2989,8,0
2026-08-19 04:25:00,4337.4,4342.57,4335.51,4342.29,2440,7,0
2026-08-19 04:30:00,4342.38,4351.18,4342.3,4350.7,2470,8,0
2026-08-19 04:35:00,4350.7,4356.32,4350.24,4355.31,2556,8,0
2026-08-19 04:40:00,4355.34,4357.52,4354.1,4355.46,2328,8,0
2026-08-19 04:45:00,4355.41,4356.6,4350.83,4351.07,2423,8,0
2026-08-19 04:50:00,4350.99,4355.02,4350.47,4353.41,2202,8,0
2026-08-19 04:55:00,4353.41,4356.64,4352.7,4356.44,2129,8,0
2026-08-19 05:00:00,4356.41,4357.2,4351.59,4354.29,1856,8,0
2026-08-19 05:05:00,4354.42,4357.1,4352.86,4355.77,1802,8,0
2026-08-19 05:10:00,4355.95,4356.02,4352.49,4353.5,1515,8,0
2026-08-19 05:15:00,4353.62,4360.73,4352.47,4358.79,2573,7,0
2026-08-19 05:20:00,4358.79,4362.0,4357.84,4359.86,1824,9,0
2026-08-19 05:25:00,4359.87,4361.25,4358.93,4359.64,1899,8,0
2026-08-19 05:30:00,4359.6,4360.18,4355.6,4356.82,2802,8,0
2026-08-19 05:35:00,4356.79,4358.29,4354.12,4355.23,2541,8,0
2026-08-19 05:40:00,4355.2,4358.24,4354.78,4355.26,1854,8,0
2026-08-19 05:45:00,4355.29,4357.22,4354.13,4355.51,2157,8,0
2026-08-19 05:50:00,4355.48,4356.45,4352.92,4353.96,2230,10,0
2026-08-19 05:55:00,4353.98,4355.06,4351.44,4354.92,1668,8,0
2026-08-19 06:00:00,4354.92,4356.06,4352.7,4355.63,2185,8,0
2026-08-19 06:05:00,4355.58,4355.58,4351.92,4353.68,2060,9,0
2026-08-19 06:10:00,4353.66,4355.26,4353.39,4354.45,1793,8,0
2026-08-19 06:15:00,4354.44,4356.1,4351.78,4352.72,2106,13,0
2026-08-19 06:20:00,4352.74,4355.76,4351.81,4355.63,1498,9,0
2026-08-19 06:25:00,4355.66,4357.92,4355.66,4357.03,1381,11,0
2026-08-19 06:30:00,4357.05,4358.37,4355.86,4356.93,1229,8,0
2026-08-19 06:35:00,4356.95,4360.33,4356.92,4358.13,963,8,0
2026-08-19 06:40:00,4358.04,4358.73,4356.93,4358.44,959,9,0
2026-08-19 06:45:00,4358.52,4358.8,4356.32,4357.79,955,9,0
2026-08-19 06:50:00,4357.78,4358.44,4355.69,4355.72,973,9,0
2026-08-19 06:55:00,4355.7,4356.51,4354.73,4354.96,876,9,0
2026-08-19 07:00:00,4355.12,4356.21,4353.43,4353.78,997,14,0
2026-08-19 07:05:00,4353.8,4354.81,4353.06,4354.4,745,8,0
2026-08-19 07:10:00,4354.4,4354.9,4353.55,4354.64,855,9,0
2026-08-19 07:15:00,4354.62,4354.95,4350.06,4352.34,1294,8,0
2026-08-19 07:20:00,4352.34,4352.82,4350.8,4351.66,1483,8,0
2026-08-19 07:25:00,4351.71,4351.71,4350.24,4351.15,1078,9,0
2026-08-19 07:30:00,4351.15,4352.04,4349.61,4349.66,1534,8,0
2026-08-19 07:35:00,4349.64,4350.65,4346.49,4346.52,1417,8,0
2026-08-19 07:40:00,4346.55,4347.49,4344.92,4346.46,1438,10,0
2026-08-19 07:45:00,4346.49,4347.07,4345.82,4346.6,1110,8,0
2026-08-19 07:50:00,4346.59,4346.63,4343.77,4344.82,1297,9,0
2026-08-19 07:55:00,4344.81,4348.49,4344.4,4348.46,1499,8,0
2026-08-19 08:00:00,4348.44,4350.67,4346.26,4347.25,1763,10,0
2026-08-19 08:05:00,4347.35,4347.8,4342.35,4342.46,1929,9,0
2026-08-19 08:10:00,4342.57,4342.77,4338.7,4338.9,1695,10,0
2026-08-19 08:15:00,4338.89,4339.51,4336.66,4337.65,1679,9,0
2026-08-19 08:20:00,4337.64,4342.56,4337.41,4341.43,1538,7,0
2026-08-19 08:25:00,4341.44,4345.25,4340.47,4345.19,1438,9,0
2026-08-19 08:30:00,4345.33,4345.34,4336.85,4338.36,3092,8,0
2026-08-19 08:35:00,4338.44,4342.95,4336.73,4342.87,2393,8,0
2026-08-19 08:40:00,4342.88,4343.57,4339.89,4342.25,2204,9,0
2026-08-19 08:45:00,4342.21,4342.26,4335.18,4337.03,2439,8,0
2026-08-19 08:50:00,4337.03,4338.22,4335.02,4335.33,1163,7,0
2026-08-19 08:55:00,4335.33,4338.77,4335.13,4335.58,1730,10,0
2026-08-19 09:00:00,4335.6,4341.28,4335.21,4337.54,2025,8,0
2026-08-19 09:05:00,4337.63,4340.34,4335.31,4338.89,2587,8,0
2026-08-19 09:10:00,4338.89,4341.75,4337.04,4337.41,1904,8,0
2026-08-19 09:15:00,4337.39,4346.16,4336.81,4345.27,2246,8,0
2026-08-19 09:20:00,4345.16,4348.29,4344.71,4345.97,2249,8,0
2026-08-19 09:25:00,4346.1,4346.86,4340.5,4343.21,2316,10,0
2026-08-19 09:30:00,4343.21,4343.32,4337.02,4338.55,2630,9,0
2026-08-19 09:35:00,4338.56,4345.62,4338.54,4343.93,1803,8,0
2026-08-19 09:40:00,4343.95,4344.32,4341.45,4341.87,2447,8,0
2026-08-19 09:45:00,4341.86,4344.09,4340.73,4343.78,2581,9,0
2026-08-19 09:50:00,4343.78,4347.81,4343.78,4347.68,2350,11,0
2026-08-19 09:55:00,4347.68,4349.38,4347.34,4349.02,2743,8,0
2026-08-19 10:00:00,4349.05,4351.17,4347.4,4348.01,2566,8,0
2026-08-19 10:05:00,4348.02,4353.5,4347.79,4352.88,2152,9,0
2026-08-19 10:10:00,4352.89,4353.45,4349.82,4350.49,1900,8,0
2026-08-19 10:15:00,4350.44,4351.53,4347.42,4350.83,1771,8,0
2026-08-19 10:20:00,4350.57,4354.95,4348.97,4354.33,1441,8,0
2026-08-19 10:25:00,4354.33,4357.02,4353.97,4356.77,2088,8,0
2026-08-19 10:30:00,4356.73,4360.78,4356.32,4359.46,2138,7,0
2026-08-19 10:35:00,4359.2,4363.17,4357.19,4357.54,2296,8,0
2026-08-19 10:40:00,4357.54,4357.8,4352.71,4354.47,2110,8,0
2026-08-19 10:45:00,4354.45,4357.11,4354.19,4356.47,1564,7,0
2026-08-19 10:50:00,4356.47,4357.73,4354.79,4355.57,1895,8,0
2026-08-19 10:55:00,4355.55,4356.3,4354.61,4354.78,2023,8,0
2026-08-19 11:00:00,4354.81,4357.66,4350.99,4357.02,2961,7,0
2026-08-19 11:05:00,4357.13,4361.0,4356.18,4360.85,2675,8,0
2026-08-19 11:10:00,4360.83,4362.74,4359.97,4361.63,2294,8,0
2026-08-19 11:15:00,4361.64,4362.49,4359.8,4359.85,2012,8,0
2026-08-19 11:20:00,4359.78,4360.21,4357.34,4360.05,1858,8,0
2026-08-19 11:25:00,4360.05,4361.0,4358.21,4360.97,1598,8,0
2026-08-19 11:30:00,4360.93,4361.21,4356.8,4357.1,2192,8,0
2026-08-19 11:35:00,4357.08,4360.98,4356.46,4360.03,1703,9,0
2026-08-19 11:40:00,4360.02,4363.03,4359.29,4362.52,1625,8,0
2026-08-19 11:45:00,4362.55,4363.14,4360.68,4361.6,1351,11,0
2026-08-19 11:50:00,4361.6,4361.86,4358.11,4358.27,1558,7,0
2026-08-19 11:55:00,4358.29,4358.45,4354.77,4355.6,1879,7,0
2026-08-19 12:00:00,4355.58,4359.17,4354.94,4358.95,1874,9,0
2026-08-19 12:05:00,4358.95,4359.79,4355.33,4355.76,1545,8,0
2026-08-19 12:10:00,4355.75,4357.73,4355.43,4356.25,1440,12,0
2026-08-19 12:15:00,4356.18,4356.62,4353.4,4355.23,1812,8,0
2026-08-19 12:20:00,4355.23,4357.13,4353.43,4355.99,1762,8,0
2026-08-19 12:25:00,4356.01,4357.4,4353.89,4356.53,1127,10,0
2026-08-19 12:30:00,4356.56,4357.65,4355.33,4356.37,1355,8,0
2026-08-19 12:35:00,4356.37,4357.2,4355.87,4356.89,970,11,0
2026-08-19 12:40:00,4356.85,4360.93,4356.52,4358.7,1263,9,0
2026-08-19 12:45:00,4358.68,4361.0,4358.28,4360.44,1074,8,0
2026-08-19 12:50:00,4360.44,4360.85,4357.99,4359.68,1227,8,0
2026-08-19 12:55:00,4359.68,4361.94,4358.98,4361.88,1325,10,0
2026-08-19 13:00:00,4362.03,4363.19,4359.67,4359.95,2019,11,0
2026-08-19 13:05:00,4359.97,4362.72,4359.53,4361.39,1540,8,0
2026-08-19 13:10:00,4361.39,4364.13,4360.81,4363.65,1304,10,0
2026-08-19 13:15:00,4363.65,4368.48,4363.47,4368.32,1558,8,0
2026-08-19 13:20:00,4368.32,4369.05,4366.67,4368.37,965,8,0
2026-08-19 13:25:00,4368.37,4369.0,4366.67,4368.68,906,9,0
2026-08-19 13:30:00,4368.67,4369.4,4365.84,4366.85,1269,15,0
2026-08-19 13:35:00,4367.0,4367.61,4366.49,4366.93,1122,18,0
2026-08-19 13:40:00,4366.87,4368.49,4366.37,4367.99,1214,12,0
2026-08-19 13:45:00,4367.99,4369.49,4367.37,4368.42,1082,11,0
2026-08-19 13:50:00,4368.45,4368.73,4367.01,4367.32,1039,9,0
2026-08-19 13:55:00,4367.23,4367.82,4366.14,4367.2,992,13,0
2026-08-19 14:00:00,4367.27,4371.0,4367.27,4370.85,1593,11,0
2026-08-19 14:05:00,4370.85,4373.62,4370.52,4371.11,1827,10,0
2026-08-19 14:10:00,4371.13,4374.03,4370.69,4373.26,1611,13,0
2026-08-19 14:15:00,4373.26,4374.02,4369.52,4370.39,1396,9,0
2026-08-19 14:20:00,4370.35,4371.2,4368.76,4370.79,1310,18,0
2026-08-19 14:25:00,4370.79,4373.3,4370.43,4370.77,1236,11,0
2026-08-19 14:30:00,4370.77,4371.69,4368.45,4369.27,1432,12,0
2026-08-19 14:35:00,4369.3,4369.81,4366.88,4367.93,1230,9,0
2026-08-19 14:40:00,4367.98,4368.0,4363.15,4363.52,1229,8,0
2026-08-19 14:45:00,4363.49,4367.59,4363.31,4367.25,1509,10,0
2026-08-19 14:50:00,4367.23,4367.31,4363.6,4365.78,1338,10,0
2026-08-19 14:55:00,4365.77,4366.24,4364.08,4364.59,1332,9,0
2026-08-19 15:00:00,4364.57,4365.31,4361.97,4363.92,2135,8,0
2026-08-19 15:05:00,4363.97,4368.22,4363.38,4367.81,2187,9,0
2026-08-19 15:10:00,4367.8,4370.66,4366.69,4368.24,1809,14,0
2026-08-19 15:15:00,4368.46,4370.18,4365.91,4368.06,1793,9,0
2026-08-19 15:20:00,4368.03,4373.52,4367.62,4370.25,2547,8,0
2026-08-19 15:25:00,4370.23,4371.1,4367.76,4369.3,1542,8,0
2026-08-19 15:30:00,4369.27,4384.84,4368.54,4384.45,3288,7,0
2026-08-19 15:35:00,4384.45,4416.62,4382.7,4412.32,4480,7,0
2026-08-19 15:40:00,4412.32,4420.63,4406.26,4417.49,4083,8,0
2026-08-19 15:45:00,4417.39,4421.01,4411.43,4417.27,4006,7,0
2026-08-19 15:50:00,4417.27,4428.59,4411.38,4428.33,3821,8,0
2026-08-19 15:55:00,4428.21,4442.38,4426.24,4438.64,3695,7,0
2026-08-19 16:00:00,4438.64,4441.85,4426.99,4427.34,4028,8,0
2026-08-19 16:05:00,4427.56,4441.44,4424.1,4441.43,3962,8,0
2026-08-19 16:10:00,4441.7,4460.67,4441.07,4455.82,3765,7,0
2026-08-19 16:15:00,4455.82,4464.13,4455.48,4460.13,3315,8,0
2026-08-19 16:20:00,4460.1,4462.82,4454.8,4459.15,3299,8,0
2026-08-19 16:25:00,4458.88,4461.32,4455.07,4458.16,3206,8,0
2026-08-19 16:30:00,4458.16,4466.19,4455.27,4461.6,4481,7,0
2026-08-19 16:35:00,4461.74,4462.01,4442.18,4455.67,3390,8,0
2026-08-19 16:40:00,4455.82,4464.48,4449.84,4460.47,3869,8,0
2026-08-19 16:45:00,4460.47,4461.95,4449.65,4450.32,3810,8,0
2026-08-19 16:50:00,4450.19,4456.31,4444.88,4453.3,3717,8,0
2026-08-19 16:55:00,4453.3,4463.17,4451.33,4459.65,3166,8,0
2026-08-19 17:00:00,4459.49,4462.56,4455.04,4460.18,3874,8,0
2026-08-19 17:05:00,4460.21,4471.87,4460.21,4471.72,3044,8,0
2026-08-19 17:10:00,4471.72,4475.36,4468.92,4473.58,3537,8,0
2026-08-19 17:15:00,4473.64,4478.12,4471.17,4471.22,3301,9,0
2026-08-19 17:20:00,4471.22,4480.22,4470.04,4478.57,3914,8,0
2026-08-19 17:25:00,4478.33,4487.78,4477.16,4485.74,2870,8,0
2026-08-19 17:30:00,4485.82,4491.42,4483.77,4487.26,3354,8,0
2026-08-19 17:35:00,4487.27,4491.39,4486.62,4489.08,2908,8,0
2026-08-19 17:40:00,4489.1,4498.49,4487.07,4489.26,3090,8,0
2026-08-19 17:45:00,4489.38,4489.4,4478.01,4479.1,3351,8,0
2026-08-19 17:50:00,4479.1,4486.84,4478.36,4485.54,3298,8,0
2026-08-19 17:55:00,4485.54,4489.44,4485.24,4488.01,2375,8,0
2026-08-19 18:00:00,4487.97,4488.22,4480.98,4484.85,3123,8,0
2026-08-19 18:05:00,4484.87,4486.97,4481.92,4482.09,1942,8,0
2026-08-19 18:10:00,4482.1,4487.75,4479.56,4485.11,2665,8,0
2026-08-19 18:15:00,4485.33,4487.46,4483.83,4486.28,3434,8,0
2026-08-19 18:20:00,4485.99,4487.93,4480.97,4481.05,3359,8,0
2026-08-19 18:25:00,4480.91,4484.46,4478.09,4483.6,3271,7,0
2026-08-19 18:30:00,4483.44,4486.07,4480.03,4484.7,3036,8,0
2026-08-19 18:35:00,4484.68,4488.33,4484.45,4487.13,2936,8,0
2026-08-19 18:40:00,4487.15,4492.45,4484.75,4490.28,3382,9,0
2026-08-19 18:45:00,4490.23,4494.37,4489.82,4490.65,3172,9,0
2026-08-19 18:50:00,4490.67,4492.8,4488.44,4491.03,2715,8,0
2026-08-19 18:55:00,4491.03,4493.86,4490.61,4493.77,2776,8,0
2026-08-19 19:00:00,4493.76,4497.41,4493.23,4493.37,3061,8,0
2026-08-19 19:05:00,4493.36,4497.48,4491.02,4497.29,2904,9,0
2026-08-19 19:10:00,4497.22,4499.07,4496.59,4497.68,2661,7,0
2026-08-19 19:15:00,4497.68,4499.34,4495.05,4495.11,3019,8,0
2026-08-19 19:20:00,4495.12,4496.7,4493.45,4494.95,2946,9,0
2026-08-19 19:25:00,4494.95,4495.63,4490.54,4491.09,2744,10,0
2026-08-19 19:30:00,4491.09,4495.71,4490.6,4495.51,2472,11,0
2026-08-19 19:35:00,4495.56,4496.25,4492.03,4495.52,2866,8,0
2026-08-19 19:40:00,4495.52,4496.44,4493.83,4495.17,2685,8,0
2026-08-19 19:45:00,4495.16,4496.86,4493.57,4494.69,2381,8,0
2026-08-19 19:50:00,4494.66,4497.65,4494.08,4494.39,2071,8,0
2026-08-19 19:55:00,4494.46,4495.16,4493.23,4493.34,2167,8,0
2026-08-19 20:00:00,4493.53,4499.07,4493.36,4496.77,3576,8,0
2026-08-19 20:05:00,4496.77,4497.26,4491.37,4493.19,3246,8,0
2026-08-19 20:10:00,4493.19,4494.0,4488.97,4492.3,2696,8,0
2026-08-19 20:15:00,4492.37,4492.61,4487.01,4489.02,1947,8,0
2026-08-19 20:20:00,4489.19,4490.36,4487.7,4489.15,1715,12,0
2026-08-19 20:25:00,4489.16,4489.45,4486.07,4487.98,1733,13,0
2026-08-19 20:30:00,4488.02,4489.05,4484.26,4488.18,1959,12,0
2026-08-19 20:35:00,4488.17,4489.9,4486.59,4488.34,1889,8,0
2026-08-19 20:40:00,4488.34,4491.43,4486.92,4488.41,1337,10,0
2026-08-19 20:45:00,4488.41,4489.32,4487.45,4488.1,1243,11,0
2026-08-19 20:50:00,4488.1,4488.94,4485.4,4486.17,1470,13,0
2026-08-19 20:55:00,4486.23,4486.92,4484.29,4486.92,1030,14,0
2026-08-19 21:00:00,4486.99,4495.67,4485.39,4495.41,2498,8,0
2026-08-19 21:05:00,4495.41,4496.29,4485.93,4488.74,2685,7,0
2026-08-19 21:10:00,4488.71,4490.21,4485.93,4487.79,1626,8,0
2026-08-19 21:15:00,4487.77,4487.77,4482.13,4484.63,1494,8,0
2026-08-19 21:20:00,4484.7,4484.89,4481.0,4481.38,2165,11,0
2026-08-19 21:25:00,4481.44,4481.83,4472.68,4475.4,2613,7,0
2026-08-19 21:30:00,4475.42,4481.31,4472.16,4480.68,3352,8,0
2026-08-19 21:35:00,4480.68,4484.6,4478.74,4484.17,3126,8,0
2026-08-19 21:40:00,4484.17,4491.68,4483.57,4490.39,3007,8,0
2026-08-19 21:45:00,4490.41,4492.06,4489.4,4491.52,2355,8,0
2026-08-19 21:50:00,4491.58,4496.76,4490.73,4494.23,1983,8,0
2026-08-19 21:55:00,4494.23,4495.83,4493.93,4494.97,1268,8,0
2026-08-19 22:00:00,4494.96,4498.28,4494.27,4496.88,1780,8,0
2026-08-19 22:05:00,4496.93,4505.53,4495.11,4505.06,1907,8,0
2026-08-19 22:10:00,4505.06,4505.26,4501.92,4503.09,1560,8,0
2026-08-19 22:15:00,4503.09,4506.05,4502.82,4504.41,1480,13,0
2026-08-19 22:20:00,4504.31,4505.37,4502.6,4505.37,1938,13,0
2026-08-19 22:25:00,4505.37,4507.73,4503.09,4507.49,2265,8,0
2026-08-19 22:30:00,4507.01,4510.67,4505.71,4509.28,2177,9,0
2026-08-19 22:35:00,4509.45,4510.31,4503.54,4505.59,2325,8,0
2026-08-19 22:40:00,4505.62,4507.54,4502.45,4506.89,1930,8,0
2026-08-19 22:45:00,4506.8,4511.27,4505.11,4510.82,2222,8,0
2026-08-19 22:50:00,4510.86,4511.83,4508.18,4511.23,2466,8,0
2026-08-19 22:55:00,4511.18,4512.06,4508.42,4511.08,1864,8,0
2026-08-20 01:00:00,4489.31,4526.85,4489.31,4520.75,882,65,0
2026-08-20 01:05:00,4520.83,4523.56,4520.21,4520.93,670,8,0
2026-08-20 01:10:00,4520.93,4521.72,4518.48,4519.76,821,8,0
2026-08-20 01:15:00,4519.86,4520.79,4519.11,4519.93,689,13,0
2026-08-20 01:20:00,4519.95,4521.35,4519.01,4521.32,580,20,0
2026-08-20 01:25:00,4521.32,4521.42,4519.51,4520.89,552,15,0
2026-08-20 01:30:00,4520.89,4522.04,4518.04,4519.02,1056,8,0
2026-08-20 01:35:00,4519.13,4519.99,4517.57,4517.9,1004,8,0
2026-08-20 01:40:00,4518.06,4519.46,4517.82,4518.44,864,9,0
2026-08-20 01:45:00,4518.33,4521.14,4517.74,4519.5,846,13,0
2026-08-20 01:50:00,4519.59,4521.69,4518.75,4519.64,716,17,0
2026-08-20 01:55:00,4519.63,4519.97,4516.38,4518.81,905,8,0
2026-08-20 02:00:00,4518.82,4523.56,4517.25,4521.03,1898,12,0
2026-08-20 02:05:00,4521.03,4523.58,4520.97,4521.77,1203,11,0
2026-08-20 02:10:00,4521.76,4521.84,4519.31,4519.34,731,9,0
2026-08-20 02:15:00,4519.34,4520.21,4518.07,4520.0,751,9,0
2026-08-20 02:20:00,4520.0,4520.12,4515.21,4518.94,1114,13,0
2026-08-20 02:25:00,4518.94,4519.08,4516.05,4517.51,752,14,0
2026-08-20 02:30:00,4517.56,4518.15,4514.07,4514.13,818,16,0
2026-08-20 02:35:00,4514.13,4516.32,4513.67,4513.98,677,8,0
2026-08-20 02:40:00,4514.04,4515.26,4513.51,4514.34,755,18,0
2026-08-20 02:45:00,4514.31,4517.31,4514.07,4514.69,866,8,0
2026-08-20 02:50:00,4514.63,4515.1,4512.0,4512.95,885,8,0
2026-08-20 02:55:00,4512.9,4513.25,4511.28,4511.69,1683,9,0
2026-08-20 03:00:00,4511.71,4518.73,4510.09,4514.77,3234,9,0
2026-08-20 03:05:00,4514.75,4518.19,4513.91,4515.01,2799,12,0
2026-08-20 03:10:00,4515.01,4516.34,4512.36,4516.18,2389,9,0
2026-08-20 03:15:00,4516.21,4521.13,4514.0,4517.78,2285,9,0
2026-08-20 03:20:00,4517.78,4517.99,4509.83,4511.77,2187,8,0
2026-08-20 03:25:00,4511.8,4512.48,4508.5,4510.36,1948,10,0
2026-08-20 03:30:00,4510.36,4513.09,4509.35,4511.29,1507,9,0
2026-08-20 03:35:00,4511.37,4511.59,4508.77,4509.26,1589,9,0
2026-08-20 03:40:00,4509.28,4509.36,4503.87,4505.88,1688,8,0
2026-08-20 03:45:00,4505.88,4508.08,4504.61,4507.57,1484,8,0
2026-08-20 03:50:00,4507.57,4510.12,4504.6,4506.13,1813,9,0
2026-08-20 03:55:00,4506.19,4510.37,4503.73,4504.58,2112,8,0
2026-08-20 04:00:00,4504.51,4510.12,4492.34,4493.09,3911,8,0
2026-08-20 04:05:00,4493.09,4499.6,4491.58,4498.46,3407,8,0
2026-08-20 04:10:00,4498.3,4498.33,4492.2,4493.18,3089,8,0
2026-08-20 04:15:00,4493.21,4499.46,4493.11,4498.74,3131,8,0
2026-08-20 04:20:00,4498.74,4503.36,4498.67,4502.3,2964,9,0
2026-08-20 04:25:00,4502.32,4503.15,4497.56,4500.5,2512,8,0
2026-08-20 04:30:00,4500.45,4501.25,4495.3,4498.36,3554,8,0
2026-08-20 04:35:00,4498.36,4499.75,4493.49,4495.5,3345,8,0
2026-08-20 04:40:00,4495.49,4499.31,4493.34,4493.81,2667,8,0
2026-08-20 04:45:00,4493.83,4495.57,4489.05,4489.56,2537,8,0
2026-08-20 04:50:00,4489.56,4490.6,4484.39,4485.0,2536,8,0
2026-08-20 04:55:00,4485.1,4490.68,4484.65,4489.7,2877,8,0
2026-08-20 05:00:00,4489.75,4498.49,4488.53,4497.69,3082,8,0
2026-08-20 05:05:00,4497.67,4499.04,4494.1,4495.72,2974,8,0
2026-08-20 05:10:00,4495.74,4499.63,4495.36,4497.68,2539,8,0
2026-08-20 05:15:00,4497.66,4497.68,4489.39,4491.37,2009,8,0
2026-08-20 05:20:00,4491.34,4494.25,4489.44,4493.89,1770,8,0
2026-08-20 05:25:00,4493.9,4494.89,4491.11,4492.71,1526,8,0
2026-08-20 05:30:00,4492.71,4494.5,4490.74,4491.78,2507,8,0
2026-08-20 05:35:00,4491.76,4493.86,4490.2,4492.7,2207,8,0
2026-08-20 05:40:00,4492.67,4493.88,4490.13,4490.46,2265,9,0
2026-08-20 05:45:00,4490.44,4491.96,4488.96,4489.04,1885,11,0
2026-08-20 05:50:00,4489.04,4494.59,4488.81,4493.46,2108,8,0
2026-08-20 05:55:00,4493.46,4493.49,4490.39,4490.65,1917,9,0
2026-08-20 06:00:00,4490.65,4496.26,4490.65,4495.88,2045,8,0
2026-08-20 06:05:00,4495.9,4496.98,4491.43,4492.19,1956,8,0
2026-08-20 06:10:00,4492.02,4492.67,4488.04,4492.66,1906,8,0
2026-08-20 06:15:00,4492.66,4493.65,4490.3,4492.84,1697,9,0
2026-08-20 06:20:00,4492.79,4495.94,4491.17,4495.09,1691,11,0
2026-08-20 06:25:00,4495.16,4496.53,4493.09,4493.48,1568,8,0
2026-08-20 06:30:00,4493.46,4498.38,4492.24,4497.87,1573,8,0
2026-08-20 06:35:00,4497.8,4497.93,4494.6,4497.37,799,8,0
2026-08-20 06:40:00,4497.37,4498.57,4495.92,4497.82,1250,10,0
2026-08-20 06:45:00,4497.82,4498.32,4496.85,4498.32,1274,11,0
2026-08-20 06:50:00,4498.29,4500.26,4496.67,4499.82,1567,13,0
2026-08-20 06:55:00,4499.82,4501.19,4497.94,4498.81,1363,8,0
2026-08-20 07:00:00,4498.81,4499.2,4494.91,4495.71,1609,8,0
2026-08-20 07:05:00,4495.69,4497.71,4495.52,4496.86,1490,11,0
2026-08-20 07:10:00,4496.88,4497.43,4495.94,4496.43,1265,10,0
2026-08-20 07:15:00,4496.38,4497.19,4495.01,4496.65,1066,12,0
2026-08-20 07:20:00,4496.59,4497.11,4494.08,4495.29,1443,9,0
2026-08-20 07:25:00,4495.27,4495.3,4489.55,4489.68,1324,9,0
2026-08-20 07:30:00,4489.69,4490.83,4486.63,4488.14,1517,8,0
2026-08-20 07:35:00,4488.15,4488.57,4486.2,4487.12,1577,8,0
2026-08-20 07:40:00,4487.19,4488.65,4486.62,4487.08,1141,11,0
2026-08-20 07:45:00,4487.06,4490.47,4486.82,4490.22,1232,13,0
2026-08-20 07:50:00,4490.19,4491.46,4489.47,4489.79,1254,16,0
2026-08-20 07:55:00,4489.79,4491.41,4488.0,4488.42,1323,9,0
2026-08-20 08:00:00,4488.46,4491.62,4488.13,4491.54,1291,11,0
2026-08-20 08:05:00,4491.58,4493.92,4490.75,4490.84,1091,8,0
2026-08-20 08:10:00,4490.87,4491.55,4484.04,4485.51,1436,8,0
2026-08-20 08:15:00,4485.55,4486.84,4484.15,4484.46,1644,8,0
2026-08-20 08:20:00,4484.45,4486.97,4484.16,4486.37,1368,8,0
2026-08-20 08:25:00,4486.4,4486.43,4482.81,4483.15,1253,10,0
2026-08-20 08:30:00,4483.15,4486.0,4479.41,4480.29,2139,9,0
2026-08-20 08:35:00,4480.38,4481.61,4478.0,4480.36,2270,9,0
2026-08-20 08:40:00,4480.36,4482.27,4478.98,4480.63,2016,16,0
2026-08-20 08:45:00,4480.65,4481.5,4479.11,4481.12,1502,11,0
2026-08-20 08:50:00,4481.36,4481.84,4478.33,4478.45,1696,8,0
2026-08-20 08:55:00,4478.44,4483.15,4477.76,4481.27,1422,10,0
2026-08-20 09:00:00,4481.22,4488.66,4479.96,4488.43,1756,8,0
2026-08-20 09:05:00,4488.34,4491.31,4487.8,4490.07,1504,9,0
2026-08-20 09:10:00,4490.12,4493.38,4489.74,4492.72,1804,13,0
2026-08-20 09:15:00,4492.72,4495.83,4491.8,4493.49,1886,8,0
2026-08-20 09:20:00,4493.53,4494.32,4492.11,4493.07,1723,10,0
2026-08-20 09:25:00,4493.16,4495.47,4492.88,4494.04,1497,13,0
2026-08-20 09:30:00,4494.06,4495.14,4492.12,4495.07,1704,8,0
2026-08-20 09:35:00,4495.07,4495.41,4493.26,4493.65,1449,8,0
2026-08-20 09:40:00,4493.65,4494.27,4491.67,4492.35,1729,11,0
2026-08-20 09:45:00,4492.37,4495.4,4492.36,4493.07,1582,8,0
2026-08-20 09:50:00,4493.08,4493.21,4491.19,4491.84,1310,8,0
2026-08-20 09:55:00,4491.84,4494.2,4491.2,4493.76,1282,9,0
2026-08-20 10:00:00,4493.61,4493.72,4487.49,4488.61,1980,8,0
2026-08-20 10:05:00,4488.61,4490.72,4487.41,4489.09,1936,8,0
2026-08-20 10:10:00,4489.2,4490.27,4487.05,4487.77,1956,8,0
2026-08-20 10:15:00,4487.77,4490.38,4486.9,4487.05,1926,8,0
2026-08-20 10:20:00,4487.03,4488.09,4485.57,4485.64,1541,9,0
2026-08-20 10:25:00,4485.64,4486.22,4483.65,4483.96,2011,9,0
2026-08-20 10:30:00,4483.96,4489.73,4483.42,4489.73,2152,8,0
2026-08-20 10:35:00,4489.79,4491.17,4488.99,4490.09,1839,8,0
2026-08-20 10:40:00,4490.06,4493.33,4489.17,4491.13,2128,8,0
2026-08-20 10:45:00,4491.11,4494.27,4489.17,4489.26,1566,8,0
2026-08-20 10:50:00,4489.26,4490.93,4488.3,4490.86,1548,10,0
2026-08-20 10:55:00,4490.88,4492.28,4489.18,4490.86,1680,8,0
2026-08-20 11:00:00,4490.83,4494.85,4490.53,4492.46,2245,7,0
2026-08-20 11:05:00,4492.47,4494.4,4491.07,4493.86,2167,8,0
2026-08-20 11:10:00,4493.86,4495.44,4491.64,4494.27,1945,9,0
2026-08-20 11:15:00,4494.23,4498.7,4493.94,4496.23,1969,8,0
2026-08-20 11:20:00,4496.21,4497.99,4494.89,4495.53,2041,11,0
2026-08-20 11:25:00,4495.53,4496.16,4489.92,4491.27,1676,11,0
2026-08-20 11:30:00,4491.27,4493.14,4487.06,4493.06,1936,8,0
2026-08-20 11:35:00,4493.0,4495.4,4490.06,4491.62,2080,8,0
2026-08-20 11:40:00,4491.5,4492.91,4490.16,4490.51,1516,8,0
2026-08-20 11:45:00,4490.45,4491.55,4487.85,4487.87,1671,12,0
2026-08-20 11:50:00,4487.89,4491.86,4487.55,4491.73,1310,14,0
2026-08-20 11:55:00,4491.73,4491.98,4487.54,4489.24,1573,9,0
2026-08-20 12:00:00,4489.28,4491.06,4488.39,4490.66,1590,8,0
2026-08-20 12:05:00,4490.66,4493.13,4488.77,4491.55,1437,8,0
2026-08-20 12:10:00,4491.55,4494.12,4491.31,4492.32,1507,8,0
2026-08-20 12:15:00,4492.32,4493.81,4489.2,4489.29,1251,8,0
2026-08-20 12:20:00,4489.3,4492.86,4488.36,4489.78,1233,8,0
2026-08-20 12:25:00,4489.8,4490.76,4488.09,4489.92,1367,8,0
2026-08-20 12:30:00,4489.86,4490.52,4486.9,4487.58,1633,8,0
2026-08-20 12:35:00,4487.58,4488.38,4484.44,4486.07,1041,8,0
2026-08-20 12:40:00,4486.2,4490.32,4485.87,4489.13,1437,8,0
2026-08-20 12:45:00,4489.12,4489.12,4484.93,4485.51,1332,8,0
2026-08-20 12:50:00,4485.57,4486.17,4481.84,4483.83,2265,8,0
2026-08-20 12:55:00,4483.87,4484.71,4481.76,4482.58,1818,8,0
2026-08-20 13:00:00,4482.55,4486.04,4480.68,4485.35,1924,9,0
2026-08-20 13:05:00,4485.35,4489.75,4485.24,4489.49,1624,8,0
2026-08-20 13:10:00,4489.46,4491.24,4488.12,4490.45,1503,8,0
2026-08-20 13:15:00,4490.45,4491.63,4489.9,4490.58,756,8,0
2026-08-20 13:20:00,4490.56,4490.77,4486.34,4488.89,1572,9,0
2026-08-20 13:25:00,4488.91,4494.17,4488.27,4493.77,1662,8,0
2026-08-20 13:30:00,4493.79,4494.77,4492.46,4493.05,1596,8,0
2026-08-20 13:35:00,4493.04,4494.63,4490.01,4490.39,1581,7,0
2026-08-20 13:40:00,4490.39,4491.15,4489.98,4491.06,1471,18,0
2026-08-20 13:45:00,4491.05,4491.19,4488.61,4490.09,1362,16,0
2026-08-20 13:50:00,4490.08,4490.68,4487.47,4487.85,1486,8,0
2026-08-20 13:55:00,4487.88,4490.49,4487.45,4490.12,1719,8,0
2026-08-20 14:00:00,4490.1,4491.25,4487.54,4488.28,2751,8,0
2026-08-20 14:05:00,4488.26,4488.44,4485.64,4487.28,1539,9,0
2026-08-20 14:10:00,4487.26,4487.53,4482.8,4485.25,1727,8,0
2026-08-20 14:15:00,4485.21,4485.74,4481.11,4482.33,1751,8,0
2026-08-20 14:20:00,4482.28,4487.55,4481.62,4487.47,1527,8,0
2026-08-20 14:25:00,4487.51,4489.77,4484.12,4484.23,1537,8,0
2026-08-20 14:30:00,4484.24,4485.82,4482.53,4484.84,1741,9,0
2026-08-20 14:35:00,4484.82,4486.79,4479.83,4481.69,1738,8,0
2026-08-20 14:40:00,4481.73,4482.55,4474.2,4474.67,2550,8,0
2026-08-20 14:45:00,4474.79,4475.69,4465.74,4471.17,2883,8,0
2026-08-20 14:50:00,4471.17,4473.0,4466.12,4467.15,2469,8,0
2026-08-20 14:55:00,4467.14,4471.34,4465.39,4466.98,2751,8,0
2026-08-20 15:00:00,4467.04,4467.19,4457.08,4458.11,3420,8,0
2026-08-20 15:05:00,4458.08,4459.36,4450.54,4456.88,3336,8,0
2026-08-20 15:10:00,4456.88,4466.31,4456.56,4462.42,2910,8,0
2026-08-20 15:15:00,4462.39,4467.38,4462.09,4466.9,3379,9,0
2026-08-20 15:20:00,4466.9,4467.82,4461.7,4463.87,3538,7,0
2026-08-20 15:25:00,4463.68,4463.87,4456.95,4459.22,2638,8,0
2026-08-20 15:30:00,4459.33,4460.86,4451.2,4453.32,1883,8,0
2026-08-20 15:35:00,4453.22,4463.21,4451.72,4463.04,2982,8,0
2026-08-20 15:40:00,4462.99,4466.98,4460.02,4466.65,2891,8,0
2026-08-20 15:45:00,4466.52,4471.45,4464.01,4471.34,2269,9,0
2026-08-20 15:50:00,4471.34,4475.3,4469.99,4472.2,2356,9,0
2026-08-20 15:55:00,4472.2,4477.1,4471.76,4474.75,2661,8,0
2026-08-20 16:00:00,4474.79,4484.61,4473.78,4478.46,3951,8,0
2026-08-20 16:05:00,4478.46,4480.27,4473.02,4473.62,3503,8,0
2026-08-20 16:10:00,4473.7,4475.77,4471.83,4472.81,3300,8,0
2026-08-20 16:15:00,4472.81,4476.65,4470.89,4474.71,3434,8,0
2026-08-20 16:20:00,4474.78,4476.55,4471.37,4474.12,2768,8,0
2026-08-20 16:25:00,4474.12,4474.36,4470.15,4471.77,2837,8,0
2026-08-20 16:30:00,4471.82,4477.2,4469.28,4475.7,4330,7,0
2026-08-20 16:35:00,4475.68,4486.62,4474.57,4483.83,4382,8,0
2026-08-20 16:40:00,4483.83,4487.86,4477.78,4486.64,4366,8,0
2026-08-20 16:45:00,4486.66,4489.33,4480.01,4482.25,4589,8,0
2026-08-20 16:50:00,4482.17,4486.52,4480.91,4485.65,4305,8,0
2026-08-20 16:55:00,4485.9,4486.66,4479.26,4481.56,3683,8,0
2026-08-20 17:00:00,4481.58,4490.63,4481.5,4483.3,4172,8,0
2026-08-20 17:05:00,4483.29,4486.75,4480.79,4485.33,3915,8,0
2026-08-20 17:10:00,4484.83,4489.01,4483.44,4485.01,3701,8,0
2026-08-20 17:15:00,4485.04,4489.47,4481.73,4482.06,3648,8,0
2026-08-20 17:20:00,4482.06,4493.87,4481.67,4490.76,4044,8,0
2026-08-20 17:25:00,4490.76,4493.06,4486.7,4491.55,4030,9,0
2026-08-20 17:30:00,4491.72,4496.93,4491.59,4494.39,3857,8,0
2026-08-20 17:35:00,4494.39,4500.76,4493.05,4495.99,3745,8,0
2026-08-20 17:40:00,4496.03,4501.14,4493.74,4499.27,3422,9,0
2026-08-20 17:45:00,4499.01,4508.82,4498.55,4507.99,3619,8,0
2026-08-20 17:50:00,4507.92,4510.3,4504.77,4509.94,3499,8,0
2026-08-20 17:55:00,4509.95,4516.24,4509.16,4515.89,3764,8,0
2026-08-20 18:00:00,4515.9,4536.48,4515.04,4535.53,4361,8,0
2026-08-20 18:05:00,4535.38,4536.44,4522.25,4524.64,4382,8,0
2026-08-20 18:10:00,4524.65,4537.31,4521.62,4535.06,4290,8,0
2026-08-20 18:15:00,4534.85,4540.86,4530.39,4539.66,4345,8,0
2026-08-20 18:20:00,4539.68,4540.91,4523.58,4527.18,3861,8,0
2026-08-20 18:25:00,4527.18,4534.05,4525.59,4532.46,3958,8,0
2026-08-20 18:30:00,4532.43,4533.67,4522.73,4523.98,3985,8,0
2026-08-20 18:35:00,4523.98,4526.72,4517.22,4518.6,3891,8,0
2026-08-20 18:40:00,4518.55,4519.6,4509.84,4511.49,3625,8,0
2026-08-20 18:45:00,4511.47,4521.4,4510.83,4520.24,3486,8,0
2026-08-20 18:50:00,4520.19,4521.61,4515.64,4519.08,3513,8,0
2026-08-20 18:55:00,4519.08,4524.15,4517.29,4521.65,3308,8,0
2026-08-20 19:00:00,4521.62,4524.77,4519.25,4519.64,3241,8,0
2026-08-20 19:05:00,4519.65,4522.08,4518.72,4520.03,3153,8,0
2026-08-20 19:10:00,4520.03,4520.35,4510.34,4511.2,3206,8,0
2026-08-20 19:15:00,4511.22,4513.15,4508.54,4512.05,3024,9,0
2026-08-20 19:20:00,4512.14,4512.9,4509.29,4511.77,2941,11,0
2026-08-20 19:25:00,4511.78,4511.85,4505.31,4509.2,2907,8,0
2026-08-20 19:30:00,4509.21,4509.83,4502.63,4509.15,2882,9,0
2026-08-20 19:35:00,4508.99,4512.67,4506.96,4507.26,2974,8,0
2026-08-20 19:40:00,4507.27,4510.24,4507.0,4509.16,2591,8,0
2026-08-20 19:45:00,4509.14,4512.46,4507.33,4511.95,2378,9,0
2026-08-20 19:50:00,4511.97,4513.65,4508.57,4509.45,2483,10,0
2026-08-20 19:55:00,4509.42,4511.11,4507.7,4509.9,2447,16,0
2026-08-20 20:00:00,4510.02,4513.91,4509.85,4511.49,2184,8,0
2026-08-20 20:05:00,4511.51,4511.79,4507.71,4509.93,2090,11,0
2026-08-20 20:10:00,4509.93,4510.57,4507.68,4509.31,2000,10,0
2026-08-20 20:15:00,4509.29,4511.37,4507.84,4508.69,2416,11,0
2026-08-20 20:20:00,4508.72,4514.2,4508.3,4511.17,2691,9,0
2026-08-20 20:25:00,4511.11,4516.52,4509.23,4512.84,2547,8,0
2026-08-20 20:30:00,4512.99,4518.37,4510.79,4518.19,2076,8,0
2026-08-20 20:35:00,4518.16,4518.66,4515.97,4516.66,1768,9,0
2026-08-20 20:40:00,4516.63,4518.36,4516.06,4518.2,1738,11,0
2026-08-20 20:45:00,4518.09,4520.24,4517.24,4519.17,1988,12,0
2026-08-20 20:50:00,4519.17,4520.04,4517.12,4518.67,1976,9,0
2026-08-20 20:55:00,4518.65,4520.46,4517.98,4519.91,1983,10,0
2026-08-20 21:00:00,4519.92,4522.31,4518.27,4521.71,2075,8,0
2026-08-20 21:05:00,4521.73,4522.38,4514.73,4516.58,2318,8,0
2026-08-20 21:10:00,4516.71,4516.71,4509.3,4510.66,3039,8,0
2026-08-20 21:15:00,4510.63,4516.25,4508.24,4515.81,2817,8,0
2026-08-20 21:20:00,4515.92,4518.07,4514.96,4516.44,2218,10,0
2026-08-20 21:25:00,4516.34,4520.13,4516.34,4519.0,2186,9,0
2026-08-20 21:30:00,4518.99,4521.49,4518.39,4519.42,2161,8,0
2026-08-20 21:35:00,4519.42,4523.46,4518.84,4521.18,2277,9,0
2026-08-20 21:40:00,4521.18,4522.02,4519.65,4520.19,1834,8,0
2026-08-20 21:45:00,4520.19,4521.47,4517.95,4521.36,2034,9,0
2026-08-20 21:50:00,4521.38,4525.29,4521.02,4524.63,2143,8,0
2026-08-20 21:55:00,4524.67,4524.95,4521.21,4522.02,1855,8,0
2026-08-20 22:00:00,4522.02,4522.56,4518.05,4521.56,2097,8,0
2026-08-20 22:05:00,4521.54,4526.18,4521.26,4526.03,1793,12,0
2026-08-20 22:10:00,4526.01,4528.11,4524.1,4527.58,1855,9,0
2026-08-20 22:15:00,4527.64,4529.41,4525.52,4525.89,1805,8,0
2026-08-20 22:20:00,4525.87,4528.06,4523.73,4527.1,2061,8,0
2026-08-20 22:25:00,4527.06,4527.78,4522.67,4522.78,1615,9,0
2026-08-20 22:30:00,4522.78,4524.53,4521.88,4524.01,1797,8,0
2026-08-20 22:35:00,4524.0,4529.63,4523.06,4528.98,2132,8,0
2026-08-20 22:40:00,4528.98,4529.0,4526.09,4526.09,1733,9,0
2026-08-20 22:45:00,4526.09,4530.33,4524.92,4528.84,2118,8,0
2026-08-20 22:50:00,4528.81,4532.16,4527.9,4531.03,2028,8,0
2026-08-20 22:55:00,4531.03,4531.33,4526.84,4528.48,1945,8,0
2026-08-21 01:00:00,4508.3,4520.75,4508.3,4519.14,528,74,0
2026-08-21 01:05:00,4518.95,4520.93,4517.97,4518.21,335,8,0
2026-08-21 01:10:00,4518.31,4519.52,4516.97,4518.36,247,8,0
2026-08-21 01:15:00,4518.36,4520.04,4518.36,4519.72,206,9,0
2026-08-21 01:20:00,4519.62,4520.02,4517.93,4518.23,195,9,0
2026-08-21 01:25:00,4518.31,4520.87,4518.31,4519.63,328,10,0
2026-08-21 01:30:00,4519.63,4520.14,4518.19,4520.1,228,9,0
2026-08-21 01:35:00,4520.1,4522.45,4519.49,4521.42,264,29,0
2026-08-21 01:40:00,4521.43,4523.53,4521.22,4522.63,282,21,0
2026-08-21 01:45:00,4522.63,4523.41,4519.37,4522.04,354,19,0
2026-08-21 01:50:00,4522.04,4524.42,4521.65,4523.72,303,21,0
2026-08-21 01:55:00,4523.71,4524.29,4523.28,4524.04,233,30,0
2026-08-21 02:00:00,4523.92,4529.87,4523.38,4529.12,460,25,0
2026-08-21 02:05:00,4529.12,4530.1,4524.76,4526.98,450,12,0
2026-08-21 02:10:00,4526.98,4532.66,4526.98,4531.66,413,18,0
2026-08-21 02:15:00,4531.62,4532.2,4529.16,4531.46,367,12,0
2026-08-21 02:20:00,4531.45,4531.49,4528.07,4528.76,353,15,0
2026-08-21 02:25:00,4528.67,4530.36,4522.52,4526.93,570,14,0
2026-08-21 02:30:00,4526.93,4528.39,4522.11,4523.55,501,29,0
2026-08-21 02:35:00,4523.49,4524.17,4520.64,4523.44,424,9,0
2026-08-21 02:40:00,4523.4,4524.72,4523.4,4524.42,213,40,0
2026-08-21 02:45:00,4524.39,4527.28,4522.38,4527.11,295,21,0
2026-08-21 02:50:00,4527.12,4528.07,4525.87,4527.48,444,31,0
2026-08-21 02:55:00,4527.48,4527.5,4525.86,4526.19,473,15,0
2026-08-21 03:00:00,4526.19,4527.33,4521.99,4522.64,1431,19,0
2026-08-21 03:05:00,4522.66,4522.92,4519.61,4519.99,1898,21,0
2026-08-21 03:10:00,4519.97,4522.93,4517.37,4518.48,1215,8,0
2026-08-21 03:15:00,4518.47,4519.39,4514.58,4517.59,1342,9,0
2026-08-21 03:20:00,4517.65,4519.03,4516.27,4517.55,1050,8,0
2026-08-21 03:25:00,4517.57,4520.61,4513.66,4514.63,1243,11,0
2026-08-21 03:30:00,4514.63,4517.05,4512.97,4514.15,808,9,0
2026-08-21 03:35:00,4514.21,4515.8,4511.34,4512.64,1048,8,0
2026-08-21 03:40:00,4512.69,4514.2,4510.66,4513.56,835,8,0
2026-08-21 03:45:00,4513.63,4513.9,4509.88,4511.48,1027,14,0
2026-08-21 03:50:00,4511.48,4512.65,4510.0,4510.94,995,19,0
2026-08-21 03:55:00,4510.94,4511.51,4509.64,4510.39,1203,20,0
2026-08-21 04:00:00,4510.38,4517.26,4508.65,4512.97,2607,18,0
2026-08-21 04:05:00,4513.03,4516.02,4512.06,4513.63,2448,17,0
2026-08-21 04:10:00,4513.61,4521.04,4511.9,4520.71,2187,12,0
2026-08-21 04:15:00,4520.71,4526.66,4520.25,4523.96,1624,16,0
2026-08-21 04:20:00,4523.96,4529.78,4522.19,4526.32,1775,9,0
2026-08-21 04:25:00,4526.3,4530.51,4525.39,4529.31,1647,12,0
2026-08-21 04:30:00,4529.34,4538.86,4528.22,4537.13,2030,11,0
2026-08-21 04:35:00,4537.16,4543.53,4526.58,4528.65,2360,12,0
2026-08-21 04:40:00,4528.63,4528.83,4523.59,4525.82,1805,15,0
2026-08-21 04:45:00,4525.82,4533.25,4525.66,4531.25,1352,12,0
2026-08-21 04:50:00,4531.31,4532.11,4525.26,4525.88,1497,14,0
2026-08-21 04:55:00,4526.0,4530.89,4525.85,4530.55,1600,12,0
2026-08-21 05:00:00,4530.44,4530.98,4521.16,4522.41,1705,10,0
2026-08-21 05:05:00,4522.49,4525.28,4520.9,4522.98,1252,8,0
2026-08-21 05:10:00,4522.98,4523.38,4518.07,4520.92,1499,12,0
2026-08-21 05:15:00,4520.97,4522.3,4519.89,4522.25,861,8,0
2026-08-21 05:20:00,4522.25,4527.26,4522.11,4527.2,979,10,0
2026-08-21 05:25:00,4527.18,4529.28,4525.96,4527.21,1176,8,0
2026-08-21 05:30:00,4527.11,4530.7,4525.15,4526.21,1679,10,0
2026-08-21 05:35:00,4526.21,4531.7,4526.17,4531.21,1411,20,0
2026-08-21 05:40:00,4531.02,4538.02,4530.95,4538.02,1287,17,0
2026-08-21 05:45:00,4538.02,4539.31,4535.13,4538.89,1307,9,0
2026-08-21 05:50:00,4538.79,4542.87,4534.85,4540.75,1459,9,0
2026-08-21 05:55:00,4540.77,4541.05,4532.33,4533.69,1174,16,0
2026-08-21 06:00:00,4533.62,4538.34,4532.82,4533.21,1214,8,0
2026-08-21 06:05:00,4533.21,4535.74,4531.9,4534.32,912,10,0
2026-08-21 06:10:00,4534.31,4536.39,4532.22,4532.43,972,18,0
2026-08-21 06:15:00,4532.43,4534.46,4531.92,4532.7,1005,20,0
2026-08-21 06:20:00,4532.7,4534.69,4532.41,4533.39,980,20,0
2026-08-21 06:25:00,4533.4,4534.58,4529.5,4529.5,1375,18,0
2026-08-21 06:30:00,4529.56,4535.6,4529.06,4535.43,1086,12,0
2026-08-21 06:35:00,4535.48,4535.57,4529.11,4529.13,1001,13,0
2026-08-21 06:40:00,4528.88,4529.39,4526.6,4529.05,958,18,0
2026-08-21 06:45:00,4528.96,4533.68,4528.05,4531.47,851,20,0
2026-08-21 06:50:00,4531.45,4533.33,4531.43,4532.97,685,31,0
2026-08-21 06:55:00,4533.02,4535.59,4532.33,4535.31,821,25,0
2026-08-21 07:00:00,4535.5,4539.05,4535.33,4538.53,911,15,0
2026-08-21 07:05:00,4538.53,4539.56,4535.96,4538.03,798,19,0
2026-08-21 07:10:00,4538.16,4541.39,4537.17,4540.04,939,15,0
2026-08-21 07:15:00,4540.04,4541.31,4537.22,4541.27,672,8,0
2026-08-21 07:20:00,4541.27,4545.6,4540.89,4542.98,929,14,0
2026-08-21 07:25:00,4543.02,4547.32,4542.49,4546.73,938,11,0
2026-08-21 07:30:00,4546.71,4547.93,4543.23,4544.0,874,9,0
2026-08-21 07:35:00,4544.01,4544.59,4540.69,4541.76,632,24,0
2026-08-21 07:40:00,4541.76,4543.12,4540.69,4541.62,784,12,0
2026-08-21 07:45:00,4541.59,4542.05,4540.08,4540.91,557,9,0
2026-08-21 07:50:00,4540.84,4542.34,4540.76,4541.39,651,12,0
2026-08-21 07:55:00,4541.4,4542.22,4540.2,4540.56,783,11,0
2026-08-21 08:00:00,4540.51,4540.65,4536.56,4537.75,730,9,0
2026-08-21 08:05:00,4537.75,4539.46,4535.1,4536.67,774,8,0
2026-08-21 08:10:00,4536.67,4537.64,4534.54,4537.11,818,11,0
2026-08-21 08:15:00,4537.08,4538.66,4530.74,4533.6,880,9,0
2026-08-21 08:20:00,4533.6,4534.51,4532.6,4533.73,697,18,0
2026-08-21 08:25:00,4533.8,4534.46,4530.37,4530.39,1013,14,0
2026-08-21 08:30:00,4530.37,4538.19,4529.08,4537.88,2044,9,0
2026-08-21 08:35:00,4538.04,4540.64,4535.19,4536.2,1651,12,0
2026-08-21 08:40:00,4536.26,4543.37,4535.68,4543.03,1412,11,0
2026-08-21 08:45:00,4543.03,4546.51,4541.48,4546.05,1216,8,0
2026-08-21 08:50:00,4546.05,4549.06,4543.06,4547.79,1093,13,0
2026-08-21 08:55:00,4547.81,4556.18,4547.55,4553.56,1586,12,0
2026-08-21 09:00:00,4553.57,4555.11,4547.46,4549.47,1484,8,0
2026-08-21 09:05:00,4549.49,4551.47,4546.82,4548.36,1262,17,0
2026-08-21 09:10:00,4548.37,4550.15,4545.47,4548.85,1381,18,0
2026-08-21 09:15:00,4548.85,4556.59,4548.85,4555.77,1262,13,0
2026-08-21 09:20:00,4555.77,4556.65,4550.03,4550.45,1226,15,0
2026-08-21 09:25:00,4550.37,4557.93,4550.07,4555.43,1289,10,0
2026-08-21 09:30:00,4555.43,4563.56,4554.46,4561.25,1531,8,0
2026-08-21 09:35:00,4561.3,4565.73,4561.3,4564.84,1187,12,0
2026-08-21 09:40:00,4564.84,4564.94,4560.31,4562.41,1343,11,0
2026-08-21 09:45:00,4562.69,4567.51,4562.69,4567.4,1255,8,0
2026-08-21 09:50:00,4567.25,4567.39,4564.12,4564.59,1126,10,0
2026-08-21 09:55:00,4564.66,4567.54,4560.81,4560.82,1214,10,0
2026-08-21 10:00:00,4560.82,4566.09,4559.45,4565.92,1292,12,0
2026-08-21 10:05:00,4565.94,4565.98,4558.78,4558.78,1207,13,0
2026-08-21 10:10:00,4558.69,4561.66,4558.37,4561.45,1075,8,0
2026-08-21 10:15:00,4561.49,4566.86,4559.73,4566.16,1062,13,0
2026-08-21 10:20:00,4566.21,4567.84,4562.79,4563.52,1104,13,0
2026-08-21 10:25:00,4563.52,4564.41,4560.71,4561.61,894,13,0
2026-08-21 10:30:00,4561.58,4564.68,4560.21,4562.1,1213,13,0
2026-08-21 10:35:00,4562.1,4564.82,4559.89,4564.07,1140,13,0
2026-08-21 10:40:00,4564.01,4566.14,4562.42,4564.3,1180,13,0
2026-08-21 10:45:00,4564.38,4568.02,4562.61,4565.93,1298,11,0
2026-08-21 10:50:00,4565.94,4567.05,4560.79,4561.74,1153,9,0
2026-08-21 10:55:00,4561.74,4564.88,4561.14,4564.34,962,10,0
2026-08-21 11:00:00,4564.46,4566.66,4561.17,4561.22,1200,8,0
2026-08-21 11:05:00,4561.22,4562.74,4559.1,4561.65,1636,8,0
2026-08-21 11:10:00,4561.65,4567.95,4561.5,4565.47,1293,8,0
2026-08-21 11:15:00,4565.49,4573.35,4563.8,4572.69,1376,11,0
2026-08-21 11:20:00,4572.59,4579.19,4571.68,4577.61,1791,8,0
2026-08-21 11:25:00,4577.57,4581.83,4577.37,4579.32,1830,8,0
2026-08-21 11:30:00,4579.34,4581.47,4577.6,4580.73,1815,9,0
2026-08-21 11:35:00,4580.76,4582.7,4576.39,4579.37,1672,8,0
2026-08-21 11:40:00,4579.48,4584.16,4578.75,4582.36,1708,9,0
2026-08-21 11:45:00,4582.34,4583.41,4580.43,4580.93,1121,8,0
2026-08-21 11:50:00,4580.91,4583.25,4580.26,4581.63,1208,9,0
2026-08-21 11:55:00,4581.5,4584.93,4580.3,4584.1,994,9,0
2026-08-21 12:00:00,4584.11,4585.99,4582.03,4585.96,1226,8,0
2026-08-21 12:05:00,4585.94,4596.33,4584.56,4595.47,1533,8,0
2026-08-21 12:10:00,4595.47,4600.38,4595.26,4599.1,1562,9,0
2026-08-21 12:15:00,4599.27,4601.97,4593.04,4593.2,1508,8,0
2026-08-21 12:20:00,4593.21,4593.21,4584.82,4586.81,1621,8,0
2026-08-21 12:25:00,4586.85,4587.67,4581.22,4582.18,1308,8,0
2026-08-21 12:30:00,4582.18,4584.49,4581.96,4582.77,1318,9,0
2026-08-21 12:35:00,4582.7,4585.87,4580.62,4585.27,1092,13,0
2026-08-21 12:40:00,4585.28,4586.77,4581.56,4582.89,917,17,0
2026-08-21 12:45:00,4582.93,4583.55,4580.82,4581.43,958,8,0
2026-08-21 12:50:00,4581.39,4584.1,4580.29,4584.1,872,8,0
2026-08-21 12:55:00,4584.1,4585.37,4581.07,4582.58,751,11,0
2026-08-21 13:00:00,4582.58,4588.82,4581.83,4585.02,1083,9,0
2026-08-21 13:05:00,4585.02,4585.18,4581.31,4583.24,1408,10,0
2026-08-21 13:10:00,4583.28,4584.18,4577.81,4578.69,1334,8,0
2026-08-21 13:15:00,4578.71,4587.13,4578.4,4584.32,1187,13,0
2026-08-21 13:20:00,4584.47,4586.64,4583.07,4586.06,985,13,0
2026-08-21 13:25:00,4586.03,4589.27,4585.54,4588.55,1210,11,0
2026-08-21 13:30:00,4588.56,4590.88,4585.63,4590.45,1045,8,0
2026-08-21 13:35:00,4590.46,4593.48,4589.43,4593.48,1043,12,0
2026-08-21 13:40:00,4593.52,4594.04,4591.01,4593.02,896,12,0
2026-08-21 13:45:00,4593.03,4593.52,4590.12,4590.69,1072,12,0
2026-08-21 13:50:00,4590.72,4592.64,4588.32,4590.36,1230,17,0
2026-08-21 13:55:00,4590.26,4591.0,4587.71,4588.47,1127,12,0
2026-08-21 14:00:00,4588.4,4595.03,4587.14,4593.82,1470,11,0
2026-08-21 14:05:00,4593.85,4595.42,4590.88,4592.23,1319,9,0
2026-08-21 14:10:00,4592.23,4593.26,4588.42,4590.57,1056,18,0
2026-08-21 14:15:00,4590.59,4597.67,4590.59,4595.97,1129,16,0
2026-08-21 14:20:00,4595.99,4601.11,4595.81,4598.02,1964,9,0
2026-08-21 14:25:00,4598.02,4600.11,4595.67,4598.34,1969,10,0
2026-08-21 14:30:00,4598.41,4598.76,4593.32,4594.93,1794,11,0
2026-08-21 14:35:00,4595.02,4604.57,4594.99,4597.13,1867,16,0
2026-08-21 14:40:00,4597.13,4597.74,4593.28,4596.82,1521,11,0
2026-08-21 14:45:00,4596.82,4600.4,4596.41,4599.69,1340,17,0
2026-08-21 14:50:00,4599.71,4600.2,4595.68,4597.73,1407,8,0
2026-08-21 14:55:00,4597.75,4598.69,4596.07,4597.06,1195,8,0
2026-08-21 15:00:00,4597.05,4601.54,4593.7,4595.54,1842,8,0
2026-08-21 15:05:00,4595.65,4600.12,4592.02,4593.64,1659,8,0
2026-08-21 15:10:00,4593.62,4593.99,4589.21,4592.78,1639,8,0
2026-08-21 15:15:00,4592.73,4595.83,4586.01,4587.84,1774,9,0
2026-08-21 15:20:00,4587.86,4589.04,4581.94,4585.59,1567,8,0
2026-08-21 15:25:00,4585.59,4586.66,4583.75,4584.65,739,8,0
2026-08-21 15:30:00,4584.65,4584.67,4576.59,4577.78,1654,8,0
2026-08-21 15:35:00,4577.8,4578.11,4564.17,4564.45,2220,8,0
2026-08-21 15:40:00,4564.53,4575.73,4563.36,4573.33,2039,8,0
2026-08-21 15:45:00,4573.35,4579.31,4573.05,4579.29,1496,8,0
2026-08-21 15:50:00,4579.25,4580.79,4576.81,4579.76,1366,10,0
2026-08-21 15:55:00,4579.76,4580.82,4574.79,4577.89,1539,13,0
2026-08-21 16:00:00,4577.85,4584.43,4575.51,4580.95,2614,11,0
2026-08-21 16:05:00,4580.96,4583.82,4579.13,4580.88,2289,13,0
2026-08-21 16:10:00,4580.96,4586.88,4580.16,4584.88,1808,9,0
2026-08-21 16:15:00,4584.97,4587.66,4579.49,4580.69,2220,14,0
2026-08-21 16:20:00,4580.7,4586.73,4579.05,4583.14,1630,11,0
2026-08-21 16:25:00,4583.03,4585.33,4581.43,4584.02,1966,9,0
2026-08-21 16:30:00,4584.0,4586.76,4573.63,4573.91,3451,12,0
2026-08-21 16:35:00,4573.79,4590.91,4573.22,4587.23,3427,8,0
2026-08-21 16:40:00,4587.07,4590.51,4584.47,4587.68,3024,10,0
2026-08-21 16:45:00,4587.59,4592.93,4583.0,4589.83,2710,13,0
2026-08-21 16:50:00,4589.83,4591.09,4576.73,4581.13,3184,11,0
2026-08-21 16:55:00,4581.11,4585.58,4580.0,4580.99,2635,8,0
2026-08-21 17:00:00,4580.9,4588.78,4579.75,4588.39,2855,10,0
2026-08-21 17:05:00,4588.61,4590.64,4582.92,4587.31,2474,8,0
2026-08-21 17:10:00,4587.31,4589.93,4585.05,4589.44,2661,8,0
2026-08-21 17:15:00,4589.58,4590.97,4586.37,4590.16,2578,10,0
2026-08-21 17:20:00,4590.17,4598.28,4589.8,4597.82,3153,8,0
2026-08-21 17:25:00,4597.81,4603.11,4597.69,4603.03,2467,9,0
2026-08-21 17:30:00,4603.04,4603.61,4589.62,4589.84,2420,15,0
2026-08-21 17:35:00,4589.71,4592.57,4581.13,4581.88,3072,8,0
2026-08-21 17:40:00,4581.92,4589.61,4580.45,4582.36,2774,14,0
2026-08-21 17:45:00,4582.39,4591.75,4580.52,4591.43,2352,9,0
2026-08-21 17:50:00,4591.28,4595.33,4588.31,4589.39,1930,16,0
2026-08-21 17:55:00,4589.39,4592.37,4584.06,4591.51,2292,9,0
2026-08-21 18:00:00,4591.7,4594.29,4587.12,4593.28,2784,9,0
2026-08-21 18:05:00,4593.3,4598.07,4591.88,4593.85,2290,8,0
2026-08-21 18:10:00,4593.85,4597.73,4593.69,4595.05,1917,9,0
2026-08-21 18:15:00,4595.11,4599.16,4594.94,4597.49,1740,10,0
2026-08-21 18:20:00,4597.49,4602.61,4595.07,4602.47,1555,9,0
2026-08-21 18:25:00,4602.49,4607.49,4599.92,4602.77,2075,8,0
2026-08-21 18:30:00,4602.95,4606.08,4599.47,4606.03,1891,10,0
2026-08-21 18:35:00,4605.99,4608.27,4605.05,4606.78,1964,8,0
2026-08-21 18:40:00,4606.82,4610.52,4605.62,4609.59,2182,8,0
2026-08-21 18:45:00,4609.58,4610.94,4606.97,4607.74,2555,10,0
2026-08-21 18:50:00,4607.74,4614.99,4607.32,4613.79,2162,9,0
2026-08-21 18:55:00,4613.7,4615.28,4610.85,4614.5,2544,8,0
2026-08-21 19:00:00,4614.5,4617.7,4612.87,4617.04,2260,12,0
2026-08-21 19:05:00,4617.08,4617.26,4608.98,4610.24,2251,11,0
2026-08-21 19:10:00,4610.25,4615.86,4610.25,4614.48,1983,8,0
2026-08-21 19:15:00,4614.5,4616.02,4613.81,4614.03,1790,13,0
2026-08-21 19:20:00,4613.99,4620.74,4611.33,4613.0,2503,9,0
2026-08-21 19:25:00,4613.0,4614.34,4610.41,4613.96,1632,12,0
2026-08-21 19:30:00,4614.17,4616.13,4612.18,4615.5,1602,12,0
2026-08-21 19:35:00,4615.46,4621.03,4614.4,4619.21,2002,14,0
2026-08-21 19:40:00,4619.21,4622.01,4617.21,4621.46,1705,8,0
